channel,cycle,y_true,y_pred,y_std
A1,1.0,1.0,1.009117095463755,0.003910408380330698
A1,2.0,0.995049504950495,1.0037815408041557,0.0037028646581835504
A1,3.0,0.9876237623762376,0.9983143314763603,0.0035012500613504955
A1,4.0,0.9826732673267327,0.9909937354929852,0.003268139324793538
A1,5.0,0.9777227722772277,0.9857899467605478,0.003336973039394658
A1,6.0,0.9727722772277227,0.9815345769632946,0.003242555193815097
A1,7.0,0.9702970297029703,0.9797342931487829,0.0032138578546977133
A1,8.0,0.9678217821782178,0.9774660819109462,0.003285827930458482
A1,9.0,0.9653465346534653,0.9742432989306,0.0031808624187832256
A1,10.0,0.9603960396039604,0.9694972710162191,0.0031092464324703807
A1,11.0,0.9579207920792079,0.9650484990982695,0.003150427512756547
A1,12.0,0.9554455445544554,0.9643582214889586,0.003088989484645053
A1,13.0,0.9529702970297029,0.9626199520033849,0.0030853148552202007
A1,14.0,0.9529702970297029,0.9582975358330774,0.0030417908490044045
A1,15.0,0.9504950495049505,0.9573763169415067,0.003083321021801165
A1,16.0,0.948019801980198,0.9551855465995018,0.0030985049941188356
A1,17.0,0.9455445544554455,0.9552770527827015,0.003036793334878449
A1,18.0,0.9405940594059405,0.951302867894362,0.00318544063575059
A1,19.0,0.9405940594059405,0.950274575378379,0.0030734081911678738
A1,20.0,0.9405940594059405,0.9485547287484415,0.003082209103895685
A1,21.0,0.9381188118811881,0.9445548443086474,0.0028975764969183934
A1,22.0,0.9381188118811881,0.9436093592331396,0.003017586295567302
A1,23.0,0.9381188118811881,0.9411015458870735,0.002923567414223498
A1,24.0,0.9356435643564357,0.9395038227830377,0.0029995203490553856
A1,25.0,0.9356435643564357,0.9384076170220139,0.0030455990502632644
A1,26.0,0.9331683168316832,0.9365513658166917,0.002917583351036319
A1,27.0,0.9331683168316832,0.9356785432546385,0.0029152304007020844
A1,28.0,0.9306930693069307,0.9356792820273833,0.0029724429527907344
A1,29.0,0.9306930693069307,0.9340873282286613,0.002942803511378546
A1,30.0,0.9306930693069307,0.9325703778264001,0.0030089017213593863
A1,31.0,0.9282178217821783,0.931559496750821,0.0030990585457219477
A1,32.0,0.9282178217821783,0.9303004754182529,0.0030294646851763115
A1,33.0,0.9257425742574258,0.9276148344789652,0.0029420199914247875
A1,34.0,0.9257425742574258,0.9279032051535666,0.0029379273535240368
A1,35.0,0.9232673267326733,0.9263346830805861,0.0030312727244661596
A1,36.0,0.9232673267326733,0.9258472749587601,0.003030903360659727
A1,37.0,0.9232673267326733,0.9266247537206964,0.0029864128125078777
A1,38.0,0.9207920792079208,0.9255468923578833,0.0030473247933053937
A1,39.0,0.9207920792079208,0.9227578747737621,0.0030416437098903007
A1,40.0,0.9207920792079208,0.9192705131232684,0.00297695494328496
A1,41.0,0.9183168316831684,0.918990665462863,0.0030034876442091934
A1,42.0,0.9183168316831684,0.9204942870891075,0.0030349274674235874
A1,43.0,0.9158415841584159,0.9179214905700278,0.0030076527834429112
A1,44.0,0.9158415841584159,0.9186337354537499,0.0030275735619777673
A1,45.0,0.9158415841584159,0.9156697794091464,0.0030031143735438203
A1,46.0,0.9158415841584159,0.9155515882865837,0.0030490116603737465
A1,47.0,0.9133663366336634,0.9150535312800253,0.003039755925952584
A1,48.0,0.9108910891089109,0.913525115467781,0.0030718036939889662
A1,49.0,0.9108910891089109,0.9126245350227786,0.003015654367679772
A1,50.0,0.9108910891089109,0.9117876128826532,0.002971738558524436
A1,51.0,0.9108910891089109,0.9095986977222948,0.003049768551631461
A1,52.0,0.9108910891089109,0.9090545699409465,0.0030025233222816528
A1,53.0,0.9084158415841584,0.9090007461124103,0.0029842511195290033
A1,54.0,0.9084158415841584,0.9074397386998445,0.0030156575917698273
A1,55.0,0.905940594059406,0.9062654680208474,0.0030412596065269794
A1,56.0,0.9034653465346535,0.9064256297509194,0.003069817266029052
A1,57.0,0.9034653465346535,0.908013532318434,0.003074942957081525
A1,58.0,0.9034653465346535,0.9061569226755347,0.0029969165188557466
A1,59.0,0.9034653465346535,0.9032913419868694,0.003032684034699167
A1,60.0,0.9034653465346535,0.9004234176532308,0.003088794981608021
A1,61.0,0.9034653465346535,0.9022932825096711,0.0030312676433118424
A1,62.0,0.900990099009901,0.8980041079835235,0.0030313812231626287
A1,63.0,0.900990099009901,0.8993641849241477,0.003158678600037408
A1,64.0,0.900990099009901,0.8985437337371761,0.003030435496125181
A1,65.0,0.8985148514851485,0.8973502523491413,0.0031132632309670456
A1,66.0,0.8985148514851485,0.8977007068150757,0.002924933137284513
A1,67.0,0.8960396039603961,0.8970440980087032,0.0029654555526773246
A1,68.0,0.8960396039603961,0.8954613711211828,0.002965915266532987
A1,69.0,0.8960396039603961,0.8935698293756276,0.0029919394659707692
A1,70.0,0.8960396039603961,0.8930398605804849,0.002948863130848589
A1,71.0,0.8935643564356436,0.8915274888397977,0.002968084918747443
A1,72.0,0.8960396039603961,0.8905908523960424,0.0029564469869080073
A1,73.0,0.8935643564356436,0.8911775572283986,0.002950304981294362
A1,74.0,0.8935643564356436,0.8900112191800996,0.0029668869545509055
A1,75.0,0.8910891089108911,0.8880884833768209,0.0029299546715804642
A1,76.0,0.8910891089108911,0.8864767265291378,0.002956193714972323
A1,77.0,0.8886138613861386,0.8869052290860674,0.003002447264901763
A1,78.0,0.8886138613861386,0.8855232451765943,0.0031130685074005045
A1,79.0,0.8886138613861386,0.8840865573374055,0.0030770485366407112
A1,80.0,0.8861386138613861,0.8844801907909736,0.003082351556636014
A1,81.0,0.8861386138613861,0.8815057644814598,0.003052246110905392
A1,82.0,0.8861386138613861,0.882705142638714,0.003092056035780829
A1,83.0,0.8861386138613861,0.8810200474973486,0.0029731896351816002
A1,84.0,0.8836633663366337,0.8806029093281087,0.00307285553732858
A1,85.0,0.8836633663366337,0.8805838373448454,0.0029319726026535513
A1,86.0,0.8836633663366337,0.8790736297719801,0.0029814420146850556
A1,87.0,0.8836633663366337,0.8781869251285592,0.0029530369605159025
A1,88.0,0.8811881188118812,0.8786369130339817,0.0029733775716317664
A1,89.0,0.8811881188118812,0.8769410667043599,0.0029024737515257987
A1,90.0,0.8811881188118812,0.8763529579147179,0.0029586280105010914
A1,91.0,0.8787128712871287,0.8744207218272245,0.003056240920393558
A1,92.0,0.8787128712871287,0.8743309948199538,0.0029820857999302655
A1,93.0,0.8787128712871287,0.8730688188391628,0.0030305478534571775
A1,94.0,0.8762376237623762,0.8710692248222338,0.0030685642810014528
A1,95.0,0.8762376237623762,0.8725514516842598,0.003037777537255989
A1,96.0,0.8737623762376238,0.8700062515515135,0.003069349361762619
A1,97.0,0.8737623762376238,0.8689859005902582,0.0031721613094319555
A1,98.0,0.8737623762376238,0.8693308609118634,0.0028901209836308273
A1,99.0,0.8737623762376238,0.868042127333661,0.0029336715797606758
A1,100.0,0.8737623762376238,0.8680409898164578,0.0029082955101445438
A1,101.0,0.8737623762376238,0.866795957481148,0.002884417757740344
A1,102.0,0.8712871287128713,0.8663279128594474,0.0028683363881881934
A1,103.0,0.8712871287128713,0.8652481834829395,0.0028755156410488645
A1,104.0,0.8712871287128713,0.8648883946885554,0.00283670534899654
A1,105.0,0.8688118811881188,0.8646308383920374,0.0028505484517768035
A1,106.0,0.8712871287128713,0.8624692516536805,0.0028193544556164183
A1,107.0,0.8663366336633663,0.8630491963906306,0.0028436820076930443
A1,108.0,0.8688118811881188,0.8615038855800506,0.00292578722583814
A1,109.0,0.8663366336633663,0.8606730497752487,0.002996266014101631
A1,110.0,0.8663366336633663,0.8604688718185689,0.002834444814696733
A1,111.0,0.8663366336633663,0.8596232415055981,0.00286277177557692
A1,112.0,0.8638613861386139,0.8598700711381468,0.0028173295935208257
A1,113.0,0.8638613861386139,0.8564119820506841,0.002952952592374922
A1,114.0,0.8638613861386139,0.857619812963264,0.002869737116068678
A1,115.0,0.8638613861386139,0.8564793050804442,0.00293556728069723
A1,116.0,0.8613861386138614,0.8551507967730442,0.0028599394006348327
A1,117.0,0.8613861386138614,0.8566846005739914,0.002855830945996408
A1,118.0,0.8613861386138614,0.8528894535742335,0.002831263704823699
A1,119.0,0.8589108910891089,0.8536834659427731,0.0028454463053545613
A1,120.0,0.8589108910891089,0.8527639810823352,0.0028205610545924712
A1,121.0,0.8589108910891089,0.852189072377904,0.002827726054183321
A1,122.0,0.8589108910891089,0.8502423808403563,0.002836062867129718
A1,123.0,0.8564356435643564,0.8494126354606342,0.0028011376985823335
A1,124.0,0.8564356435643564,0.8492762580588791,0.002852108854387157
A1,125.0,0.8589108910891089,0.8479524090228742,0.0027811297545589234
A1,126.0,0.8514851485148515,0.846626704128297,0.002994882124253703
A1,127.0,0.8539603960396039,0.8474092243675637,0.002986893565763151
A1,128.0,0.8539603960396039,0.8467711579075143,0.0027732121409238786
A1,129.0,0.8514851485148515,0.8463731863810741,0.0028646076746020313
A1,130.0,0.8514851485148515,0.8447629263448679,0.0028874826162318427
A1,131.0,0.849009900990099,0.842811594418784,0.0030252333619639683
A1,132.0,0.8514851485148515,0.8434510493241677,0.0028559621731085953
A1,133.0,0.8514851485148515,0.8411853664484575,0.002787285794904607
A1,134.0,0.8514851485148515,0.8393157485608586,0.0028148384486057798
A1,135.0,0.8465346534653465,0.8406382706165189,0.0029908827910453168
A1,136.0,0.8465346534653465,0.839027324705141,0.0028447756172600863
A1,137.0,0.8465346534653465,0.8393033264742479,0.002814763354338229
A1,138.0,0.8465346534653465,0.8372749679631729,0.0028149886553162926
A1,139.0,0.844059405940594,0.8367817942040929,0.0028813277112446907
A1,140.0,0.844059405940594,0.8346047752252895,0.002886125039476856
A1,141.0,0.8415841584158416,0.8341451278810257,0.0030028958976916595
A1,142.0,0.8415841584158416,0.8340096713723859,0.003013539552400872
A1,143.0,0.8415841584158416,0.8292390528599023,0.002981399230277658
A1,144.0,0.8391089108910891,0.8294740079617247,0.0030507359170152157
A1,145.0,0.8391089108910891,0.8299096673093906,0.002850560815631687
A1,146.0,0.8366336633663366,0.829717775125757,0.0029287303735048382
A1,147.0,0.8366336633663366,0.8256265114589927,0.002903054121776596
A1,148.0,0.8341584158415841,0.8277266829085248,0.002919247050786461
A1,149.0,0.8366336633663366,0.8254431438525444,0.002882513747900037
A1,150.0,0.8366336633663366,0.8220684523654611,0.0028079978138005404
A1,151.0,0.8366336633663366,0.8216116489506452,0.0028470362178811665
A1,152.0,0.8341584158415841,0.8215600263746277,0.002907600185570137
A1,153.0,0.8341584158415841,0.8187248788489809,0.0028759477937327646
A1,154.0,0.8316831683168316,0.8188800769681813,0.002837090131416382
A1,155.0,0.8292079207920792,0.816559907138691,0.0028476675434063207
A1,156.0,0.8292079207920792,0.8154792002691289,0.00286871205282398
A1,157.0,0.8292079207920792,0.8150095847903635,0.0028635700942136275
A1,158.0,0.8267326732673267,0.8145815872435548,0.002988581314488557
A1,159.0,0.8267326732673267,0.8135976333109702,0.0029037071639022726
A1,160.0,0.8242574257425742,0.8158549088535487,0.0029290294923541597
A1,161.0,0.8242574257425742,0.8091127174643372,0.0029260886568571753
A1,162.0,0.8242574257425742,0.8083601194314411,0.0029920374054261604
A1,163.0,0.8217821782178217,0.8083282766049364,0.0029763850966845968
A1,164.0,0.8168316831683168,0.8059493709430243,0.003012777440023401
A1,165.0,0.8168316831683168,0.8051350102113078,0.002926776880605655
A1,166.0,0.8168316831683168,0.8023325369580444,0.0029409290897710653
A1,167.0,0.8143564356435643,0.8018756527008237,0.002996437026752746
A1,168.0,0.8118811881188119,0.7996127467301359,0.0029669546928655804
A1,169.0,0.8118811881188119,0.7979585420729293,0.0029977092645073295
A1,170.0,0.8094059405940595,0.7970685837347452,0.0029458417769440337
A1,171.0,0.806930693069307,0.7944418712957968,0.002988822020850537
A1,172.0,0.8044554455445545,0.7946010579843905,0.0030547379992660875
A1,173.0,0.8044554455445545,0.7914430852927661,0.0029681083608136625
A1,174.0,0.801980198019802,0.7910363222016458,0.0030146788870858954
A1,175.0,0.801980198019802,0.7877144878632515,0.0029942112506921273
A1,176.0,0.7995049504950495,0.7859086577244114,0.0030148312420060167
A1,177.0,0.7995049504950495,0.7824764302026419,0.002971652387613284
A1,178.0,0.7970297029702971,0.7818014766246225,0.003017916229302231
A1,179.0,0.7945544554455446,0.7815666038750152,0.0029949488717512015
A1,180.0,0.7945544554455446,0.7775567323832779,0.003056736251164964
A1,181.0,0.7920792079207921,0.7756812610775351,0.0030736243921682324
A1,182.0,0.7896039603960396,0.7739616972639068,0.0030968136402675026
A1,183.0,0.7871287128712872,0.7724088795212686,0.003093400973090994
A1,184.0,0.7846534653465347,0.768961656737628,0.0031085399201261697
A1,185.0,0.7846534653465347,0.7664113038960513,0.00309823764000115
A1,186.0,0.7846534653465347,0.765035579332371,0.0032108521303442447
A1,187.0,0.7772277227722773,0.7621085525613274,0.0031903639407416945
A1,188.0,0.7772277227722773,0.7609424754514321,0.003347078229423756
A1,189.0,0.7772277227722773,0.7604546915675846,0.0033377321525183495
A1,190.0,0.7722772277227723,0.7564571646141722,0.0032940222536912925
A1,191.0,0.7722772277227723,0.7571621874877159,0.0034676378236496944
A1,192.0,0.7698019801980198,0.7542001552688894,0.0035287804853853166
A1,193.0,0.7673267326732673,0.7525598996809896,0.003410809937152464
A1,194.0,0.7623762376237624,0.7448031131207623,0.003228528928250962
A1,195.0,0.7623762376237624,0.7412151126819464,0.003322840895233345
A1,196.0,0.7599009900990099,0.737838292005013,0.0032165052516577486
A1,197.0,0.7574257425742574,0.7383282315160724,0.0034561490438314467
A1,198.0,0.754950495049505,0.733723684256176,0.003483022774485098
A1,199.0,0.754950495049505,0.7341500850852312,0.0038300155834919505
A1,200.0,0.75,0.7296664074043175,0.0036678481527488665
A1,201.0,0.7475247524752475,0.726179268450881,0.0035159407162772493
A1,202.0,0.7475247524752475,0.721949716449462,0.003546726018530411
A1,203.0,0.7425742574257426,0.7188115965741925,0.003756397939786105
A1,204.0,0.7400990099009901,0.7139040749141459,0.0034150624819679746
A1,205.0,0.7376237623762376,0.71402034036793,0.003879269736946939
A1,206.0,0.7351485148514851,0.7099569144270275,0.0035691274989907893
A1,207.0,0.7277227722772277,0.7072199081317945,0.0037310728016364254
A1,208.0,0.7301980198019802,0.702221648523624,0.0038253867313781486
A1,209.0,0.7227722772277227,0.7004017484340518,0.003861476781096897
A1,210.0,0.7277227722772277,0.6948779083980097,0.004010938399724845
A1,211.0,0.7227722772277227,0.6893521324163278,0.0040719231005747186
A1,212.0,0.7178217821782178,0.6918508522152008,0.004206845136835944
A1,213.0,0.7128712871287128,0.6877448142017069,0.004093783872819829
A1,214.0,0.7153465346534653,0.6827283257838788,0.00407457482726831
A1,215.0,0.7079207920792079,0.682491427119771,0.004278096937189638
A1,216.0,0.7079207920792079,0.6753705618319592,0.004334391089465223
A1,217.0,0.7029702970297029,0.6751221450196355,0.004416521851266492
A1,218.0,0.7103960396039604,0.6734002546462161,0.004593402022194913
A1,219.0,0.7029702970297029,0.6715647736527883,0.004532930985055958
A1,220.0,0.7029702970297029,0.6712174964556997,0.004935030743945733
A1,221.0,0.7004950495049505,0.6652115050420785,0.004808432142459033
A1,222.0,0.698019801980198,0.6649792910939524,0.004675976112821119
A1,223.0,0.6955445544554455,0.6630897481321263,0.005602062139420745
A1,224.0,0.693069306930693,0.6596675686220378,0.005194352099711517
A1,225.0,0.6905940594059405,0.6576161840744831,0.005089998229462329
A1,226.0,0.6905940594059405,0.656070924964107,0.005369167136338465
A1,227.0,0.6856435643564357,0.6530174869422477,0.005157467162539204
A1,228.0,0.6856435643564357,0.6493754034736433,0.005545687060319809
A1,229.0,0.6806930693069307,0.6472826774526879,0.005411196470996682
A1,230.0,0.6806930693069307,0.6462503215622358,0.005968413757552503
A1,231.0,0.6757425742574258,0.6422591806330937,0.005773919630712623
A1,232.0,0.6757425742574258,0.6371240309356458,0.0059999442661604506
A1,233.0,0.6707920792079208,0.6413975377524237,0.007517736107141546
A1,234.0,0.6683168316831684,0.6373641616889775,0.006191321926255784
A1,235.0,0.6707920792079208,0.6344573913126034,0.007911399717313361
A1,236.0,0.6633663366336634,0.6348239153313451,0.006246334618926466
A1,237.0,0.6658415841584159,0.627148861444031,0.007577348097733586
A1,238.0,0.6584158415841584,0.6213814079779179,0.007676355547250539
A1,239.0,0.655940594059406,0.6146793861460057,0.007904116768052265
A1,240.0,0.650990099009901,0.6177671814329103,0.00723213159774136
A1,241.0,0.650990099009901,0.611166081438762,0.007427734128504326
A1,242.0,0.6460396039603961,0.6072921305541009,0.008791044678362924
A1,243.0,0.6410891089108911,0.6047598381309853,0.007688641844241435
A1,244.0,0.6410891089108911,0.599178483887225,0.008232394875494034
A1,245.0,0.6336633663366337,0.5994486457778999,0.008428268321864085
A1,246.0,0.6361386138613861,0.5935425219818599,0.008783604727731128
A1,247.0,0.6262376237623762,0.5909635524334934,0.008739594552174879
A1,248.0,0.6262376237623762,0.5840373808320424,0.009852223307818509
A1,249.0,0.6212871287128713,0.5812624966164526,0.009991837238244037
A1,250.0,0.6163366336633663,0.5709944634650905,0.009419586991019939
A1,251.0,0.6138613861386139,0.5685159697740426,0.010383223172361945
A1,252.0,0.6089108910891089,0.5662458662003921,0.010972396078781236
A1,253.0,0.6064356435643564,0.561147700190015,0.011184623396359908
A1,254.0,0.6014851485148515,0.5569055765273051,0.0113044262894145
A1,255.0,0.6014851485148515,0.5562830050081902,0.012054832975063125
A1,256.0,0.5915841584158416,0.5501913385637673,0.011984155859850517
A1,257.0,0.5891089108910891,0.5386896310112246,0.012191150720660283
A1,258.0,0.5816831683168316,0.5300579009556303,0.013081666135364716
A1,259.0,0.5792079207920792,0.5243867117196022,0.013373930537526477
A1,260.0,0.5767326732673267,0.5222082666155599,0.013653448921550172
A1,261.0,0.5742574257425742,0.520528681274927,0.014379978282624876
A1,262.0,0.5668316831683168,0.5117097899097012,0.014403093101155697
A1,263.0,0.5643564356435643,0.5038838648666687,0.015549450024512865
A1,264.0,0.556930693069307,0.5013824790714234,0.016080449151328443
A1,265.0,0.551980198019802,0.4961732315987899,0.01691310979120093
A1,266.0,0.5420792079207921,0.48337259800395505,0.017648557746123682
A1,267.0,0.5371287128712872,0.4755352925640919,0.019554323904939545
A2,1.0,1.0,0.9911906789829368,0.0037411157349690853
A2,2.0,0.9950372208436724,0.9862867491314465,0.0039359574383171034
A2,3.0,0.9875930521091811,0.9840872134970039,0.003485811179787973
A2,4.0,0.9826302729528535,0.9765338262743253,0.0035648905849481084
A2,5.0,0.9801488833746899,0.9743666959488391,0.003436862380665104
A2,6.0,0.9751861042183623,0.9677843915609443,0.0036547854123753047
A2,7.0,0.9702233250620348,0.9659053188438329,0.003734603009509834
A2,8.0,0.967741935483871,0.9615531647405364,0.0033297583151668357
A2,9.0,0.9652605459057072,0.9604806099739891,0.0034699132935354622
A2,10.0,0.9602977667493796,0.9567980772652236,0.0037211298973921776
A2,11.0,0.9578163771712159,0.9519809811254387,0.0033852778956415443
A2,12.0,0.9578163771712159,0.9507346420705094,0.003504727754141247
A2,13.0,0.9553349875930521,0.9485439112493277,0.0037819756262094345
A2,14.0,0.9528535980148883,0.9479302582594198,0.0037445411525046483
A2,15.0,0.9503722084367245,0.9411567606258766,0.0034125668531272794
A2,16.0,0.9478908188585607,0.9394863372215201,0.0034598893315288186
A2,17.0,0.9429280397022333,0.9388204469374486,0.0035925551308940646
A2,18.0,0.9429280397022333,0.935968613272335,0.003500486990220764
A2,19.0,0.9404466501240695,0.9344391031743182,0.003549407336697731
A2,20.0,0.9404466501240695,0.9360772405083573,0.0035955795330047734
A2,21.0,0.9404466501240695,0.9375499290418419,0.0036243661562423246
A2,22.0,0.9379652605459057,0.9350172436552902,0.0037131565681336235
A2,23.0,0.9379652605459057,0.9346112092079728,0.0037350903370328755
A2,24.0,0.9354838709677419,0.9305562801553803,0.003657462003251487
A2,25.0,0.9354838709677419,0.9302384177942837,0.0036359296417985943
A2,26.0,0.9330024813895782,0.9295078845986822,0.0035377979258767868
A2,27.0,0.9305210918114144,0.9304105817317729,0.003589665157203347
A2,28.0,0.9305210918114144,0.9256776092812724,0.003643954106152885
A2,29.0,0.9305210918114144,0.9283245304053466,0.0038369161542809965
A2,30.0,0.9305210918114144,0.9268584287946469,0.003837198668191247
A2,31.0,0.9280397022332506,0.9226737352752497,0.0036986556268129417
A2,32.0,0.9255583126550868,0.921537596519127,0.0037885345858101266
A2,33.0,0.9255583126550868,0.9229749208720762,0.003597012166057526
A2,34.0,0.9230769230769231,0.9236151195553377,0.003851618203571177
A2,35.0,0.9230769230769231,0.9184825735791444,0.003650607338794086
A2,36.0,0.9230769230769231,0.9179011828178232,0.003629114937439118
A2,37.0,0.9205955334987593,0.9158574077483719,0.0037522052986884036
A2,38.0,0.9205955334987593,0.9165295884234204,0.003688270315058375
A2,39.0,0.9205955334987593,0.9140307279847039,0.0035592897594797597
A2,40.0,0.9181141439205955,0.9133847170067744,0.003804034582453088
A2,41.0,0.9181141439205955,0.91319516749352,0.0036008179840196167
A2,42.0,0.9156327543424317,0.9124412923495069,0.003741185699451889
A2,43.0,0.9156327543424317,0.9118203600457975,0.0037931905105537084
A2,44.0,0.9156327543424317,0.9101657006682553,0.003863394843634317
A2,45.0,0.9156327543424317,0.9093497534605447,0.003500428358783051
A2,46.0,0.913151364764268,0.9072237354146322,0.003635059350777473
A2,47.0,0.9106699751861043,0.9068837961888065,0.003712998741971417
A2,48.0,0.9106699751861043,0.905136754973199,0.0035041997432262136
A2,49.0,0.9106699751861043,0.9055071483567905,0.0034841983213359726
A2,50.0,0.9106699751861043,0.9036309701511435,0.0037617165066920833
A2,51.0,0.9081885856079405,0.9033065323094593,0.0035558669662377994
A2,52.0,0.9081885856079405,0.9013396202597398,0.003780534372955667
A2,53.0,0.9057071960297767,0.8997611056614406,0.0035304934531523295
A2,54.0,0.9057071960297767,0.8985705810688132,0.003582672566628807
A2,55.0,0.9032258064516129,0.8988532197504695,0.003754139387908227
A2,56.0,0.9032258064516129,0.8964683872122987,0.0036036160329395634
A2,57.0,0.9007444168734491,0.8945041860293822,0.0035593423699014277
A2,58.0,0.9032258064516129,0.8953142260175064,0.003382448354725406
A2,59.0,0.9007444168734491,0.893093080652497,0.003637504464290377
A2,60.0,0.9007444168734491,0.8938483228097713,0.0035946883136619696
A2,61.0,0.8982630272952854,0.8927416021883554,0.0036214223614199985
A2,62.0,0.8982630272952854,0.892602946720507,0.0036275803610475972
A2,63.0,0.8982630272952854,0.8905211896711565,0.003427074757002571
A2,64.0,0.8957816377171216,0.8890905444638387,0.0035561693579519134
A2,65.0,0.8982630272952854,0.8877942606086889,0.0033845499823929037
A2,66.0,0.8933002481389578,0.886679172226485,0.0034967510471982334
A2,67.0,0.8933002481389578,0.8858752316893487,0.003581593165534985
A2,68.0,0.8933002481389578,0.8872127027031982,0.0033984907479735725
A2,69.0,0.8933002481389578,0.8839358481314514,0.003495693054048475
A2,70.0,0.890818858560794,0.8825868559160922,0.0034094536141389318
A2,71.0,0.8933002481389578,0.8845623052367912,0.0033852711278802737
A2,72.0,0.890818858560794,0.8812343167308245,0.003528435323200909
A2,73.0,0.8883374689826302,0.8799760395698277,0.0033540930324839242
A2,74.0,0.8883374689826302,0.8807310419155321,0.0033407555916718443
A2,75.0,0.8883374689826302,0.8792040119398856,0.0033105088281766754
A2,76.0,0.8858560794044665,0.8763021817153112,0.0032218061315391834
A2,77.0,0.8858560794044665,0.8770285336450977,0.0032373248253793657
A2,78.0,0.8858560794044665,0.8729511184504504,0.0033256482323506522
A2,79.0,0.8833746898263027,0.8746925015971718,0.0034302147916345717
A2,80.0,0.8833746898263027,0.8749371099985122,0.003583841825959969
A2,81.0,0.8833746898263027,0.8733822439680182,0.0034795941499505124
A2,82.0,0.8833746898263027,0.8721843770131299,0.0033054994762693247
A2,83.0,0.8808933002481389,0.8714145408533863,0.003294531549208587
A2,84.0,0.8808933002481389,0.8705525210020872,0.003345768026137531
A2,85.0,0.8808933002481389,0.8689439375201293,0.0032869350057964765
A2,86.0,0.8784119106699751,0.8701606193465946,0.003419863898200125
A2,87.0,0.8784119106699751,0.8680823646382205,0.0032954982760819993
A2,88.0,0.8759305210918115,0.8669478414258938,0.0032580300152127836
A2,89.0,0.8759305210918115,0.8657140308322004,0.003275494661159941
A2,90.0,0.8759305210918115,0.8647143342607799,0.003325345371073707
A2,91.0,0.8759305210918115,0.8640248986392101,0.0032994748042483387
A2,92.0,0.8734491315136477,0.8624287145611376,0.003232787310553867
A2,93.0,0.8734491315136477,0.8594463529388808,0.003435037466046145
A2,94.0,0.8709677419354839,0.8584834472625794,0.0034496245333627126
A2,95.0,0.8709677419354839,0.858853451147798,0.0034578049792897826
A2,96.0,0.8709677419354839,0.8586352524457814,0.003353923113995403
A2,97.0,0.8734491315136477,0.8594456939887929,0.003142883499551434
A2,98.0,0.8709677419354839,0.8588317297628698,0.003230661690785661
A2,99.0,0.8684863523573201,0.8578358382294331,0.00317241095168956
A2,100.0,0.8684863523573201,0.8579906761573852,0.003193500339660802
A2,101.0,0.8684863523573201,0.8576069353360602,0.003152924508730524
A2,102.0,0.8684863523573201,0.855467668769825,0.003175386855243401
A2,103.0,0.8660049627791563,0.8536158025181269,0.003228627284246824
A2,104.0,0.8660049627791563,0.8529240475367479,0.003231491825216748
A2,105.0,0.8660049627791563,0.8530709239175975,0.003102376494581513
A2,106.0,0.8635235732009926,0.8531433744003138,0.0030851481769735524
A2,107.0,0.8635235732009926,0.851197129697069,0.0030712079110262374
A2,108.0,0.8610421836228288,0.8496989946665734,0.0031575295152290487
A2,109.0,0.8635235732009926,0.850285105895908,0.003090072742279295
A2,110.0,0.8610421836228288,0.8482304063778211,0.0031230206410399527
A2,111.0,0.8610421836228288,0.8486781744070722,0.0030930893451833644
A2,112.0,0.8610421836228288,0.8480505756418479,0.0031050762136378054
A2,113.0,0.858560794044665,0.8444265396081325,0.0032218036119766973
A2,114.0,0.858560794044665,0.8460661410556498,0.003186687892464786
A2,115.0,0.858560794044665,0.8453702529076214,0.003137144537551824
A2,116.0,0.8560794044665012,0.8434116174282477,0.0032393114830881376
A2,117.0,0.8560794044665012,0.843630094079553,0.0031902587441696674
A2,118.0,0.8535980148883374,0.8433324120921755,0.0031852804450291164
A2,119.0,0.8535980148883374,0.8413307262377436,0.0032562443922525496
A2,120.0,0.8535980148883374,0.8416421533014514,0.0031060626217795993
A2,121.0,0.8535980148883374,0.8405481559117786,0.00315261130129003
A2,122.0,0.8511166253101737,0.8410109529758542,0.003146819825529599
A2,123.0,0.8511166253101737,0.8386700905541014,0.003119859888341677
A2,124.0,0.8511166253101737,0.8354659520344063,0.0032159814938383874
A2,125.0,0.8486352357320099,0.8359246545486186,0.003390029512485571
A2,126.0,0.8461538461538461,0.8328157469966209,0.0037288364535043865
A2,127.0,0.8461538461538461,0.8331180313294357,0.0035924139468471996
A2,128.0,0.8486352357320099,0.8349975058964616,0.003233199962738155
A2,129.0,0.8461538461538461,0.833502887532259,0.0032503406677739286
A2,130.0,0.8436724565756824,0.8336019670903969,0.003354698882098582
A2,131.0,0.8461538461538461,0.8314602642947486,0.003370540327955664
A2,132.0,0.8461538461538461,0.8287264645076,0.0033049164520668117
A2,133.0,0.8436724565756824,0.8301464654256083,0.003210710739276182
A2,134.0,0.8411910669975186,0.8274978980225074,0.0034270892495777134
A2,135.0,0.8411910669975186,0.8274495533504796,0.0033042795275597375
A2,136.0,0.8387096774193549,0.8283703862905685,0.0034502229790585853
A2,137.0,0.8387096774193549,0.8260234709030193,0.0033336095934629645
A2,138.0,0.8387096774193549,0.8272596458509014,0.0034160056881696534
A2,139.0,0.8362282878411911,0.8268327160620277,0.0034606069655741746
A2,140.0,0.8362282878411911,0.8247027735422026,0.003487552869212785
A2,141.0,0.8337468982630273,0.8231517338360375,0.0038979927357863115
A2,142.0,0.8362282878411911,0.8223122775677628,0.0033357768855765382
A2,143.0,0.8362282878411911,0.8188576649896915,0.0035169307302506552
A2,144.0,0.8337468982630273,0.8185017326152697,0.0033914563502179355
A2,145.0,0.8312655086848635,0.8216354478675025,0.0035146934898989306
A2,146.0,0.8312655086848635,0.8194340886822348,0.003538561033310808
A2,147.0,0.8287841191066998,0.819089637759885,0.0035796454567622207
A2,148.0,0.8287841191066998,0.8167452309199289,0.0035690479608216676
A2,149.0,0.8287841191066998,0.8149856307771756,0.003680511184531031
A2,150.0,0.8287841191066998,0.8149270707891171,0.003621758892212392
A2,151.0,0.826302729528536,0.811278859652266,0.0037252449507785314
A2,152.0,0.826302729528536,0.8113576938068889,0.003684083418183576
A2,153.0,0.8238213399503722,0.8136116070623984,0.0038429261987361716
A2,154.0,0.8238213399503722,0.8107934289253506,0.0038417428652994506
A2,155.0,0.8213399503722084,0.8087866436606723,0.003884523668574976
A2,156.0,0.8213399503722084,0.8067000347974433,0.003993295318600729
A2,157.0,0.8213399503722084,0.8069117924371497,0.003903689898714481
A2,158.0,0.8188585607940446,0.8081031019753705,0.003753168404315186
A2,159.0,0.8163771712158809,0.8081816012501057,0.0037360713139621125
A2,160.0,0.8163771712158809,0.8074246947300969,0.0038821511046218823
A2,161.0,0.8138957816377171,0.807000571186197,0.0038117964433330427
A2,162.0,0.8138957816377171,0.8047297455045654,0.003988657841439538
A2,163.0,0.8114143920595533,0.802769877044695,0.003831703912441806
A2,164.0,0.8114143920595533,0.8039728395900032,0.003962691012456839
A2,165.0,0.8089330024813896,0.8003127666761057,0.004056565791855164
A2,166.0,0.8064516129032258,0.8002945851821769,0.004070500350649736
A2,167.0,0.8064516129032258,0.8005941156413787,0.004084318648688653
A2,168.0,0.8039702233250621,0.7982915702509245,0.004119785802461831
A2,169.0,0.8014888337468983,0.7974849948646217,0.0040843228670990935
A2,170.0,0.8014888337468983,0.7925722992729931,0.004193522742151594
A2,171.0,0.7990074441687345,0.7936728053188113,0.004317763402385397
A2,172.0,0.7965260545905707,0.7935879505260843,0.004246544337626057
A2,173.0,0.7965260545905707,0.7923492579306639,0.004344595744879947
A2,174.0,0.794044665012407,0.7879901784970682,0.004469404318759817
A2,175.0,0.7915632754342432,0.7866706737688521,0.004585975779298543
A2,176.0,0.7915632754342432,0.7869011565551798,0.004579796346745016
A2,177.0,0.7890818858560794,0.7853857624048045,0.004615420266564405
A2,178.0,0.7866004962779156,0.7848255486713971,0.004581639353701007
A2,179.0,0.7866004962779156,0.7810321873220517,0.005145383656501699
A2,180.0,0.7841191066997518,0.7783087124477026,0.004953837251021293
A2,181.0,0.7816377171215881,0.7782767127836435,0.004928101937541688
A2,182.0,0.7791563275434243,0.7731485563574554,0.005102174880496946
A2,183.0,0.7766749379652605,0.7723733801352568,0.0053595510876702605
A2,184.0,0.7741935483870968,0.7712403047192324,0.005191117206310009
A2,185.0,0.7741935483870968,0.7687572117034294,0.005425266039402267
A2,186.0,0.771712158808933,0.763046523201589,0.005510508392811108
A2,187.0,0.7667493796526055,0.7645256168087038,0.005361481423605048
A2,188.0,0.7642679900744417,0.7642242879424908,0.005399874418071129
A2,189.0,0.7617866004962779,0.7605062967401482,0.005710262430353151
A2,190.0,0.7593052109181141,0.758042261217248,0.005677442314255202
A2,191.0,0.7568238213399504,0.7572841997948899,0.00580065986003989
A2,192.0,0.7568238213399504,0.7555013536217948,0.005856650782471816
A2,193.0,0.7518610421836228,0.7532168341288782,0.005844147725430609
A2,194.0,0.749379652605459,0.7504753024498723,0.005992783819931716
A2,195.0,0.749379652605459,0.7471145430934422,0.006302049697180516
A2,196.0,0.7444168734491315,0.7470863811221748,0.006371657738996661
A2,197.0,0.7419354838709677,0.7422234964222767,0.006394950041180023
A2,198.0,0.739454094292804,0.7402905153018412,0.006272931770736351
A2,199.0,0.7344913151364765,0.7381760805037219,0.006610215369867671
A2,200.0,0.7320099255583127,0.7382266857550239,0.006461261640798083
A2,201.0,0.7295285359801489,0.7338539418944717,0.006368100077073338
A2,202.0,0.7270471464019851,0.7328472921040093,0.006694853403151776
A2,203.0,0.7245657568238213,0.7334212565775046,0.006956754024065516
A2,204.0,0.7196029776674938,0.7235122109252132,0.007048039088444867
A2,205.0,0.71712158808933,0.7249395418008086,0.007048892458569571
A2,206.0,0.7121588089330024,0.7184516022783635,0.007359160687408848
A2,207.0,0.7146401985111662,0.7205806175990632,0.007578828105130631
A2,208.0,0.707196029776675,0.7103344644763931,0.007381298607325539
A2,209.0,0.707196029776675,0.7130013745016176,0.007363527698131883
A2,210.0,0.6997518610421837,0.7078608266181304,0.007204363895459515
A2,211.0,0.6972704714640199,0.703137158700007,0.007745625870375332
A2,212.0,0.6923076923076923,0.7013472364692068,0.0077439848654605814
A2,213.0,0.6898263027295285,0.6945369680067485,0.007775824414907917
A2,214.0,0.6873449131513648,0.6956507440910965,0.007919824023071665
A2,215.0,0.684863523573201,0.6917479944019903,0.007747320560394886
A2,216.0,0.6823821339950372,0.6897946854332867,0.007641661427659049
A2,217.0,0.6823821339950372,0.6883050730721207,0.007787765902821036
A2,218.0,0.6823821339950372,0.6868297687210612,0.008208418549105806
A2,219.0,0.6774193548387096,0.6849033649243916,0.00811238865056732
A2,220.0,0.674937965260546,0.6867427059079777,0.008112477361033195
A2,221.0,0.6724565756823822,0.682415588912251,0.008440895566596988
A2,222.0,0.6699751861042184,0.6801604695526257,0.008282025527715271
A2,223.0,0.6674937965260546,0.678644793832029,0.008347844119405104
A2,224.0,0.6650124069478908,0.675164669820173,0.008645810560195474
A2,225.0,0.6625310173697271,0.673401264608829,0.008753167899054882
A2,226.0,0.6600496277915633,0.6716244982318668,0.00867926183445583
A2,227.0,0.6550868486352357,0.6699361440247803,0.009055093572028442
A2,228.0,0.6501240694789082,0.6669385207685988,0.008892646515696585
A2,229.0,0.6476426799007444,0.6646159994059344,0.009245451996080609
A2,230.0,0.6426799007444168,0.6638266166937086,0.008953801917417672
A2,231.0,0.6401985111662531,0.6590666693182846,0.00952601161085853
A2,232.0,0.6377171215880894,0.655060800613454,0.009280774571282117
A2,233.0,0.6327543424317618,0.6542669371585764,0.009169222788977867
A2,234.0,0.630272952853598,0.655413863607024,0.009512258844183072
A2,235.0,0.6203473945409429,0.6482514915936286,0.009813298678662508
A2,236.0,0.6203473945409429,0.6478401775344586,0.010462156762929227
A2,237.0,0.6153846153846154,0.6443734808768745,0.009974558484394715
A2,238.0,0.607940446650124,0.6393563522168695,0.010437529066388673
A2,239.0,0.6029776674937966,0.6405276819700175,0.01045348425308039
A2,240.0,0.5955334987593052,0.6330331129263153,0.010736290454255592
A2,241.0,0.5955334987593052,0.6361532307988854,0.010895294633849828
A2,242.0,0.5856079404466501,0.6244825887647791,0.011218277060860383
A2,243.0,0.5831265508684863,0.6259619741065767,0.011073314693994175
A2,244.0,0.5732009925558312,0.6158895675869122,0.011684078669348005
A2,245.0,0.5707196029776674,0.6187717988513614,0.01160608561045146
A2,246.0,0.5583126550868487,0.6095387220263103,0.01212705701212272
A2,247.0,0.5558312655086849,0.6062969067085607,0.012583263591468006
A2,248.0,0.5459057071960298,0.6045814819533852,0.012528516486536152
A2,249.0,0.5359801488833746,0.5935574540821913,0.012208165093269751
A2,250.0,0.5359801488833746,0.5982038225339832,0.012572489871794787
A2,251.0,0.5260545905707196,0.5897807540075466,0.012521458234703102
A2,252.0,0.5210918114143921,0.5840555479342794,0.012898870318710022
A2,253.0,0.5161290322580645,0.5824072691241685,0.013170314009994208
A2,254.0,0.511166253101737,0.5820559189922418,0.014437520516716108
A2,255.0,0.4987593052109181,0.575909243641343,0.013878912515231637
A2,256.0,0.49379652605459057,0.5708973728671822,0.01400235959867578
A2,257.0,0.48635235732009924,0.566081117660242,0.013808070843275061
A2,258.0,0.4813895781637717,0.5592409483585989,0.013975978122538108
A2,259.0,0.47642679900744417,0.5568687802736347,0.014401020619023139
A2,260.0,0.46898263027295284,0.5541849798584205,0.014639284896240168
A2,261.0,0.46153846153846156,0.5530977483459272,0.01505192303227771
A2,262.0,0.456575682382134,0.5479738038689492,0.01543612109302333
A2,263.0,0.4491315136476427,0.5409775132819195,0.015926335225265036
A2,264.0,0.4441687344913151,0.5386949702321763,0.01637920927281232
A2,265.0,0.4292803970223325,0.5335739330006757,0.016689726575640877
A2,266.0,0.41935483870967744,0.526468967417692,0.01723398900177375
A3,1.0,1.0,0.9674525316673488,0.009503344787847758
A3,2.0,0.9973753280839895,0.9632789817500396,0.009088618027736048
A3,3.0,0.994750656167979,0.9636805303140689,0.009242387182009735
A3,4.0,0.994750656167979,0.962006775593784,0.009395795512950163
A3,5.0,0.9921259842519685,0.9596281902059949,0.009608046953059545
A3,6.0,0.9921259842519685,0.9598934311930267,0.009353128361657035
A3,7.0,0.989501312335958,0.9584945599556894,0.009454172835289027
A3,8.0,0.9868766404199475,0.9578571804245732,0.009681706080664319
A3,9.0,0.9868766404199475,0.955003137981171,0.009576596306965947
A3,10.0,0.984251968503937,0.9537106461852582,0.009467825949305685
A3,11.0,0.984251968503937,0.9523781296332184,0.009905465524056368
A3,12.0,0.9816272965879265,0.950619140052833,0.009957411665854716
A3,13.0,0.9816272965879265,0.9510257399312414,0.009685509336636203
A3,14.0,0.9816272965879265,0.9507806173556819,0.00985539544574226
A3,15.0,0.979002624671916,0.9502681241986012,0.009640213627843267
A3,16.0,0.979002624671916,0.9490997209150417,0.009512967581465191
A3,17.0,0.9763779527559056,0.9431737222289808,0.009616434473290627
A3,18.0,0.973753280839895,0.94291709709092,0.00988931833408748
A3,19.0,0.973753280839895,0.9411411355945214,0.00993649531562803
A3,20.0,0.973753280839895,0.9429284388830639,0.008938532711320033
A3,21.0,0.973753280839895,0.9480172883301259,0.00905975558398941
A3,22.0,0.973753280839895,0.9424637470304201,0.008855583956269175
A3,23.0,0.973753280839895,0.9458467189862069,0.009169807887889984
A3,24.0,0.9711286089238845,0.9434670847328369,0.009054298820961494
A3,25.0,0.9711286089238845,0.9415649231128456,0.009064125594596451
A3,26.0,0.968503937007874,0.9408137065809272,0.008848384751633123
A3,27.0,0.968503937007874,0.941375933527943,0.009097645390965883
A3,28.0,0.9658792650918635,0.9395948538813746,0.008750219720518721
A3,29.0,0.968503937007874,0.9403675759332465,0.009150634902075494
A3,30.0,0.9658792650918635,0.939666553146225,0.009084395439448424
A3,31.0,0.9658792650918635,0.9398812368214229,0.00927743721568831
A3,32.0,0.963254593175853,0.9342736724987102,0.008931045785290893
A3,33.0,0.963254593175853,0.9323861060174925,0.008800835530435076
A3,34.0,0.9606299212598425,0.9322102245000267,0.008997098216314805
A3,35.0,0.963254593175853,0.9343305649194713,0.008896011599070544
A3,36.0,0.9606299212598425,0.9372091609768436,0.009040532550013252
A3,37.0,0.9606299212598425,0.9364440282468228,0.009068553584990669
A3,38.0,0.9606299212598425,0.928816585424123,0.008912933480275179
A3,39.0,0.958005249343832,0.9286724887547795,0.008922119902629559
A3,40.0,0.958005249343832,0.9273065174884475,0.008696624022544648
A3,41.0,0.958005249343832,0.9253462077235066,0.008798020099546252
A3,42.0,0.958005249343832,0.9311198704650043,0.008815265065837472
A3,43.0,0.9553805774278216,0.9310020199490934,0.008731488512396246
A3,44.0,0.9553805774278216,0.9268595150799164,0.00861153598057822
A3,45.0,0.952755905511811,0.9230833475338693,0.008535916978773461
A3,46.0,0.952755905511811,0.9207984484030325,0.008491235956449962
A3,47.0,0.952755905511811,0.919422746083033,0.008482605207448389
A3,48.0,0.952755905511811,0.9224962542218992,0.008492524257603017
A3,49.0,0.952755905511811,0.9261890398246768,0.008522423156076379
A3,50.0,0.952755905511811,0.9267933484678664,0.008608057403847583
A3,51.0,0.9501312335958005,0.9177912818343977,0.00835606489217648
A3,52.0,0.9501312335958005,0.9173284910736821,0.008555569935051424
A3,53.0,0.94750656167979,0.9141871452614334,0.008557040340569137
A3,54.0,0.94750656167979,0.9130595659890479,0.008677487008127842
A3,55.0,0.94750656167979,0.9143741994700201,0.008365084282908787
A3,56.0,0.9422572178477691,0.9091705600281056,0.008564786702506896
A3,57.0,0.9448818897637795,0.9151539579668033,0.008011553499701873
A3,58.0,0.9448818897637795,0.9113366141851118,0.00822033353511143
A3,59.0,0.9448818897637795,0.919054322141418,0.008275707696238251
A3,60.0,0.9422572178477691,0.9083437950692076,0.008355714329016679
A3,61.0,0.9422572178477691,0.9074215482935946,0.008437428014341964
A3,62.0,0.9422572178477691,0.9115104298661021,0.007888828603518649
A3,63.0,0.9422572178477691,0.9048690650404384,0.008392854643357987
A3,64.0,0.9422572178477691,0.9122993446543363,0.008004416051205863
A3,65.0,0.9396325459317585,0.9020254935072753,0.008590625853761637
A3,66.0,0.9396325459317585,0.9130272443185556,0.007899320032080642
A3,67.0,0.937007874015748,0.9039150141180757,0.008121079935706522
A3,68.0,0.937007874015748,0.9099492839836869,0.007656068260149678
A3,69.0,0.937007874015748,0.9086098669684907,0.007683899927513805
A3,70.0,0.937007874015748,0.9053874242803368,0.00782957573733085
A3,71.0,0.9343832020997376,0.8979302185588321,0.008400211965065768
A3,72.0,0.9343832020997376,0.9085057744340521,0.007697129885889859
A3,73.0,0.9343832020997376,0.9080751012927841,0.007810346739046435
A3,74.0,0.9343832020997376,0.9069703204877666,0.007760123148094543
A3,75.0,0.9343832020997376,0.9054354615459949,0.007687237199604651
A3,76.0,0.931758530183727,0.9036976597785359,0.007615710760872089
A3,77.0,0.931758530183727,0.904680330242895,0.0076908328407403566
A3,78.0,0.9291338582677166,0.8895235751455579,0.00886996919121803
A3,79.0,0.9291338582677166,0.8885577070214288,0.00876844972212698
A3,80.0,0.9291338582677166,0.8868347182359583,0.008814141808252242
A3,81.0,0.9291338582677166,0.9007490040414008,0.007823511617329523
A3,82.0,0.9291338582677166,0.9013844699343474,0.007810962851932831
A3,83.0,0.926509186351706,0.8997173391564743,0.007971705216374502
A3,84.0,0.926509186351706,0.8994842519538105,0.007817077921116713
A3,85.0,0.926509186351706,0.9000260410284658,0.0078300544188199
A3,86.0,0.9238845144356955,0.8995228564550041,0.007638188495796662
A3,87.0,0.9238845144356955,0.8966717665957831,0.007763361352866555
A3,88.0,0.9212598425196851,0.8959544717576591,0.00867287405661054
A3,89.0,0.9212598425196851,0.8965513094840553,0.008746022140253832
A3,90.0,0.9212598425196851,0.8956912323214312,0.00869444024145704
A3,91.0,0.9186351706036745,0.8939672599598925,0.00871751723016015
A3,92.0,0.9186351706036745,0.8956800599883122,0.008953698625341565
A3,93.0,0.916010498687664,0.8715592820318842,0.010332585040016433
A3,94.0,0.9133858267716536,0.8724198085644997,0.010388197463993895
A3,95.0,0.9133858267716536,0.8695738399951037,0.01047631985696287
A3,96.0,0.916010498687664,0.8924030610015385,0.009121557757742637
A3,97.0,0.9133858267716536,0.8869423800779515,0.009164048037039515
A3,98.0,0.910761154855643,0.8856641757085612,0.00914709713225215
A3,99.0,0.910761154855643,0.8850078053451476,0.009035790269606459
A3,100.0,0.910761154855643,0.8844329854754117,0.009123618346040226
A3,101.0,0.910761154855643,0.8853436525286402,0.009318389640578085
A3,102.0,0.9081364829396326,0.8857382784828878,0.00929732481484495
A3,103.0,0.9081364829396326,0.8866688647918919,0.00927644655750444
A3,104.0,0.9081364829396326,0.8863041024190991,0.00919339489698298
A3,105.0,0.905511811023622,0.8678353055479034,0.010204578639036913
A3,106.0,0.905511811023622,0.8844429469139533,0.009221822123692066
A3,107.0,0.9028871391076115,0.867954072911326,0.01034677060455892
A3,108.0,0.905511811023622,0.8857801385022335,0.009255302873442312
A3,109.0,0.9028871391076115,0.8825883813194437,0.009445901369771501
A3,110.0,0.9028871391076115,0.8811188425348463,0.009200356696651797
A3,111.0,0.9028871391076115,0.8799123436124412,0.009450316458171855
A3,112.0,0.9002624671916011,0.8652257243963553,0.01025823221406509
A3,113.0,0.9002624671916011,0.8826677436244083,0.009436263187720579
A3,114.0,0.9002624671916011,0.8792547344209979,0.009493862979625057
A3,115.0,0.8976377952755905,0.8795576688813617,0.009808689808524264
A3,116.0,0.8976377952755905,0.8783269284542149,0.009928263288477034
A3,117.0,0.89501312335958,0.8768185197029446,0.009749512788993716
A3,118.0,0.89501312335958,0.8780104722808438,0.0097967364877246
A3,119.0,0.89501312335958,0.8753864905368862,0.009944170822294762
A3,120.0,0.89501312335958,0.8782933419415503,0.009516565010313402
A3,121.0,0.89501312335958,0.8789989304133623,0.009641824070817685
A3,122.0,0.8923884514435696,0.8773930915977368,0.00936296128107663
A3,123.0,0.8923884514435696,0.8764911936883926,0.009532164886552126
A3,124.0,0.8923884514435696,0.8595320324895283,0.010622882118559492
A3,125.0,0.8871391076115486,0.853979595838803,0.010858821954005223
A3,126.0,0.8871391076115486,0.8531081136541416,0.011220592932723919
A3,127.0,0.889763779527559,0.8740684734736829,0.009575824161459467
A3,128.0,0.8871391076115486,0.8704834124917847,0.009669532780299899
A3,129.0,0.884514435695538,0.8552152103495249,0.010377545924898772
A3,130.0,0.884514435695538,0.8537660649818799,0.010319261740417576
A3,131.0,0.889763779527559,0.8741333656466965,0.009411338630526404
A3,132.0,0.8871391076115486,0.8583501772327287,0.010630207812263403
A3,133.0,0.884514435695538,0.8581047146236938,0.010609286624615142
A3,134.0,0.8818897637795275,0.8481430403823894,0.0113387878182238
A3,135.0,0.8818897637795275,0.863410638301556,0.01022080636312833
A3,136.0,0.8818897637795275,0.8694150000317391,0.0097415584794133
A3,137.0,0.8792650918635171,0.8635743057296557,0.009825203383520702
A3,138.0,0.8792650918635171,0.8543627074521447,0.01038798692263214
A3,139.0,0.8792650918635171,0.8595576909318859,0.00993891836831596
A3,140.0,0.8792650918635171,0.8660761351462503,0.009533741328285758
A3,141.0,0.8792650918635171,0.8446870374576293,0.011616648118552076
A3,142.0,0.8818897637795275,0.8699032970678792,0.009782717906781275
A3,143.0,0.8766404199475065,0.8648247764814594,0.009670478213887989
A3,144.0,0.8766404199475065,0.8629386167633419,0.00979316019137781
A3,145.0,0.8766404199475065,0.860716261290619,0.009981313991194162
A3,146.0,0.8740157480314961,0.8674699611530581,0.009584029723640286
A3,147.0,0.8740157480314961,0.8626241066290828,0.009592473340711087
A3,148.0,0.8740157480314961,0.8650795680048394,0.00950527817486664
A3,149.0,0.8740157480314961,0.8504961617197139,0.010641783967668498
A3,150.0,0.8713910761154856,0.8510356264985447,0.010568465782000198
A3,151.0,0.8713910761154856,0.8500117530445908,0.010505089131245891
A3,152.0,0.8713910761154856,0.8488749755600368,0.01061113943495812
A3,153.0,0.8713910761154856,0.8483613619476009,0.010795010664352503
A3,154.0,0.868766404199475,0.84646671886597,0.01073388806858318
A3,155.0,0.868766404199475,0.8471839821997538,0.010596266995754496
A3,156.0,0.868766404199475,0.8483888782525288,0.01046373352291138
A3,157.0,0.868766404199475,0.8479694390124749,0.010444663208467821
A3,158.0,0.8661417322834646,0.8410079520999092,0.006930920269132331
A3,159.0,0.863517060367454,0.8399653183210944,0.006799716645184905
A3,160.0,0.863517060367454,0.8400144447106361,0.006964956431780875
A3,161.0,0.8661417322834646,0.8446044724822123,0.0062398493075083794
A3,162.0,0.863517060367454,0.8369343990741949,0.007112622432906873
A3,163.0,0.8608923884514436,0.8382746826956853,0.007208171054149167
A3,164.0,0.8608923884514436,0.8371054659081218,0.007121376566626072
A3,165.0,0.8608923884514436,0.8363048605707534,0.007126177727198326
A3,166.0,0.8582677165354331,0.8357988602629145,0.007144021281856518
A3,167.0,0.8582677165354331,0.8369888893915333,0.006940635147524852
A3,168.0,0.8582677165354331,0.8399580963611379,0.00616474408930129
A3,169.0,0.8556430446194225,0.8344421523720454,0.0070576198182874935
A3,170.0,0.8556430446194225,0.8340062987602257,0.007278996723742078
A3,171.0,0.8556430446194225,0.8331080587247974,0.007301695743254956
A3,172.0,0.8530183727034121,0.832864006178495,0.007318977726064239
A3,173.0,0.8530183727034121,0.8321555485796307,0.0072941271817342865
A3,174.0,0.8503937007874016,0.8301690671268495,0.007425559372768741
A3,175.0,0.8503937007874016,0.8299940644023343,0.007385593979707794
A3,176.0,0.8503937007874016,0.8287903341663303,0.0073877665659174176
A3,177.0,0.847769028871391,0.8274707653150071,0.007345784659347844
A3,178.0,0.847769028871391,0.8281126509370703,0.007421717204032452
A3,179.0,0.8451443569553806,0.8280886283926846,0.007598022642063775
A3,180.0,0.8451443569553806,0.8275216472039113,0.007380429995986024
A3,181.0,0.8451443569553806,0.8260476760597146,0.007495475000228377
A3,182.0,0.84251968503937,0.824969893320447,0.007603313011085318
A3,183.0,0.84251968503937,0.8237188266289108,0.0078606379662725
A3,184.0,0.8398950131233596,0.8232436414303324,0.007855135510990867
A3,185.0,0.8398950131233596,0.8240453052393963,0.00799863914647084
A3,186.0,0.8372703412073491,0.8223755350532194,0.007874589037540921
A3,187.0,0.8372703412073491,0.8226373864631074,0.007642704021912219
A3,188.0,0.8372703412073491,0.8215479628268318,0.007868380147405237
A3,189.0,0.8346456692913385,0.8204884663375073,0.007813770581908339
A3,190.0,0.8346456692913385,0.8185419942536196,0.007861365838767323
A3,191.0,0.8320209973753281,0.8173708722171672,0.007810357900985969
A3,192.0,0.8320209973753281,0.8177973262391991,0.008029312295071254
A3,193.0,0.8320209973753281,0.8170621946267206,0.007809934835983874
A3,194.0,0.8293963254593176,0.8155556275062642,0.00813405610878337
A3,195.0,0.8267716535433071,0.8146237802243758,0.0077680569143779524
A3,196.0,0.8267716535433071,0.8141435397130146,0.007628096627921913
A3,197.0,0.8267716535433071,0.8120587991324313,0.007881304927390935
A3,198.0,0.8241469816272966,0.8126150956497274,0.007698459168660798
A3,199.0,0.8241469816272966,0.8105511624755399,0.007790753903203418
A3,200.0,0.821522309711286,0.8100794516699783,0.007941086542755485
A3,201.0,0.821522309711286,0.8092366918613696,0.008164708367684126
A3,202.0,0.8188976377952756,0.8048550798355618,0.009237533432649912
A3,203.0,0.821522309711286,0.8075488329653917,0.008842375809350413
A3,204.0,0.8136482939632546,0.8038678609764859,0.009896582869796363
A3,205.0,0.8162729658792651,0.8045270907534445,0.00884799725434365
A3,206.0,0.8110236220472441,0.803183483443007,0.009348540493912509
A3,207.0,0.8162729658792651,0.8010840053312738,0.009726150680572733
A3,208.0,0.8083989501312336,0.8052260397793802,0.007983792501872412
A3,209.0,0.8110236220472441,0.7986334695679346,0.009616721056556119
A3,210.0,0.8031496062992126,0.7956948970895508,0.009034048449240693
A3,211.0,0.8031496062992126,0.7969487335391052,0.009896916342401602
A3,212.0,0.800524934383202,0.796167354640276,0.009887807920912003
A3,213.0,0.8031496062992126,0.8022037800383054,0.00879343329706332
A3,214.0,0.7979002624671916,0.7911948572108685,0.009461606294354956
A3,215.0,0.800524934383202,0.7980684130561967,0.008396600918177026
A3,216.0,0.7926509186351706,0.7908727584477931,0.009204906597849626
A3,217.0,0.7979002624671916,0.791670297144287,0.009145541589931012
A3,218.0,0.7926509186351706,0.7872956393725863,0.009417875262203541
A3,219.0,0.7952755905511811,0.795327282584096,0.008312526628413593
A3,220.0,0.7874015748031497,0.7881216468312006,0.009506834925355501
A3,221.0,0.7874015748031497,0.7891804208136783,0.00929869483064063
A3,222.0,0.7847769028871391,0.7847796990730715,0.009414536926025948
A3,223.0,0.7821522309711286,0.7853353390621204,0.008997628057509192
A3,224.0,0.7795275590551181,0.7821166901502845,0.009109556051772945
A3,225.0,0.7821522309711286,0.7911259206217227,0.008752028511093952
A3,226.0,0.7769028871391076,0.7801532820354066,0.009356222815479258
A3,227.0,0.7769028871391076,0.7884204488810175,0.00853210445769838
A3,228.0,0.7716535433070866,0.7788232218765363,0.009654645470856763
A3,229.0,0.7716535433070866,0.7879537369758522,0.00882754990090414
A3,230.0,0.7664041994750657,0.7761435971829145,0.009642476238368175
A3,231.0,0.7664041994750657,0.7871568740998265,0.008798746121221408
A3,232.0,0.7611548556430446,0.771778233471051,0.009370075101156283
A3,233.0,0.7611548556430446,0.7754527001893261,0.009332094285062882
A3,234.0,0.7559055118110236,0.77273270095962,0.00945594181938561
A3,235.0,0.7559055118110236,0.7761921105243932,0.009562394488541128
A3,236.0,0.7506561679790026,0.7687935412124008,0.009822741111925569
A3,237.0,0.7480314960629921,0.7710836744498961,0.00956340233751184
A3,238.0,0.7427821522309711,0.764717199616296,0.010014591585985637
A3,239.0,0.7427821522309711,0.7771461354739806,0.009714896988334125
A3,240.0,0.7349081364829396,0.762699939847888,0.010528720301690758
A3,241.0,0.7349081364829396,0.7694033253876188,0.010501563856089217
A3,242.0,0.7296587926509186,0.7633235738585769,0.009952333950541596
A3,243.0,0.7296587926509186,0.7647620079962736,0.010755984083130261
A3,244.0,0.7217847769028871,0.7567917688484996,0.010718875272349453
A3,245.0,0.7217847769028871,0.7649016902773549,0.010935936321833296
A3,246.0,0.7139107611548556,0.7533918867569952,0.01117875228408466
A3,247.0,0.7139107611548556,0.7559185913396925,0.011624892062441652
A3,248.0,0.7086614173228346,0.759030955380498,0.012004990038629246
A3,249.0,0.7034120734908137,0.7447856737866321,0.010943333829338282
A3,250.0,0.7007874015748031,0.7540809063177384,0.011505468124057786
A3,251.0,0.6955380577427821,0.7466116644085253,0.0108474703580643
A3,252.0,0.6929133858267716,0.7572229617601963,0.010640830610720757
A3,253.0,0.6876640419947506,0.7412940248750265,0.011162135719163177
A3,254.0,0.6850393700787402,0.7420423565150353,0.01289545821113667
A3,255.0,0.6771653543307087,0.7335255851321898,0.011704993325046303
A3,256.0,0.6745406824146981,0.7483743670931917,0.011382720799389451
A3,257.0,0.6692913385826772,0.7377073677244025,0.010491497365314148
A3,258.0,0.6666666666666666,0.7388541161477853,0.010715364510616445
A3,259.0,0.6614173228346457,0.7263539296919733,0.011204734715267574
A3,260.0,0.6587926509186351,0.728374987279654,0.011369873672283712
A3,261.0,0.6509186351706037,0.7136590850461222,0.01216810868584033
A3,262.0,0.6482939632545932,0.7237706432885788,0.012053434106158391
A3,263.0,0.6430446194225722,0.7115667189266663,0.01213264719033534
A3,264.0,0.6404199475065617,0.713257334014413,0.01395086236330543
A3,265.0,0.6325459317585301,0.7171219975311113,0.012571293042088807
A3,266.0,0.6220472440944882,0.6987648975998754,0.012830357874501002
A4,1.0,1.0,1.0288495905267863,0.00928506217271887
A4,2.0,0.9925187032418953,1.0260136196838676,0.008070881152759045
A4,3.0,0.9875311720698254,1.0208593939699762,0.007586171540293494
A4,4.0,0.9825436408977556,1.0180814201490649,0.007224198499940468
A4,5.0,0.9775561097256857,1.0191111820664194,0.006802785245292577
A4,6.0,0.972568578553616,1.0148930562188747,0.006376895549076085
A4,7.0,0.9675810473815462,1.0109759067868644,0.006599364863787737
A4,8.0,0.9625935162094763,1.0084301301284742,0.006205347185347462
A4,9.0,0.9600997506234414,1.007319275865567,0.006268272307431139
A4,10.0,0.9576059850374065,1.0058370841242568,0.006140260486624262
A4,11.0,0.9551122194513716,1.0008447721143603,0.006754763852758434
A4,12.0,0.9526184538653366,1.002841838289613,0.006587147474491707
A4,13.0,0.9476309226932669,0.9998679968410713,0.006129168712344474
A4,14.0,0.9476309226932669,0.99735914833409,0.006183689444664634
A4,15.0,0.942643391521197,0.9964034419678867,0.005986857222849742
A4,16.0,0.942643391521197,0.9950281531284442,0.006052050923030089
A4,17.0,0.940149625935162,0.993033055942145,0.006138778565779816
A4,18.0,0.940149625935162,0.9925473788334085,0.006272630429773716
A4,19.0,0.9376558603491272,0.992346389920843,0.006178789969576567
A4,20.0,0.9351620947630923,0.986492661835287,0.0065909388172565786
A4,21.0,0.9351620947630923,0.9842858764603679,0.006304518385300246
A4,22.0,0.9326683291770573,0.984390829233913,0.006037038908764636
A4,23.0,0.9326683291770573,0.9830934470341373,0.00611497330627662
A4,24.0,0.9301745635910225,0.9806847384915547,0.006167184423243275
A4,25.0,0.9276807980049875,0.9783615020313501,0.0060380989430288915
A4,26.0,0.9276807980049875,0.9772171532910602,0.006115774782451642
A4,27.0,0.9276807980049875,0.9739412871672966,0.006441385681770991
A4,28.0,0.9251870324189526,0.9749209377290449,0.00614486076479654
A4,29.0,0.9251870324189526,0.9731639657457414,0.006118556903050939
A4,30.0,0.9226932668329177,0.9721609559865854,0.006081807181859803
A4,31.0,0.9226932668329177,0.9726093733521345,0.00605581562206578
A4,32.0,0.9201995012468828,0.9713017186820716,0.005919899414474094
A4,33.0,0.9201995012468828,0.9682361762992898,0.005935507324718675
A4,34.0,0.9201995012468828,0.9660836672205639,0.006101693875989358
A4,35.0,0.9177057356608479,0.9696655686206685,0.005761634952608462
A4,36.0,0.9152119700748129,0.9654933735535765,0.006010721919148022
A4,37.0,0.9152119700748129,0.963157354509547,0.006198328620696256
A4,38.0,0.9152119700748129,0.9640718275707556,0.0057720606785110345
A4,39.0,0.912718204488778,0.9597100092707633,0.006023678169695618
A4,40.0,0.9152119700748129,0.960003980306746,0.0057991359023900025
A4,41.0,0.912718204488778,0.9584618153471026,0.005930668963370723
A4,42.0,0.912718204488778,0.9573051553312415,0.005943942288026967
A4,43.0,0.9102244389027432,0.9572081656604108,0.005883858075361439
A4,44.0,0.9077306733167082,0.9563898109881448,0.005764488903142646
A4,45.0,0.9077306733167082,0.954309014703803,0.005932624994501909
A4,46.0,0.9077306733167082,0.9527831720954106,0.0057383778064797235
A4,47.0,0.9077306733167082,0.9525029981690256,0.005800801111588422
A4,48.0,0.9077306733167082,0.9495118863040551,0.005765383727715245
A4,49.0,0.9052369077306733,0.9497833829460519,0.005690371710705694
A4,50.0,0.9052369077306733,0.9474976123178989,0.005854789210094471
A4,51.0,0.9027431421446384,0.9458283169325392,0.005626256083628811
A4,52.0,0.9027431421446384,0.94491518601958,0.0057379650015805285
A4,53.0,0.9027431421446384,0.9448743697759633,0.00557147937075432
A4,54.0,0.9002493765586035,0.9437235498362433,0.0055700212904632165
A4,55.0,0.9002493765586035,0.941586164703482,0.005757760033573775
A4,56.0,0.9002493765586035,0.9379122817285217,0.005787735828766425
A4,57.0,0.9002493765586035,0.9406567245404271,0.005690437028790324
A4,58.0,0.8977556109725686,0.9394974817461093,0.005332534923922786
A4,59.0,0.8952618453865336,0.9368125558946563,0.005544017403247228
A4,60.0,0.8977556109725686,0.9372941791496918,0.005446379560023027
A4,61.0,0.8952618453865336,0.9338870879673313,0.005630793163974035
A4,62.0,0.8952618453865336,0.933923346693104,0.005570364361978329
A4,63.0,0.8927680798004988,0.9333312685262956,0.005342351805563638
A4,64.0,0.8927680798004988,0.9329120626635361,0.005228320375388736
A4,65.0,0.8902743142144638,0.9282551954181377,0.005230509832379985
A4,66.0,0.8902743142144638,0.9285900742482716,0.005513002612328443
A4,67.0,0.8902743142144638,0.9287482269462153,0.005062487352668343
A4,68.0,0.8877805486284289,0.9249115265804615,0.00513706326203006
A4,69.0,0.8877805486284289,0.9261329495715878,0.005290065700471139
A4,70.0,0.8877805486284289,0.9220984685998989,0.00537003722539584
A4,71.0,0.885286783042394,0.9215289056103722,0.005430682985294939
A4,72.0,0.885286783042394,0.9226213868809627,0.005147783528759124
A4,73.0,0.885286783042394,0.9215483383599985,0.0051245650020218326
A4,74.0,0.8827930174563591,0.9198858839684412,0.005134601207486856
A4,75.0,0.8827930174563591,0.9191135923340739,0.005251474800890375
A4,76.0,0.8802992518703242,0.9191866776597503,0.004972525051326382
A4,77.0,0.8802992518703242,0.9143117573610049,0.005136087428685094
A4,78.0,0.8802992518703242,0.9151249368641002,0.005074241191127251
A4,79.0,0.8802992518703242,0.9114555211061083,0.005523582581396958
A4,80.0,0.8802992518703242,0.9119144547436521,0.005255960859161275
A4,81.0,0.8778054862842892,0.9100178808037535,0.00534720215243485
A4,82.0,0.8753117206982544,0.9098475185051496,0.005216322121027126
A4,83.0,0.8753117206982544,0.9082520473404,0.0051537698380316145
A4,84.0,0.8728179551122195,0.9083884153761843,0.004966904488752327
A4,85.0,0.8728179551122195,0.9096458319404453,0.004983586519306715
A4,86.0,0.8728179551122195,0.9054004226242086,0.005102890326987701
A4,87.0,0.8703241895261845,0.9036738810241454,0.005069330844867606
A4,88.0,0.8703241895261845,0.902683262038784,0.004951722794208327
A4,89.0,0.8678304239401496,0.8999670200817316,0.005083009257797904
A4,90.0,0.8678304239401496,0.9013683585325394,0.004813485111879416
A4,91.0,0.8653366583541147,0.9013117581382708,0.004846044376731554
A4,92.0,0.8653366583541147,0.9021685019242767,0.004794294852140046
A4,93.0,0.8653366583541147,0.8956055202469515,0.004917119216479717
A4,94.0,0.8653366583541147,0.8966923089606531,0.004967619696174177
A4,95.0,0.8628428927680798,0.8938222827173022,0.005387623382928615
A4,96.0,0.8628428927680798,0.8952105087544618,0.004825705861899108
A4,97.0,0.8603491271820449,0.8894442457793563,0.005132157685001425
A4,98.0,0.85785536159601,0.8935382367487575,0.00473660443472884
A4,99.0,0.85785536159601,0.8908558918009941,0.004639207601618289
A4,100.0,0.8553615960099751,0.8850444220523206,0.004943530519660248
A4,101.0,0.8553615960099751,0.8848255935506844,0.0049043688040275955
A4,102.0,0.8528678304239401,0.8852446770004562,0.004775618888701897
A4,103.0,0.8528678304239401,0.8848958088840821,0.0048269645743979584
A4,104.0,0.8503740648379052,0.8787649839795423,0.005002872329635525
A4,105.0,0.8503740648379052,0.8763746695158369,0.005287451320798632
A4,106.0,0.8503740648379052,0.879235460454689,0.004693378519216442
A4,107.0,0.8478802992518704,0.8773856156135929,0.004958398205947185
A4,108.0,0.8478802992518704,0.8709027626525624,0.005292203313520278
A4,109.0,0.8428927680798005,0.8688553857907345,0.0051657043930711435
A4,110.0,0.8428927680798005,0.8689715188139593,0.005038934494068937
A4,111.0,0.8428927680798005,0.8651620749578692,0.005086056458682467
A4,112.0,0.8379052369077307,0.862916119810929,0.005248375979344003
A4,113.0,0.8379052369077307,0.8617905134558437,0.005153466586044915
A4,114.0,0.8354114713216958,0.8557859442515742,0.005480161511308513
A4,115.0,0.8329177057356608,0.8560293017680072,0.005284165743374794
A4,116.0,0.830423940149626,0.8538842861029277,0.0054142754525551935
A4,117.0,0.830423940149626,0.8503491586621506,0.005558689585555389
A4,118.0,0.827930174563591,0.8467482216977502,0.005567735741705558
A4,119.0,0.8254364089775561,0.8462286778356856,0.005448719556244877
A4,120.0,0.8254364089775561,0.8458963540779948,0.005267374364610066
A4,121.0,0.8229426433915212,0.8390813612870885,0.00559749041673912
A4,122.0,0.8229426433915212,0.8361165972844882,0.005472070954552349
A4,123.0,0.8204488778054863,0.8355255549606391,0.005563006391376506
A4,124.0,0.8204488778054863,0.8332537705980958,0.005428890224564048
A4,125.0,0.8204488778054863,0.8285257294481223,0.005486649292666
A4,126.0,0.8254364089775561,0.8243206111834458,0.006009271639355788
A4,127.0,0.8179551122194514,0.8265739745796626,0.0055316921979823375
A4,128.0,0.8179551122194514,0.8255888596475373,0.005497810890571891
A4,129.0,0.8179551122194514,0.8258301949194832,0.005439398821815752
A4,130.0,0.8179551122194514,0.818455907747566,0.005776634672452013
A4,131.0,0.8179551122194514,0.8141771909719606,0.005897590422766676
A4,132.0,0.8129675810473815,0.8126181514675077,0.005772868465235959
A4,133.0,0.8104738154613467,0.8173803603713101,0.005688763514101968
A4,134.0,0.8079800498753117,0.8100229615966323,0.0060577927054651344
A4,135.0,0.8129675810473815,0.8071200324790955,0.0058512915461991786
A4,136.0,0.8104738154613467,0.8063101150531558,0.006134798738093658
A4,137.0,0.8054862842892768,0.8063066537958484,0.006104458193592051
A4,138.0,0.8054862842892768,0.8041146877667863,0.0060369648065035615
A4,139.0,0.8054862842892768,0.8037622090468809,0.005851909337204313
A4,140.0,0.8029925187032418,0.8006048511328994,0.0058484554258909525
A4,141.0,0.8104738154613467,0.7981391708559065,0.0060511858857650765
A4,142.0,0.8054862842892768,0.7980769428483067,0.005893041256488632
A4,143.0,0.800498753117207,0.7970071365383602,0.005821000359385653
A4,144.0,0.800498753117207,0.7952490682227594,0.006019192627119099
A4,145.0,0.800498753117207,0.7909440584857824,0.0059385841767282494
A4,146.0,0.7980049875311721,0.7869905050968176,0.006094034340862048
A4,147.0,0.7980049875311721,0.7915603236861041,0.0058383078014289545
A4,148.0,0.7980049875311721,0.7871655183812298,0.006122176292182823
A4,149.0,0.7955112219451371,0.7837040130489843,0.006085422292431905
A4,150.0,0.7930174563591023,0.7819253092579471,0.005908067315665413
A4,151.0,0.7930174563591023,0.7800458845701452,0.006057087643424397
A4,152.0,0.7905236907730673,0.7820060381805835,0.005841109377218665
A4,153.0,0.7905236907730673,0.7798742700456429,0.005909672962454724
A4,154.0,0.7880299251870324,0.7779629233324975,0.0059337100132073805
A4,155.0,0.7880299251870324,0.7751506015544315,0.006153226784425076
A4,156.0,0.7855361596009975,0.7725451709461807,0.00607255073198297
A4,157.0,0.7855361596009975,0.7693933799445217,0.0062636225166809315
A4,158.0,0.7805486284289277,0.7691942897820954,0.006669627649809159
A4,159.0,0.7805486284289277,0.768976791377341,0.0065651017803429225
A4,160.0,0.7830423940149626,0.7597049084943476,0.007070950060728087
A4,161.0,0.7780548628428927,0.7625547501864502,0.006795337727385333
A4,162.0,0.7755610972568578,0.7611128286833553,0.006984517949639927
A4,163.0,0.7755610972568578,0.7608414854263308,0.0067705345550225435
A4,164.0,0.773067331670823,0.7569264019792543,0.006905021272400263
A4,165.0,0.770573566084788,0.7532343082960713,0.007090467010670324
A4,166.0,0.770573566084788,0.7536423613952639,0.006984833647860878
A4,167.0,0.7680798004987531,0.7514513405942502,0.0072572473382011
A4,168.0,0.7680798004987531,0.752117875832313,0.00698135721890012
A4,169.0,0.7655860349127181,0.7487516794335536,0.007260156284097635
A4,170.0,0.7630922693266833,0.742767880442489,0.007345166660586359
A4,171.0,0.7630922693266833,0.7406399577125931,0.0074764059852594905
A4,172.0,0.7605985037406484,0.7396082601699303,0.0075317319375071985
A4,173.0,0.7581047381546134,0.7428579231798623,0.0073280493654697045
A4,174.0,0.7556109725685786,0.73850138819769,0.007388484080248922
A4,175.0,0.7531172069825436,0.7336288443073529,0.007657480212304213
A4,176.0,0.7531172069825436,0.7302667211967718,0.007641564898304161
A4,177.0,0.7506234413965087,0.7320360713048105,0.0076430785905002175
A4,178.0,0.7481296758104738,0.7302272644254544,0.007743835709226974
A4,179.0,0.7481296758104738,0.7254589422002508,0.007778378650800134
A4,180.0,0.7456359102244389,0.7206848511564994,0.008050987801967733
A4,181.0,0.743142144638404,0.7235625319281532,0.007905987126787728
A4,182.0,0.7406483790523691,0.7176538937450216,0.008151196695547026
A4,183.0,0.7381546134663342,0.7192451626331589,0.008049792241463695
A4,184.0,0.7356608478802993,0.7148170195602086,0.008195033867808921
A4,185.0,0.7331670822942643,0.7072831396015222,0.008501306599310563
A4,186.0,0.7306733167082294,0.7091575655584592,0.008222421942858688
A4,187.0,0.7306733167082294,0.7075305877492504,0.008474011662803857
A4,188.0,0.7281795511221946,0.7004166679791255,0.00891103826797223
A4,189.0,0.7256857855361596,0.6969970117108952,0.008837015225227358
A4,190.0,0.7231920199501247,0.6952069871466563,0.008919326439571199
A4,191.0,0.7206982543640897,0.6959283760185173,0.008927192498162463
A4,192.0,0.7182044887780549,0.6918641804307779,0.008931440055936303
A4,193.0,0.71571072319202,0.6842432701851209,0.009371027447792411
A4,194.0,0.713216957605985,0.6846646975148771,0.009279295037595505
A4,195.0,0.7107231920199502,0.6762994967484419,0.009580221686522507
A4,196.0,0.7082294264339152,0.6789482137106004,0.009549002828628764
A4,197.0,0.7057356608478803,0.6713613871499702,0.009720785579501024
A4,198.0,0.7007481296758105,0.6670177532397851,0.0098754420054572
A4,199.0,0.6982543640897756,0.6603976871365156,0.010336380983342238
A4,200.0,0.6957605985037406,0.6582889118522065,0.01021747744379942
A4,201.0,0.6907730673316709,0.6536421012431336,0.010759544085296183
A4,202.0,0.6907730673316709,0.6428912789658665,0.011380272690969287
A4,203.0,0.683291770573566,0.6443404029063925,0.011279972786851509
A4,204.0,0.683291770573566,0.6386151153277875,0.013063517393914086
A4,205.0,0.6733167082294265,0.6299233786574397,0.012144023748601237
A4,206.0,0.6783042394014963,0.6212216915655683,0.012572627186995497
A4,207.0,0.6683291770573566,0.617755313277991,0.012463733220717109
A4,208.0,0.6633416458852868,0.6142452553494753,0.014658559269072825
A4,209.0,0.6583541147132169,0.6036704710407745,0.013478745287577469
A4,210.0,0.6533665835411472,0.5997476147698152,0.013978931122389427
A4,211.0,0.6483790523690773,0.5932352687935093,0.014551141708416235
A4,212.0,0.6408977556109726,0.5846853567947257,0.014892773466509877
A4,213.0,0.6334164588528678,0.5744816819342126,0.015457873285019252
A4,214.0,0.6309226932668329,0.5688309964947339,0.01594164677384596
A4,215.0,0.6259351620947631,0.5573672131556872,0.016482722577641162
A4,216.0,0.6184538653366584,0.5495873945238884,0.01689337470279535
A4,217.0,0.6159600997506235,0.5415864840937614,0.01767108608504529
A4,218.0,0.6059850374064838,0.5380540386671795,0.01825247281141991
A4,219.0,0.5985037406483791,0.525966872422895,0.019625304688761162
A4,220.0,0.5935162094763092,0.5227166507109344,0.020009515444531098
A4,221.0,0.5860349127182045,0.5141994587838967,0.0206765395788135
A4,222.0,0.5810473815461347,0.5003105329794956,0.022274440889811686
A4,223.0,0.57356608478803,0.49326594372652743,0.02247600122834353
A4,224.0,0.5660847880299252,0.48245851076109436,0.023797371939908815
A4,225.0,0.5586034912718204,0.4828362940699219,0.023813023557433845
A4,226.0,0.5511221945137157,0.4712278189934903,0.025584432449288343
A4,227.0,0.543640897755611,0.46530046095049227,0.026942341776786474
A4,228.0,0.5361596009975063,0.45999458903949686,0.02818051561814841
A4,229.0,0.5286783042394015,0.4486156187659315,0.02936987545989685
A4,230.0,0.5211970074812967,0.44604422472371197,0.03141553352637376
A4,231.0,0.5112219451371571,0.438259545911706,0.03210172367656006
A4,232.0,0.5037406483790524,0.42663531488695755,0.03436757631886814
A4,233.0,0.49625935162094764,0.42121819284045753,0.034340748767430165
A4,234.0,0.4837905236907731,0.41437193553558005,0.03761213596500923
A4,235.0,0.4763092269326683,0.40625299173307744,0.04049484757714288
A4,236.0,0.46633416458852867,0.4032071184542476,0.042822582649865465
A4,237.0,0.45885286783042395,0.395983087602903,0.046587923575120475
A4,238.0,0.4463840399002494,0.38819805105318295,0.04716523091571144
A4,239.0,0.43640897755610975,0.3977278678446628,0.053738553061267534
A4,240.0,0.42643391521197005,0.39586397915006943,0.05786540793964279
A4,241.0,0.4164588528678304,0.395068194916448,0.06250261048168312
A4,242.0,0.40399002493765584,0.366205574370304,0.06402721559525226
A4,243.0,0.39650872817955113,0.4220269694062804,0.07861467940190145
A4,244.0,0.3865336658354115,0.37032538389536823,0.07132997208612459
A4,245.0,0.3765586034912718,0.4407786883343173,0.09013473438827038
A4,246.0,0.36658354114713215,0.37817324857021895,0.07996904634828272
A4,247.0,0.3566084788029925,0.4567170025379147,0.10445024896126866
A4,248.0,0.3491271820448878,0.3873776147247208,0.08975325474109323
A4,249.0,0.33915211970074816,0.4717222372966866,0.12017287438240623
A4,250.0,0.3316708229426434,0.4745761046057244,0.12139266788298007
A4,251.0,0.32418952618453867,0.47016021691412035,0.12475605558833736
A4,252.0,0.3167082294264339,0.4764263883155341,0.130694854853323
A4,253.0,0.30673316708229426,0.494887050926196,0.13907584643204354
A4,254.0,0.30174563591022446,0.42492863703007433,0.12294622267859556
A4,255.0,0.2942643391521197,0.5039740143126497,0.15462904860660504
A4,256.0,0.286783042394015,0.5453497155412975,0.17804633412917342
A4,257.0,0.2793017456359102,0.46406730266858603,0.14558754043443098
A4,258.0,0.2743142144638404,0.5525602065618975,0.18179608525767332
A4,259.0,0.26683291770573564,0.5538377299806443,0.18579347654843298
A4,260.0,0.26433915211970077,0.47394090351062335,0.15688394939438924
A4,261.0,0.26184538653366585,0.5716800432203495,0.20233896301301213
A4,262.0,0.256857855361596,0.5746157663122515,0.19917447701150787
A4,263.0,0.2518703241895262,0.5877185695495127,0.21453635310555513
A4,264.0,0.24788029925187033,0.516243827207586,0.1806861385810301
A4,265.0,0.24463840399002493,0.604237056262116,0.22271180076788388
A4,266.0,0.24064837905236908,0.6190794977199185,0.23730681445278007
A4,267.0,0.23541147132169576,0.6248956481639019,0.24115406099161718
A4,268.0,0.053865336658354114,0.6430507403836431,0.24826633066943116
A4,269.0,0.04937655860349127,0.6477986425704824,0.2504520174853403
A5,1.0,1.0,0.9643773765747543,0.004402977818331387
A5,2.0,0.9973890339425587,0.9600245383875106,0.004287055357155525
A5,3.0,0.9947780678851175,0.9589670114231964,0.004288162563241688
A5,4.0,0.9921671018276762,0.9477911001888908,0.004327748181858189
A5,5.0,0.9921671018276762,0.939240755292584,0.004877165331028633
A5,6.0,0.9895561357702349,0.9381398697825005,0.00468238459634635
A5,7.0,0.9843342036553525,0.9465342923094905,0.00421832571232341
A5,8.0,0.9843342036553525,0.9443829303715308,0.004326393109530147
A5,9.0,0.9817232375979112,0.9442796589318587,0.004276946437738251
A5,10.0,0.97911227154047,0.9449681125148552,0.004964585801148225
A5,11.0,0.97911227154047,0.9356751354890777,0.0054733573947355835
A5,12.0,0.9765013054830287,0.9272192456786127,0.005737744041296988
A5,13.0,0.9738903394255874,0.9285770905646524,0.005653086066500208
A5,14.0,0.9712793733681462,0.9381929930443538,0.005417736011668386
A5,15.0,0.9712793733681462,0.936173048611936,0.005321171020206063
A5,16.0,0.9686684073107049,0.9352395176427737,0.005113249626923479
A5,17.0,0.9660574412532638,0.9330240336039349,0.005160863976895895
A5,18.0,0.9660574412532638,0.9315387195203924,0.005410103976840772
A5,19.0,0.9660574412532638,0.9177589833654065,0.005582882859549155
A5,20.0,0.9634464751958225,0.9160259225375531,0.006158291653572163
A5,21.0,0.9634464751958225,0.9138069512285847,0.006315480993481018
A5,22.0,0.9634464751958225,0.9143775869555881,0.006235342373723916
A5,23.0,0.9608355091383812,0.9222874220091821,0.005278679954187136
A5,24.0,0.95822454308094,0.9223676891533416,0.005183356687120191
A5,25.0,0.95822454308094,0.9245987393919128,0.005342130747871537
A5,26.0,0.9556135770234987,0.9226821459781672,0.00537498017798052
A5,27.0,0.9556135770234987,0.9131830144804027,0.005353197288093543
A5,28.0,0.9556135770234987,0.9057342281840323,0.006113680396293066
A5,29.0,0.9530026109660574,0.9066437147128209,0.006176664118027266
A5,30.0,0.9530026109660574,0.9146949918178964,0.005286122954795848
A5,31.0,0.9503916449086162,0.9158349042351136,0.005437517061146764
A5,32.0,0.9477806788511749,0.9129413339347725,0.005344964777511665
A5,33.0,0.9477806788511749,0.9126065250187367,0.005449630974653584
A5,34.0,0.9477806788511749,0.9055645306111729,0.00527371484680781
A5,35.0,0.9477806788511749,0.8985225682917447,0.005768921818033663
A5,36.0,0.9451697127937336,0.8987730391424429,0.005696547433931194
A5,37.0,0.9425587467362925,0.9032680513794422,0.0050554925799557865
A5,38.0,0.9425587467362925,0.9048210634756535,0.005337524376841118
A5,39.0,0.9399477806788512,0.9047007485458165,0.005527401804264537
A5,40.0,0.9399477806788512,0.9045339388620705,0.005579156265648911
A5,41.0,0.9399477806788512,0.8919106254575291,0.0059886150740925915
A5,42.0,0.9399477806788512,0.8900195520038262,0.005937444338264348
A5,43.0,0.9373368146214099,0.8899483490864557,0.005835015458747333
A5,44.0,0.9347258485639687,0.8960086202964805,0.005230021263946754
A5,45.0,0.9347258485639687,0.8965472783707273,0.005423416573697081
A5,46.0,0.9321148825065274,0.8947794337269981,0.005361339436217005
A5,47.0,0.9321148825065274,0.8888596385314889,0.0051836933484864815
A5,48.0,0.9321148825065274,0.8839852586741537,0.005763200858456871
A5,49.0,0.9321148825065274,0.8825543553389334,0.005797328786037149
A5,50.0,0.9295039164490861,0.8873094623172662,0.005425698396414614
A5,51.0,0.9295039164490861,0.8858713159650973,0.005361399645032625
A5,52.0,0.9268929503916449,0.8872229835630356,0.005700022015471618
A5,53.0,0.9242819843342036,0.8844616962646173,0.00567319348081685
A5,54.0,0.9268929503916449,0.8785952719265607,0.0053638588883846965
A5,55.0,0.9216710182767625,0.8838461677474199,0.00576783560784695
A5,56.0,0.9242819843342036,0.8739503204053414,0.005601488525390059
A5,57.0,0.9190600522193212,0.8774977810406926,0.005235976502512062
A5,58.0,0.9216710182767625,0.8721029928437922,0.005827354802349324
A5,59.0,0.9190600522193212,0.8768227943892809,0.00568683732893825
A5,60.0,0.9164490861618799,0.8768756039657231,0.005817716844113699
A5,61.0,0.9190600522193212,0.8703135608565643,0.00556221537420361
A5,62.0,0.9138381201044387,0.8719598788254157,0.005883374796577456
A5,63.0,0.9164490861618799,0.8641390183512692,0.005729072068198907
A5,64.0,0.9138381201044387,0.8683774788583932,0.005626446146591676
A5,65.0,0.9138381201044387,0.8634940189631342,0.005296520211012751
A5,66.0,0.9112271540469974,0.863462141845526,0.005616140857482444
A5,67.0,0.9086161879895561,0.862658779083542,0.0057065308020102
A5,68.0,0.9086161879895561,0.8620163579176684,0.005826669068249129
A5,69.0,0.9060052219321149,0.8624828239370649,0.00582752770830075
A5,70.0,0.9060052219321149,0.8603762285575864,0.005995489012695253
A5,71.0,0.9060052219321149,0.8557180323517104,0.0057141717089572806
A5,72.0,0.9033942558746736,0.8574072952187649,0.005950504964859204
A5,73.0,0.9033942558746736,0.8516781155864497,0.006015443900901142
A5,74.0,0.9033942558746736,0.8509266335242084,0.006083513905879148
A5,75.0,0.9007832898172323,0.8488605211076145,0.005442793571240416
A5,76.0,0.9007832898172323,0.84686986004371,0.005314720669090774
A5,77.0,0.8955613577023499,0.8476087048116042,0.0060940881904123605
A5,78.0,0.8981723237597912,0.8468960092901158,0.005762143451948487
A5,79.0,0.8955613577023499,0.8448217782211503,0.005617643473776721
A5,80.0,0.8955613577023499,0.8395450365968711,0.005995489165660125
A5,81.0,0.8929503916449086,0.8393924428315865,0.005425884525269745
A5,82.0,0.8929503916449086,0.8384537854478833,0.005482575819399168
A5,83.0,0.8903394255874674,0.8360841605290116,0.005446302295238294
A5,84.0,0.8903394255874674,0.8346587552287398,0.005286387679565262
A5,85.0,0.8877284595300261,0.8304949134425231,0.005492752588617822
A5,86.0,0.8851174934725848,0.8302775694807913,0.005518458877253264
A5,87.0,0.8851174934725848,0.8286576926534439,0.005471918120338944
A5,88.0,0.8825065274151436,0.8278293063602455,0.005444707449969894
A5,89.0,0.8798955613577023,0.8252744163490338,0.005654672056058648
A5,90.0,0.8798955613577023,0.8205471051590844,0.005551590485045042
A5,91.0,0.8772845953002611,0.8192893905855595,0.005699591829258508
A5,92.0,0.8720626631853786,0.8184374152462863,0.006518291402617915
A5,93.0,0.8720626631853786,0.8148369172989723,0.005964188945534717
A5,94.0,0.8694516971279374,0.8119695654765862,0.0056248785850292774
A5,95.0,0.8694516971279374,0.8078357396801085,0.005536086721754783
A5,96.0,0.8668407310704961,0.806263483796615,0.005756202815389396
A5,97.0,0.8642297650130548,0.8055579931694317,0.005910433416862817
A5,98.0,0.8616187989556136,0.8046641119423672,0.0059245564812097536
A5,99.0,0.8590078328981723,0.8040604800923468,0.0061204824221451765
A5,100.0,0.856396866840731,0.8029143372319737,0.006265003114712394
A5,101.0,0.8537859007832899,0.8025891913630039,0.0064576694939376955
A5,102.0,0.8511749347258486,0.7966778887840446,0.006530485755573497
A5,103.0,0.8485639686684073,0.7967927206846539,0.006846442102891592
A5,104.0,0.8459530026109661,0.7970207649934737,0.007172362396943342
A5,105.0,0.8433420365535248,0.792035058947641,0.007200410122963425
A5,106.0,0.8407310704960835,0.8009896788483715,0.00917771809574273
A5,107.0,0.835509138381201,0.7865560703226535,0.0075293603284014975
A5,108.0,0.8328981723237598,0.7865038808427248,0.007641083541253133
A5,109.0,0.8302872062663186,0.7885637676483053,0.00897075867241253
A5,110.0,0.8276762402088773,0.7789167621922954,0.008411283466432927
A5,111.0,0.825065274151436,0.7781780215414291,0.009144597965650716
A5,112.0,0.8198433420365535,0.7641977376937806,0.006788809302986715
A5,113.0,0.8198433420365535,0.7562453893032818,0.007258959768974331
A5,114.0,0.8172323759791122,0.7544885532875066,0.006801559019976706
A5,115.0,0.8120104438642297,0.74776197420629,0.006774402825700629
A5,116.0,0.804177545691906,0.7471926112358882,0.007090217999621767
A5,117.0,0.804177545691906,0.740680372946386,0.007171630800395424
A5,118.0,0.7989556135770235,0.7351336026035827,0.007346361580137276
A5,119.0,0.7963446475195822,0.7301390320987752,0.006601440594156505
A5,120.0,0.7911227154046997,0.7278078601769282,0.0076433069914201065
A5,121.0,0.7859007832898173,0.7212963502462663,0.007776255626476093
A5,122.0,0.7859007832898173,0.7203840630804175,0.007123571817154211
A5,123.0,0.7806788511749347,0.7145490933408277,0.007470911554494156
A5,124.0,0.7780678851174935,0.7044334126933759,0.008294237888288064
A5,125.0,0.7728459530026109,0.7060081827273867,0.007942635538404064
A5,126.0,0.7702349869451697,0.6982611375465237,0.007637889845551444
A5,127.0,0.7650130548302873,0.6970789559391246,0.00871952923482555
A5,128.0,0.762402088772846,0.6946843496803515,0.01030172306918352
A5,129.0,0.7571801566579635,0.6857765172879398,0.009897953982562114
A5,130.0,0.7545691906005222,0.6852324409900139,0.0089157310969024
A5,131.0,0.7493472584856397,0.6786374328187657,0.009941386790553477
A5,132.0,0.7493472584856397,0.6735118940085905,0.011367104374337059
A5,133.0,0.7441253263707572,0.6675040195351825,0.011409001482274516
A5,134.0,0.7389033942558747,0.6608415901406643,0.008786288171473478
A5,135.0,0.7336814621409922,0.6588972927299632,0.01127483672307605
A5,136.0,0.7284595300261096,0.6479711400431089,0.010252264083444255
A5,137.0,0.7258485639686684,0.6446771900111962,0.01075676250201928
A5,138.0,0.7180156657963447,0.6335858987631204,0.011221605522472956
A5,139.0,0.7154046997389034,0.6324322947837993,0.011684695621233587
A5,140.0,0.7101827676240209,0.6283056032151326,0.009532459113259615
A5,141.0,0.6997389033942559,0.6210016069829084,0.00997800927774862
A5,142.0,0.6945169712793734,0.6043868869302302,0.011045284171033388
A5,143.0,0.6892950391644909,0.6038422358019652,0.011265689697916154
A5,144.0,0.6840731070496083,0.5917478842875646,0.011397255734743959
A5,145.0,0.6788511749347258,0.5910929827205419,0.012040014277758608
A5,146.0,0.6710182767624021,0.5812638337974538,0.011777875569190372
A5,147.0,0.6684073107049608,0.5760925329409534,0.01290590535371749
A5,148.0,0.660574412532637,0.5684247512373916,0.011319802995174346
A5,149.0,0.6579634464751958,0.5564581774277229,0.014318869975960874
A5,150.0,0.6527415143603134,0.5497950192639334,0.014472733534676329
A5,151.0,0.6475195822454308,0.5424577096360756,0.014757422211408484
A5,152.0,0.6422976501305483,0.5360912552619145,0.013766453602313137
A5,153.0,0.6344647519582245,0.5271406998032524,0.01385433606615552
A5,154.0,0.6292428198433421,0.5217502694584505,0.01412639972667748
A5,155.0,0.6240208877284595,0.5158500267437136,0.01419666877751552
A5,156.0,0.618798955613577,0.508064901702431,0.015362763670233906
A5,157.0,0.6135770234986945,0.5005201831277193,0.015765493126029064
A5,158.0,0.608355091383812,0.49792665528710867,0.015608071688095065
A5,159.0,0.6005221932114883,0.48757224199364757,0.015798361515391934
A5,160.0,0.5953002610966057,0.48317661027110026,0.015236743496711853
A5,161.0,0.5900783289817232,0.47715771562778697,0.016107302116155086
A5,162.0,0.5848563968668408,0.47197178596173056,0.01734803364882039
A5,163.0,0.5796344647519582,0.46212379567070877,0.015694950020643056
A5,164.0,0.5718015665796344,0.45386289936738905,0.01599313557361483
A5,165.0,0.5639686684073107,0.45048663687342705,0.015234164306493094
A5,166.0,0.5587467362924282,0.4464444272093895,0.015600118849086603
A5,167.0,0.5535248041775457,0.43676796161068776,0.016859048144784238
A5,168.0,0.5456919060052219,0.4280278531853853,0.015206519062973232
A5,169.0,0.5404699738903395,0.42690255709987956,0.016848666979341318
A5,170.0,0.5326370757180157,0.42002404497880463,0.01656059081843283
A5,171.0,0.5274151436031331,0.4074470041901406,0.015586254951797584
A5,172.0,0.5195822454308094,0.40021717107164584,0.015218441372549657
A5,173.0,0.5143603133159269,0.3899886975019564,0.016618849096829008
A5,174.0,0.5065274151436031,0.3824794752516728,0.016552476612204575
A5,175.0,0.5013054830287206,0.3742403377148253,0.016905477350444568
A5,176.0,0.4934725848563969,0.3655337723068053,0.01746382929649443
A5,177.0,0.4856396866840731,0.3545254518659247,0.018092299682316446
A5,178.0,0.4804177545691906,0.34548309769167473,0.018875333372867165
A5,179.0,0.4725848563968668,0.3351030272292596,0.020126304270165443
A5,180.0,0.46475195822454307,0.3241135263118794,0.01983514090492368
A5,181.0,0.45691906005221933,0.3132517017293597,0.020142519234218854
A5,182.0,0.4490861618798956,0.3023504793559563,0.020513597110533514
A5,183.0,0.4412532637075718,0.2892144558817409,0.022154440239662766
A5,184.0,0.43342036553524804,0.2802589488143933,0.023372264500932945
A5,185.0,0.4255874673629243,0.27410530071459055,0.024719004980698088
A5,186.0,0.4177545691906005,0.2586960262160832,0.025696854043244344
A5,187.0,0.40992167101827676,0.25612832649498896,0.02565815860486452
A5,188.0,0.402088772845953,0.2461420714337556,0.027460601845320703
A5,189.0,0.391644908616188,0.23502371798963245,0.02726791615495396
A5,190.0,0.3838120104438642,0.22174769283021667,0.0285229937065963
A5,191.0,0.37597911227154046,0.2127809822460428,0.02959510130338763
A5,192.0,0.36553524804177545,0.20491410249401465,0.030416421998358745
A5,193.0,0.3577023498694517,0.1959569757465771,0.030114077394829408
A5,194.0,0.34986945169712796,0.19076285278120686,0.0304975715782182
A5,195.0,0.3394255874673629,0.1767083866177307,0.030893562586749707
A5,196.0,0.33159268929503916,0.17842425453342226,0.02913051945785922
A5,197.0,0.3237597911227154,0.17429384743365917,0.029558614531536354
A5,198.0,0.3185378590078329,0.16845069795030754,0.029778786071959558
A5,199.0,0.30809399477806787,0.15195308911466532,0.029833065424197946
A5,200.0,0.3002610966057441,0.13943400851479537,0.03065599029699268
A5,201.0,0.2924281984334204,0.08799567903644911,0.033943667130393713
A5,202.0,0.2845953002610966,0.18251684165206905,0.025696172645651993
A5,203.0,0.2741514360313316,0.07010878561272427,0.02978345688444299
A5,204.0,0.26370757180156656,0.07318654814409442,0.03344211109700252
A5,205.0,0.06318537859007833,0.04097593105999153,0.02101895896833209
A5,206.0,0.05796344647519582,0.03663493034887255,0.021676763841472456
A5,207.0,0.056657963446475196,0.04044380552966953,0.023624738717446154
A5,208.0,0.05456919060052219,0.04110717265080188,0.022955776242242907
A5,209.0,0.053263707571801565,0.03559244111020188,0.021319886661584245
A5,210.0,0.05221932114882506,0.036940942861544146,0.022339897507382182
A5,211.0,0.05039164490861619,0.035984228383677874,0.022846846068848764
A5,212.0,0.04882506527415144,0.03506548417427635,0.02197149445847934
A5,213.0,0.04699738903394256,0.038434055172851145,0.01991566403210756
A5,214.0,0.04490861618798955,0.041463528138065864,0.0218194063694739
A5,215.0,0.042819843342036555,0.03926670306744218,0.020090841016619083
A5,216.0,0.0412532637075718,0.03542070498720962,0.019747003208626157
A5,217.0,0.04203655352480418,0.03828538696366235,0.019972130937141105
A5,218.0,0.04308093994778068,0.03832773431555847,0.01986307890385822
A5,219.0,0.04203655352480418,0.03731236016056472,0.019421672057668846
A5,220.0,0.0433420365535248,0.037428734373539885,0.019813978686523185
A5,221.0,0.04255874673629243,0.03994674131925413,0.020753353274743626
A5,222.0,0.042819843342036555,0.03757827170468653,0.020276890286829646
A5,223.0,0.04151436031331593,0.041456009811345895,0.01951499984475094
A5,224.0,0.0402088772845953,0.03972758770305118,0.02066280356051064
A5,225.0,0.038903394255874676,0.03470056226755125,0.019710070854032383
A5,226.0,0.038642297650130546,0.041076477806378575,0.019574511313942472
A5,227.0,0.03759791122715405,0.03944816068256729,0.019137829597542552
A5,228.0,0.037075718015665796,0.03811519573001487,0.01921773334052921
A5,229.0,0.03733681462140992,0.04072457830422349,0.019490849235675956
A5,230.0,0.0381201044386423,0.03591637498428879,0.020402691033431487
A5,231.0,0.0381201044386423,0.036456506332539385,0.019162077399218276
A5,232.0,0.038642297650130546,0.04056143516851085,0.02000026602310562
A5,233.0,0.03838120104438642,0.04043387317282254,0.01993292254993544
A5,234.0,0.037859007832898174,0.038994281581414714,0.019962840000758077
A5,235.0,0.03733681462140992,0.041498390986565936,0.02018944195994606
A5,236.0,0.03681462140992167,0.03750240599207799,0.019804345632022137
A5,237.0,0.03629242819843342,0.0389284573033547,0.019460077862335334
A5,238.0,0.03629242819843342,0.04113657641483959,0.0203142461220652
A5,239.0,0.03577023498694517,0.04131318708990972,0.02029834280006973
A5,240.0,0.03498694516971279,0.039055346598080076,0.019519894326868507
A5,241.0,0.03472584856396867,0.041314405245918895,0.020576393036757845
A5,242.0,0.03446475195822454,0.04142667510041875,0.02022947446524291
A5,243.0,0.03420365535248042,0.03912937788783122,0.01950219057755141
A5,244.0,0.03446475195822454,0.04077885050428531,0.020519327640472682
A5,245.0,0.03446475195822454,0.04172450328951138,0.02050035696222669
A5,246.0,0.03420365535248042,0.040374436300506744,0.0205463698702375
A5,247.0,0.03420365535248042,0.043064537814762605,0.02182178558375864
A5,248.0,0.033681462140992165,0.03952963228747086,0.01926877469537372
A5,249.0,0.03315926892950392,0.03912074428805756,0.019395546785365432
A5,250.0,0.03315926892950392,0.040948889155713264,0.020484282543232164
A5,251.0,0.03263707571801567,0.03954503374013729,0.019506094063370866
A5,252.0,0.032114882506527415,0.039278953996671695,0.020230798109039667
A5,253.0,0.03185378590078329,0.04143311672174754,0.02075233207216185
A5,254.0,0.03080939947780679,0.039724370389053076,0.019803762187473102
A5,255.0,0.030287206266318537,0.03790903318818284,0.019310092137579674
A5,256.0,0.029503916449086162,0.03810557801198666,0.01984706266498121
A5,257.0,0.029242819843342035,0.03826151752596785,0.021094339372354096
A5,258.0,0.028720626631853787,0.03704328000693158,0.019815486377871696
A5,259.0,0.02845953002610966,0.036122601777246355,0.02042340293383229
A5,260.0,0.02845953002610966,0.0368717150882687,0.020466616175130486
A5,261.0,0.02793733681462141,0.03629874872704775,0.020144739271367566
A5,262.0,0.027676240208877285,0.03563105357174068,0.020862044358920903
A5,263.0,0.02741514360313316,0.034675334289451354,0.020612627036950763
A5,264.0,0.027154046997389034,0.03453230918389949,0.020144827569458915
A5,265.0,0.02689295039164491,0.03397200247763554,0.020838171521333746
A5,266.0,0.026631853785900782,0.03433383348534569,0.021405814763503405
A5,267.0,0.02600522193211488,0.03341419996132333,0.02034800439644364
A5,268.0,0.02600522193211488,0.033117772755203445,0.01988956619293285
A5,269.0,0.025900783289817233,0.03248550316441934,0.020786033018423584
A5,270.0,0.025926892950391644,0.03297195302457456,0.02075335903234696
A5,271.0,0.025822454308093996,0.03290726313990744,0.020998708403904127
A5,272.0,0.025822454308093996,0.03173673545239841,0.021232464313748315
A5,273.0,0.02563968668407311,0.03356227362127817,0.021500280188935447
A5,274.0,0.025744125326370756,0.03340550368128703,0.021770580846455417
A5,275.0,0.025691906005221934,0.03425235406171301,0.021969452532285782
A5,276.0,0.02485639686684073,0.03189625251225259,0.021584412594946673
A5,277.0,0.02472584856396867,0.03125720394744913,0.02167187146444297
A5,278.0,0.02451697127937337,0.030492570000401842,0.022521433924268874
A5,279.0,0.024334203655352483,0.03119288919106944,0.022210114972897148
A5,280.0,0.02381201044386423,0.029458755264054615,0.022545408524571847
A5,281.0,0.024073107049608355,0.029946632913273152,0.02317179870668277
A5,282.0,0.023864229765013057,0.029418402088707496,0.022633457700925477
A5,283.0,0.023968668407310705,0.030231240339815835,0.022739311600941232
A5,284.0,0.024099216710182766,0.02951952340446562,0.022525403759765292
A5,285.0,0.024360313315926894,0.031173258180335228,0.022638539370271275
A5,286.0,0.024151436031331592,0.03162273866946674,0.023292387209084775
A5,287.0,0.024281984334203654,0.031468038656971786,0.023307964055176454
A5,288.0,0.02412532637075718,0.03240816644620881,0.024125199584039515
A5,289.0,0.02360313315926893,0.030117158339362904,0.023095447977217836
A5,290.0,0.023446475195822453,0.028758998083865284,0.02325444776884023
A5,291.0,0.023342036553524806,0.02897771295660234,0.024151297110910987
A5,292.0,0.023080939947780682,0.029468523652674827,0.023999189867665298
A5,293.0,0.022872062663185377,0.029003402668762557,0.02467559677842698
A5,294.0,0.022689295039164493,0.02798410608159685,0.024205810525660374
A5,295.0,0.022637075718015667,0.028275389928600236,0.024243008433083996
A5,296.0,0.022715404699738904,0.028190951197618608,0.02525413852531294
A5,297.0,0.022140992167101827,0.02706983224906656,0.02552188829707275
A5,298.0,0.02240208877284595,0.02898543991905178,0.024704351490371455
A6,1.0,1.0,0.9968831093406423,0.003385771024204221
A6,2.0,0.995049504950495,0.991657722439431,0.003164898198419139
A6,3.0,0.9925742574257426,0.9845688565993127,0.0027100574895745837
A6,4.0,0.9900990099009901,0.9799351162259201,0.0026713729614114327
A6,5.0,0.9851485148514851,0.9771384108169359,0.002658676314237119
A6,6.0,0.9801980198019802,0.9752443830414699,0.0028727388927323036
A6,7.0,0.9777227722772277,0.9723205527312464,0.002924208666345553
A6,8.0,0.9752475247524752,0.9698197582674309,0.0027554168490130804
A6,9.0,0.9727722772277227,0.9664781429543015,0.0026356116779028683
A6,10.0,0.9702970297029703,0.962468559955986,0.002703497842129348
A6,11.0,0.9678217821782178,0.9603492961655218,0.002677165296925435
A6,12.0,0.9653465346534653,0.9599247088950233,0.0027623193723284364
A6,13.0,0.9628712871287128,0.9577674935166383,0.0027315356833421986
A6,14.0,0.9603960396039604,0.9567563674294477,0.0028329413737614244
A6,15.0,0.9579207920792079,0.9553494054549114,0.0028875153977387744
A6,16.0,0.9579207920792079,0.9539467745891924,0.0026360211372644356
A6,17.0,0.9579207920792079,0.9503949908066687,0.002593726992291433
A6,18.0,0.9554455445544554,0.9491760411890205,0.0025983644877650724
A6,19.0,0.9529702970297029,0.9486182851522845,0.002664031930330592
A6,20.0,0.9504950495049505,0.9467054825071588,0.00260571079553201
A6,21.0,0.9504950495049505,0.944736958392263,0.0026308707553680476
A6,22.0,0.9504950495049505,0.9427788818621228,0.0026397030872970908
A6,23.0,0.948019801980198,0.9430978127617198,0.0027779606799384735
A6,24.0,0.948019801980198,0.9407982247323781,0.002733490272275141
A6,25.0,0.9455445544554455,0.9399149117205289,0.0029083128255080453
A6,26.0,0.9455445544554455,0.9368184270968929,0.002810548946399939
A6,27.0,0.9455445544554455,0.9369532962397771,0.002796628926808324
A6,28.0,0.943069306930693,0.9365392426875929,0.0027823780832064654
A6,29.0,0.943069306930693,0.9339889229358207,0.002800986232162067
A6,30.0,0.9405940594059405,0.9339403691627672,0.0027774899689317267
A6,31.0,0.9405940594059405,0.933114397691253,0.0028225098783314817
A6,32.0,0.9405940594059405,0.9328985574447405,0.0027197402271101736
A6,33.0,0.9381188118811881,0.9296629003043494,0.0027618806863378316
A6,34.0,0.9381188118811881,0.9318620671788396,0.002667774809942645
A6,35.0,0.9356435643564357,0.9308321802006668,0.00279122726011657
A6,36.0,0.9356435643564357,0.9289877914897773,0.002872802999157233
A6,37.0,0.9356435643564357,0.9303924291646248,0.002893993921217361
A6,38.0,0.9356435643564357,0.9292311742440409,0.002962595102908833
A6,39.0,0.9356435643564357,0.9251503207145236,0.0030493387072327957
A6,40.0,0.9331683168316832,0.926068970903908,0.003088100928607427
A6,41.0,0.9331683168316832,0.9239687964713987,0.0030944935522689903
A6,42.0,0.9331683168316832,0.9247695903853177,0.003084690740852453
A6,43.0,0.9306930693069307,0.9223971684365033,0.003028982631076789
A6,44.0,0.9306930693069307,0.9230070981300944,0.0029148879154385974
A6,45.0,0.9306930693069307,0.9245878879123989,0.003007172498242175
A6,46.0,0.9306930693069307,0.9202512013434586,0.0031590396437773923
A6,47.0,0.9306930693069307,0.9189347479082868,0.0030549227935973804
A6,48.0,0.9282178217821783,0.9207755915216476,0.002978640511019115
A6,49.0,0.9282178217821783,0.9194102301446747,0.003056807625502647
A6,50.0,0.9282178217821783,0.9197485997854244,0.0030909903562576966
A6,51.0,0.9257425742574258,0.9175114052845184,0.0029669922663099965
A6,52.0,0.9282178217821783,0.9183108343497599,0.0030642901749665845
A6,53.0,0.9257425742574258,0.9193458727492383,0.003008970935924561
A6,54.0,0.9257425742574258,0.9143138156318074,0.0030085810522690218
A6,55.0,0.9257425742574258,0.9176614649610515,0.002854819677071416
A6,56.0,0.9257425742574258,0.9162522677099592,0.0030594750764735465
A6,57.0,0.9232673267326733,0.9168520842841595,0.0029792981822782255
A6,58.0,0.9232673267326733,0.9134481822253433,0.0030067214676383373
A6,59.0,0.9232673267326733,0.9118525770278423,0.0030779428205279995
A6,60.0,0.9232673267326733,0.9125583162520419,0.002963901036719341
A6,61.0,0.9232673267326733,0.9109110257359618,0.0032386580543423728
A6,62.0,0.9207920792079208,0.9140021168031043,0.0031915379052253005
A6,63.0,0.9207920792079208,0.9118341667460993,0.003297556989643152
A6,64.0,0.9207920792079208,0.9141631903059201,0.0030814805590219786
A6,65.0,0.9183168316831684,0.9111366988205415,0.0031386094777732256
A6,66.0,0.9207920792079208,0.9096482999763554,0.002945414530170878
A6,67.0,0.9183168316831684,0.911244984535488,0.003080255502253065
A6,68.0,0.9183168316831684,0.9125197614404081,0.003135518159061274
A6,69.0,0.9183168316831684,0.9094132240603883,0.0031713806235453934
A6,70.0,0.9183168316831684,0.9095786776693806,0.003055394615069642
A6,71.0,0.9158415841584159,0.9091950080995452,0.003234278762336422
A6,72.0,0.9183168316831684,0.9068586466095006,0.0031292306389517554
A6,73.0,0.9158415841584159,0.9101127030136749,0.0031724664830253347
A6,74.0,0.9158415841584159,0.9068237715332399,0.0030667329046999625
A6,75.0,0.9158415841584159,0.9100816977030705,0.0031547632526677766
A6,76.0,0.9158415841584159,0.9047966277996747,0.0031080971078850687
A6,77.0,0.9158415841584159,0.909209996057371,0.003152056243080297
A6,78.0,0.9158415841584159,0.903714848399301,0.003312512013305268
A6,79.0,0.9158415841584159,0.9023957114205327,0.0033528089865225603
A6,80.0,0.9158415841584159,0.9038905069966259,0.0034702639782864726
A6,81.0,0.9133663366336634,0.903153930342269,0.0032243263218311386
A6,82.0,0.9133663366336634,0.9059749789970102,0.0033407922755609
A6,83.0,0.9133663366336634,0.9037027791365643,0.0032572637581944858
A6,84.0,0.9133663366336634,0.9055081247550275,0.0033227980968664273
A6,85.0,0.9133663366336634,0.9056240237437818,0.0033493749889719126
A6,86.0,0.9108910891089109,0.9025656029420827,0.003247621361497398
A6,87.0,0.9108910891089109,0.9019501756997103,0.003208183308802851
A6,88.0,0.9108910891089109,0.9025322945827094,0.0032834501048318453
A6,89.0,0.9108910891089109,0.9014207109690283,0.003317701837943114
A6,90.0,0.9108910891089109,0.9045761347252098,0.0033937288218231355
A6,91.0,0.9108910891089109,0.9009032388483724,0.0032646172338669614
A6,92.0,0.9108910891089109,0.9025370689236912,0.0033611960887085564
A6,93.0,0.9108910891089109,0.8984449781371113,0.003229842099549932
A6,94.0,0.9084158415841584,0.8977770749127448,0.003193166738885913
A6,95.0,0.9084158415841584,0.9012861815480933,0.0032892381388544695
A6,96.0,0.905940594059406,0.9035499774616879,0.003472196535714439
A6,97.0,0.9084158415841584,0.9042723461112631,0.003436224230261852
A6,98.0,0.9084158415841584,0.8997280147997206,0.0033171889830569084
A6,99.0,0.9084158415841584,0.8980839651265954,0.0032822884884896653
A6,100.0,0.905940594059406,0.8994131826751876,0.003327133412982441
A6,101.0,0.905940594059406,0.9010216340798365,0.0033676219036939663
A6,102.0,0.905940594059406,0.901806409573124,0.0034301893353909183
A6,103.0,0.905940594059406,0.9003562789446267,0.0034483559439712104
A6,104.0,0.905940594059406,0.9001220871383695,0.00344044589818472
A6,105.0,0.905940594059406,0.8999859720238808,0.003471337208258151
A6,106.0,0.905940594059406,0.9005145312094762,0.003403838736438018
A6,107.0,0.905940594059406,0.8977323915207367,0.0032970265836242915
A6,108.0,0.9034653465346535,0.898858162250451,0.0035216111029201537
A6,109.0,0.9034653465346535,0.8963317902310877,0.0034175549408815664
A6,110.0,0.9034653465346535,0.8967710633024731,0.0034212759788096116
A6,111.0,0.9034653465346535,0.8971380964432805,0.003381018507104779
A6,112.0,0.905940594059406,0.8954359568715409,0.003389784985809276
A6,113.0,0.9034653465346535,0.8954572473117393,0.003516691622454848
A6,114.0,0.9034653465346535,0.8951496697310221,0.0034152147894618177
A6,115.0,0.9034653465346535,0.8935152602936471,0.003416032521560088
A6,116.0,0.9034653465346535,0.8932808861525083,0.0034644635187360195
A6,117.0,0.9034653465346535,0.896094711574851,0.0035853918219724574
A6,118.0,0.900990099009901,0.8936801398513857,0.0035282326128693057
A6,119.0,0.900990099009901,0.8943103220410006,0.0035722161718464273
A6,120.0,0.900990099009901,0.8944504614690492,0.003671707902603197
A6,121.0,0.900990099009901,0.8911538606648769,0.003541880270237437
A6,122.0,0.900990099009901,0.8932859107494086,0.0035588861069702016
A6,123.0,0.900990099009901,0.8893522467957397,0.0034786606117063884
A6,124.0,0.8985148514851485,0.8945785914328712,0.003736260153730853
A6,125.0,0.900990099009901,0.8914775405398943,0.003454362662469778
A6,126.0,0.900990099009901,0.8941663597638754,0.0035802271109814754
A6,127.0,0.8985148514851485,0.8905033705681357,0.0036781576529858816
A6,128.0,0.8985148514851485,0.890287450432618,0.003689278431256493
A6,129.0,0.900990099009901,0.8884669490067952,0.0035238214921173147
A6,130.0,0.8985148514851485,0.8873182020824886,0.0036764172213645343
A6,131.0,0.8985148514851485,0.8892223485933342,0.003769176669976691
A6,132.0,0.8985148514851485,0.892658186662709,0.003883937398599228
A6,133.0,0.8985148514851485,0.888497445749164,0.0037489978882104522
A6,134.0,0.900990099009901,0.8884139621592263,0.0036985915895371762
A6,135.0,0.8985148514851485,0.8866646518295546,0.0036784221865828206
A6,136.0,0.8960396039603961,0.8897062452720733,0.0038511457603719822
A6,137.0,0.8985148514851485,0.8882484968557118,0.003822712200667359
A6,138.0,0.8985148514851485,0.8832138963031962,0.003776015890283879
A6,139.0,0.8985148514851485,0.8850020127873779,0.0037935535685266475
A6,140.0,0.8985148514851485,0.8846517880907179,0.003804052452508681
A6,141.0,0.8960396039603961,0.8867201962245176,0.0038183170404793233
A6,142.0,0.8960396039603961,0.8853248236946477,0.0038932534712382517
A6,143.0,0.8960396039603961,0.8876462517668576,0.003885599551148166
A6,144.0,0.8960396039603961,0.8843303385162179,0.003807638649666054
A6,145.0,0.8960396039603961,0.8850796182901642,0.0038707644483367727
A6,146.0,0.8935643564356436,0.88368675922937,0.0037916208636413766
A6,147.0,0.8960396039603961,0.8830426588571341,0.003907444363718813
A6,148.0,0.8935643564356436,0.8831729409956703,0.003911171079391444
A6,149.0,0.8935643564356436,0.8841037665740481,0.003954560154217329
A6,150.0,0.8935643564356436,0.8853592567706301,0.003992885590543805
A6,151.0,0.8935643564356436,0.8857793075464043,0.0040194984997990275
A6,152.0,0.8935643564356436,0.8867895915309508,0.00400554222808324
A6,153.0,0.8935643564356436,0.8867156353368199,0.004018435622502665
A6,154.0,0.8935643564356436,0.882689384200228,0.003952864798349914
A6,155.0,0.8910891089108911,0.8837511036567409,0.003952903571981408
A6,156.0,0.8935643564356436,0.8825219307317125,0.003992407817260859
A6,157.0,0.8935643564356436,0.8793851097698647,0.0037955772581162997
A6,158.0,0.8935643564356436,0.8773362887723426,0.003691326654759755
A6,159.0,0.8935643564356436,0.8781116739756547,0.0037248182960269334
A6,160.0,0.8910891089108911,0.8802695733838628,0.003887105311718352
A6,161.0,0.8910891089108911,0.8832942003417935,0.003997924282059433
A6,162.0,0.8935643564356436,0.877386158626413,0.003809991230349074
A6,163.0,0.8910891089108911,0.8781923139568867,0.003783475203500934
A6,164.0,0.8910891089108911,0.8783187302154972,0.003743812427856253
A6,165.0,0.8910891089108911,0.8786469552554955,0.003862973621883414
A6,166.0,0.8910891089108911,0.876484944741525,0.0039685668656763776
A6,167.0,0.8886138613861386,0.8806598250298707,0.003991549965687522
A6,168.0,0.8886138613861386,0.8816127323347418,0.0040528733314804805
A6,169.0,0.8910891089108911,0.8756685574772869,0.003934418301087918
A6,170.0,0.8910891089108911,0.8789320017477122,0.003991287604729537
A6,171.0,0.8910891089108911,0.8758831179251021,0.003932401018945007
A6,172.0,0.8886138613861386,0.8752822208233776,0.004033046906544436
A6,173.0,0.8886138613861386,0.8750028158066008,0.003935149295072617
A6,174.0,0.8886138613861386,0.8756013991277413,0.0039550685653585585
A6,175.0,0.8886138613861386,0.87515277671945,0.00401129589422585
A6,176.0,0.8886138613861386,0.875339777529587,0.0039255005239304894
A6,177.0,0.8886138613861386,0.8751694197121997,0.003982159778147762
A6,178.0,0.8886138613861386,0.8737682793827556,0.003954488568361277
A6,179.0,0.8886138613861386,0.876328539908888,0.003994900314681782
A6,180.0,0.8886138613861386,0.8728485340970389,0.00394974304060005
A6,181.0,0.8861386138613861,0.8738338511512916,0.003909945081710775
A6,182.0,0.8861386138613861,0.8737375730971223,0.0039271037872221455
A6,183.0,0.8861386138613861,0.8732470807652517,0.003943638435976091
A6,184.0,0.8861386138613861,0.8714268900431822,0.00395039083862082
A6,185.0,0.8861386138613861,0.8705598206568723,0.004005164607082943
A6,186.0,0.8861386138613861,0.8730108084398917,0.004124621592915061
A6,187.0,0.8861386138613861,0.8734770138062401,0.0041077252139589335
A6,188.0,0.8861386138613861,0.8702275959088404,0.004077019663678866
A6,189.0,0.8861386138613861,0.8731544305854909,0.00404654669782315
A6,190.0,0.8861386138613861,0.8719254086190109,0.003991980420490896
A6,191.0,0.8836633663366337,0.8731524058840208,0.004151568249622581
A6,192.0,0.8836633663366337,0.8686112581570882,0.004073534047598961
A6,193.0,0.8836633663366337,0.8721866197110979,0.004129968508477515
A6,194.0,0.8836633663366337,0.8725023072828126,0.004173773024991529
A6,195.0,0.8836633663366337,0.8688904787069094,0.004104284224467288
A6,196.0,0.8836633663366337,0.8694804001253585,0.004201417679173168
A6,197.0,0.8836633663366337,0.867089889472588,0.004112464495122689
A6,198.0,0.8836633663366337,0.8708127121788224,0.004252469373577236
A6,199.0,0.8836633663366337,0.8691334014151454,0.004201864285782228
A6,200.0,0.8836633663366337,0.8685699803771748,0.004084654949178021
A6,201.0,0.8836633663366337,0.8646013403703464,0.004142062587123629
A6,202.0,0.8811881188118812,0.8731546897874116,0.004312781322000223
A6,203.0,0.8836633663366337,0.8659007051359668,0.004308257027362433
A6,204.0,0.8836633663366337,0.8724511332313735,0.004302872280871753
A6,205.0,0.8836633663366337,0.8632501885248811,0.004254786603834164
A6,206.0,0.8811881188118812,0.872894091685953,0.00440720594822104
A6,207.0,0.8836633663366337,0.8704134617399146,0.004383525064234278
A6,208.0,0.8811881188118812,0.8655960339068156,0.004273909933256984
A6,209.0,0.8787128712871287,0.8711005020706147,0.004506328929148301
A6,210.0,0.8836633663366337,0.8663085561992421,0.004334907936150746
A6,211.0,0.8787128712871287,0.8704673495292373,0.004491927468907793
A6,212.0,0.8811881188118812,0.8710088472484896,0.004448591269736198
A6,213.0,0.8811881188118812,0.8667480627569077,0.0043138074040591865
A6,214.0,0.8787128712871287,0.8670151737952122,0.0045014911253553275
A6,215.0,0.8811881188118812,0.8679328917723047,0.004517231517308537
A6,216.0,0.8811881188118812,0.8582970989735519,0.0044633269930758794
A6,217.0,0.8787128712871287,0.8690228533815597,0.004585377953053518
A6,218.0,0.8787128712871287,0.8696335229079013,0.004592331199815382
A6,219.0,0.8811881188118812,0.8639483550649064,0.004423531255630661
A6,220.0,0.8787128712871287,0.8658052391719145,0.004589158929664601
A6,221.0,0.8787128712871287,0.8653355654874403,0.004533112556332091
A6,222.0,0.8787128712871287,0.8666646795573797,0.004592267284047919
A6,223.0,0.8762376237623762,0.8647775080316049,0.004592796706485607
A6,224.0,0.8787128712871287,0.8687983294062894,0.004784869919440133
A6,225.0,0.8787128712871287,0.8666460097969978,0.0046567406552864175
A6,226.0,0.8787128712871287,0.8676106040704465,0.004647540826673558
A6,227.0,0.8787128712871287,0.8659817863017348,0.004611166495018213
A6,228.0,0.8762376237623762,0.8686507461681551,0.004772619260402192
A6,229.0,0.8787128712871287,0.8657803126255627,0.0046496444034421535
A6,230.0,0.8762376237623762,0.8659706523205327,0.004736270971944376
A6,231.0,0.8787128712871287,0.8650492048691862,0.004712093741223696
A6,232.0,0.8762376237623762,0.8646619947398246,0.004683823232081719
A6,233.0,0.8787128712871287,0.8639447619546201,0.0046926066477001515
A6,234.0,0.8762376237623762,0.8646500162517555,0.004739714903676879
A6,235.0,0.8762376237623762,0.8618580398948092,0.004688493616525179
A6,236.0,0.8762376237623762,0.8663510408499571,0.004814404689828071
A6,237.0,0.8762376237623762,0.8643979554183149,0.0047144649566800674
A6,238.0,0.8737623762376238,0.8629728149749966,0.0047291730684732
A6,239.0,0.8762376237623762,0.8629790151657378,0.004786303097145457
A6,240.0,0.8762376237623762,0.8568049102451569,0.004657659905221759
A6,241.0,0.8762376237623762,0.8607160469492492,0.004709905089053234
A6,242.0,0.8762376237623762,0.8543912354388191,0.004708217865002412
A6,243.0,0.8762376237623762,0.8594331158691225,0.0045844930078491435
A6,244.0,0.8762376237623762,0.8564986044163413,0.004661055608258035
A6,245.0,0.8737623762376238,0.8623586221738944,0.0046819083942966815
A6,246.0,0.8762376237623762,0.8546562116877903,0.004663528039585292
A6,247.0,0.8712871287128713,0.8628898877659062,0.004727558598668705
A6,248.0,0.8762376237623762,0.8617429941509416,0.004676170184987627
A6,249.0,0.8762376237623762,0.8587159971677737,0.004627140241006593
A6,250.0,0.8737623762376238,0.8580126091201801,0.0047152770386821525
A6,251.0,0.8737623762376238,0.8570140404780295,0.004691431731385252
A6,252.0,0.8712871287128713,0.8617533320256114,0.004808776200598807
A6,253.0,0.8737623762376238,0.8549469906217296,0.004710571916281641
A6,254.0,0.8688118811881188,0.8624376980243917,0.004825528488435876
A6,255.0,0.8737623762376238,0.8587225132022817,0.0046905137629289035
A6,256.0,0.8712871287128713,0.8581736606901296,0.004734828100460364
A6,257.0,0.8737623762376238,0.8577145994858022,0.004847648927894012
A6,258.0,0.8712871287128713,0.8536584491736239,0.004703871938289233
A6,259.0,0.8712871287128713,0.8542430647236282,0.0046740251107780535
A6,260.0,0.8688118811881188,0.8599359980086485,0.0048413655478331385
A6,261.0,0.8737623762376238,0.8576678872986654,0.00476095745441736
A6,262.0,0.8712871287128713,0.8484975251040976,0.004776496864838085
A6,263.0,0.8712871287128713,0.8589736948314768,0.004886025169823996
A6,264.0,0.8712871287128713,0.8469400457944078,0.004814149773125696
A6,265.0,0.8712871287128713,0.855435219775713,0.004792872852968937
A6,266.0,0.8712871287128713,0.8497158539255854,0.0048783751798363445
A7,1.0,1.0,1.0300725844882326,0.008858675545493805
A7,2.0,0.9925373134328358,1.0290262320855188,0.007523464756655014
A7,3.0,0.9875621890547264,1.0194640062521383,0.006883257616172873
A7,4.0,0.9800995024875622,1.0113639499872213,0.007025329451686592
A7,5.0,0.9751243781094527,1.005355798998706,0.007365321180575239
A7,6.0,0.9701492537313433,0.9949482761458863,0.007148451945441732
A7,7.0,0.9651741293532339,0.9911667775616374,0.006820192027688951
A7,8.0,0.9626865671641791,0.9933634094654905,0.006472669437350146
A7,9.0,0.9601990049751243,0.9868923986111944,0.006431951893639001
A7,10.0,0.9577114427860697,0.9884602229121202,0.006624508231324433
A7,11.0,0.9527363184079602,0.9789223743890665,0.0064581771841865825
A7,12.0,0.9502487562189055,0.9748669122816453,0.005891009944765942
A7,13.0,0.9477611940298507,0.9758598257010594,0.006908067390884241
A7,14.0,0.945273631840796,0.9690748093004828,0.005967703408790533
A7,15.0,0.9427860696517413,0.9660555431557116,0.0061705726498327085
A7,16.0,0.9427860696517413,0.9702708158299633,0.006216454273369831
A7,17.0,0.9378109452736318,0.9690513391419664,0.00621767224874229
A7,18.0,0.9378109452736318,0.9672017877731443,0.005944026582864626
A7,19.0,0.9328358208955224,0.9593982985523448,0.006043997413919086
A7,20.0,0.9328358208955224,0.9599048106943651,0.006350250761860256
A7,21.0,0.9303482587064676,0.9560917251331267,0.006577937726183069
A7,22.0,0.9303482587064676,0.955444434593294,0.006175564085467307
A7,23.0,0.927860696517413,0.9532495554811014,0.005882325528165743
A7,24.0,0.927860696517413,0.9560564976197541,0.0054168943965999155
A7,25.0,0.9253731343283582,0.9583489031072816,0.0063377033549740875
A7,26.0,0.9228855721393034,0.9564764223127651,0.006095248031803642
A7,27.0,0.9203980099502488,0.9501515840233241,0.006179444177909451
A7,28.0,0.9203980099502488,0.9473913205755571,0.0058304138063217555
A7,29.0,0.917910447761194,0.9458819201727331,0.005754171473303273
A7,30.0,0.917910447761194,0.9431616041137959,0.005746245211498466
A7,31.0,0.917910447761194,0.9486055466277614,0.005898768879744841
A7,32.0,0.9154228855721394,0.946937222458661,0.005845897946848975
A7,33.0,0.9129353233830846,0.9439376900065448,0.005688462557708963
A7,34.0,0.9104477611940298,0.9374228510536287,0.006008861653630158
A7,35.0,0.9104477611940298,0.9373373444044258,0.005560995701665698
A7,36.0,0.9079601990049752,0.9329699570209637,0.005092286505999845
A7,37.0,0.9079601990049752,0.9328788800587182,0.005100182442796748
A7,38.0,0.9079601990049752,0.9396243995165283,0.005965187473778259
A7,39.0,0.9054726368159204,0.9353527259420684,0.0056629663163274314
A7,40.0,0.9054726368159204,0.9347002540297207,0.0055739595337927095
A7,41.0,0.9029850746268657,0.9300231485776472,0.005219553101377784
A7,42.0,0.900497512437811,0.9290042156362234,0.005728995604031291
A7,43.0,0.900497512437811,0.9277761468246615,0.005342743746813202
A7,44.0,0.8980099502487562,0.9251747839006172,0.00506217004539123
A7,45.0,0.900497512437811,0.9289660911099125,0.005047276130285397
A7,46.0,0.8980099502487562,0.928308776984958,0.005031470577772302
A7,47.0,0.8955223880597015,0.9248901251345487,0.00471305733950539
A7,48.0,0.8930348258706468,0.9234727473453941,0.004750556503578444
A7,49.0,0.8930348258706468,0.9197217762350574,0.005231974462477937
A7,50.0,0.8930348258706468,0.9185696611647559,0.00506329010423616
A7,51.0,0.8930348258706468,0.921467296971715,0.0044728086430408775
A7,52.0,0.8905472636815921,0.9223038423177455,0.004605487967437121
A7,53.0,0.8905472636815921,0.9213909326980421,0.004920941304829531
A7,54.0,0.8880597014925373,0.915464906929816,0.004396444779888651
A7,55.0,0.8880597014925373,0.9183052345632414,0.004576718281536655
A7,56.0,0.8830845771144279,0.9131897590805258,0.004344935785890865
A7,57.0,0.8830845771144279,0.9122482964313865,0.004528876944763998
A7,58.0,0.8830845771144279,0.913437909281794,0.004097604319968721
A7,59.0,0.8805970149253731,0.9098907240650597,0.004194851323412051
A7,60.0,0.8830845771144279,0.9152377949126602,0.004454348614600522
A7,61.0,0.8805970149253731,0.908634337087934,0.004026032009126838
A7,62.0,0.8805970149253731,0.9114977227756211,0.0041258242983951265
A7,63.0,0.8756218905472637,0.9072788613249541,0.004172450027273885
A7,64.0,0.8756218905472637,0.9052636865704012,0.0044737229008627475
A7,65.0,0.8756218905472637,0.9057632641826132,0.003538708253149245
A7,66.0,0.8731343283582089,0.9041700795532965,0.0036009818652621263
A7,67.0,0.8706467661691543,0.9044552753299462,0.0038240717289199262
A7,68.0,0.8706467661691543,0.9034017334116784,0.003747358343649129
A7,69.0,0.8706467661691543,0.9006145785363664,0.0033897172569026667
A7,70.0,0.8681592039800995,0.9009610629198498,0.0033982641417964255
A7,71.0,0.8681592039800995,0.9004319792667256,0.0034213798168389606
A7,72.0,0.8656716417910447,0.8961557174889344,0.0033805469596167623
A7,73.0,0.8656716417910447,0.8951311469368638,0.003193828300199039
A7,74.0,0.8631840796019901,0.89332237685573,0.0031136246451293134
A7,75.0,0.8631840796019901,0.8901077865246376,0.003053595554573048
A7,76.0,0.8606965174129353,0.8887188792508443,0.002898629959845669
A7,77.0,0.8606965174129353,0.8887647074382399,0.0028486506666920933
A7,78.0,0.8582089552238806,0.8843803374904444,0.002628560856132043
A7,79.0,0.8557213930348259,0.8806384343624096,0.002617271653716626
A7,80.0,0.8507462686567164,0.8720388446163903,0.002781708538541792
A7,81.0,0.8482587064676617,0.8708313818735175,0.002772495928568069
A7,82.0,0.845771144278607,0.8654588378059974,0.0027530302808028958
A7,83.0,0.8432835820895522,0.8629285466282892,0.002817523983327841
A7,84.0,0.8407960199004975,0.8597328303807001,0.002849271126963059
A7,85.0,0.8383084577114428,0.8569379128485138,0.0029176684349762993
A7,86.0,0.835820895522388,0.8555827546597835,0.0030983073919872983
A7,87.0,0.8333333333333334,0.8519885606222148,0.003249056883132704
A7,88.0,0.8283582089552238,0.8471152048233008,0.003261366746914045
A7,89.0,0.8258706467661692,0.8443971551072957,0.0035967186051970583
A7,90.0,0.8233830845771144,0.840847093968343,0.0036563345295312667
A7,91.0,0.818407960199005,0.8381271910871009,0.004045743315410784
A7,92.0,0.818407960199005,0.8321925414414044,0.00422896133262467
A7,93.0,0.8134328358208955,0.8311131416143007,0.004552848990682686
A7,94.0,0.8109452736318408,0.827866456537844,0.004682667704077845
A7,95.0,0.8034825870646766,0.821241962072454,0.004731858411487262
A7,96.0,0.8034825870646766,0.8238861424425459,0.006402742944842058
A7,97.0,0.8009950248756219,0.8232252108236353,0.005435447590969335
A7,98.0,0.7985074626865671,0.8200193963864983,0.005238659621336013
A7,99.0,0.7985074626865671,0.8174148562876193,0.005158989816594993
A7,100.0,0.7960199004975125,0.8164315734693758,0.005395009258411386
A7,101.0,0.7935323383084577,0.8127948810500307,0.005673143142296297
A7,102.0,0.7910447761194029,0.8105531353893611,0.005857459382535867
A7,103.0,0.7885572139303483,0.8086271682283133,0.005645603518618704
A7,104.0,0.7860696517412935,0.8073420067738689,0.005792911197759619
A7,105.0,0.7810945273631841,0.8077089655478009,0.007834334640641004
A7,106.0,0.7835820895522388,0.8060003004025607,0.005850633549768291
A7,107.0,0.7835820895522388,0.7963853224625616,0.005839103672408131
A7,108.0,0.7761194029850746,0.8009887487905458,0.006526359499945791
A7,109.0,0.7761194029850746,0.7984074023804879,0.005865731197973884
A7,110.0,0.7736318407960199,0.7955229627699593,0.00606784175033568
A7,111.0,0.7711442786069652,0.794146760089119,0.005878052910826065
A7,112.0,0.7711442786069652,0.7871162358100958,0.006178131668846745
A7,113.0,0.763681592039801,0.7912322511809161,0.006463646580419808
A7,114.0,0.763681592039801,0.7881489566955947,0.006086099044944409
A7,115.0,0.7611940298507462,0.7861779761617552,0.0064155728407638175
A7,116.0,0.7587064676616916,0.784223070436157,0.006178026080922013
A7,117.0,0.7562189054726368,0.7811544080301679,0.006064788445066598
A7,118.0,0.753731343283582,0.778971714330426,0.00607427100787187
A7,119.0,0.7512437810945274,0.777100993903435,0.005901305420355596
A7,120.0,0.7487562189054726,0.7752621050056728,0.0062163639750256895
A7,121.0,0.746268656716418,0.7719667844281808,0.006200478590557354
A7,122.0,0.7437810945273632,0.7678879099104583,0.006272251538389878
A7,123.0,0.7412935323383084,0.7667433730322344,0.0073511930170261945
A7,124.0,0.7437810945273632,0.7566744097560518,0.0066643792883588175
A7,125.0,0.736318407960199,0.7625229801122719,0.0073254403643237265
A7,126.0,0.7313432835820896,0.7585219917891506,0.006799424343420863
A7,127.0,0.7288557213930348,0.7556363607591355,0.006991151758191559
A7,128.0,0.7263681592039801,0.7503480325315471,0.006848380984510911
A7,129.0,0.7263681592039801,0.740502905753762,0.006722113549598557
A7,130.0,0.7213930348258707,0.7472604444374439,0.006682214177773275
A7,131.0,0.7139303482587065,0.7411620962071146,0.0071443919551377145
A7,132.0,0.7114427860696517,0.7371489597753674,0.007954034152166709
A7,133.0,0.7089552238805971,0.7330953828066369,0.008765902096375788
A7,134.0,0.7114427860696517,0.7332196869567347,0.007607068003075621
A7,135.0,0.7014925373134329,0.7197211988355705,0.00778786702887693
A7,136.0,0.6965174129353234,0.7261798799661496,0.007288290797904303
A7,137.0,0.6965174129353234,0.7201603996231486,0.0068606382489274954
A7,138.0,0.6940298507462687,0.7082036969637141,0.007385356547347409
A7,139.0,0.6890547263681592,0.7041960949380566,0.00740542279837291
A7,140.0,0.6865671641791045,0.7128800143631614,0.00747901093844133
A7,141.0,0.6766169154228856,0.7049143305674971,0.007547193066465637
A7,142.0,0.6716417910447762,0.7008061125519882,0.008499283099779684
A7,143.0,0.6691542288557214,0.6968702003385945,0.007847196206138841
A7,144.0,0.664179104477612,0.6924308009526686,0.0075706385518020764
A7,145.0,0.6592039800995025,0.6855641778741537,0.007975352963668053
A7,146.0,0.654228855721393,0.6796325571493698,0.00780235327466678
A7,147.0,0.6492537313432836,0.6759899814593447,0.008166939362641299
A7,148.0,0.6442786069651741,0.6683895097086822,0.007819534682521227
A7,149.0,0.6393034825870647,0.6646093167548673,0.009007421115441549
A7,150.0,0.6343283582089553,0.6608774531437707,0.009445299818739523
A7,151.0,0.6293532338308457,0.651570439697357,0.009928614463084181
A7,152.0,0.6218905472636815,0.643078137604979,0.01015660199747941
A7,153.0,0.6144278606965174,0.6405265928341644,0.010622276074239668
A7,154.0,0.6094527363184079,0.6314086398801282,0.01119528099480484
A7,155.0,0.6044776119402985,0.6256887618079099,0.011422803899701328
A7,156.0,0.5970149253731343,0.6170920471555873,0.011371003796100435
A7,157.0,0.5920398009950248,0.6079197134111276,0.011493538783328984
A7,158.0,0.5845771144278606,0.6050422865153477,0.01205964492975053
A7,159.0,0.5771144278606966,0.5741593313447417,0.012091215409827931
A7,160.0,0.5671641791044776,0.5739530285735519,0.012120081509609271
A7,161.0,0.5597014925373134,0.5807445212581099,0.011327451516881288
A7,162.0,0.554726368159204,0.5704064433157311,0.011833799086779966
A7,163.0,0.5447761194029851,0.5470649819910982,0.013093572911736151
A7,164.0,0.5373134328358209,0.5429997641713857,0.013575675460393715
A7,165.0,0.5298507462686567,0.5398172647289492,0.013959270617780795
A7,166.0,0.5199004975124378,0.5338856162142934,0.014313797713864576
A7,167.0,0.5124378109452736,0.5272669405980299,0.01498620602401206
A7,168.0,0.5049751243781094,0.5392225573881533,0.014675969176831354
A7,169.0,0.4975124378109453,0.5096813317217843,0.015976185846218873
A7,170.0,0.4900497512437811,0.5014407752810073,0.0169628514592217
A7,171.0,0.48009950248756217,0.5024297035419394,0.016863019948008404
A7,172.0,0.4701492537313433,0.4909745803842902,0.018592433999506105
A7,173.0,0.4601990049751244,0.48137935825782163,0.01900474682435814
A7,174.0,0.4527363184079602,0.4792817876259373,0.019759233934815195
A7,175.0,0.4427860696517413,0.472325167331908,0.020750042280389666
A7,176.0,0.43532338308457713,0.4683063445930341,0.021382809289516483
A7,177.0,0.4253731343283582,0.4574369300317794,0.022534921005764586
A7,178.0,0.4154228855721393,0.4504737773011906,0.02369629245729537
A7,179.0,0.4079601990049751,0.44426251121105204,0.02430264279232558
A7,180.0,0.39800995024875624,0.43537106235232564,0.024712375865757426
A7,181.0,0.3880597014925373,0.43680389389041707,0.025026474515173768
A7,182.0,0.3781094527363184,0.4275217376068436,0.025943348140012874
A7,183.0,0.3681592039800995,0.4197093713541775,0.026244446878383024
A7,184.0,0.36069651741293535,0.4127775644310623,0.027074299859952824
A7,185.0,0.35074626865671643,0.4075439250541312,0.026942467311656337
A7,186.0,0.34328358208955223,0.4017855709995329,0.027349909097481136
A7,187.0,0.3358208955223881,0.39765627867476616,0.027911152776712897
A7,188.0,0.3283582089552239,0.3944712010943671,0.028016931563313814
A7,189.0,0.3208955223880597,0.3861033109118442,0.027321594919462434
A7,190.0,0.31343283582089554,0.37695935769118727,0.027593081436367427
A7,191.0,0.30597014925373134,0.3683486415082224,0.02679019623481195
A7,192.0,0.29850746268656714,0.3603908727821282,0.027194567969052345
A7,193.0,0.291044776119403,0.3445724160482746,0.027883134554510827
A7,194.0,0.2835820895522388,0.33200426335993394,0.026548246495374975
A7,195.0,0.27860696517412936,0.3210066941431205,0.02658170860382577
A7,196.0,0.27114427860696516,0.30630313548458493,0.026689148852428797
A7,197.0,0.26616915422885573,0.29412329922728264,0.027551978460841398
A7,198.0,0.25870646766169153,0.26017988871018144,0.029774002829023774
A7,199.0,0.24875621890547264,0.23996220737765478,0.03156468956510322
A7,200.0,0.04776119402985075,0.006174812710559752,0.02118187931568917
A7,201.0,0.04203980099502488,0.00036047582534537437,0.020602106773790426
A7,202.0,0.03980099502487562,-0.006135469376855607,0.02024284107585578
A7,203.0,0.03805970149253731,-0.02010643939872092,0.01970622445787152
A7,204.0,0.03731343283582089,-0.0033990953585865125,0.019210185428220557
A7,205.0,0.03631840796019901,-0.016596842009611756,0.02023395681992847
A7,206.0,0.036069651741293535,-0.002560580399652679,0.019805993798330243
A7,207.0,0.035323383084577116,-0.006452909402472562,0.019734584990733314
A7,208.0,0.03557213930348259,-0.009330759624285756,0.019789980304245045
A7,209.0,0.03582089552238806,-0.010627327824987431,0.019639366698734482
A7,210.0,0.03582089552238806,-0.01194966796148833,0.019296266807544118
A7,211.0,0.03507462686567164,-0.005740605338504401,0.019557678165725095
A7,212.0,0.03482587064676617,-0.0020477070618901694,0.019307652347977516
A7,213.0,0.03407960199004975,-0.005494437255257112,0.01940525787928942
A7,214.0,0.03333333333333333,-0.012599518880465288,0.019708330484103035
A7,215.0,0.032587064676616914,-0.02456421490891114,0.0198429466817575
A7,216.0,0.031840796019900496,-0.019151531101816,0.019871004081110356
A7,217.0,0.030845771144278607,-0.01896829291472657,0.019799949550602405
A7,218.0,0.03034825870646766,-0.015360852604208164,0.02013444291963076
A7,219.0,0.03034825870646766,-0.007623265015940572,0.0202934473034154
A7,220.0,0.030597014925373135,-0.023225357128591417,0.020597789302333584
A7,221.0,0.030845771144278607,-0.018167253654318816,0.019448641859545538
A7,222.0,0.030845771144278607,-0.01863985460703288,0.019263246746430308
A7,223.0,0.03109452736318408,-0.024391545352892785,0.01984427134701664
A7,224.0,0.030845771144278607,-0.01434031584936335,0.019469674364245786
A7,225.0,0.03009950248756219,-0.023149698880264524,0.01984691223710569
A7,226.0,0.029601990049751243,-0.023268198355991587,0.02042524844188916
A7,227.0,0.02935323383084577,-0.015242823225227853,0.019605149528716743
A7,228.0,0.029104477611940297,-0.004299276508369143,0.02039955773982123
A7,229.0,0.028358208955223882,-0.017027044726386942,0.02018471288422063
A7,230.0,0.02810945273631841,-0.0050692498946419695,0.021049393615633114
A7,231.0,0.027860696517412936,-0.010562069708126232,0.02042790137154372
A7,232.0,0.02810945273631841,-0.0202160720888217,0.02056521762224622
A7,233.0,0.028606965174129355,-0.018940286710983467,0.020294147936965472
A7,234.0,0.028606965174129355,-0.013042256916513617,0.01962389694108425
A7,235.0,0.028855721393034824,-0.021523016658272387,0.019805531558492545
A7,236.0,0.028606965174129355,-0.016117813875370035,0.019896612084675806
A7,237.0,0.02810945273631841,-0.0156271417287408,0.020043628678218118
A7,238.0,0.02810945273631841,-0.01854447287217642,0.02031768447975476
A7,239.0,0.027860696517412936,-0.013028033314165355,0.020329133822725658
A7,240.0,0.027611940298507463,-0.011331903884415295,0.020632912469702867
A7,241.0,0.02736318407960199,-0.018037552613460184,0.0210372674180864
A7,242.0,0.027114427860696518,-0.011439167979783171,0.02133324491739086
A7,243.0,0.026865671641791045,-0.009915073499418003,0.021529127925978064
A7,244.0,0.02661691542288557,-0.017535039572809774,0.02170874211327894
A7,245.0,0.02661691542288557,-0.01076446837476075,0.021570529928652618
A7,246.0,0.02661691542288557,-0.011686520780407106,0.021617962810421918
A7,247.0,0.02661691542288557,-0.01643045452208669,0.0213320478745077
A7,248.0,0.02661691542288557,-0.012199753534208768,0.02183890476821081
A7,249.0,0.02661691542288557,-0.014499343890466365,0.02098095469858942
A7,250.0,0.0263681592039801,-0.00970168798229798,0.021548861335381465
A7,251.0,0.026119402985074626,-0.00964425891577525,0.02188036956497818
A7,252.0,0.025870646766169153,-0.014289538757864428,0.022253148089651686
A7,253.0,0.02562189054726368,-0.013676492857927047,0.022371558678482152
A7,254.0,0.025373134328358207,-0.01037571053310593,0.022849805163353283
A7,255.0,0.025124378109452738,-0.00679780120286666,0.02203992240857329
A7,256.0,0.024626865671641792,-0.011017399613091006,0.023812495266614057
A7,257.0,0.024353233830845773,-0.0022627294454783398,0.024033923652158326
A7,258.0,0.02390547263681592,0.0002913861766309367,0.025160174015371562
A7,259.0,0.023606965174129354,-0.006163985186553478,0.024849054714447632
A7,260.0,0.023407960199004974,0.0032388586395982744,0.026087047157982435
A7,261.0,0.02318407960199005,-0.0031711192722554404,0.025585899084571158
A7,262.0,0.023109452736318408,0.0028725777588967105,0.02626261365582249
A7,263.0,0.022885572139303482,-0.004295382892891553,0.026542389843286825
A7,264.0,0.022711442786069652,-0.0020250408525313013,0.026945116375466493
A7,265.0,0.022437810945273633,-0.0008209857173622215,0.027049591521616647
A7,266.0,0.022338308457711443,0.00822834954535967,0.028505139828549356
A7,267.0,0.02208955223880597,0.001061158663745898,0.027875452172350483
A7,268.0,0.021940298507462687,0.0016962112247415062,0.028254391080327065
A7,269.0,0.02171641791044776,0.010614100767674772,0.030107460550039176
A7,270.0,0.021592039800995024,0.0022845347921560677,0.029030941282082442
A7,271.0,0.021467661691542288,0.005910974119923251,0.02954817034020998
A7,272.0,0.021517412935323384,0.004728309896681826,0.029361744644436933
A7,273.0,0.02144278606965174,0.004658163788515468,0.02991333210325119
A7,274.0,0.021318407960199005,0.004886475740666918,0.0301324818580695
A7,275.0,0.021318407960199005,0.01365905647472998,0.0313763908833572
A7,276.0,0.021218905472636815,0.010099757887650607,0.03091230108065635
A7,277.0,0.021194029850746268,0.0038460294809793405,0.02991409706761569
A7,278.0,0.02082089552238806,0.012715959548480704,0.032522820680012485
A7,279.0,0.02064676616915423,0.010365029418197724,0.032092083453405626
A7,280.0,0.020522388059701493,0.01963821437483204,0.034370288662465054
A7,281.0,0.020298507462686566,0.012557413884899504,0.03309970138220509
A7,282.0,0.020099502487562187,0.0149567633795884,0.0342651709116895
A7,283.0,0.02017412935323383,0.014395116898674676,0.03414287928602655
A7,284.0,0.02017412935323383,0.01668640141852029,0.03472269826991502
A7,285.0,0.01997512437810945,0.017487187397140946,0.03545859110021044
A7,286.0,0.020074626865671644,0.0159532810668791,0.03388814967593799
A7,287.0,0.020248756218905473,0.01579569031221828,0.034423777961176204
A7,288.0,0.02019900497512438,0.01524342027077008,0.03401667045546928
A7,289.0,0.020124378109452737,0.015592295294455494,0.034409674340770725
A7,290.0,0.020149253731343283,0.013792956520035315,0.03366363006905441
A7,291.0,0.019850746268656717,0.01623098554897573,0.03452425828664391
A7,292.0,0.01962686567164179,0.01678664578083422,0.03578842750665862
A7,293.0,0.0195273631840796,0.01811686808324453,0.03573730941136817
A7,294.0,0.01945273631840796,0.022571622411540093,0.03865138165464708
A7,295.0,0.019228855721393035,0.019607386164676943,0.03726058690544937
A7,296.0,0.01912935323383085,0.020989671589355274,0.03802296620706684
A7,297.0,0.019303482587064675,0.023970350205509416,0.039307688366749284
A7,298.0,0.0191044776119403,0.020896043661581043,0.03825459865882348
A7,299.0,0.018930348258706466,0.021572247179307502,0.03933749740970355
A7,300.0,0.01917910447761194,0.023940419910835842,0.03994579538170553
A8,1.0,1.0,0.9867571150823482,0.0028552443028925013
A8,2.0,0.9950372208436724,0.9843641010997916,0.0029526121549792498
A8,3.0,0.9875930521091811,0.9777748402032196,0.002667869587468089
A8,4.0,0.9851116625310173,0.973679710837295,0.002645227390654058
A8,5.0,0.9801488833746899,0.968709034924915,0.0027169257766590667
A8,6.0,0.9751861042183623,0.9656289761640893,0.002671695417009179
A8,7.0,0.9727047146401985,0.9640588928517171,0.0028159937359263174
A8,8.0,0.9702233250620348,0.9654610819967886,0.0029185237725566178
A8,9.0,0.967741935483871,0.9624726178006718,0.0027804921910753824
A8,10.0,0.9627791563275434,0.9582973581340554,0.002539834214616704
A8,11.0,0.9602977667493796,0.9557814537395586,0.002561240618821565
A8,12.0,0.9578163771712159,0.952436364531491,0.002530584289720899
A8,13.0,0.9578163771712159,0.9523459593935236,0.002518377119918991
A8,14.0,0.9553349875930521,0.9510720674524231,0.0026123013329256537
A8,15.0,0.9528535980148883,0.9520684600784021,0.0027177320899894734
A8,16.0,0.9503722084367245,0.9515528320371243,0.002791848588385358
A8,17.0,0.9478908188585607,0.9499549159730112,0.002854324352376731
A8,18.0,0.9478908188585607,0.9465738387805792,0.002632016090907163
A8,19.0,0.9454094292803971,0.9435660227986491,0.002564036288420049
A8,20.0,0.9454094292803971,0.9418943142305665,0.002576811352737884
A8,21.0,0.9429280397022333,0.939480027993148,0.0025999631217430087
A8,22.0,0.9429280397022333,0.9404760478309153,0.0025452505337172837
A8,23.0,0.9404466501240695,0.940715535708393,0.0026971179120866356
A8,24.0,0.9404466501240695,0.9414939429541587,0.002689563265354298
A8,25.0,0.9379652605459057,0.9398041917287265,0.002599847513249579
A8,26.0,0.9354838709677419,0.935577518142291,0.00259224562945958
A8,27.0,0.9354838709677419,0.9361120426495366,0.0025492598854431315
A8,28.0,0.9330024813895782,0.9326935434090147,0.0026098213120983897
A8,29.0,0.9330024813895782,0.9318530832946794,0.002563722472072672
A8,30.0,0.9330024813895782,0.9339917337443286,0.0025866743703431036
A8,31.0,0.9330024813895782,0.9346680090695456,0.0026706693929043354
A8,32.0,0.9305210918114144,0.9330108400807298,0.002597140385982162
A8,33.0,0.9280397022332506,0.9281576448026396,0.0026275439358603224
A8,34.0,0.9280397022332506,0.9270748683728487,0.002674012491859436
A8,35.0,0.9280397022332506,0.9275509878413886,0.002588638715208724
A8,36.0,0.9255583126550868,0.9267073210880301,0.002558129458732481
A8,37.0,0.9255583126550868,0.92944606958986,0.00259729438260315
A8,38.0,0.9255583126550868,0.9286012632439803,0.0026480128246696715
A8,39.0,0.9255583126550868,0.9269869011859659,0.0025869683583683947
A8,40.0,0.9230769230769231,0.9225198823949134,0.0026161661513058607
A8,41.0,0.9230769230769231,0.9209919048680406,0.0025270104647815584
A8,42.0,0.9205955334987593,0.9220557124154425,0.0025802823227284435
A8,43.0,0.9205955334987593,0.9207640403879683,0.00255569537417991
A8,44.0,0.9205955334987593,0.9236421562180266,0.002708129640559894
A8,45.0,0.9205955334987593,0.9226338330063274,0.0026870173959682034
A8,46.0,0.9181141439205955,0.9199029537042762,0.002616257864471619
A8,47.0,0.9181141439205955,0.9194345757312553,0.002572593130799359
A8,48.0,0.9156327543424317,0.9158035766362241,0.002621550601600358
A8,49.0,0.9156327543424317,0.9175553792570303,0.0026387017781520665
A8,50.0,0.9156327543424317,0.9188067620207736,0.0025699879891842516
A8,51.0,0.9156327543424317,0.9190575715238368,0.0026903208244533398
A8,52.0,0.9156327543424317,0.9191883026183882,0.002608559692839187
A8,53.0,0.913151364764268,0.9141330711477216,0.0025508743777415853
A8,54.0,0.913151364764268,0.9173017940801695,0.0026176567336617857
A8,55.0,0.913151364764268,0.912572884583714,0.0026175379596549302
A8,56.0,0.9106699751861043,0.9143347296552398,0.0025954412057148865
A8,57.0,0.913151364764268,0.913894465820906,0.0025840378654484195
A8,58.0,0.9106699751861043,0.9107413331359182,0.0026003609385276153
A8,59.0,0.9106699751861043,0.9123739829496029,0.002650878986062008
A8,60.0,0.9081885856079405,0.909564129147695,0.0025784277503902876
A8,61.0,0.9106699751861043,0.9134633704892268,0.0026209984468293507
A8,62.0,0.9081885856079405,0.9081393130400495,0.0025580953793196025
A8,63.0,0.9057071960297767,0.9052752967857478,0.0025774141078720404
A8,64.0,0.9081885856079405,0.9089206394571865,0.0025792848303464173
A8,65.0,0.9057071960297767,0.9051543075612383,0.0025692168580660974
A8,66.0,0.9057071960297767,0.9078320728040926,0.0026636165172443066
A8,67.0,0.9057071960297767,0.9082798746911039,0.002576393330548063
A8,68.0,0.9032258064516129,0.9042160613440707,0.0026043940933442133
A8,69.0,0.9057071960297767,0.9075112252959026,0.0026476918519460005
A8,70.0,0.9032258064516129,0.9071846388424218,0.0025809695589335308
A8,71.0,0.9032258064516129,0.9048541031497404,0.002607257303982354
A8,72.0,0.9007444168734491,0.903628928211356,0.00266235476390496
A8,73.0,0.9007444168734491,0.9006276451445266,0.0025972213790781727
A8,74.0,0.9007444168734491,0.9011432854999163,0.0026290798628186215
A8,75.0,0.9007444168734491,0.8998705878337484,0.002636140746763102
A8,76.0,0.8982630272952854,0.8995737219015181,0.002686250736165201
A8,77.0,0.9007444168734491,0.9008528261559051,0.002618264342200329
A8,78.0,0.8982630272952854,0.8985967128986797,0.0025704560734876496
A8,79.0,0.8982630272952854,0.8987214785337477,0.002604256398949212
A8,80.0,0.8957816377171216,0.8963716888827882,0.002640709609613762
A8,81.0,0.8957816377171216,0.8973705810870343,0.002619498340528561
A8,82.0,0.8957816377171216,0.8958711064787501,0.0026367098081788863
A8,83.0,0.8957816377171216,0.8948688338892067,0.0026710715591827436
A8,84.0,0.8957816377171216,0.8960379777140355,0.002653370814060206
A8,85.0,0.8933002481389578,0.8946683108979856,0.002638967798038738
A8,86.0,0.8933002481389578,0.893028936679945,0.002643841448027461
A8,87.0,0.8933002481389578,0.8922999189419509,0.0026424216070591333
A8,88.0,0.8933002481389578,0.894094270840979,0.002664557592836713
A8,89.0,0.890818858560794,0.8915836441501254,0.002652340842263706
A8,90.0,0.890818858560794,0.8908545340507648,0.0026921709238643503
A8,91.0,0.890818858560794,0.8904798193843896,0.0027455828774115695
A8,92.0,0.890818858560794,0.8900342813228956,0.0026908441037860904
A8,93.0,0.890818858560794,0.8920730303069505,0.0027182314665073638
A8,94.0,0.8883374689826302,0.8922727408752305,0.002650152996630061
A8,95.0,0.8883374689826302,0.8874685730381126,0.0027226230794757085
A8,96.0,0.8883374689826302,0.8864541890667818,0.002770371361869235
A8,97.0,0.8883374689826302,0.8884721805568743,0.002711303586747484
A8,98.0,0.8858560794044665,0.8883106872792156,0.002669109880213203
A8,99.0,0.8858560794044665,0.8871649859725029,0.002745515904905714
A8,100.0,0.8858560794044665,0.8856915101766814,0.0026948569410377146
A8,101.0,0.8858560794044665,0.8853704519400365,0.002743653610485826
A8,102.0,0.8833746898263027,0.8850255560517301,0.0027943998575275836
A8,103.0,0.8833746898263027,0.8838384809588787,0.002725177894221919
A8,104.0,0.8833746898263027,0.884366671482596,0.002708455968773074
A8,105.0,0.8833746898263027,0.8825660592544129,0.0027857604303095063
A8,106.0,0.8833746898263027,0.886296854257332,0.0027294543566518344
A8,107.0,0.8808933002481389,0.8804309464359363,0.0027861843970322722
A8,108.0,0.8808933002481389,0.8813290599595284,0.002770655589750304
A8,109.0,0.8808933002481389,0.881813191192325,0.002736285291121689
A8,110.0,0.8808933002481389,0.8780991855232744,0.0027227155551521527
A8,111.0,0.8808933002481389,0.8850266085255494,0.002713298759017573
A8,112.0,0.8784119106699751,0.8776987516823669,0.0027709615357667415
A8,113.0,0.8784119106699751,0.8770537069665393,0.0027413470657041967
A8,114.0,0.8784119106699751,0.8793336279780356,0.002764543356176557
A8,115.0,0.8759305210918115,0.8778715345743514,0.0027431691832679917
A8,116.0,0.8759305210918115,0.8763186865719745,0.0027487197258827326
A8,117.0,0.8759305210918115,0.8769794703335703,0.0027268108173807573
A8,118.0,0.8759305210918115,0.8760712417662162,0.00278838172961472
A8,119.0,0.8759305210918115,0.8765062786214253,0.002739078395422093
A8,120.0,0.8734491315136477,0.8739828129921747,0.0027642335080084704
A8,121.0,0.8734491315136477,0.8731083944734254,0.0027494801539611436
A8,122.0,0.8734491315136477,0.8717874534027901,0.002774820170509318
A8,123.0,0.8734491315136477,0.8735542772632509,0.0027859451390280614
A8,124.0,0.8734491315136477,0.8740169865925072,0.002800584547388094
A8,125.0,0.8734491315136477,0.8689409577145701,0.002840942564670996
A8,126.0,0.8709677419354839,0.8692153397851268,0.0028865154426296145
A8,127.0,0.8709677419354839,0.8688713057254496,0.0027536848611442316
A8,128.0,0.8709677419354839,0.8708713331857056,0.0027290699583162833
A8,129.0,0.8684863523573201,0.8696373826468771,0.002749347392402918
A8,130.0,0.8684863523573201,0.8665440349458853,0.0029156996852338943
A8,131.0,0.8684863523573201,0.8698188131365406,0.0027310142904730474
A8,132.0,0.8684863523573201,0.8696768828171964,0.0027868933196415913
A8,133.0,0.8709677419354839,0.8757615165589975,0.002736909355459803
A8,134.0,0.8684863523573201,0.8672568812186322,0.0029466051050268858
A8,135.0,0.8660049627791563,0.8662433317528689,0.0027447457548436293
A8,136.0,0.8660049627791563,0.8664629357063443,0.0027473231955771065
A8,137.0,0.8684863523573201,0.8703127138390603,0.002696079267377128
A8,138.0,0.8684863523573201,0.8764705817363485,0.0028525945261003655
A8,139.0,0.8660049627791563,0.868570180965381,0.002699274612891613
A8,140.0,0.8635235732009926,0.8631439299773342,0.0029344428969799896
A8,141.0,0.8635235732009926,0.862351832359024,0.002998066301214638
A8,142.0,0.8635235732009926,0.8612959543353759,0.0030350131514342974
A8,143.0,0.8635235732009926,0.8642532644178789,0.002858472603484326
A8,144.0,0.8610421836228288,0.8630958752859105,0.002777062063019601
A8,145.0,0.8610421836228288,0.861431681574085,0.002836556588996862
A8,146.0,0.8610421836228288,0.8625775824948656,0.002789340525972933
A8,147.0,0.8610421836228288,0.8615708694565485,0.0028057999341067653
A8,148.0,0.8610421836228288,0.8713695019842936,0.0027494655978477335
A8,149.0,0.8610421836228288,0.8646361950794379,0.002776092696826517
A8,150.0,0.8610421836228288,0.8615183123608507,0.0027787707980673586
A8,151.0,0.858560794044665,0.8618259151103486,0.002731680536022167
A8,152.0,0.858560794044665,0.8610563465224534,0.002869761893138419
A8,153.0,0.858560794044665,0.8615167821807949,0.002831267126366763
A8,154.0,0.8560794044665012,0.8608454578510172,0.002859597936609609
A8,155.0,0.8560794044665012,0.8611707940369417,0.0028494454426238654
A8,156.0,0.8560794044665012,0.8662529784698072,0.002723065627071933
A8,157.0,0.8535980148883374,0.8559019921844991,0.0029001380041517003
A8,158.0,0.8535980148883374,0.858927052622795,0.0028785084818384234
A8,159.0,0.8560794044665012,0.8675103062406901,0.0026486030768829477
A8,160.0,0.8535980148883374,0.8653952785786111,0.002633150013739922
A8,161.0,0.8511166253101737,0.858388323902574,0.002739279727870068
A8,162.0,0.8535980148883374,0.858460179917106,0.0027753582899240027
A8,163.0,0.8535980148883374,0.8641617953160297,0.002661432048943835
A8,164.0,0.8511166253101737,0.8632866455235692,0.0026894124297005217
A8,165.0,0.8511166253101737,0.863729912657387,0.00269283736389267
A8,166.0,0.8511166253101737,0.8639909633322066,0.0026965661057222856
A8,167.0,0.8511166253101737,0.8619552347085291,0.0026396711217276624
A8,168.0,0.8486352357320099,0.8550404029632416,0.002710374577070958
A8,169.0,0.8486352357320099,0.860116254300055,0.002596458067749245
A8,170.0,0.8486352357320099,0.860044635188767,0.0026382901212849952
A8,171.0,0.8486352357320099,0.861495851367211,0.0026592946749704627
A8,172.0,0.8461538461538461,0.8596504531812618,0.0026476590785903635
A8,173.0,0.8461538461538461,0.8603798871171211,0.0026474537127841756
A8,174.0,0.8461538461538461,0.8602210090958406,0.0026598320046455548
A8,175.0,0.8436724565756824,0.8604932379046188,0.002682554806245284
A8,176.0,0.8436724565756824,0.8594698634901938,0.0026399557027165614
A8,177.0,0.8436724565756824,0.8577073552453595,0.0026874651508340336
A8,178.0,0.8436724565756824,0.8595421885123017,0.0027078835124566196
A8,179.0,0.8411910669975186,0.8573928857810729,0.002653256087776189
A8,180.0,0.8411910669975186,0.8578350601900856,0.0026899918697543285
A8,181.0,0.8411910669975186,0.8565550641322572,0.002674708534797164
A8,182.0,0.8387096774193549,0.8559106056517174,0.0026990789095997013
A8,183.0,0.8387096774193549,0.855147801682842,0.0026792883290486388
A8,184.0,0.8387096774193549,0.8544050366173686,0.002666818245119867
A8,185.0,0.8387096774193549,0.8536743774622954,0.0026270140883616574
A8,186.0,0.8362282878411911,0.8528059139536028,0.0026195038606077145
A8,187.0,0.8362282878411911,0.8527647057272816,0.0026367443103226403
A8,188.0,0.8362282878411911,0.8533711341622705,0.0026492030112506087
A8,189.0,0.8362282878411911,0.852539067249623,0.002677214809331039
A8,190.0,0.8337468982630273,0.8530420055790988,0.0026633915235782005
A8,191.0,0.8337468982630273,0.8507381366020914,0.0026500949369710506
A8,192.0,0.8337468982630273,0.8509738823826021,0.0027226241646435946
A8,193.0,0.8312655086848635,0.8497823655398182,0.002672088311671314
A8,194.0,0.8312655086848635,0.8472928119393262,0.0027318262827795547
A8,195.0,0.8312655086848635,0.8456865247579811,0.0026804950756959675
A8,196.0,0.8287841191066998,0.8460104459382133,0.0027271328017804946
A8,197.0,0.8287841191066998,0.8457700518610138,0.0027032039058699645
A8,198.0,0.8287841191066998,0.8446198432000741,0.0026731731691906906
A8,199.0,0.8287841191066998,0.8431533010788453,0.0026220977937108318
A8,200.0,0.826302729528536,0.842661351129433,0.0026031274422562943
A8,201.0,0.826302729528536,0.8411915080277403,0.0026279817037626074
A8,202.0,0.826302729528536,0.8370120883259032,0.0028780222334536185
A8,203.0,0.8238213399503722,0.8350349942965298,0.002785228344988692
A8,204.0,0.8238213399503722,0.8359971378869596,0.0027740133281276974
A8,205.0,0.8213399503722084,0.8318032510659936,0.002839486063406287
A8,206.0,0.8238213399503722,0.8298879063403186,0.0029116084465867086
A8,207.0,0.8188585607940446,0.8265699449745089,0.0028186404080761404
A8,208.0,0.8188585607940446,0.8325172008184838,0.002681661717245929
A8,209.0,0.8163771712158809,0.8222671455562389,0.0028552174719158876
A8,210.0,0.8188585607940446,0.8320644732773714,0.0027329021284375745
A8,211.0,0.8138957816377171,0.833129474767648,0.0026979577903475135
A8,212.0,0.8163771712158809,0.8324506229953128,0.0027991672457430123
A8,213.0,0.8163771712158809,0.8306367423707111,0.002804022760330172
A8,214.0,0.8114143920595533,0.8281416798810386,0.0026783473914292373
A8,215.0,0.8138957816377171,0.8293034419130049,0.002983071439089548
A8,216.0,0.8114143920595533,0.826407143364926,0.0027521303188261428
A8,217.0,0.8138957816377171,0.8219437462429086,0.0027351148377408752
A8,218.0,0.8114143920595533,0.826015144111942,0.002960370063576513
A8,219.0,0.8114143920595533,0.8215615531359507,0.00276450061047481
A8,220.0,0.8064516129032258,0.8234921048546497,0.00299055678522015
A8,221.0,0.8064516129032258,0.8256272747599583,0.002985033520467953
A8,222.0,0.8039702233250621,0.8204012817118868,0.002785189186941904
A8,223.0,0.8039702233250621,0.8176046240273145,0.002729303105878622
A8,224.0,0.8014888337468983,0.8159846115420917,0.00274860777900354
A8,225.0,0.8014888337468983,0.8171452088266299,0.0030572157189547836
A8,226.0,0.7965260545905707,0.8085036541241075,0.0027551965135991317
A8,227.0,0.7990074441687345,0.8154075813937881,0.0031065714491277214
A8,228.0,0.7965260545905707,0.8090445212459877,0.0027184608409401316
A8,229.0,0.7965260545905707,0.8125342432338583,0.0030757403119309316
A8,230.0,0.7915632754342432,0.8062369232521585,0.0027179757891069513
A8,231.0,0.7915632754342432,0.8088966489985683,0.003101747715824144
A8,232.0,0.7890818858560794,0.8049292060812723,0.002732844695637615
A8,233.0,0.7890818858560794,0.8014292585924969,0.0028250399443791457
A8,234.0,0.7866004962779156,0.7969617174377034,0.00282429882780203
A8,235.0,0.7841191066997518,0.7950320970111335,0.002882718445728413
A8,236.0,0.7841191066997518,0.8011797157530972,0.002856927636171598
A8,237.0,0.7791563275434243,0.7972779229720125,0.002843464384336154
A8,238.0,0.7791563275434243,0.7916776138610974,0.0028989671728723277
A8,239.0,0.7741935483870968,0.7872098854811188,0.002929779731222221
A8,240.0,0.771712158808933,0.7892170112772334,0.0029178306566084696
A8,241.0,0.7692307692307693,0.7845101653114359,0.0029005196877001337
A8,242.0,0.7692307692307693,0.7893745717282673,0.0029276778182783696
A8,243.0,0.7642679900744417,0.7828867803829686,0.0029319780047684617
A8,244.0,0.7642679900744417,0.7841437341757882,0.0029776173139455125
A8,245.0,0.7617866004962779,0.777345283168656,0.0029133717040563155
A8,246.0,0.7593052109181141,0.7816988820233928,0.002977756423661277
A8,247.0,0.7568238213399504,0.7810649643942903,0.0029334399929850834
A8,248.0,0.7543424317617866,0.7742096861399524,0.0029871852537426717
A8,249.0,0.7543424317617866,0.7721069080214091,0.0031494237125049684
A8,250.0,0.7518610421836228,0.7787025680206129,0.0031682525043360693
A8,251.0,0.749379652605459,0.7653426453437373,0.0029940769980314947
A8,252.0,0.7468982630272953,0.7712668156034115,0.002950296060181331
A8,253.0,0.7419354838709677,0.7621988210494718,0.003077604028602323
A8,254.0,0.7419354838709677,0.760853461309746,0.003308303926928496
A8,255.0,0.7419354838709677,0.7683913558210677,0.0032614963703518868
A8,256.0,0.7369727047146402,0.7608322381450857,0.002905131856264778
A8,257.0,0.7344913151364765,0.7584103841660362,0.0029218472744412787
A8,258.0,0.7320099255583127,0.7501358352399476,0.0029449021147915128
A8,259.0,0.7295285359801489,0.7552419083389267,0.003070440408891012
A8,260.0,0.7270471464019851,0.7477539415069855,0.003078898477947418
A8,261.0,0.7270471464019851,0.7550625276935469,0.0031975968481495047
A8,262.0,0.7220843672456576,0.7422723621783452,0.0031428158628230268
A8,263.0,0.7220843672456576,0.7466146489157937,0.003136941273875004
A8,264.0,0.7196029776674938,0.7331742811535553,0.003177535170087695
A8,265.0,0.71712158808933,0.7385016012005985,0.0031081622082204017
A8,266.0,0.7121588089330024,0.7319732342257372,0.003229613219282165
B1,1.0,1.0,0.9512979588898991,0.13590702248260883
B1,2.0,1.019672131147541,0.9770556675552906,0.12240515637136226
B1,3.0,1.0295081967213116,0.9800119008113277,0.1140780365248488
B1,4.0,1.0360655737704918,0.9847539700565358,0.11818313753658327
B1,5.0,1.039344262295082,0.9849175987376539,0.11716646851709242
B1,6.0,1.0262295081967212,0.9727190115291416,0.10470742774261454
B1,7.0,0.9934426229508196,0.9375362266495941,0.08067233685010798
B1,8.0,0.9704918032786886,0.9041913618111106,0.06249720977306729
B1,9.0,0.9540983606557377,0.8799455811075241,0.05563579471673163
B1,10.0,0.9311475409836065,0.8610697907782814,0.05508307671857857
B1,11.0,0.9114754098360656,0.8436110351684596,0.056513681143437376
B1,12.0,0.8885245901639345,0.8299590868214173,0.057240686338396185
B1,13.0,0.8622950819672132,0.8247307179447847,0.06168637726482104
B1,14.0,0.839344262295082,0.8066368843861216,0.054724999855927006
B1,15.0,0.8163934426229508,0.7990170387727809,0.05487467793476834
B1,16.0,0.7934426229508197,0.7908149064516712,0.05265135294220284
B1,17.0,0.7737704918032787,0.7820225268982388,0.052843352898617996
B1,18.0,0.7540983606557377,0.7750684858266591,0.05411374552723811
B1,19.0,0.7344262295081967,0.7748060979271154,0.06829035588323337
B1,20.0,0.7081967213114754,0.6336453157566077,0.10265422375655571
B1,21.0,0.6754098360655738,0.6162842275203535,0.10083003394770657
B1,22.0,0.6557377049180327,0.5334973112850364,0.09148703977969833
B1,23.0,0.6459016393442623,0.5948144776576144,0.1281727892816082
B1,24.0,0.6327868852459017,0.5298757281730625,0.12857743988956938
B1,25.0,0.6196721311475409,0.5270403822169443,0.10956311592935386
B1,26.0,0.6131147540983607,0.5186364986273163,0.13931072340776712
B1,27.0,0.5934426229508196,0.5015445835889661,0.13843546495043155
B1,28.0,0.5672131147540984,0.5802648066116178,0.10354083105020088
B1,29.0,0.5540983606557377,0.5334310382943197,0.12488954384615034
B1,30.0,0.5344262295081967,0.5806904789353512,0.1118530995653023
B1,31.0,0.5147540983606558,0.571961670174634,0.13748885819031006
B1,32.0,0.5114754098360655,0.5342696525235044,0.13275838606630805
B1,33.0,0.49508196721311476,0.5464570586221684,0.14819003175046253
B1,34.0,0.47540983606557374,0.5417619389177284,0.199922669992867
B1,35.0,0.4426229508196721,0.4913293341742153,0.21538079702906163
B1,36.0,0.4491803278688525,0.44350590380183863,0.18612574124114498
B1,37.0,0.4426229508196721,0.4187726764671635,0.18079467737217514
B1,38.0,0.4131147540983607,0.3888939659285588,0.15054457971327684
B1,39.0,0.35737704918032787,0.4743849346638052,0.2154461920990678
B1,40.0,0.39672131147540984,0.41446362823411503,0.19035906736065758
B1,41.0,0.36721311475409835,0.42583150732821,0.20814596286987294
B1,42.0,0.3442622950819672,0.5035273541421068,0.2720521942891833
B1,43.0,0.3639344262295082,0.37037211641936835,0.17784196338864583
B1,44.0,0.35737704918032787,0.4438222984423479,0.2326359649239233
B1,45.0,0.3475409836065574,0.4274572383134985,0.22621469565353147
B1,46.0,0.3377049180327869,0.47396246904754735,0.25338645278457017
B1,47.0,0.3118032786885246,0.4586583889708733,0.2649656664143464
B1,48.0,0.30885245901639347,0.4430538998051301,0.25669383118968603
B1,49.0,0.2862295081967213,0.443892941362075,0.25846087375056287
B1,50.0,0.28688524590163933,0.47430312062015856,0.2754670196645328
B1,51.0,0.2839344262295082,0.4282454348487891,0.2576124416128579
B1,52.0,0.28918032786885245,0.3997312841139052,0.24342257553182198
B1,53.0,0.2537704918032787,0.48909360511084254,0.28993876063515434
B1,54.0,0.259672131147541,0.5160449741521702,0.3022461239419458
B1,55.0,0.2698360655737705,0.46309515694042375,0.27331502850761247
B1,56.0,0.2659016393442623,0.4094915449295383,0.25049825748007454
B1,57.0,0.25934426229508195,0.4283386270780562,0.2584039858808101
B1,58.0,0.2498360655737705,0.48675584407539063,0.29207633682265366
B1,59.0,0.24721311475409835,0.4265762833153801,0.24604730879083953
B1,60.0,0.23737704918032787,0.4133455225207275,0.2628721075470407
B1,61.0,0.23344262295081966,0.44416421928025596,0.27309931427468115
B1,62.0,0.21868852459016394,0.5830924871572746,0.3246838257185128
B1,63.0,0.2,0.6429699170655238,0.33448030101961085
B1,64.0,0.20688524590163934,0.6248076047434836,0.3321743179234463
B1,65.0,0.18754098360655738,0.6607878902381835,0.3362550293998568
B1,66.0,0.18754098360655738,0.6718268763132792,0.3369459830928683
B1,67.0,0.14163934426229507,0.6829307450501612,0.33736486204770083
B1,68.0,0.20655737704918034,0.42111310324547524,0.27120010253794186
B1,69.0,0.18918032786885247,0.5673427899280018,0.3206843375602464
B1,70.0,0.2022950819672131,0.4074292925348433,0.2685810962978957
B1,71.0,0.14557377049180328,0.605401254113257,0.32857288323074163
B1,72.0,0.18786885245901638,0.5273899641053031,0.3081925014654363
B1,73.0,0.17245901639344263,0.5234895559066765,0.30361201428630563
B1,74.0,0.13409836065573771,0.6817773202537865,0.337341943036732
B1,75.0,0.1921311475409836,0.2875176768090176,0.17052672124553248
B1,76.0,0.14426229508196722,0.6706677663571537,0.3369286241096948
B1,77.0,0.17901639344262296,0.5935364724459091,0.3282894879806227
B1,78.0,0.15934426229508197,0.6579296511782157,0.33611999430711437
B1,79.0,0.17934426229508196,0.3424953280787469,0.23411917447473246
B1,80.0,0.15377049180327867,0.6721948127397676,0.33704737800573153
B1,81.0,0.17573770491803278,0.30680761334152956,0.21669683421498082
B1,82.0,0.16459016393442624,0.6076055103784791,0.33090385020433494
B1,83.0,0.17278688524590163,0.20557638202007356,0.1091458414988157
B1,84.0,0.1678688524590164,0.2852859902159781,0.19690039776236418
B1,85.0,0.12918032786885245,0.6702064980139796,0.33693778706985517
B1,86.0,0.16262295081967212,0.3106932976910311,0.20673291462169585
B1,87.0,0.12819672131147541,0.6804640243751323,0.3373183340040236
B1,88.0,0.16131147540983606,0.3228433449835172,0.2339994637692932
B1,89.0,0.08885245901639344,0.5034532179398724,0.30424253466876694
B1,90.0,0.07901639344262296,0.6850113781430883,0.3374043125445131
B1,91.0,0.15770491803278688,0.1766853677603435,0.09574560890260739
B1,92.0,0.14524590163934425,0.6311765485941577,0.3333809358649462
B1,93.0,0.1557377049180328,0.17307724074554187,0.10349901635842151
B1,94.0,0.15147540983606558,0.2499929150199115,0.1866130563741472
B1,95.0,0.14622950819672131,0.4665722125592824,0.2843039759716955
B1,96.0,0.09377049180327869,0.6886389390077731,0.3374364775815794
B1,97.0,0.14622950819672131,0.2594666524968512,0.1684912392441229
B1,98.0,0.12360655737704918,0.6225164393924634,0.33328505009379117
B1,99.0,0.14065573770491804,0.4597693838481206,0.28245869766624476
B1,100.0,0.08459016393442623,0.6840946140418802,0.3374028050408886
B1,101.0,0.1360655737704918,0.6685391586513376,0.33688958020192317
B1,102.0,0.14295081967213114,0.15402067987449786,0.08216574084036528
B2,1.0,1.0,0.8656287980044874,0.16092543510969518
B2,2.0,0.9801324503311258,0.7707534112212747,0.11549692211363537
B2,3.0,0.9701986754966887,0.7706319548164912,0.11416858701343766
B2,4.0,0.9602649006622517,0.797460621602445,0.09644057903625936
B2,5.0,0.9470198675496688,0.817769588057349,0.0834943545025214
B2,6.0,0.9271523178807947,0.8244841322865444,0.07573718145663132
B2,7.0,0.9139072847682119,0.818789872643553,0.07039618372429603
B2,8.0,0.8940397350993378,0.8290652454044076,0.06611117528491688
B2,9.0,0.8774834437086093,0.8179623807322184,0.06244828948108581
B2,10.0,0.8576158940397351,0.7945584628616676,0.06485163860936369
B2,11.0,0.8377483443708609,0.7913344733924994,0.058579263513823976
B2,12.0,0.8178807947019867,0.7749098331225561,0.058128394856615244
B2,13.0,0.8013245033112583,0.7589459055484834,0.058889714195319263
B2,14.0,0.7814569536423841,0.72137276935024,0.06333316600957352
B2,15.0,0.7682119205298014,0.7075861788067465,0.06293338598861965
B2,16.0,0.7516556291390728,0.7090536184096133,0.06194612712775328
B2,17.0,0.7350993377483444,0.714646444928044,0.05839777832240549
B2,18.0,0.7185430463576159,0.6892164607995953,0.06620112164781858
B2,19.0,0.7019867549668874,0.6907624683054868,0.06631978435711433
B2,20.0,0.6854304635761589,0.6830589133570243,0.07370588905346832
B2,21.0,0.6688741721854304,0.6822530081488376,0.07803038594361708
B2,22.0,0.652317880794702,0.6832877970010549,0.07975263974282529
B2,23.0,0.6357615894039735,0.6749124034293786,0.09043139684702337
B2,24.0,0.6158940397350994,0.6738092402677986,0.08736411181316694
B2,25.0,0.5993377483443708,0.6713790957701562,0.09047568642886969
B2,26.0,0.5827814569536424,0.6539323637770935,0.10301151208060014
B2,27.0,0.5629139072847682,0.6439972364025601,0.09603825513315016
B2,28.0,0.5463576158940397,0.628222612875584,0.10028273909262364
B2,29.0,0.5264900662251656,0.6116269316078863,0.10024428497673532
B2,30.0,0.5033112582781457,0.5889929657977292,0.10261023230898705
B2,31.0,0.4867549668874172,0.575269233435056,0.1090411558050768
B2,32.0,0.46357615894039733,0.5593079785063435,0.10641926578117979
B2,33.0,0.4470198675496689,0.5486261169630773,0.1033155691019117
B2,34.0,0.4271523178807947,0.5123415568437385,0.09595971840033195
B2,35.0,0.40728476821192056,0.480106233771031,0.08460914669950954
B2,36.0,0.38741721854304634,0.48705310869908813,0.07956958721003934
B2,37.0,0.3675496688741722,0.4285481220973189,0.06936797113770721
B2,38.0,0.3543046357615894,0.42431492652127084,0.07960102018572728
B2,39.0,0.33774834437086093,0.3975145970579685,0.0791537453115977
B2,40.0,0.3211920529801324,0.37670991764686873,0.08862687041541555
B2,41.0,0.30993377483443707,0.3640457551141862,0.0976426583754457
B2,42.0,0.2933774834437086,0.3418118504352172,0.10358681929910384
B2,43.0,0.2854304635761589,0.33450063180414097,0.0964531491241233
B2,44.0,0.2705298013245033,0.32763405267631185,0.0957077342389329
B2,45.0,0.2589403973509934,0.31664506373070234,0.1062837708223829
B2,46.0,0.2509933774834437,0.30610459311877347,0.1091623424146643
B2,47.0,0.23973509933774834,0.29454506823164384,0.12050040970938554
B2,48.0,0.23112582781456953,0.279982863163061,0.1336819516445489
B2,49.0,0.22748344370860926,0.2732074270103317,0.12105220734757052
B2,50.0,0.21456953642384105,0.2560641293852036,0.1282823534812109
B2,51.0,0.20794701986754968,0.2415596396800142,0.12230542024386032
B2,52.0,0.2052980132450331,0.23150990642475167,0.11468965071707318
B2,53.0,0.19602649006622516,0.2196731120005307,0.10880894247916324
B2,54.0,0.1890728476821192,0.2043844089115196,0.09984230298895751
B2,55.0,0.18443708609271522,0.1958209866391743,0.09503603991208903
B2,56.0,0.17913907284768213,0.18833164138380376,0.0888048812630202
B2,57.0,0.17516556291390728,0.18254501366268394,0.08613968784560883
B2,58.0,0.1728476821192053,0.17479654758378327,0.09048565113460372
B2,59.0,0.17019867549668874,0.17018334570479132,0.08901153455648218
B2,60.0,0.16225165562913907,0.16167526332168225,0.08682210514915505
B2,61.0,0.15894039735099338,0.1628499367936449,0.08482994811901858
B2,62.0,0.15894039735099338,0.15957482694619152,0.08436667849788132
B2,63.0,0.15264900662251657,0.1589217187891534,0.08298161109440037
B2,64.0,0.1533112582781457,0.15500297061537316,0.08830982614073236
B2,65.0,0.147682119205298,0.1534667461569108,0.08288206614599222
B2,66.0,0.14437086092715232,0.15085362926323842,0.08423230351165964
B2,67.0,0.1423841059602649,0.1496161793136015,0.07993029743434837
B2,68.0,0.13940397350993378,0.1456108598277932,0.08952490306272855
B2,69.0,0.13841059602649006,0.14346256760854537,0.08975819361611131
B2,70.0,0.13543046357615893,0.14891525344162893,0.09335381921867515
B2,71.0,0.1317880794701987,0.14069824635554184,0.08808627907556564
B2,72.0,0.12980132450331125,0.14200111756422384,0.090607748403582
B2,73.0,0.12980132450331125,0.1413253187252802,0.09456016637660873
B2,74.0,0.12582781456953643,0.14397646399647124,0.09608298440143044
B2,75.0,0.123841059602649,0.1383811719425988,0.09745235715142246
B2,76.0,0.12251655629139073,0.14295336050808682,0.10486553570758524
B2,77.0,0.12417218543046357,0.14455077245605952,0.09431421837057895
B2,78.0,0.12086092715231789,0.14176123786763362,0.09539513674311191
B2,79.0,0.12019867549668874,0.142722299252506,0.11385597365499359
B2,80.0,0.1195364238410596,0.1461329582458274,0.11650608088285365
B2,81.0,0.1162251655629139,0.138426025301692,0.09723207379100002
B2,82.0,0.11390728476821192,0.13851885559347166,0.10179967494500067
B2,83.0,0.11390728476821192,0.1551686554713403,0.13127754687729082
B2,84.0,0.1119205298013245,0.14957249155628183,0.13114630634680552
B2,85.0,0.11059602649006622,0.15505942962780606,0.1450990405930369
B2,86.0,0.10894039735099338,0.16085321746579884,0.14311923614411354
B2,87.0,0.10927152317880795,0.16777272896685824,0.15024747738725308
B2,88.0,0.10662251655629139,0.1546752858907513,0.14026273405460374
B2,89.0,0.10629139072847682,0.16892835977597653,0.15781831962468673
B2,90.0,0.10529801324503311,0.15075568871977174,0.12912754315849392
B2,91.0,0.10397350993377484,0.15521697961100178,0.13700164631823453
B2,92.0,0.10529801324503311,0.1689992507508249,0.15858539619855377
B2,93.0,0.10231788079470198,0.15872803520716405,0.13552970474921858
B2,94.0,0.10132450331125828,0.16976180568807042,0.16156712982238855
B2,95.0,0.10066225165562914,0.17952943337689986,0.16869859957750097
B2,96.0,0.09900662251655629,0.16383238191299276,0.1429976467038528
B2,97.0,0.09834437086092715,0.1633254458554202,0.15186254802373705
B2,98.0,0.09768211920529801,0.17201644672253558,0.16185974662684308
B2,99.0,0.09668874172185431,0.17933572447060087,0.16835333153203277
B2,100.0,0.09503311258278145,0.169495594075603,0.16199035601978456
B2,101.0,0.09437086092715231,0.1699603853485857,0.16123377183523047
B2,102.0,0.09470198675496688,0.17114139254646754,0.15732376833452488
B2,103.0,0.09370860927152318,0.18569648159151098,0.17390698743470318
B2,104.0,0.09370860927152318,0.1770601500664446,0.16642613084521538
B2,105.0,0.0923841059602649,0.17712484227290126,0.16876503849843658
B2,106.0,0.09172185430463577,0.18289024717399405,0.17147380671712906
B2,107.0,0.09205298013245033,0.17825650323094266,0.16318876358258141
B2,108.0,0.0913907284768212,0.17724494704801963,0.1635673997773042
B2,109.0,0.09105960264900662,0.186925273029935,0.1696742342603114
B2,110.0,0.08940397350993377,0.1929340682755949,0.17351244461908988
B2,111.0,0.08841059602649007,0.18925521672946477,0.17142222339883606
B2,112.0,0.0880794701986755,0.18432811213099842,0.1672128986616126
B2,113.0,0.08741721854304636,0.1882623521203446,0.16877175850951232
B2,114.0,0.08675496688741721,0.18500748892042684,0.16921981453258536
B2,115.0,0.08642384105960264,0.19094234208301486,0.17108461474391937
B3,1.0,1.0,1.0307399839988225,0.1120385446564808
B3,2.0,1.0161290322580645,1.0773333054496617,0.09970709096496348
B3,3.0,1.0258064516129033,1.0951263965647202,0.09933681285391421
B3,4.0,1.032258064516129,1.0824914503235923,0.107505094130077
B3,5.0,1.0354838709677419,1.0733345424482477,0.11065075535964419
B3,6.0,1.032258064516129,1.0698178897370676,0.11513702321487845
B3,7.0,1.0064516129032257,1.0481218119269364,0.10055274538021773
B3,8.0,0.9838709677419355,1.008202026539224,0.08464946333150994
B3,9.0,0.964516129032258,0.9880348336102976,0.07856403364843163
B3,10.0,0.9483870967741935,0.9776675593807939,0.0739781022320406
B3,11.0,0.9290322580645162,0.9602611763076679,0.07358726635923998
B3,12.0,0.9096774193548387,0.9477921463244358,0.07213685537793042
B3,13.0,0.8935483870967742,0.9318747736877036,0.07231756566529965
B3,14.0,0.8741935483870967,0.9114374816750783,0.071551451510574
B3,15.0,0.8548387096774194,0.8975860658753352,0.07037191287707668
B3,16.0,0.8387096774193549,0.8751376441890384,0.06920748302795017
B3,17.0,0.8258064516129032,0.8464856689347032,0.06930866681967157
B3,18.0,0.8032258064516129,0.8440012236825957,0.0728602207368877
B3,19.0,0.7870967741935484,0.8263049018853187,0.07407239626242489
B3,20.0,0.7741935483870968,0.8176885298419075,0.06485810734887544
B3,21.0,0.7580645161290323,0.7890454946857557,0.07509549200559738
B3,22.0,0.7451612903225806,0.7751089689669286,0.0594033901798447
B3,23.0,0.7290322580645161,0.7570175325747677,0.0627203001123482
B3,24.0,0.7161290322580646,0.7107847312796887,0.08037017908966529
B3,25.0,0.5903225806451613,0.6362960243986581,0.11041562397186486
B3,26.0,0.5387096774193548,0.5973081857850016,0.09636127000040777
B3,27.0,0.5129032258064516,0.5600418889872039,0.09357100957913317
B3,28.0,0.5096774193548387,0.529754053476162,0.09073971945036861
B3,29.0,0.5419354838709678,0.5156444744666783,0.09291510590302943
B3,30.0,0.4161290322580645,0.4010691843344166,0.06611901713775194
B3,31.0,0.3935483870967742,0.38866193046697817,0.07072657793783656
B3,32.0,0.3741935483870968,0.39382606275749926,0.09455912888878619
B3,33.0,0.3548387096774194,0.3574208772755143,0.0724584266795382
B3,34.0,0.33225806451612905,0.3428551794571848,0.08123438436732218
B3,35.0,0.31,0.3309339986912889,0.08984149407204581
B3,36.0,0.2880645161290323,0.3085868758958366,0.11235388063390865
B3,37.0,0.27064516129032257,0.2861671373855484,0.13093256618798738
B3,38.0,0.2461290322580645,0.2666241824157209,0.1410862013097368
B3,39.0,0.22806451612903225,0.2551567341853993,0.15013912021547549
B3,40.0,0.2103225806451613,0.2613520197033688,0.13835209656212127
B3,41.0,0.1967741935483871,0.2610887672012012,0.1291672238613232
B3,42.0,0.18419354838709678,0.2541200846152734,0.14145782643132276
B3,43.0,0.1735483870967742,0.24709199395948012,0.14333735229826308
B3,44.0,0.16741935483870968,0.2120835977421031,0.14945297501998825
B3,45.0,0.15645161290322582,0.20910965598859693,0.15737124411892442
B3,46.0,0.14806451612903226,0.19183544603140623,0.15189514499721568
B3,47.0,0.14225806451612905,0.173752849401549,0.16224144759258052
B3,48.0,0.13709677419354838,0.1813169703213554,0.16832982881921452
B3,49.0,0.13096774193548388,0.16092630564660382,0.1770947463875465
B3,50.0,0.12612903225806452,0.15866400628002986,0.18449736528709362
B3,51.0,0.12225806451612903,0.20890452348372046,0.21475205779813225
B3,52.0,0.11806451612903225,0.16733225704919508,0.21829183079970493
B3,53.0,0.11451612903225807,0.19965973301197687,0.23259644139461141
B3,54.0,0.11064516129032258,0.3177959468080136,0.27489676004320696
B3,55.0,0.10774193548387097,0.37193685222876893,0.29164724865692365
B3,56.0,0.10516129032258065,0.2516208765065365,0.2689708088984546
B3,57.0,0.10290322580645161,0.2749818808913382,0.2766981968703718
B3,58.0,0.10161290322580645,0.28752804734193743,0.28303642349013536
B3,59.0,0.09806451612903226,0.2940475274799432,0.28918609436521486
B3,60.0,0.0964516129032258,0.3297181436753494,0.29488501457010224
B3,61.0,0.09451612903225806,0.3221623595536097,0.2968386941205001
B3,62.0,0.09225806451612903,0.42508098343935213,0.2992159980257383
B3,63.0,0.09064516129032259,0.34043700194450643,0.2981447868056173
B3,64.0,0.09,0.357380301265036,0.2981226695527782
B3,65.0,0.0867741935483871,0.3703236409333876,0.30057158625640584
B3,66.0,0.08612903225806452,0.3504825299309434,0.30102949187833944
B3,67.0,0.08354838709677419,0.3715714835143346,0.3015064947853261
B3,68.0,0.08258064516129032,0.3762946983304342,0.30197505877755676
B3,69.0,0.08064516129032258,0.4110841178050915,0.2977610251794592
B3,70.0,0.08,0.38436356618372447,0.3032375824126586
B3,71.0,0.07935483870967742,0.39688986973404744,0.3024696878131829
B3,72.0,0.07903225806451612,0.3813484600451436,0.3032501212593262
B3,73.0,0.07838709677419355,0.38494807637968487,0.3051602137873265
B3,74.0,0.07612903225806451,0.401913454593008,0.30608946301864826
B3,75.0,0.07516129032258065,0.4141436010451511,0.30162211964461527
B3,76.0,0.0732258064516129,0.3989672833202174,0.3080528874981497
B3,77.0,0.07258064516129033,0.3953965605191328,0.30791250969076644
B3,78.0,0.07258064516129033,0.39917171417356756,0.3093618884720008
B3,79.0,0.07064516129032258,0.4078174090695195,0.31038974770347705
B3,80.0,0.07,0.4260840801414025,0.31448741231776134
B3,81.0,0.06806451612903226,0.4263839042163929,0.31228030371925397
B3,82.0,0.06741935483870967,0.42861928588613574,0.31701467782454484
B3,83.0,0.06806451612903226,0.41605951216521075,0.3149120860735318
B3,84.0,0.0667741935483871,0.41948684514515533,0.3144159864906583
B3,85.0,0.06548387096774194,0.4446219447827764,0.32245042333163515
B3,86.0,0.06451612903225806,0.44002088491134156,0.31800258020910926
B3,87.0,0.06516129032258064,0.4391103732194531,0.32094345198759106
B3,88.0,0.0635483870967742,0.4310328359757299,0.31884080986933877
B3,89.0,0.06483870967741935,0.43195875105381043,0.3195751543788568
B3,90.0,0.06322580645161291,0.4405381799735345,0.3206749235185405
B3,91.0,0.0635483870967742,0.45251742881193774,0.32223003873486916
B3,92.0,0.06193548387096774,0.44897153816654906,0.32254509131463754
B3,93.0,0.06129032258064516,0.45189802203551355,0.32377118700800583
B3,94.0,0.06129032258064516,0.4522288742609697,0.3243517465223378
B3,95.0,0.06129032258064516,0.45590700962309094,0.32533882740421644
B3,96.0,0.05967741935483871,0.4603386460814559,0.3255395326914819
B3,97.0,0.06,0.4795668479180576,0.330473447928789
B3,98.0,0.05838709677419355,0.4716952004259447,0.328386330901156
B3,99.0,0.05870967741935484,0.4699931151279987,0.328173418031997
B3,100.0,0.059032258064516126,0.4695767281763852,0.3287951970657903
B3,101.0,0.059032258064516126,0.4751778374931952,0.33029018949262823
B3,102.0,0.05838709677419355,0.49404810516168257,0.3337081130924357
B3,103.0,0.057741935483870965,0.4843635831578687,0.33188505287699144
B3,104.0,0.05709677419354839,0.49519775265595334,0.3337991085922581
B3,105.0,0.056451612903225805,0.5243494554302333,0.3419241238493957
B3,106.0,0.05548387096774193,0.512227530448726,0.3377650645687857
B3,107.0,0.05419354838709677,0.49753825960036746,0.3349846149744895
B3,108.0,0.05548387096774193,0.5018528908595664,0.33599358840970484
B3,109.0,0.054838709677419356,0.5050809963475495,0.33658463442478226
B3,110.0,0.05451612903225807,0.5589411227953015,0.34894926396647313
B3,111.0,0.052258064516129035,0.5189860265981708,0.340120927379437
B3,112.0,0.053548387096774196,0.5366463218276383,0.34322122569722086
B3,113.0,0.0532258064516129,0.5261692691316191,0.3412466263292708
B3,114.0,0.0532258064516129,0.5235707798714735,0.3407756908619047
B3,115.0,0.05290322580645161,0.5239173847365073,0.3407982515167713
B3,116.0,0.0532258064516129,0.5357181039878598,0.343023070735417
B3,117.0,0.052258064516129035,0.5374381666327828,0.3437862337413776
B3,118.0,0.05161290322580645,0.5373798910506736,0.343852803224379
B3,119.0,0.05193548387096774,0.5535216792719257,0.3471082260537829
B3,120.0,0.05161290322580645,0.6015778269132774,0.35659176717037233
B3,121.0,0.05064516129032258,0.6304898366188958,0.360665911408337
B3,122.0,0.04903225806451613,0.5676235575595677,0.3497962216997748
B3,123.0,0.048709677419354835,0.5483233553230076,0.34625986035781964
B3,124.0,0.04967741935483871,0.5593687354269273,0.34840549992509456
B3,125.0,0.04935483870967742,0.5615440431405523,0.34879108643583917
B3,126.0,0.04903225806451613,0.5667103424074462,0.34982767899498746
B3,127.0,0.04935483870967742,0.5692995075228358,0.3503032044107738
B4,1.0,1.0,0.8047801099602852,0.29356415077901277
B4,2.0,1.0163398692810457,0.8103130088756995,0.27521143610902593
B4,3.0,1.0294117647058822,0.831158928391909,0.2527847781688526
B4,4.0,1.0359477124183007,0.8375894341082237,0.24989583245725022
B4,5.0,1.0392156862745099,0.8446559297449858,0.24719685255198331
B4,6.0,1.0196078431372548,0.8440508479865332,0.23617587000148557
B4,7.0,0.9836601307189542,0.8153066968851237,0.24423588883984867
B4,8.0,0.9640522875816994,0.8066524293947106,0.24224678380401743
B4,9.0,0.9444444444444444,0.7975884989096609,0.24233949687741282
B4,10.0,0.9215686274509803,0.7889999217169756,0.2432832224191963
B4,11.0,0.8954248366013072,0.7835882391576892,0.24739982509086217
B4,12.0,0.869281045751634,0.7673086406866435,0.24279100259174524
B4,13.0,0.8431372549019608,0.76812833297861,0.25354664699685026
B4,14.0,0.8169934640522876,0.7551882875649994,0.2541468270559122
B4,15.0,0.7941176470588235,0.7383753453277084,0.24895436257969836
B4,16.0,0.7712418300653595,0.7292639213701879,0.25110050971130105
B4,17.0,0.7516339869281046,0.7263937513618333,0.25734410069221886
B4,18.0,0.7320261437908496,0.7149972797425937,0.2563308047663925
B4,19.0,0.7091503267973857,0.6633305135166621,0.2833289957954527
B4,20.0,0.6111111111111112,0.5486857110536397,0.2822367842750539
B4,21.0,0.565359477124183,0.528388871004138,0.27331254030347646
B4,22.0,0.5392156862745098,0.5261801507740986,0.2719957161055417
B4,23.0,0.49019607843137253,0.5473492690436528,0.275949653905606
B4,24.0,0.5196078431372549,0.5762753536001811,0.27993920218089374
B4,25.0,0.4803921568627451,0.5812344918209255,0.2826344913425446
B4,26.0,0.38235294117647056,0.5103704871335858,0.28068214388392615
B4,27.0,0.3627450980392157,0.48364475614520924,0.2770764993780988
B4,28.0,0.3431372549019608,0.47072938863558145,0.27651295057386294
B4,29.0,0.3209150326797386,0.4593829555794492,0.2743393172350996
B4,30.0,0.3,0.45604749561872215,0.26900376636115664
B4,31.0,0.2803921568627451,0.4381110002839208,0.2624107442223822
B4,32.0,0.26176470588235295,0.4249554399356461,0.24846985714204164
B4,33.0,0.24444444444444444,0.406912015196259,0.243106148723137
B4,34.0,0.2284313725490196,0.38906380940295016,0.23995335639922538
B4,35.0,0.21535947712418302,0.37552063591310436,0.23949945328608852
B4,36.0,0.20294117647058824,0.36880882843395346,0.24048955310496267
B4,37.0,0.19183006535947714,0.36478935650474714,0.24040031510999582
B4,38.0,0.1830065359477124,0.3674363617463357,0.23487968414290905
B4,39.0,0.17483660130718953,0.3651409122874143,0.24039050576235196
B4,40.0,0.1676470588235294,0.36613620112506473,0.2330701626037181
B4,41.0,0.16013071895424835,0.3683226724173632,0.2268096389961235
B4,42.0,0.15522875816993464,0.3629969402146311,0.23274998353913295
B4,43.0,0.14967320261437908,0.36229507971741065,0.2280101755381691
B4,44.0,0.1450980392156863,0.3597643938747891,0.23431175782922697
B4,45.0,0.14183006535947712,0.3608926118952033,0.23780516430565116
B4,46.0,0.13725490196078433,0.3723059829061636,0.25519689291804076
B4,47.0,0.1323529411764706,0.36897173863625865,0.25646129204067636
B4,48.0,0.12941176470588237,0.36973618379299067,0.25261873525743006
B4,49.0,0.12581699346405228,0.37246534537399345,0.2573097321669392
B4,50.0,0.12450980392156863,0.3793014525178757,0.26336083278988587
B4,51.0,0.12156862745098039,0.3802562466378877,0.2709115307921445
B4,52.0,0.11797385620915032,0.37954134653057187,0.26821462078999103
B4,53.0,0.11633986928104575,0.3881565572130576,0.27169332665805307
B4,54.0,0.11339869281045752,0.3978125156021438,0.281038349382276
B4,55.0,0.11176470588235295,0.395453987892301,0.2808193647819517
B4,56.0,0.11013071895424836,0.3932361123977315,0.27989780804440995
B4,57.0,0.10718954248366012,0.40493944849593516,0.28469652316226474
B4,58.0,0.10588235294117647,0.4056522252303417,0.28529925146480634
B4,59.0,0.1042483660130719,0.4352369668475118,0.29471120828048086
B4,60.0,0.1022875816993464,0.41170212221755914,0.28695122049938526
B4,61.0,0.10098039215686275,0.4190001872606084,0.2901037768583494
B4,62.0,0.09934640522875816,0.43786497471443653,0.2965096932490272
B4,63.0,0.0977124183006536,0.4482614551511981,0.2998985119988952
B4,64.0,0.09673202614379085,0.4497163576986971,0.30037945412933215
B4,65.0,0.09542483660130718,0.42240908136854366,0.2900099134196149
B4,66.0,0.09444444444444444,0.45131735390504296,0.3013365312346276
B4,67.0,0.09313725490196079,0.4253451612858048,0.2882153230356777
B4,68.0,0.09215686274509804,0.44413068420468127,0.2962530582620635
B4,69.0,0.09117647058823529,0.4302278786950952,0.289286016027596
B4,70.0,0.0915032679738562,0.4683889714263475,0.30166990715287784
B4,71.0,0.08888888888888889,0.43719755321218473,0.28916091051617837
B4,72.0,0.08823529411764706,0.43635236804351984,0.2898626837351567
B4,73.0,0.08823529411764706,0.45658249407258716,0.29247620404163815
B4,74.0,0.08594771241830065,0.45535029665775484,0.3009275782726246
B4,75.0,0.08496732026143791,0.4448332103435704,0.2926963571048861
B4,76.0,0.08398692810457517,0.45927497001996365,0.30222802808997845
B4,77.0,0.08366013071895424,0.4636044350987527,0.29400338670624965
B4,78.0,0.08333333333333333,0.4446290259397579,0.2916262710376782
B4,79.0,0.08202614379084967,0.4725065790483051,0.30480984299153496
B4,80.0,0.08104575163398693,0.45390847631834386,0.294761401898229
B4,81.0,0.0803921568627451,0.4697753726799183,0.2963326173477003
B4,82.0,0.08006535947712418,0.45329885304361134,0.2958573401509785
B4,83.0,0.07941176470588235,0.4685612868190112,0.29592249620390965
B4,84.0,0.07908496732026143,0.47060129803710077,0.30360488662917484
B4,85.0,0.07745098039215687,0.4542653751001573,0.29451326999192956
B4,86.0,0.07712418300653595,0.4549469478552962,0.29441364225228756
B4,87.0,0.07647058823529412,0.4666649367174792,0.296901779644599
B4,88.0,0.07647058823529412,0.48719412068530066,0.3053977864634746
B4,89.0,0.07483660130718954,0.4852132768336453,0.3059577705418415
B4,90.0,0.0738562091503268,0.46011398943632403,0.29700918014703
B4,91.0,0.0738562091503268,0.46059850690785953,0.29616490856225897
B4,92.0,0.0738562091503268,0.4974308769325404,0.30715073753474326
B4,93.0,0.07254901960784314,0.4845239988061667,0.30515823792022956
B4,94.0,0.07222222222222222,0.46278898606438984,0.2971784615008846
B4,95.0,0.0718954248366013,0.4879718262016338,0.3054017795026887
B4,96.0,0.07091503267973856,0.4633675285102281,0.2960217069044006
B4,97.0,0.07091503267973856,0.4813857739078865,0.30304673423745054
B4,98.0,0.07058823529411765,0.4623197792455076,0.29616633485944605
B4,99.0,0.06993464052287582,0.47684585659659656,0.2988739371137998
B4,100.0,0.06993464052287582,0.4753014600214711,0.29851501038390954
B4,101.0,0.06928104575163399,0.4893675552553406,0.30439803053941294
B4,102.0,0.06862745098039216,0.4764751121937367,0.29910767546054257
B4,103.0,0.06797385620915032,0.4677726127411037,0.2962205114777232
B4,104.0,0.06830065359477124,0.4848775205474848,0.29965811505918827
B4,105.0,0.06797385620915032,0.48016198779235175,0.29823594515443713
B4,106.0,0.06699346405228758,0.4885002666286776,0.30252122148502353
B4,107.0,0.06666666666666667,0.49094870185054545,0.3035981094896159
B4,108.0,0.06601307189542484,0.48905827400279456,0.3022101773697489
B4,109.0,0.06568627450980392,0.48432815940580853,0.30139024979926266
B4,110.0,0.06601307189542484,0.47398172361782787,0.29613678222872214
B4,111.0,0.06535947712418301,0.4908708275296627,0.3018676442740548
B4,112.0,0.0650326797385621,0.47318641773276593,0.29552419039572203
B4,113.0,0.06535947712418301,0.4727659473244451,0.2954938415587415
B4,114.0,0.06405228758169934,0.49580516785624906,0.3048382423273358
B4,115.0,0.06339869281045751,0.4936543083619853,0.30284897823222556
B4,116.0,0.0630718954248366,0.47927782280752185,0.29591763805324534
B4,117.0,0.0630718954248366,0.4891736032595617,0.30169831967880806
B4,118.0,0.06274509803921569,0.49439915661573497,0.30370852827065714
B4,119.0,0.06143790849673202,0.49254810536758786,0.302074613594011
B4,120.0,0.06143790849673202,0.48924651367897665,0.3008240314636316
B4,121.0,0.06143790849673202,0.4891169245254142,0.300318666131108
B4,122.0,0.060784313725490195,0.48343074721610424,0.29604601824081594
B4,123.0,0.061764705882352944,0.4899193222133721,0.2977357865350787
B4,124.0,0.06143790849673202,0.48954481283607226,0.3007589075612913
B4,125.0,0.060784313725490195,0.47966811423864286,0.2945645171742912
B4,126.0,0.06045751633986928,0.49303750922076767,0.2985339818021982
B4,127.0,0.060784313725490195,0.4881398757915511,0.29695455846722024
B4,128.0,0.06045751633986928,0.4864828753528762,0.2961963216185108
B4,129.0,0.059803921568627454,0.4911728165931804,0.30189636487075877
B4,130.0,0.058823529411764705,0.4923627395548076,0.3020750724670682
B4,131.0,0.05849673202614379,0.4858341324513682,0.29861533695198605
B4,132.0,0.05816993464052288,0.4899027426105552,0.29937134854625974
B4,133.0,0.05784313725490196,0.4910321328911149,0.3017791957853262
B4,134.0,0.05784313725490196,0.4863725235202245,0.2990587047754239
B4,135.0,0.05718954248366013,0.4889440905185052,0.3000197835471806
B5,1.0,1.0,1.0126791618450437,0.012459452198055705
B5,2.0,0.995049504950495,1.0062386479275363,0.012442629160795585
B5,3.0,0.995049504950495,1.016456045628534,0.01143942399492033
B5,4.0,0.9900990099009901,1.0095514919593664,0.012343340527741725
B5,5.0,0.9876237623762376,1.0023611011310618,0.013193731948531698
B5,6.0,0.9851485148514851,0.9846005167920628,0.016995348482988976
B5,7.0,0.9826732673267327,0.9891075117162208,0.0155761081393783
B5,8.0,0.9801980198019802,1.0081466947021749,0.01113119115393445
B5,9.0,0.9777227722772277,0.9957912918456899,0.012312357411384004
B5,10.0,0.9752475247524752,0.991436074005166,0.01229032384819296
B5,11.0,0.9752475247524752,1.0027218593160674,0.010581432574552546
B5,12.0,0.9727722772277227,0.9874632053772747,0.012380990702419123
B5,13.0,0.9702970297029703,0.9763671066970209,0.015701040234518474
B5,14.0,0.9702970297029703,0.9717461903205669,0.0160215356246135
B5,15.0,0.9678217821782178,0.9915097047663366,0.010895421050231589
B5,16.0,0.9653465346534653,0.9726267673444604,0.01397785007952376
B5,17.0,0.9628712871287128,0.9821024104825888,0.011595374452739
B5,18.0,0.9628712871287128,0.9659196106757575,0.0163334041845893
B5,19.0,0.9603960396039604,0.9838167105829607,0.011624668635737277
B5,20.0,0.9603960396039604,0.9790069556327221,0.011640613088934888
B5,21.0,0.9579207920792079,0.9850846078857044,0.010985214914258629
B5,22.0,0.9579207920792079,0.9831518982203242,0.01124547439105472
B5,23.0,0.9579207920792079,0.9705809476220486,0.01465702242908433
B5,24.0,0.9554455445544554,0.978430613135588,0.011257291279831595
B5,25.0,0.9529702970297029,0.9707030791308306,0.012185821125548946
B5,26.0,0.9554455445544554,0.9663858596822906,0.013115966258165085
B5,27.0,0.9529702970297029,0.9797851612007062,0.010468654737415697
B5,28.0,0.9504950495049505,0.976874916243387,0.0108576526334056
B5,29.0,0.9504950495049505,0.9554893470921855,0.015246537030076859
B5,30.0,0.948019801980198,0.9611172728871482,0.01359764414543485
B5,31.0,0.948019801980198,0.9756184125739817,0.010375440295964596
B5,32.0,0.948019801980198,0.9596345841017955,0.013271885557690804
B5,33.0,0.948019801980198,0.9702243225400755,0.010434504772359222
B5,34.0,0.9455445544554455,0.9581869923182755,0.01339806579868167
B5,35.0,0.9455445544554455,0.9517486681570082,0.015836445982518575
B5,36.0,0.9455445544554455,0.9659298852891985,0.01089938811107033
B5,37.0,0.943069306930693,0.9513555607580275,0.014716031697724072
B5,38.0,0.943069306930693,0.9641401534222662,0.011475436224940815
B5,39.0,0.943069306930693,0.9607223687410696,0.011714507747099383
B5,40.0,0.9405940594059405,0.9487134052488297,0.014776611073784699
B5,41.0,0.9405940594059405,0.96373334089908,0.010641661452259494
B5,42.0,0.9405940594059405,0.9625659948314642,0.01080282661626709
B5,43.0,0.9405940594059405,0.9471302821410252,0.014008296650079646
B5,44.0,0.9405940594059405,0.9518227162625326,0.012259036298710667
B5,45.0,0.9405940594059405,0.9538944170283596,0.01138114006229776
B5,46.0,0.9381188118811881,0.9575869718429207,0.010565536020344605
B5,47.0,0.9381188118811881,0.953677357367551,0.011334925825522592
B5,48.0,0.9381188118811881,0.9424222463345941,0.014212286400572866
B5,49.0,0.9381188118811881,0.9603783798935706,0.010866730946930268
B5,50.0,0.9381188118811881,0.9551986974582565,0.011144340045295227
B5,51.0,0.9356435643564357,0.9463152807745916,0.012155022195080427
B5,52.0,0.9381188118811881,0.9543806777617656,0.010411319371027149
B5,53.0,0.9356435643564357,0.9332834011111041,0.015789903831533836
B5,54.0,0.9356435643564357,0.9365211101326696,0.015465169431444818
B6,1.0,1.0,1.0483231157000177,0.009750734583628608
B6,2.0,0.9950738916256158,1.0445713568686874,0.008702604907662793
B6,3.0,0.9926108374384236,1.0280597044598039,0.007654325786795513
B6,4.0,0.9901477832512315,1.0294783473355649,0.007152168800425395
B6,5.0,0.9876847290640394,1.0333249664128803,0.008365740271548038
B6,6.0,0.9852216748768473,1.0324078077819303,0.007920947024585604
B6,7.0,0.9827586206896551,1.010417349646632,0.007083617185911106
B6,8.0,0.9802955665024631,1.0177774913125244,0.008009611412134292
B6,9.0,0.9778325123152709,1.0138970621100136,0.0072617236942440965
B6,10.0,0.9753694581280788,1.0062693235452829,0.006649729763789681
B6,11.0,0.9729064039408867,1.0081998066267301,0.007574663730385442
B6,12.0,0.9704433497536946,0.9964231640732575,0.007108257104895185
B6,13.0,0.9704433497536946,1.0027204854441167,0.006544851595400024
B6,14.0,0.9679802955665024,0.9943377854528324,0.006556457515586689
B6,15.0,0.9655172413793104,0.9992929195710758,0.007296187728876722
B6,16.0,0.9630541871921182,0.9983167970669287,0.007200376370657799
B6,17.0,0.9630541871921182,0.9880434313598837,0.006729798311554239
B6,18.0,0.9630541871921182,0.9910898786546021,0.006394776845608135
B6,19.0,0.9605911330049262,0.9823243942909876,0.006662813672493626
B6,20.0,0.958128078817734,0.9885145918971474,0.006323519697781525
B6,21.0,0.958128078817734,0.9902640302772444,0.007480520563296824
B6,22.0,0.9556650246305419,0.9783081907182123,0.006793569996387261
B6,23.0,0.9556650246305419,0.9871136280334405,0.007395717656440865
B6,24.0,0.9532019704433498,0.9861585555749086,0.006946159265020667
B6,25.0,0.9532019704433498,0.9885092667512017,0.007061875266450484
B6,26.0,0.9507389162561576,0.9831810468369175,0.006552974504482957
B6,27.0,0.9507389162561576,0.9835781283748359,0.007752239371326878
B6,28.0,0.9482758620689655,0.9744020781870482,0.006630891257273256
B6,29.0,0.9482758620689655,0.9828726262755001,0.006595433626578263
B6,30.0,0.9482758620689655,0.9867285847189198,0.00799050452196185
B6,31.0,0.9458128078817734,0.984298963226371,0.0073212174853196366
B6,32.0,0.9482758620689655,0.9741151460882709,0.0062716374225653395
B6,33.0,0.9458128078817734,0.9735827067133846,0.006825390249228774
B6,34.0,0.9433497536945813,0.9795032364270773,0.006574102404017737
B6,35.0,0.9458128078817734,0.9659577174485541,0.006662087208772248
B6,36.0,0.9433497536945813,0.9652997672116483,0.00688136266166755
B6,37.0,0.9433497536945813,0.9758774163379644,0.006506225943431395
B6,38.0,0.9433497536945813,0.9617754725422701,0.006887095399952334
B6,39.0,0.9408866995073891,0.9758151048135559,0.0074746405321355755
B6,40.0,0.9408866995073891,0.9662109498616791,0.006398317489598007
B6,41.0,0.9408866995073891,0.9718461724189036,0.0071816590781311395
B6,42.0,0.9408866995073891,0.9617778675193644,0.0066161704828690765
B6,43.0,0.9384236453201971,0.9680595435539403,0.007087170731081002
B6,44.0,0.9384236453201971,0.9572737725642098,0.0071174656352963215
B6,45.0,0.9384236453201971,0.9614647701563741,0.006443981793693758
B6,46.0,0.9384236453201971,0.9658459311523775,0.006236415634657715
B6,47.0,0.9359605911330049,0.9567040806370993,0.006478625178146067
B6,48.0,0.9359605911330049,0.960312164563816,0.006414960688646737
B6,49.0,0.9359605911330049,0.9625422281961502,0.006277904535988955
B6,50.0,0.9359605911330049,0.9580892600851783,0.00655709699042342
B6,51.0,0.9359605911330049,0.960665210720275,0.0075526537021546976
B6,52.0,0.9359605911330049,0.9560694587586814,0.006388566025342611
B6,53.0,0.9334975369458128,0.9617622076092938,0.007827314545902313
B6,54.0,0.9334975369458128,0.9577138906187004,0.007257699547430096
