channel,cycle,y_true,y_pred,y_std
A1,1.0,1.0,1.012797715555105,0.005863660571954319
A1,2.0,0.995049504950495,1.007273428794392,0.0052733873518452275
A1,3.0,0.9876237623762376,0.998011027682562,0.004834533893647611
A1,4.0,0.9826732673267327,0.9906807766355903,0.00426820019200125
A1,5.0,0.9777227722772277,0.9845690996650239,0.004196567220349027
A1,6.0,0.9727722772277227,0.9824986571322556,0.004011948267776922
A1,7.0,0.9702970297029703,0.9800560227173944,0.004341086292476511
A1,8.0,0.9678217821782178,0.9789313101714421,0.004341925001304477
A1,9.0,0.9653465346534653,0.9732069747057212,0.004061060329799395
A1,10.0,0.9603960396039604,0.9654866390151308,0.004035311653866105
A1,11.0,0.9579207920792079,0.9627957537482978,0.004093244226326922
A1,12.0,0.9554455445544554,0.9635845233708702,0.003693158098107074
A1,13.0,0.9529702970297029,0.9607105364888551,0.0038311222941655528
A1,14.0,0.9529702970297029,0.959948484771624,0.003818472263882249
A1,15.0,0.9504950495049505,0.9572073458490458,0.004035310602747327
A1,16.0,0.948019801980198,0.9549119961377996,0.004008649365700645
A1,17.0,0.9455445544554455,0.9571748726313011,0.0040153356764840815
A1,18.0,0.9405940594059405,0.9525484625659488,0.003949046415510293
A1,19.0,0.9405940594059405,0.9479670553182411,0.0036338971694370517
A1,20.0,0.9405940594059405,0.9483365280775428,0.0036307257834549216
A1,21.0,0.9381188118811881,0.9429629087895439,0.003446555974394778
A1,22.0,0.9381188118811881,0.9424818490697208,0.0034899590957870566
A1,23.0,0.9381188118811881,0.9363771663438567,0.0035168683759639104
A1,24.0,0.9356435643564357,0.934713615011719,0.003461568755364765
A1,25.0,0.9356435643564357,0.9323333170851736,0.003507970342504771
A1,26.0,0.9331683168316832,0.9332385444745117,0.0034416982049582717
A1,27.0,0.9331683168316832,0.9330332522287679,0.003449472221922293
A1,28.0,0.9306930693069307,0.9311867911241495,0.0035020363914823535
A1,29.0,0.9306930693069307,0.9296725323545826,0.003434230840764295
A1,30.0,0.9306930693069307,0.9267972189109484,0.0034642251148726444
A1,31.0,0.9282178217821783,0.9267614295634653,0.003473199595577971
A1,32.0,0.9282178217821783,0.9236351894773703,0.0035220622778718144
A1,33.0,0.9257425742574258,0.9242137783641435,0.0034488258644310202
A1,34.0,0.9257425742574258,0.9236219790945347,0.003500667244734413
A1,35.0,0.9232673267326733,0.9209002655053964,0.003629005476290766
A1,36.0,0.9232673267326733,0.922672152822577,0.0035695960582223427
A1,37.0,0.9232673267326733,0.9187796258514829,0.0035266956464012817
A1,38.0,0.9207920792079208,0.9190595684762288,0.0035019105093489237
A1,39.0,0.9207920792079208,0.9152096829529426,0.003568701666967666
A1,40.0,0.9207920792079208,0.9154212532802827,0.003577484949409724
A1,41.0,0.9183168316831684,0.9144635614637715,0.0036449324584447223
A1,42.0,0.9183168316831684,0.9153796499339093,0.0036623009240199992
A1,43.0,0.9158415841584159,0.9131118622629096,0.0035674252681160237
A1,44.0,0.9158415841584159,0.9111117957741508,0.0035524966039692323
A1,45.0,0.9158415841584159,0.909372649972565,0.003585125845802795
A1,46.0,0.9158415841584159,0.9111237790421114,0.0036372488254143116
A1,47.0,0.9133663366336634,0.9116996185790164,0.0036484114774242415
A1,48.0,0.9108910891089109,0.9074375394018828,0.0036389754247919412
A1,49.0,0.9108910891089109,0.9065289039203154,0.0036280066679763644
A1,50.0,0.9108910891089109,0.9056125543959592,0.0036674237511287477
A1,51.0,0.9108910891089109,0.9014961139996445,0.0036387996087415457
A1,52.0,0.9108910891089109,0.9034766303339848,0.00366857394202674
A1,53.0,0.9084158415841584,0.9035893487282013,0.0036306295525703187
A1,54.0,0.9084158415841584,0.9018459815031792,0.0036418189431914327
A1,55.0,0.905940594059406,0.9004927025249712,0.0036856548682886233
A1,56.0,0.9034653465346535,0.9004934724191418,0.0038070981217712564
A1,57.0,0.9034653465346535,0.9010562317377802,0.003902937641605843
A1,58.0,0.9034653465346535,0.8979948256618687,0.0037374529339477477
A1,59.0,0.9034653465346535,0.8983517531996379,0.0037889542395394844
A1,60.0,0.9034653465346535,0.8936208627324334,0.0037349474951600898
A1,61.0,0.9034653465346535,0.8946610288217436,0.0037379374110615552
A1,62.0,0.900990099009901,0.893299361903261,0.003774967588106035
A1,63.0,0.900990099009901,0.8930200456809778,0.0037775050575533406
A1,64.0,0.900990099009901,0.8919053449094965,0.0037445436292611435
A1,65.0,0.8985148514851485,0.8909531548708887,0.003790484172873743
A1,66.0,0.8985148514851485,0.8907878355423748,0.003923764329942691
A1,67.0,0.8960396039603961,0.8907159992712955,0.0037896667529854124
A1,68.0,0.8960396039603961,0.8892082083340866,0.003792810534235865
A1,69.0,0.8960396039603961,0.8885481154518526,0.0038669733088944882
A1,70.0,0.8960396039603961,0.885576855782346,0.0037902177288765735
A1,71.0,0.8935643564356436,0.8855926716213143,0.0038083559661145003
A1,72.0,0.8960396039603961,0.8849229876542954,0.003857603251229117
A1,73.0,0.8935643564356436,0.883672848274784,0.003862124464611789
A1,74.0,0.8935643564356436,0.883104536685924,0.0039169167142057764
A1,75.0,0.8910891089108911,0.8822384287137371,0.0038424711224037565
A1,76.0,0.8910891089108911,0.8803678880419223,0.0038667973887904156
A1,77.0,0.8886138613861386,0.882217657065816,0.003919851595743404
A1,78.0,0.8886138613861386,0.8807922007113678,0.0040349412249991
A1,79.0,0.8886138613861386,0.8779254608068039,0.003926435470943414
A1,80.0,0.8861386138613861,0.8780212928029641,0.0038121281011852977
A1,81.0,0.8861386138613861,0.8733898014935937,0.003938145591077029
A1,82.0,0.8861386138613861,0.8752457370744184,0.0038531257870598867
A1,83.0,0.8861386138613861,0.8744920257018078,0.003988169371061156
A1,84.0,0.8836633663366337,0.874363185849058,0.003906234771235074
A1,85.0,0.8836633663366337,0.8739161587478683,0.003997501357605532
A1,86.0,0.8836633663366337,0.873180794411023,0.004057738257900382
A1,87.0,0.8836633663366337,0.8725808223017767,0.003997552740508804
A1,88.0,0.8811881188118812,0.8720457869058031,0.004115317018543416
A1,89.0,0.8811881188118812,0.8720684192889552,0.0039553050630823415
A1,90.0,0.8811881188118812,0.8712527145994173,0.003987008695050705
A1,91.0,0.8787128712871287,0.867777933827222,0.0039442637491074115
A1,92.0,0.8787128712871287,0.8695131719894428,0.004021072985120032
A1,93.0,0.8787128712871287,0.8679951169758116,0.004109650182958517
A1,94.0,0.8762376237623762,0.8659694570312106,0.004001650674339423
A1,95.0,0.8762376237623762,0.8652635656309278,0.0038617891138741497
A1,96.0,0.8737623762376238,0.8616134554370056,0.004057942155218889
A1,97.0,0.8737623762376238,0.8631895683924454,0.003986154457408613
A1,98.0,0.8737623762376238,0.8640648605519977,0.004002196474780827
A1,99.0,0.8737623762376238,0.8626606661099334,0.004070236445077658
A1,100.0,0.8737623762376238,0.8624027657804069,0.003994975930956155
A1,101.0,0.8737623762376238,0.8590283935394443,0.003946368687142233
A1,102.0,0.8712871287128713,0.8611409862762341,0.003941078202542436
A1,103.0,0.8712871287128713,0.8598120292032702,0.003916814806745715
A1,104.0,0.8712871287128713,0.8582963748194823,0.0038662737667432105
A1,105.0,0.8688118811881188,0.8598458882880243,0.003890365168165733
A1,106.0,0.8712871287128713,0.8571495340388429,0.0038743474021132197
A1,107.0,0.8663366336633663,0.855730317245225,0.003841121479296816
A1,108.0,0.8688118811881188,0.8557950783165064,0.003862843218397886
A1,109.0,0.8663366336633663,0.8534374940173022,0.0038145730980243832
A1,110.0,0.8663366336633663,0.853446606058598,0.003816083252657716
A1,111.0,0.8663366336633663,0.8513923612247003,0.0038754701542335537
A1,112.0,0.8638613861386139,0.8532530077742853,0.0037503152634566542
A1,113.0,0.8638613861386139,0.8511049659598205,0.0038751882676485235
A1,114.0,0.8638613861386139,0.8517924579942938,0.003869797726051586
A1,115.0,0.8638613861386139,0.8513600013417346,0.003907900887771158
A1,116.0,0.8613861386138614,0.8506405813424434,0.003823094519637928
A1,117.0,0.8613861386138614,0.8516088577847176,0.003942131782114879
A1,118.0,0.8613861386138614,0.8468973782202108,0.003870327465587449
A1,119.0,0.8589108910891089,0.846959884450101,0.003795303721590596
A1,120.0,0.8589108910891089,0.8476133377227726,0.0036763130330878606
A1,121.0,0.8589108910891089,0.8452144552246653,0.003730884488020063
A1,122.0,0.8589108910891089,0.8432948440555958,0.0037336774230213366
A1,123.0,0.8564356435643564,0.8427935665394342,0.003720569804404476
A1,124.0,0.8564356435643564,0.8443238269754152,0.003754208814029748
A1,125.0,0.8589108910891089,0.8423968735748284,0.0037072585189540973
A1,126.0,0.8514851485148515,0.8416157830699799,0.0037271089926980564
A1,127.0,0.8539603960396039,0.8422816651577143,0.003840931967926528
A1,128.0,0.8539603960396039,0.840468941776097,0.0036729525439395624
A1,129.0,0.8514851485148515,0.841712971188292,0.0037675683099216793
A1,130.0,0.8514851485148515,0.8400934600139471,0.003711233070384502
A1,131.0,0.849009900990099,0.8345985074369842,0.003767236096312058
A1,132.0,0.8514851485148515,0.8378265611964884,0.0036876088844742462
A1,133.0,0.8514851485148515,0.8373716853407369,0.003691350685793424
A1,134.0,0.8514851485148515,0.8348367265067544,0.0037735433383126234
A1,135.0,0.8465346534653465,0.8355631001030313,0.0036934249942411016
A1,136.0,0.8465346534653465,0.8335726065097536,0.003822276648277527
A1,137.0,0.8465346534653465,0.8339109505001959,0.003865646251096755
A1,138.0,0.8465346534653465,0.8328715834412352,0.0037640013469887293
A1,139.0,0.844059405940594,0.8323840169612624,0.003644116305113152
A1,140.0,0.844059405940594,0.8305536566872722,0.003669462536449389
A1,141.0,0.8415841584158416,0.8297553076033436,0.0036819213125816827
A1,142.0,0.8415841584158416,0.8279217065479854,0.00369701050559409
A1,143.0,0.8415841584158416,0.8265825452223156,0.003733976938499791
A1,144.0,0.8391089108910891,0.8267243483438831,0.003831862610689415
A1,145.0,0.8391089108910891,0.8259438456476367,0.003733834183661056
A1,146.0,0.8366336633663366,0.8245206602411046,0.0038187308795050103
A1,147.0,0.8366336633663366,0.8234287303283638,0.0038174178104645354
A1,148.0,0.8341584158415841,0.8219759623474627,0.003775517023848164
A1,149.0,0.8366336633663366,0.8225964568140721,0.003804278780263697
A1,150.0,0.8366336633663366,0.8201215633277692,0.003713785916064162
A1,151.0,0.8366336633663366,0.8191144674107556,0.0037275998685510916
A1,152.0,0.8341584158415841,0.8184141243949996,0.003783526980759715
A1,153.0,0.8341584158415841,0.817993173997636,0.003760632656844847
A1,154.0,0.8316831683168316,0.8174904599014465,0.003805677263403733
A1,155.0,0.8292079207920792,0.8156262529518397,0.00393342197945936
A1,156.0,0.8292079207920792,0.8157985945140799,0.00385988951591997
A1,157.0,0.8292079207920792,0.8144409477699587,0.003796463597602803
A1,158.0,0.8267326732673267,0.8162769334176725,0.003961012934773912
A1,159.0,0.8267326732673267,0.8118763070275629,0.0037854698667200834
A1,160.0,0.8242574257425742,0.8125877718577577,0.0038551394465461274
A1,161.0,0.8242574257425742,0.8086695457317576,0.0038468300473200583
A1,162.0,0.8242574257425742,0.8090320891984011,0.003962930599887237
A1,163.0,0.8217821782178217,0.8079536826110303,0.003868406399880025
A1,164.0,0.8168316831683168,0.8069853111639279,0.003984736367575455
A1,165.0,0.8168316831683168,0.8067405866885653,0.0039164358282837725
A1,166.0,0.8168316831683168,0.8050416721879592,0.00396138029965625
A1,167.0,0.8143564356435643,0.8033025904403738,0.0040089723356562055
A1,168.0,0.8118811881188119,0.8004435907124295,0.003945108671143566
A1,169.0,0.8118811881188119,0.799012409123478,0.004022867549903888
A1,170.0,0.8094059405940595,0.7987555595426695,0.003968676729012832
A1,171.0,0.806930693069307,0.7959922156408179,0.004086695582750921
A1,172.0,0.8044554455445545,0.7965361949222072,0.0041153593092723515
A1,173.0,0.8044554455445545,0.7930982590553949,0.004064602407063936
A1,174.0,0.801980198019802,0.7929269141209828,0.00411857918239927
A1,175.0,0.801980198019802,0.7919500613211913,0.004114471641678747
A1,176.0,0.7995049504950495,0.7908224399012886,0.004156645249905902
A1,177.0,0.7995049504950495,0.7852333974199329,0.004120490465170176
A1,178.0,0.7970297029702971,0.7838787835697769,0.00417891898056726
A1,179.0,0.7945544554455446,0.7851831009443553,0.004134381446494209
A1,180.0,0.7945544554455446,0.7821210997859722,0.004069953500191893
A1,181.0,0.7920792079207921,0.7808580450437911,0.004083869873500363
A1,182.0,0.7896039603960396,0.7807595563202625,0.004109534402732005
A1,183.0,0.7871287128712872,0.7804168992771923,0.004170083082648018
A1,184.0,0.7846534653465347,0.7785577697463185,0.00410958060053677
A1,185.0,0.7846534653465347,0.7754033504801842,0.003998755972875059
A1,186.0,0.7846534653465347,0.7728961170563603,0.003876556720554892
A1,187.0,0.7772277227722773,0.7720584063189554,0.004087852559783637
A1,188.0,0.7772277227722773,0.773111594063903,0.0043492923805575935
A1,189.0,0.7772277227722773,0.769052771209766,0.00417859116038674
A1,190.0,0.7722772277227723,0.7654872710826031,0.004228877990917119
A1,191.0,0.7722772277227723,0.7687531035549627,0.004489188042327843
A1,192.0,0.7698019801980198,0.7646195149673352,0.0045305930709384455
A1,193.0,0.7673267326732673,0.764479313361476,0.004177145128468757
A1,194.0,0.7623762376237624,0.7570848891106153,0.004084190049777727
A1,195.0,0.7623762376237624,0.7542173393893034,0.004099387212046173
A1,196.0,0.7599009900990099,0.7498000842705665,0.0038741976636214722
A1,197.0,0.7574257425742574,0.7535457404375117,0.004368875186644942
A1,198.0,0.754950495049505,0.747705609285703,0.00437733230824961
A1,199.0,0.754950495049505,0.7495497956771026,0.004751764826071258
A1,200.0,0.75,0.744774663271937,0.004455695311722922
A1,201.0,0.7475247524752475,0.7396219169625041,0.004408047673722326
A1,202.0,0.7475247524752475,0.733322877950307,0.004228133572217344
A1,203.0,0.7425742574257426,0.7284795522104951,0.004795337739579086
A1,204.0,0.7400990099009901,0.7217879378248437,0.005107820296976332
A1,205.0,0.7376237623762376,0.7260025067867933,0.004748973188149796
A1,206.0,0.7351485148514851,0.721441419880261,0.004462069685332329
A1,207.0,0.7277227722772277,0.7186764603347802,0.004634679388488711
A1,208.0,0.7301980198019802,0.7146001389514528,0.005373582653688223
A1,209.0,0.7227722772277227,0.7116995503668933,0.005050226655703766
A1,210.0,0.7277227722772277,0.707734674035256,0.005773276614576125
A1,211.0,0.7227722772277227,0.7071141467594001,0.0057339677015223415
A1,212.0,0.7178217821782178,0.7022499467368156,0.006302650287186756
A1,213.0,0.7128712871287128,0.7006555233934414,0.005790913262673856
A1,214.0,0.7153465346534653,0.6961043198891833,0.006157611066162403
A1,215.0,0.7079207920792079,0.6986119026809045,0.006222886056180468
A1,216.0,0.7079207920792079,0.6901358140832059,0.006237362060626251
A1,217.0,0.7029702970297029,0.6914725945783903,0.006349578335036627
A1,218.0,0.7103960396039604,0.6884984833336008,0.006246103684351934
A1,219.0,0.7029702970297029,0.6909236745509427,0.006172092473744083
A1,220.0,0.7029702970297029,0.6863968144340424,0.006415253222631108
A1,221.0,0.7004950495049505,0.6830869562161924,0.006775834059804684
A1,222.0,0.698019801980198,0.6807659584621057,0.0071940373104131304
A1,223.0,0.6955445544554455,0.6783514869117869,0.006973713878108866
A1,224.0,0.693069306930693,0.6780566539827922,0.007077741342292833
A1,225.0,0.6905940594059405,0.6755799834560818,0.0071633003368152945
A1,226.0,0.6905940594059405,0.6780735956147596,0.007325177901260672
A1,227.0,0.6856435643564357,0.6752529745942468,0.007305114595090343
A1,228.0,0.6856435643564357,0.6694811109191194,0.007817115759330747
A1,229.0,0.6806930693069307,0.6663003867111722,0.007903940507268854
A1,230.0,0.6806930693069307,0.6640416929242243,0.008630422063281561
A1,231.0,0.6757425742574258,0.6606582216916398,0.008944282717545379
A1,232.0,0.6757425742574258,0.6575979589982212,0.008718432301547823
A1,233.0,0.6707920792079208,0.6591753788951193,0.009066099205602716
A1,234.0,0.6683168316831684,0.6619038298300588,0.00922402351266359
A1,235.0,0.6707920792079208,0.650310360288864,0.00972100919242753
A1,236.0,0.6633663366336634,0.6549768123324093,0.009471678813184791
A1,237.0,0.6658415841584159,0.6432477215072443,0.010239830333174046
A1,238.0,0.6584158415841584,0.6393004857691571,0.010865776925078683
A1,239.0,0.655940594059406,0.636387479327957,0.011705314945457082
A1,240.0,0.650990099009901,0.6333179698386505,0.011657761348602615
A1,241.0,0.650990099009901,0.6295329816085767,0.012717873273767102
A1,242.0,0.6460396039603961,0.6254853998269596,0.013419768768300446
A1,243.0,0.6410891089108911,0.6223286157779179,0.013541703773816053
A1,244.0,0.6410891089108911,0.6197232010287422,0.014017139361566943
A1,245.0,0.6336633663366337,0.6194068498347496,0.01395419630598335
A1,246.0,0.6361386138613861,0.614969922670966,0.015452642401005702
A1,247.0,0.6262376237623762,0.6126879643588958,0.014751070412928136
A1,248.0,0.6262376237623762,0.6048942196848319,0.018078112944367387
A1,249.0,0.6212871287128713,0.6032095677170732,0.019304723779497848
A1,250.0,0.6163366336633663,0.599297125998731,0.01728657050217608
A1,251.0,0.6138613861386139,0.5976703223958003,0.018549306577784374
A1,252.0,0.6089108910891089,0.5878302999638844,0.02067636750071341
A1,253.0,0.6064356435643564,0.5873528206221154,0.020522355426738487
A1,254.0,0.6014851485148515,0.5815078883042263,0.021854704443328158
A1,255.0,0.6014851485148515,0.5775241819866641,0.02465561478842955
A1,256.0,0.5915841584158416,0.5778782587732862,0.022049341147594947
A1,257.0,0.5891089108910891,0.57292401960362,0.024186191111432814
A1,258.0,0.5816831683168316,0.5654773167184967,0.026571840594239306
A1,259.0,0.5792079207920792,0.5619360843587751,0.027683966139691624
A1,260.0,0.5767326732673267,0.5603231904212422,0.02802655081068894
A1,261.0,0.5742574257425742,0.550385405658183,0.029735897037580658
A1,262.0,0.5668316831683168,0.5488079292907333,0.030046845601110702
A1,263.0,0.5643564356435643,0.5432301510522662,0.03185821075614803
A1,264.0,0.556930693069307,0.5432315605395069,0.031257619855175826
A1,265.0,0.551980198019802,0.5321031518211113,0.0361556633065826
A1,266.0,0.5420792079207921,0.5231804325601997,0.04012061291688505
A1,267.0,0.5371287128712872,0.5191236906158699,0.04108352614843621
A2,1.0,1.0,1.001783079987947,0.006177995294322773
A2,2.0,0.9950372208436724,0.9966274828791832,0.006345159971555112
A2,3.0,0.9875930521091811,0.9904683578820611,0.0059497027118995995
A2,4.0,0.9826302729528535,0.9848958151920582,0.0056637416057239934
A2,5.0,0.9801488833746899,0.9805883655379237,0.005603540416078042
A2,6.0,0.9751861042183623,0.9709806989212882,0.005766083173399021
A2,7.0,0.9702233250620348,0.9680255716979334,0.005818485276484113
A2,8.0,0.967741935483871,0.9700512256921145,0.005355723366347082
A2,9.0,0.9652605459057072,0.9638737595117084,0.005738742502359626
A2,10.0,0.9602977667493796,0.9613386436327418,0.00590046036348943
A2,11.0,0.9578163771712159,0.958939063479344,0.005355263667328313
A2,12.0,0.9578163771712159,0.9568569764310444,0.0053374755600837315
A2,13.0,0.9553349875930521,0.9491706745645396,0.005769052276238649
A2,14.0,0.9528535980148883,0.9496839328868432,0.005601699232152877
A2,15.0,0.9503722084367245,0.9497435108715521,0.005320609395008061
A2,16.0,0.9478908188585607,0.9461120362554806,0.00543253197250187
A2,17.0,0.9429280397022333,0.9494065680638464,0.005309238072850997
A2,18.0,0.9429280397022333,0.9456524894476994,0.005508976017115054
A2,19.0,0.9404466501240695,0.9422820772821386,0.005457959188578763
A2,20.0,0.9404466501240695,0.9398947029728981,0.005411372703910021
A2,21.0,0.9404466501240695,0.9389125183698365,0.005316771709269755
A2,22.0,0.9379652605459057,0.9362006434111765,0.005535161148568903
A2,23.0,0.9379652605459057,0.9352268965883102,0.005604082301615052
A2,24.0,0.9354838709677419,0.9344361523945198,0.006118162411995533
A2,25.0,0.9354838709677419,0.933014899495678,0.005685971552028026
A2,26.0,0.9330024813895782,0.9345321335114312,0.005755385976638122
A2,27.0,0.9305210918114144,0.9345520372003024,0.006000333864897023
A2,28.0,0.9305210918114144,0.9287728023460462,0.005756143076793927
A2,29.0,0.9305210918114144,0.9282521832994358,0.005796686423673172
A2,30.0,0.9305210918114144,0.9269468015556726,0.005740720111246322
A2,31.0,0.9280397022332506,0.9273931400680973,0.005901978185085908
A2,32.0,0.9255583126550868,0.9258012557173758,0.005929724702886693
A2,33.0,0.9255583126550868,0.9266339961397588,0.0056240319299008966
A2,34.0,0.9230769230769231,0.9235856499289765,0.0059812187853499595
A2,35.0,0.9230769230769231,0.9233427887072574,0.005705753303410099
A2,36.0,0.9230769230769231,0.9180101411224924,0.005420350560504273
A2,37.0,0.9205955334987593,0.9154511004042358,0.005800215868586365
A2,38.0,0.9205955334987593,0.9158478385761417,0.005553796522143447
A2,39.0,0.9205955334987593,0.9168041633434993,0.005870779378066748
A2,40.0,0.9181141439205955,0.9148839434179257,0.006055636650851239
A2,41.0,0.9181141439205955,0.9177632010459369,0.005937942711195425
A2,42.0,0.9156327543424317,0.9158810726977485,0.005988758691868441
A2,43.0,0.9156327543424317,0.9112134294115908,0.005803034969194773
A2,44.0,0.9156327543424317,0.9088230953831212,0.005857263391757319
A2,45.0,0.9156327543424317,0.9119232799532598,0.005283530774524626
A2,46.0,0.913151364764268,0.9088298112786523,0.005813168692608565
A2,47.0,0.9106699751861043,0.9076735345387571,0.005912427713892108
A2,48.0,0.9106699751861043,0.9082114282428597,0.005779272352864874
A2,49.0,0.9106699751861043,0.9067183600598991,0.0056201484169206275
A2,50.0,0.9106699751861043,0.9024360852050582,0.00597093327442167
A2,51.0,0.9081885856079405,0.902526401352994,0.005690174369684718
A2,52.0,0.9081885856079405,0.9016312598250253,0.005970135626963267
A2,53.0,0.9057071960297767,0.9022597725005179,0.00574126999362157
A2,54.0,0.9057071960297767,0.9005288270772728,0.0057091238666004355
A2,55.0,0.9032258064516129,0.8987256635322374,0.005941519532745176
A2,56.0,0.9032258064516129,0.8979841547938733,0.005544543668336453
A2,57.0,0.9007444168734491,0.898940066947558,0.0054625482447668355
A2,58.0,0.9032258064516129,0.8968503246648615,0.005525620030084709
A2,59.0,0.9007444168734491,0.8937860144798737,0.005739864665206098
A2,60.0,0.9007444168734491,0.8912725717662396,0.005814863524038336
A2,61.0,0.8982630272952854,0.8919461433521331,0.005703847955821277
A2,62.0,0.8982630272952854,0.892292834588386,0.005664797176684812
A2,63.0,0.8982630272952854,0.8900843033802521,0.005649064079822627
A2,64.0,0.8957816377171216,0.8910699481006609,0.005648225320458601
A2,65.0,0.8982630272952854,0.8859236304234441,0.005398111957829861
A2,66.0,0.8933002481389578,0.8875113715028751,0.005531746159313446
A2,67.0,0.8933002481389578,0.8841787355573749,0.005544395632994565
A2,68.0,0.8933002481389578,0.8870722573386981,0.005327611234654695
A2,69.0,0.8933002481389578,0.8831521598027356,0.005395832463342396
A2,70.0,0.890818858560794,0.8839167712339474,0.0052841474881494144
A2,71.0,0.8933002481389578,0.8836353405014521,0.005212954240811171
A2,72.0,0.890818858560794,0.8801301754609692,0.005544721349423522
A2,73.0,0.8883374689826302,0.8796040485166252,0.005399310078919368
A2,74.0,0.8883374689826302,0.8806620241206967,0.005360312766068117
A2,75.0,0.8883374689826302,0.878066052029727,0.005349691659543201
A2,76.0,0.8858560794044665,0.876332808186363,0.005144690595458761
A2,77.0,0.8858560794044665,0.8778554984578115,0.005155186687634542
A2,78.0,0.8858560794044665,0.8746610063674632,0.005134033421385314
A2,79.0,0.8833746898263027,0.8734695804657215,0.005326051463010969
A2,80.0,0.8833746898263027,0.8721820951434576,0.005467207378982364
A2,81.0,0.8833746898263027,0.8719195369882847,0.005320243048067854
A2,82.0,0.8833746898263027,0.8670182847940489,0.005316776645131136
A2,83.0,0.8808933002481389,0.8702550820299582,0.005063393167428855
A2,84.0,0.8808933002481389,0.8672276127611501,0.005096232750753343
A2,85.0,0.8808933002481389,0.8676525852424357,0.005141846562281751
A2,86.0,0.8784119106699751,0.8642601849616944,0.0052716225418391735
A2,87.0,0.8784119106699751,0.8647900735335559,0.005258074728666551
A2,88.0,0.8759305210918115,0.8635529802513844,0.005165367106023744
A2,89.0,0.8759305210918115,0.8611131239134229,0.00510823426505647
A2,90.0,0.8759305210918115,0.8597994632038066,0.005174950491245126
A2,91.0,0.8759305210918115,0.8585336708553097,0.005234850556139662
A2,92.0,0.8734491315136477,0.8570033444984109,0.005079953609759626
A2,93.0,0.8734491315136477,0.853956023652312,0.005176945945489733
A2,94.0,0.8709677419354839,0.8553532107523073,0.004924142561416842
A2,95.0,0.8709677419354839,0.8521727376549414,0.005009871932591052
A2,96.0,0.8709677419354839,0.8552584906496888,0.0048631310567125614
A2,97.0,0.8734491315136477,0.8537176195565236,0.004957698274304405
A2,98.0,0.8709677419354839,0.8499276374527935,0.0050975385965908735
A2,99.0,0.8684863523573201,0.8509443156934202,0.004991066819725743
A2,100.0,0.8684863523573201,0.8505709383405013,0.004833158217278375
A2,101.0,0.8684863523573201,0.8500139399352828,0.004871430852396647
A2,102.0,0.8684863523573201,0.8468719473323763,0.004955655190640691
A2,103.0,0.8660049627791563,0.8443148844577014,0.0052277002291535105
A2,104.0,0.8660049627791563,0.8425089616045568,0.005131222214916444
A2,105.0,0.8660049627791563,0.8442300683395757,0.004929904303498939
A2,106.0,0.8635235732009926,0.8443646741705852,0.004777853745565285
A2,107.0,0.8635235732009926,0.8419959671019601,0.004771568858335783
A2,108.0,0.8610421836228288,0.8397537124103047,0.004851592150840667
A2,109.0,0.8635235732009926,0.8399663193000636,0.004740821459381651
A2,110.0,0.8610421836228288,0.8373918281728946,0.004947213912158975
A2,111.0,0.8610421836228288,0.8380662005239945,0.004838464847990177
A2,112.0,0.8610421836228288,0.8356167831991781,0.00482381598202114
A2,113.0,0.858560794044665,0.8316769247446365,0.004886477883034632
A2,114.0,0.858560794044665,0.8348397651231084,0.004870355548479685
A2,115.0,0.858560794044665,0.8328972845308149,0.00469876521968529
A2,116.0,0.8560794044665012,0.8298679862427001,0.004975109778286275
A2,117.0,0.8560794044665012,0.8303322917370521,0.005000229955058598
A2,118.0,0.8535980148883374,0.8288187038605834,0.004957932072744738
A2,119.0,0.8535980148883374,0.8240923107878226,0.005099454238892938
A2,120.0,0.8535980148883374,0.8263756125509447,0.00475432494727457
A2,121.0,0.8535980148883374,0.82648453704631,0.00486858841518486
A2,122.0,0.8511166253101737,0.825575082852306,0.004755583742615986
A2,123.0,0.8511166253101737,0.823086972038235,0.004734851829169594
A2,124.0,0.8511166253101737,0.818963642394554,0.004834076339328074
A2,125.0,0.8486352357320099,0.8220432806820905,0.004960170067103375
A2,126.0,0.8461538461538461,0.8175785570969248,0.005028228804673022
A2,127.0,0.8461538461538461,0.8190139330379947,0.004866736228647213
A2,128.0,0.8486352357320099,0.8185632996859714,0.004818735065545174
A2,129.0,0.8461538461538461,0.8159481123006723,0.005034290298085691
A2,130.0,0.8436724565756824,0.8142751673340858,0.004973184798773414
A2,131.0,0.8461538461538461,0.8122649681397323,0.005137529135120386
A2,132.0,0.8461538461538461,0.8097109634636486,0.005321280791917873
A2,133.0,0.8436724565756824,0.8122801840002106,0.004935848098989548
A2,134.0,0.8411910669975186,0.8093760497304224,0.005168477481986735
A2,135.0,0.8411910669975186,0.8091470058500582,0.004957805455009404
A2,136.0,0.8387096774193549,0.8075805842788152,0.004957341895734873
A2,137.0,0.8387096774193549,0.8054573460517869,0.005087389326699663
A2,138.0,0.8387096774193549,0.8060571950159019,0.005023186951253283
A2,139.0,0.8362282878411911,0.8040814361328912,0.0050750765214656384
A2,140.0,0.8362282878411911,0.8033885968159064,0.005210061854570356
A2,141.0,0.8337468982630273,0.8051428762877548,0.0052793188629931395
A2,142.0,0.8362282878411911,0.8008105762359407,0.00514374417203592
A2,143.0,0.8362282878411911,0.7961869467621172,0.0055976676937631075
A2,144.0,0.8337468982630273,0.7952114826551215,0.005388140160008657
A2,145.0,0.8312655086848635,0.7987896561246968,0.005415460185490749
A2,146.0,0.8312655086848635,0.7945571409116959,0.005469276754718715
A2,147.0,0.8287841191066998,0.7943124322948723,0.005535600688127965
A2,148.0,0.8287841191066998,0.7923632335149504,0.005394349834367939
A2,149.0,0.8287841191066998,0.7907671815208089,0.005859311165871053
A2,150.0,0.8287841191066998,0.792229612295386,0.005733911614887957
A2,151.0,0.826302729528536,0.7861287031738972,0.005868534176752683
A2,152.0,0.826302729528536,0.7844680325150273,0.005614955494308416
A2,153.0,0.8238213399503722,0.7857608347782614,0.005740413170139557
A2,154.0,0.8238213399503722,0.7813362080081446,0.005847798197785044
A2,155.0,0.8213399503722084,0.7804965561012882,0.006081351240521176
A2,156.0,0.8213399503722084,0.7792574522219972,0.006127947546067426
A2,157.0,0.8213399503722084,0.7798536223953981,0.005793494960052265
A2,158.0,0.8188585607940446,0.7883933609564443,0.005549824661747547
A2,159.0,0.8163771712158809,0.7868338431665676,0.0051218983013355205
A2,160.0,0.8163771712158809,0.7866147246342556,0.005897503100749832
A2,161.0,0.8138957816377171,0.7819364068648897,0.005448623998444163
A2,162.0,0.8138957816377171,0.7821336973953104,0.005842426816080335
A2,163.0,0.8114143920595533,0.7812021781384619,0.005765320631115581
A2,164.0,0.8114143920595533,0.780644617244104,0.005794011435300529
A2,165.0,0.8089330024813896,0.7781893340612184,0.006064040921164132
A2,166.0,0.8064516129032258,0.7756323748401148,0.005960156448473775
A2,167.0,0.8064516129032258,0.7761524548134784,0.006046833920081754
A2,168.0,0.8039702233250621,0.7733882828705487,0.006032554764596342
A2,169.0,0.8014888337468983,0.7722586606417894,0.006207777906858247
A2,170.0,0.8014888337468983,0.7683953543973178,0.0060710787429151935
A2,171.0,0.7990074441687345,0.7688005753844064,0.0067598633688878305
A2,172.0,0.7965260545905707,0.768604005586629,0.006896717458911967
A2,173.0,0.7965260545905707,0.7653415112160336,0.006827744094724219
A2,174.0,0.794044665012407,0.7624312421619828,0.006867142514190276
A2,175.0,0.7915632754342432,0.763438497159185,0.006990019401466129
A2,176.0,0.7915632754342432,0.7596871657157346,0.007189565465838222
A2,177.0,0.7890818858560794,0.758442818887984,0.007286853013114727
A2,178.0,0.7866004962779156,0.7566517084149877,0.007255256984346894
A2,179.0,0.7866004962779156,0.755525369931757,0.007969796047878102
A2,180.0,0.7841191066997518,0.751297253307919,0.007813260091086629
A2,181.0,0.7816377171215881,0.7496434706139625,0.007953348115129604
A2,182.0,0.7791563275434243,0.746353014828249,0.008149735323194827
A2,183.0,0.7766749379652605,0.7457365746028999,0.008477037070592126
A2,184.0,0.7741935483870968,0.7415787689915846,0.008367476872190235
A2,185.0,0.7741935483870968,0.7397502040589987,0.00902763757036133
A2,186.0,0.771712158808933,0.7365416235438313,0.008931721463479692
A2,187.0,0.7667493796526055,0.7351355205688556,0.008641596629519112
A2,188.0,0.7642679900744417,0.7350170670656417,0.0087942969705226
A2,189.0,0.7617866004962779,0.7336211465270025,0.008892788006293078
A2,190.0,0.7593052109181141,0.7316610286467651,0.008951874007000997
A2,191.0,0.7568238213399504,0.7309951550634748,0.009456757170825232
A2,192.0,0.7568238213399504,0.7262845985394144,0.009387308776013554
A2,193.0,0.7518610421836228,0.7261020745193137,0.009475384520899474
A2,194.0,0.749379652605459,0.7264035129782532,0.009884365696394554
A2,195.0,0.749379652605459,0.7222850227877975,0.010240032792048796
A2,196.0,0.7444168734491315,0.7196350239006103,0.01011986091640046
A2,197.0,0.7419354838709677,0.7168249491312333,0.010351879424758447
A2,198.0,0.739454094292804,0.715628772127841,0.00994870115047733
A2,199.0,0.7344913151364765,0.7144985709063485,0.01057729549060278
A2,200.0,0.7320099255583127,0.7152262793982912,0.010342801122746385
A2,201.0,0.7295285359801489,0.7103391898617655,0.010515517552679219
A2,202.0,0.7270471464019851,0.7078373743362165,0.010533865686321836
A2,203.0,0.7245657568238213,0.712840320005443,0.012235308492892723
A2,204.0,0.7196029776674938,0.7046786542821853,0.011416019339373982
A2,205.0,0.71712158808933,0.709471356464894,0.012681240931688346
A2,206.0,0.7121588089330024,0.7031425608368981,0.011659801994398452
A2,207.0,0.7146401985111662,0.7099637076878617,0.01337146720310309
A2,208.0,0.707196029776675,0.6935212369702725,0.011222280042743369
A2,209.0,0.707196029776675,0.7018565911739094,0.013131109105499932
A2,210.0,0.6997518610421837,0.6942470754104055,0.011343856458087841
A2,211.0,0.6972704714640199,0.6958943176697441,0.012190206838746439
A2,212.0,0.6923076923076923,0.6859658810760194,0.011811414419850392
A2,213.0,0.6898263027295285,0.6843002365726345,0.011710927625707985
A2,214.0,0.6873449131513648,0.6875398151789669,0.011577447647375732
A2,215.0,0.684863523573201,0.6824926164309372,0.011966831133035583
A2,216.0,0.6823821339950372,0.6834409620617848,0.011430592773957842
A2,217.0,0.6823821339950372,0.6818465855705099,0.011968513495305973
A2,218.0,0.6823821339950372,0.6818377149917525,0.013022988376937585
A2,219.0,0.6774193548387096,0.6776590946686417,0.01226925658079918
A2,220.0,0.674937965260546,0.6791579654607347,0.012448572216709272
A2,221.0,0.6724565756823822,0.67778907302635,0.012687596084102928
A2,222.0,0.6699751861042184,0.6770858923158499,0.012943296287105102
A2,223.0,0.6674937965260546,0.669641142799219,0.012981218528494907
A2,224.0,0.6650124069478908,0.6725839489636687,0.012883035868220948
A2,225.0,0.6625310173697271,0.6702749462883277,0.013486627583346011
A2,226.0,0.6600496277915633,0.6692797930376388,0.013478477951201278
A2,227.0,0.6550868486352357,0.6644788267951359,0.014582364107980984
A2,228.0,0.6501240694789082,0.6648503357648743,0.013725796120175413
A2,229.0,0.6476426799007444,0.6636203496013341,0.013891499384558456
A2,230.0,0.6426799007444168,0.6608379439714749,0.013947969976230205
A2,231.0,0.6401985111662531,0.6604912157634664,0.01463740531425984
A2,232.0,0.6377171215880894,0.6584193622891158,0.01478490973920994
A2,233.0,0.6327543424317618,0.6555033837011454,0.014296012911817315
A2,234.0,0.630272952853598,0.6573897103429952,0.015265365859957301
A2,235.0,0.6203473945409429,0.6508908758250516,0.01575251231366874
A2,236.0,0.6203473945409429,0.6536512035929432,0.01750609807071979
A2,237.0,0.6153846153846154,0.6522264731410267,0.016284551035754328
A2,238.0,0.607940446650124,0.6435639897736846,0.01665537576810084
A2,239.0,0.6029776674937966,0.6435950180518579,0.017316403891398397
A2,240.0,0.5955334987593052,0.6441935255382476,0.017679163423173848
A2,241.0,0.5955334987593052,0.6478966854457361,0.020290798731245997
A2,242.0,0.5856079404466501,0.6367029963709125,0.01839624065809229
A2,243.0,0.5831265508684863,0.6443361455912333,0.020116977289265373
A2,244.0,0.5732009925558312,0.6351217959531046,0.019147991647666923
A2,245.0,0.5707196029776674,0.6425528482107661,0.021600097528676546
A2,246.0,0.5583126550868487,0.6300659779186115,0.02060581336248298
A2,247.0,0.5558312655086849,0.6396207631229923,0.023401438543964034
A2,248.0,0.5459057071960298,0.6339797978431676,0.023679719903197897
A2,249.0,0.5359801488833746,0.6274816775824252,0.020601682791100057
A2,250.0,0.5359801488833746,0.6332080142485983,0.023286702849658097
A2,251.0,0.5260545905707196,0.622129731509429,0.021497248901290917
A2,252.0,0.5210918114143921,0.6220160289677528,0.02346878092420399
A2,253.0,0.5161290322580645,0.6235739746116042,0.024259284347426056
A2,254.0,0.511166253101737,0.6311121959352397,0.02645882154514981
A2,255.0,0.4987593052109181,0.6235820350030461,0.025631861277237124
A2,256.0,0.49379652605459057,0.6228057283864752,0.025930876548676957
A2,257.0,0.48635235732009924,0.6163197136961555,0.024825643225025982
A2,258.0,0.4813895781637717,0.615940220067752,0.02539870961766606
A2,259.0,0.47642679900744417,0.6105164171564331,0.02533614683146213
A2,260.0,0.46898263027295284,0.6158755996582198,0.026194931082787584
A2,261.0,0.46153846153846156,0.6081379717412928,0.026027631082059743
A2,262.0,0.456575682382134,0.6120988027399158,0.028840580960708687
A2,263.0,0.4491315136476427,0.6033896658539497,0.02674735711584925
A2,264.0,0.4441687344913151,0.6089488031976056,0.029720240758420554
A2,265.0,0.4292803970223325,0.5923750750509311,0.028329375402128463
A2,266.0,0.41935483870967744,0.59147304652394,0.030076443168129536
A3,1.0,1.0,0.9381134751611442,0.012060381252657085
A3,2.0,0.9973753280839895,0.9343352347205527,0.013618164551460657
A3,3.0,0.994750656167979,0.930368679037428,0.01373234788461046
A3,4.0,0.994750656167979,0.9303928965895389,0.012592334137264054
A3,5.0,0.9921259842519685,0.9278810900705856,0.01399669281021344
A3,6.0,0.9921259842519685,0.9302792776617108,0.01290210844470445
A3,7.0,0.989501312335958,0.9281718937264091,0.012751718253799796
A3,8.0,0.9868766404199475,0.9241778920921101,0.013483304513498714
A3,9.0,0.9868766404199475,0.9222712097006582,0.013291397950366855
A3,10.0,0.984251968503937,0.9193053258342123,0.014008613207260618
A3,11.0,0.984251968503937,0.9173581785250865,0.013720738339241015
A3,12.0,0.9816272965879265,0.9147543071079306,0.01460177659272511
A3,13.0,0.9816272965879265,0.9168450634480334,0.013142844149422248
A3,14.0,0.9816272965879265,0.9157180734771936,0.01347138103192869
A3,15.0,0.979002624671916,0.9134056671075634,0.014235098114543931
A3,16.0,0.979002624671916,0.9148749850817737,0.013576839558735418
A3,17.0,0.9763779527559056,0.9131443812725184,0.013022342395732637
A3,18.0,0.973753280839895,0.9099844598729476,0.014361672721868245
A3,19.0,0.973753280839895,0.9088354912288562,0.013478544380689624
A3,20.0,0.973753280839895,0.9134502819607391,0.011966801994012923
A3,21.0,0.973753280839895,0.9094561878410518,0.012373611701434977
A3,22.0,0.973753280839895,0.9091840035766607,0.01197663223554439
A3,23.0,0.973753280839895,0.9074017443287792,0.012033856141405388
A3,24.0,0.9711286089238845,0.9044749992624307,0.012217906159991737
A3,25.0,0.9711286089238845,0.9041333356446766,0.012642015497177311
A3,26.0,0.968503937007874,0.9040788770510573,0.012922239140669674
A3,27.0,0.968503937007874,0.9001907245783509,0.01278681162487802
A3,28.0,0.9658792650918635,0.9030428654667289,0.012008947105877795
A3,29.0,0.968503937007874,0.9000265638677509,0.013204398368917528
A3,30.0,0.9658792650918635,0.9003848869331375,0.012298560928174367
A3,31.0,0.9658792650918635,0.8993418694659014,0.012432734111257124
A3,32.0,0.963254593175853,0.8975170041512497,0.01248647375356083
A3,33.0,0.963254593175853,0.8977054078807101,0.012334283785225966
A3,34.0,0.9606299212598425,0.8951191469940178,0.013929974307322776
A3,35.0,0.963254593175853,0.8921012072797594,0.012060754572716367
A3,36.0,0.9606299212598425,0.8927084171902003,0.01202021759098754
A3,37.0,0.9606299212598425,0.8914838715643257,0.012056657586671495
A3,38.0,0.9606299212598425,0.8911020536807301,0.012525193196193968
A3,39.0,0.958005249343832,0.8880989336294005,0.013128418899991917
A3,40.0,0.958005249343832,0.8885304931329058,0.012679381157325472
A3,41.0,0.958005249343832,0.887780448777281,0.012560498211095457
A3,42.0,0.958005249343832,0.8856322933484904,0.012874628949692577
A3,43.0,0.9553805774278216,0.8867275386315217,0.012248173491072618
A3,44.0,0.9553805774278216,0.8854161097572275,0.012760344629587023
A3,45.0,0.952755905511811,0.8852773948138524,0.012323005540900819
A3,46.0,0.952755905511811,0.8854995018032528,0.012281852968155737
A3,47.0,0.952755905511811,0.8844757898158996,0.012279014955424144
A3,48.0,0.952755905511811,0.8815923935604705,0.012788032874615303
A3,49.0,0.952755905511811,0.8803572162168091,0.012813325096948856
A3,50.0,0.952755905511811,0.8803885453987422,0.01229203402682186
A3,51.0,0.9501312335958005,0.8809386676266433,0.012029512519058939
A3,52.0,0.9501312335958005,0.8770776592684016,0.012607124709458796
A3,53.0,0.94750656167979,0.8770514127299042,0.012996295168540204
A3,54.0,0.94750656167979,0.8750788656295942,0.013021815672405799
A3,55.0,0.94750656167979,0.8774882489104526,0.01223428742681513
A3,56.0,0.9422572178477691,0.8789518126513485,0.012298558464473159
A3,57.0,0.9448818897637795,0.876721169269143,0.011797550233497172
A3,58.0,0.9448818897637795,0.8763365778837869,0.012142095711699658
A3,59.0,0.9448818897637795,0.8745852780093293,0.012334517479729207
A3,60.0,0.9422572178477691,0.8736076740803335,0.012258410595419173
A3,61.0,0.9422572178477691,0.8731403635361392,0.011867056801904677
A3,62.0,0.9422572178477691,0.8696611336219014,0.011974183143449309
A3,63.0,0.9422572178477691,0.871385344061572,0.012509289585655121
A3,64.0,0.9422572178477691,0.869565906094588,0.011717800044721186
A3,65.0,0.9396325459317585,0.8698466797348026,0.01128284121771674
A3,66.0,0.9396325459317585,0.8718746566065939,0.011922694613095202
A3,67.0,0.937007874015748,0.8701104275729887,0.011467185045326091
A3,68.0,0.937007874015748,0.8709460037480271,0.011474601355660027
A3,69.0,0.937007874015748,0.8682948760747019,0.011820380217758998
A3,70.0,0.937007874015748,0.8689226247700209,0.011349955604969805
A3,71.0,0.9343832020997376,0.8687409222141317,0.011204267780287009
A3,72.0,0.9343832020997376,0.8661428614465021,0.01157164705044422
A3,73.0,0.9343832020997376,0.8647519685763342,0.011611873717267919
A3,74.0,0.9343832020997376,0.8627124377087716,0.012059850610447823
A3,75.0,0.9343832020997376,0.8650725845434548,0.012083600657984946
A3,76.0,0.931758530183727,0.8636425621744609,0.012133628414777501
A3,77.0,0.931758530183727,0.8669267167095085,0.011408629562415187
A3,78.0,0.9291338582677166,0.8600878602045476,0.011992558191675173
A3,79.0,0.9291338582677166,0.86242346178874,0.012242669551053601
A3,80.0,0.9291338582677166,0.8598206721069348,0.011614173023575083
A3,81.0,0.9291338582677166,0.8604282909124471,0.011837158966846865
A3,82.0,0.9291338582677166,0.8602613983086024,0.011998938687891248
A3,83.0,0.926509186351706,0.8581657603825272,0.012191301103167315
A3,84.0,0.926509186351706,0.8588627492037793,0.012373613910422987
A3,85.0,0.926509186351706,0.8610240025251594,0.011729308797276019
A3,86.0,0.9238845144356955,0.8601340590859046,0.01201405041451927
A3,87.0,0.9238845144356955,0.8598321679723,0.011793209132698268
A3,88.0,0.9212598425196851,0.8572253251151651,0.011876905071165674
A3,89.0,0.9212598425196851,0.8544275116406338,0.012821319531700707
A3,90.0,0.9212598425196851,0.8532074422111544,0.012855757166581524
A3,91.0,0.9186351706036745,0.8556177979021197,0.012900194435046237
A3,92.0,0.9186351706036745,0.8533430694068924,0.01317298381534633
A3,93.0,0.916010498687664,0.8473024322349723,0.01395733880461098
A3,94.0,0.9133858267716536,0.8508833650684191,0.012712165306076556
A3,95.0,0.9133858267716536,0.848248236412059,0.014204423764200072
A3,96.0,0.916010498687664,0.8545475233780374,0.014710928582553727
A3,97.0,0.9133858267716536,0.8534943644499178,0.014773137303542341
A3,98.0,0.910761154855643,0.8523975862653947,0.013929656620617077
A3,99.0,0.910761154855643,0.8516161357241119,0.013565467734858574
A3,100.0,0.910761154855643,0.8478738634147933,0.014768557576397107
A3,101.0,0.910761154855643,0.8516137424349502,0.014646764701265682
A3,102.0,0.9081364829396326,0.8487573699933693,0.014120277315186235
A3,103.0,0.9081364829396326,0.8486526978480394,0.014086933466602872
A3,104.0,0.9081364829396326,0.8491921419257308,0.014529677323991613
A3,105.0,0.905511811023622,0.8473514410953118,0.015133483358136048
A3,106.0,0.905511811023622,0.8475197765108322,0.014349960811196638
A3,107.0,0.9028871391076115,0.8434847882240617,0.014251054224316755
A3,108.0,0.905511811023622,0.8451086111887699,0.014767352347563904
A3,109.0,0.9028871391076115,0.8453516291048825,0.01483880247502607
A3,110.0,0.9028871391076115,0.8454213970665313,0.014518299428158866
A3,111.0,0.9028871391076115,0.8460954457497614,0.014663417977845039
A3,112.0,0.9002624671916011,0.8425842229748329,0.01473220069559738
A3,113.0,0.9002624671916011,0.8470590926882141,0.015389390795482398
A3,114.0,0.9002624671916011,0.8477679003962648,0.014835883475413782
A3,115.0,0.8976377952755905,0.845255935809462,0.015485673735392239
A3,116.0,0.8976377952755905,0.8451210459849308,0.015655782000190882
A3,117.0,0.89501312335958,0.844036035612632,0.015655326674331654
A3,118.0,0.89501312335958,0.8429278078990067,0.014625634411491532
A3,119.0,0.89501312335958,0.844178079923507,0.01513831704260484
A3,120.0,0.89501312335958,0.841241126137929,0.014432114179324744
A3,121.0,0.89501312335958,0.8434098491615754,0.016406422194980633
A3,122.0,0.8923884514435696,0.8417622177887375,0.01462566404638386
A3,123.0,0.8923884514435696,0.8426860512943644,0.015048780094919311
A3,124.0,0.8923884514435696,0.8424382291919023,0.015403176712407103
A3,125.0,0.8871391076115486,0.8391938138299844,0.013829119900610191
A3,126.0,0.8871391076115486,0.8417965047476325,0.014931684178791507
A3,127.0,0.889763779527559,0.8435545727738019,0.015237622867815446
A3,128.0,0.8871391076115486,0.8402296452540408,0.015111628219473686
A3,129.0,0.884514435695538,0.8387723105046698,0.014360013397968578
A3,130.0,0.884514435695538,0.8337544164566442,0.014203635559349923
A3,131.0,0.889763779527559,0.8397090445053925,0.014493110702803695
A3,132.0,0.8871391076115486,0.8390646866550486,0.0146668148239458
A3,133.0,0.884514435695538,0.8351658946194046,0.016140125022491836
A3,134.0,0.8818897637795275,0.8344452736225367,0.015385090824600793
A3,135.0,0.8818897637795275,0.843829135657328,0.015727711236856668
A3,136.0,0.8818897637795275,0.8387345749315946,0.015834169320905506
A3,137.0,0.8792650918635171,0.835592569702222,0.014832229949982048
A3,138.0,0.8792650918635171,0.8353936303425613,0.014639240175153497
A3,139.0,0.8792650918635171,0.8332559431606583,0.014935391788345742
A3,140.0,0.8792650918635171,0.8330437176274818,0.015005927227666381
A3,141.0,0.8792650918635171,0.8350884922250951,0.014865117732847561
A3,142.0,0.8818897637795275,0.8408039092138642,0.016723905195577995
A3,143.0,0.8766404199475065,0.83839809488124,0.014919814235699377
A3,144.0,0.8766404199475065,0.8378308772274854,0.015629507471351962
A3,145.0,0.8766404199475065,0.8376631244823979,0.01520486772338849
A3,146.0,0.8740157480314961,0.837730645263036,0.015215699339185379
A3,147.0,0.8740157480314961,0.8349398616107091,0.014942000870258773
A3,148.0,0.8740157480314961,0.8344382427750252,0.015017485746621472
A3,149.0,0.8740157480314961,0.8363256547598984,0.014791423128695776
A3,150.0,0.8713910761154856,0.8328382261372436,0.015533523702718587
A3,151.0,0.8713910761154856,0.835378188407351,0.015198967838203565
A3,152.0,0.8713910761154856,0.8328130089594685,0.015607265396939933
A3,153.0,0.8713910761154856,0.8316492799920151,0.01597012407700803
A3,154.0,0.868766404199475,0.8317141444523684,0.016257596208630258
A3,155.0,0.868766404199475,0.8349544580166974,0.015518289250742083
A3,156.0,0.868766404199475,0.8319893151647099,0.01507092800842906
A3,157.0,0.868766404199475,0.8314192680181252,0.014667994486269003
A3,158.0,0.8661417322834646,0.8388189581169522,0.009445713269561885
A3,159.0,0.863517060367454,0.8381304307705959,0.008993142450804199
A3,160.0,0.863517060367454,0.8398993143625036,0.009503901859266422
A3,161.0,0.8661417322834646,0.8422689946054607,0.010372201516171221
A3,162.0,0.863517060367454,0.8412164410170266,0.01003835414769715
A3,163.0,0.8608923884514436,0.8393207899151729,0.009742731326938798
A3,164.0,0.8608923884514436,0.8386046584405172,0.009933518652745325
A3,165.0,0.8608923884514436,0.8369002059291984,0.010147773027728178
A3,166.0,0.8582677165354331,0.8344454971872532,0.010090923260574872
A3,167.0,0.8582677165354331,0.8346166012519541,0.009452787133986486
A3,168.0,0.8582677165354331,0.8355959954411867,0.010351727304053347
A3,169.0,0.8556430446194225,0.832886637542549,0.009829471955461869
A3,170.0,0.8556430446194225,0.8336992810886767,0.009937926195076103
A3,171.0,0.8556430446194225,0.8349006382128079,0.010538537243577192
A3,172.0,0.8530183727034121,0.8339463918165511,0.01055231121400796
A3,173.0,0.8530183727034121,0.8351049978385214,0.010337736483890962
A3,174.0,0.8503937007874016,0.8332246125818547,0.010601907154119286
A3,175.0,0.8503937007874016,0.8349991968734298,0.010019399992011792
A3,176.0,0.8503937007874016,0.832743226212533,0.009953559575109558
A3,177.0,0.847769028871391,0.831393928569254,0.010426301278851528
A3,178.0,0.847769028871391,0.8295501232494028,0.010700851652788715
A3,179.0,0.8451443569553806,0.8294632914764881,0.010751975564631932
A3,180.0,0.8451443569553806,0.8325624845178334,0.010426117803429572
A3,181.0,0.8451443569553806,0.8335912058716933,0.010080138706971083
A3,182.0,0.84251968503937,0.8318877464444444,0.010621049804777436
A3,183.0,0.84251968503937,0.8293162866613873,0.01102488016673606
A3,184.0,0.8398950131233596,0.8294747604031967,0.010147546684712391
A3,185.0,0.8398950131233596,0.8268689986776185,0.010403219789716976
A3,186.0,0.8372703412073491,0.8267302644316701,0.011009284852634511
A3,187.0,0.8372703412073491,0.8263610665589389,0.010913203314659933
A3,188.0,0.8372703412073491,0.8272953595194851,0.010739614657531987
A3,189.0,0.8346456692913385,0.8279109093669839,0.010522242343716794
A3,190.0,0.8346456692913385,0.824093809256423,0.010927411056325602
A3,191.0,0.8320209973753281,0.826208047719023,0.010586514156109951
A3,192.0,0.8320209973753281,0.824060186672252,0.010706643935681447
A3,193.0,0.8320209973753281,0.8211733829482082,0.010890293284445837
A3,194.0,0.8293963254593176,0.8210014892976973,0.01063816927732709
A3,195.0,0.8267716535433071,0.8207570718710385,0.011194950071441426
A3,196.0,0.8267716535433071,0.8215139621966572,0.010608892350301076
A3,197.0,0.8267716535433071,0.8212913724338187,0.010746064679837018
A3,198.0,0.8241469816272966,0.8200703654789612,0.010615107992415204
A3,199.0,0.8241469816272966,0.8197003120393735,0.010969728615401164
A3,200.0,0.821522309711286,0.8176434406245146,0.010856622140638999
A3,201.0,0.821522309711286,0.817644623169093,0.010977019237753374
A3,202.0,0.8188976377952756,0.8197084265304132,0.0112010605101742
A3,203.0,0.821522309711286,0.8258306183377864,0.012557251289848735
A3,204.0,0.8136482939632546,0.8190427358614667,0.01211573971601568
A3,205.0,0.8162729658792651,0.822920891918892,0.012985085425020025
A3,206.0,0.8110236220472441,0.8177128415171789,0.011822599097236602
A3,207.0,0.8162729658792651,0.8200458782086848,0.013396080081494795
A3,208.0,0.8083989501312336,0.8171778199425461,0.011530297544173597
A3,209.0,0.8110236220472441,0.8149683934976932,0.01263166418902167
A3,210.0,0.8031496062992126,0.8100719081190779,0.010940607620390633
A3,211.0,0.8031496062992126,0.8125142513572006,0.011772231012206499
A3,212.0,0.800524934383202,0.8118368800200376,0.011389021108963105
A3,213.0,0.8031496062992126,0.8198503166290037,0.01420620358378258
A3,214.0,0.7979002624671916,0.8058279724227604,0.010591705058587763
A3,215.0,0.800524934383202,0.8134430582568329,0.01268590476138377
A3,216.0,0.7926509186351706,0.805225105213812,0.010794633703881564
A3,217.0,0.7979002624671916,0.8074141089058251,0.012594331187472644
A3,218.0,0.7926509186351706,0.8039547113887187,0.011643515280929537
A3,219.0,0.7952755905511811,0.8099903803481496,0.013162297061039538
A3,220.0,0.7874015748031497,0.8046124614925033,0.01150571283678249
A3,221.0,0.7874015748031497,0.8081502043093669,0.012590755239183815
A3,222.0,0.7847769028871391,0.800786235826506,0.011397881205135692
A3,223.0,0.7821522309711286,0.8015453468503737,0.011359966110620314
A3,224.0,0.7795275590551181,0.795006128171992,0.011344833839156122
A3,225.0,0.7821522309711286,0.8036090945108006,0.012824482244805915
A3,226.0,0.7769028871391076,0.7954103925051526,0.011649242553756085
A3,227.0,0.7769028871391076,0.8020206080081697,0.012999232726660478
A3,228.0,0.7716535433070866,0.7946005926031168,0.01160253254284278
A3,229.0,0.7716535433070866,0.8024086054158952,0.013613169620074179
A3,230.0,0.7664041994750657,0.793900123039583,0.011542452310711075
A3,231.0,0.7664041994750657,0.7994622805889866,0.01327629497807808
A3,232.0,0.7611548556430446,0.7887408420498029,0.011605542060771397
A3,233.0,0.7611548556430446,0.7973395007441044,0.012962392766597625
A3,234.0,0.7559055118110236,0.789566348473366,0.011993299099838105
A3,235.0,0.7559055118110236,0.7948056286906431,0.013801162530551211
A3,236.0,0.7506561679790026,0.7882860827285185,0.012118320783838133
A3,237.0,0.7480314960629921,0.7922809820949048,0.012731316577010793
A3,238.0,0.7427821522309711,0.7860556707223393,0.012950220537497125
A3,239.0,0.7427821522309711,0.7993610992461413,0.015171759742670621
A3,240.0,0.7349081364829396,0.787815713089349,0.013090123113419803
A3,241.0,0.7349081364829396,0.8008890844286739,0.015255696977291802
A3,242.0,0.7296587926509186,0.7904156002131191,0.014534787136185588
A3,243.0,0.7296587926509186,0.7984664035784526,0.015920244445163115
A3,244.0,0.7217847769028871,0.783959967021546,0.013877176664797864
A3,245.0,0.7217847769028871,0.7997674734602476,0.0171452314043904
A3,246.0,0.7139107611548556,0.7853450694928273,0.014236399245591964
A3,247.0,0.7139107611548556,0.7940994222167478,0.016112575918212586
A3,248.0,0.7086614173228346,0.7993369749659494,0.01871477168365719
A3,249.0,0.7034120734908137,0.7728403829879557,0.01455263109477918
A3,250.0,0.7007874015748031,0.7889561503573377,0.016448386474191952
A3,251.0,0.6955380577427821,0.7751606326124647,0.01566156871646705
A3,252.0,0.6929133858267716,0.7926753116574414,0.018978405809063927
A3,253.0,0.6876640419947506,0.7762488556988849,0.015440071185481912
A3,254.0,0.6850393700787402,0.7937319018717478,0.019037653789706635
A3,255.0,0.6771653543307087,0.7700781671449831,0.015675891154362267
A3,256.0,0.6745406824146981,0.791516362189801,0.02010646255551056
A3,257.0,0.6692913385826772,0.7727475322433275,0.018530033407205465
A3,258.0,0.6666666666666666,0.7745719823469885,0.019364526852233457
A3,259.0,0.6614173228346457,0.7626729796777814,0.016549513772428588
A3,260.0,0.6587926509186351,0.7661001165015738,0.018179648568418656
A3,261.0,0.6509186351706037,0.7546739355912394,0.016933965699786422
A3,262.0,0.6482939632545932,0.7698738110413708,0.02153855138844158
A3,263.0,0.6430446194225722,0.7563989233359331,0.019878508150783288
A3,264.0,0.6404199475065617,0.7722900800402683,0.02279433791015408
A3,265.0,0.6325459317585301,0.7714195625172372,0.024399441026250565
A3,266.0,0.6220472440944882,0.7501240129589479,0.02110141013469879
A4,1.0,1.0,1.035404950598396,0.011851439612893208
A4,2.0,0.9925187032418953,1.0306598919810166,0.010459362287523753
A4,3.0,0.9875311720698254,1.0236846253509153,0.010171718427351721
A4,4.0,0.9825436408977556,1.0202904019197372,0.010689036954880203
A4,5.0,0.9775561097256857,1.0173200961717055,0.010256521768490314
A4,6.0,0.972568578553616,1.0134216543848422,0.0094320208261144
A4,7.0,0.9675810473815462,1.0106947724663202,0.009210631107203179
A4,8.0,0.9625935162094763,1.008661791309967,0.008502494303725591
A4,9.0,0.9600997506234414,1.0076548176813993,0.008949120055926279
A4,10.0,0.9576059850374065,1.005404873083136,0.008846365702868076
A4,11.0,0.9551122194513716,1.0027793167716827,0.009232328993133082
A4,12.0,0.9526184538653366,1.0016101077261697,0.009329278393522954
A4,13.0,0.9476309226932669,0.9996935861526107,0.008739171073351934
A4,14.0,0.9476309226932669,0.9974909100960812,0.008630823498546861
A4,15.0,0.942643391521197,0.995264343141003,0.00835116327074351
A4,16.0,0.942643391521197,0.9938516909629213,0.008629591622718313
A4,17.0,0.940149625935162,0.9920909163213185,0.008449444645881828
A4,18.0,0.940149625935162,0.990229404111872,0.008990879407613894
A4,19.0,0.9376558603491272,0.9891845300373288,0.009108852710659428
A4,20.0,0.9351620947630923,0.9852755346805349,0.008663323136352935
A4,21.0,0.9351620947630923,0.9836798724454474,0.008435737406338932
A4,22.0,0.9326683291770573,0.9822856935131952,0.008053135002889
A4,23.0,0.9326683291770573,0.980459252917938,0.008141864945673991
A4,24.0,0.9301745635910225,0.9784363454087651,0.008022773641992458
A4,25.0,0.9276807980049875,0.9764497142707703,0.008082854374379141
A4,26.0,0.9276807980049875,0.9751498247031697,0.008174541429645412
A4,27.0,0.9276807980049875,0.974400255236018,0.008113855001294369
A4,28.0,0.9251870324189526,0.9726524164999593,0.00825058811214456
A4,29.0,0.9251870324189526,0.9721474117128501,0.007957523062325604
A4,30.0,0.9226932668329177,0.9671040194455218,0.008166677626382991
A4,31.0,0.9226932668329177,0.9690209063670405,0.007965596905421705
A4,32.0,0.9201995012468828,0.9678710406366517,0.007950640957726298
A4,33.0,0.9201995012468828,0.9660619678947402,0.007954031394985855
A4,34.0,0.9201995012468828,0.9642315716351132,0.007960339026222217
A4,35.0,0.9177057356608479,0.9644093705025707,0.0078877341955371
A4,36.0,0.9152119700748129,0.9621010923903116,0.007923164379082349
A4,37.0,0.9152119700748129,0.961243339569648,0.00781048034496537
A4,38.0,0.9152119700748129,0.95939303165803,0.007853220783100101
A4,39.0,0.912718204488778,0.9588261048970204,0.007628636629366464
A4,40.0,0.9152119700748129,0.956531281231927,0.007795499742050246
A4,41.0,0.912718204488778,0.9551207325186062,0.0077148595003174395
A4,42.0,0.912718204488778,0.9529817913577792,0.007932531442725899
A4,43.0,0.9102244389027432,0.9523814395912408,0.007697590816746535
A4,44.0,0.9077306733167082,0.9531523914563615,0.00781496651003657
A4,45.0,0.9077306733167082,0.949130565875826,0.007651581725158904
A4,46.0,0.9077306733167082,0.9472986405635454,0.007884041282720952
A4,47.0,0.9077306733167082,0.9524477998850811,0.007699953560295911
A4,48.0,0.9077306733167082,0.9464723582021872,0.007560893954190193
A4,49.0,0.9052369077306733,0.9444096975228906,0.007767690100904048
A4,50.0,0.9052369077306733,0.9435512867536253,0.007721534792515764
A4,51.0,0.9027431421446384,0.9421051050237095,0.007783012345939955
A4,52.0,0.9027431421446384,0.9426213554121873,0.007479748173515039
A4,53.0,0.9027431421446384,0.9422412115649836,0.007336221189378949
A4,54.0,0.9002493765586035,0.9397392575411758,0.007533960837197258
A4,55.0,0.9002493765586035,0.9388827677701794,0.007367327127251982
A4,56.0,0.9002493765586035,0.9374784563905317,0.007454382812413925
A4,57.0,0.9002493765586035,0.9372953168024933,0.0072573951340762334
A4,58.0,0.8977556109725686,0.9360009591061652,0.007257947557719862
A4,59.0,0.8952618453865336,0.934271919531295,0.007520815992432421
A4,60.0,0.8977556109725686,0.9336321335311499,0.007204892022284362
A4,61.0,0.8952618453865336,0.931318809408207,0.0073053627763941306
A4,62.0,0.8952618453865336,0.9291108104901582,0.007334463161012498
A4,63.0,0.8927680798004988,0.9294108839830911,0.007306906449431396
A4,64.0,0.8927680798004988,0.9296409571498014,0.007190521621224445
A4,65.0,0.8902743142144638,0.9258164460844134,0.007207546677716232
A4,66.0,0.8902743142144638,0.9249883833496555,0.007226237060715806
A4,67.0,0.8902743142144638,0.9250214383362361,0.007173775193052837
A4,68.0,0.8877805486284289,0.9244572289050283,0.00718467952346616
A4,69.0,0.8877805486284289,0.9244229785738302,0.0071742947830262275
A4,70.0,0.8877805486284289,0.9213523974350197,0.0070843252806919365
A4,71.0,0.885286783042394,0.920076731141074,0.007051695607700506
A4,72.0,0.885286783042394,0.9187857713353491,0.007150734301584166
A4,73.0,0.885286783042394,0.9189506218124753,0.007133924273124617
A4,74.0,0.8827930174563591,0.9150065532544313,0.007146320240737911
A4,75.0,0.8827930174563591,0.9143487975144755,0.007321238569068262
A4,76.0,0.8802992518703242,0.9151318414485878,0.007056155399464388
A4,77.0,0.8802992518703242,0.9119280632611098,0.006985760889322165
A4,78.0,0.8802992518703242,0.9127848853282248,0.0069578706548895424
A4,79.0,0.8802992518703242,0.908591090302602,0.006889352186333368
A4,80.0,0.8802992518703242,0.9072484798332814,0.0068592535723318495
A4,81.0,0.8778054862842892,0.9069090653935723,0.0069156280412521025
A4,82.0,0.8753117206982544,0.9065228441980689,0.006986489789329735
A4,83.0,0.8753117206982544,0.9062213522237839,0.006927981566245798
A4,84.0,0.8728179551122195,0.9050154166635161,0.006985792443816563
A4,85.0,0.8728179551122195,0.903435088100583,0.007093260493657455
A4,86.0,0.8728179551122195,0.8993980131343008,0.007157962387858405
A4,87.0,0.8703241895261845,0.8993252810936643,0.007244466167326667
A4,88.0,0.8703241895261845,0.8985104567160314,0.0069220700508128
A4,89.0,0.8678304239401496,0.8995829255991743,0.006896002552555171
A4,90.0,0.8678304239401496,0.8968741836539962,0.006757003213512122
A4,91.0,0.8653366583541147,0.8971955398018036,0.006849097369483055
A4,92.0,0.8653366583541147,0.8965111809447543,0.0071480671345796176
A4,93.0,0.8653366583541147,0.8922409678551133,0.0072201581923097636
A4,94.0,0.8653366583541147,0.8910173744543648,0.007251546013367773
A4,95.0,0.8628428927680798,0.8893407630963203,0.00707886438087306
A4,96.0,0.8628428927680798,0.8877987207336259,0.007234926870643468
A4,97.0,0.8603491271820449,0.886416377512707,0.007249623752730883
A4,98.0,0.85785536159601,0.8833305566868815,0.0073085137845722275
A4,99.0,0.85785536159601,0.8821237336821327,0.007281217713297661
A4,100.0,0.8553615960099751,0.8806753363256687,0.007373249384037877
A4,101.0,0.8553615960099751,0.878517173315078,0.007293676189277617
A4,102.0,0.8528678304239401,0.8770948528646721,0.007126840862576613
A4,103.0,0.8528678304239401,0.8748173570176421,0.007534078039411102
A4,104.0,0.8503740648379052,0.871876483386603,0.007638409966542656
A4,105.0,0.8503740648379052,0.867373302770708,0.0077068688715749905
A4,106.0,0.8503740648379052,0.8671791786856499,0.00789231691869577
A4,107.0,0.8478802992518704,0.8663428097554868,0.008017139680863282
A4,108.0,0.8478802992518704,0.8621952835121203,0.00826971641886991
A4,109.0,0.8428927680798005,0.8592187163029008,0.008114181937488833
A4,110.0,0.8428927680798005,0.8572655567883712,0.008153580241220216
A4,111.0,0.8428927680798005,0.8539202401947644,0.008658016280581802
A4,112.0,0.8379052369077307,0.8527459141162468,0.00859001368467441
A4,113.0,0.8379052369077307,0.8454281232015544,0.008784589013608712
A4,114.0,0.8354114713216958,0.8435553408650888,0.009021376753054481
A4,115.0,0.8329177057356608,0.8441109095468444,0.009066889947287906
A4,116.0,0.830423940149626,0.8389661382607139,0.00908946812928893
A4,117.0,0.830423940149626,0.8349297717021349,0.00939191569307092
A4,118.0,0.827930174563591,0.83343464016438,0.009543590661725101
A4,119.0,0.8254364089775561,0.8335329239656567,0.009446955062514114
A4,120.0,0.8254364089775561,0.8283208787125267,0.00927420649271201
A4,121.0,0.8229426433915212,0.8240507223426525,0.01012356240475022
A4,122.0,0.8229426433915212,0.8235196054764988,0.009980711710148114
A4,123.0,0.8204488778054863,0.8204124912272179,0.010042247879361792
A4,124.0,0.8204488778054863,0.8170150764496752,0.009786762707502774
A4,125.0,0.8204488778054863,0.8132291590927075,0.010549232832207121
A4,126.0,0.8254364089775561,0.8067579062540307,0.010992369421826896
A4,127.0,0.8179551122194514,0.8085593523628338,0.010368286158695058
A4,128.0,0.8179551122194514,0.8050613930334917,0.010510531245691323
A4,129.0,0.8179551122194514,0.8035551365094686,0.010509573160042028
A4,130.0,0.8179551122194514,0.8019662442081593,0.01055105888850003
A4,131.0,0.8179551122194514,0.7995487808980151,0.010762429227459732
A4,132.0,0.8129675810473815,0.7969768025069117,0.01072258941849705
A4,133.0,0.8104738154613467,0.797808523216945,0.010234218611681738
A4,134.0,0.8079800498753117,0.7986136111229095,0.010561925669335597
A4,135.0,0.8129675810473815,0.7912579244829888,0.010971278658831978
A4,136.0,0.8104738154613467,0.7883069597254992,0.01089483944715718
A4,137.0,0.8054862842892768,0.7908017484702585,0.010441044116686393
A4,138.0,0.8054862842892768,0.7910801762003535,0.01068581536533548
A4,139.0,0.8054862842892768,0.787718645644215,0.010495834929803539
A4,140.0,0.8029925187032418,0.786805372540632,0.010403253667004021
A4,141.0,0.8104738154613467,0.7801383067943094,0.01079098984831365
A4,142.0,0.8054862842892768,0.7800610560648344,0.01064562156859537
A4,143.0,0.800498753117207,0.7798501490957308,0.010416545982256055
A4,144.0,0.800498753117207,0.7758325386047349,0.010691045803210496
A4,145.0,0.800498753117207,0.7755736140843572,0.010474894746282862
A4,146.0,0.7980049875311721,0.7727069375435772,0.010862048345201368
A4,147.0,0.7980049875311721,0.7737514480201164,0.010630837442891339
A4,148.0,0.7980049875311721,0.7731568882791162,0.010476786635926912
A4,149.0,0.7955112219451371,0.7693953084533685,0.010393544583728423
A4,150.0,0.7930174563591023,0.7672543165169949,0.010198587784832121
A4,151.0,0.7930174563591023,0.7666027007320484,0.010175399072199477
A4,152.0,0.7905236907730673,0.7674975042371678,0.010160725399376484
A4,153.0,0.7905236907730673,0.7649310852724833,0.010431252109102325
A4,154.0,0.7880299251870324,0.7608105999018459,0.010454388383966099
A4,155.0,0.7880299251870324,0.7612938542768413,0.010703387885687778
A4,156.0,0.7855361596009975,0.76018173734292,0.010596127572646278
A4,157.0,0.7855361596009975,0.7597602599389817,0.010534842042366752
A4,158.0,0.7805486284289277,0.7602155098387204,0.01035323535315743
A4,159.0,0.7805486284289277,0.7577597920796088,0.010653001008621278
A4,160.0,0.7830423940149626,0.7507304017618669,0.010765111894419149
A4,161.0,0.7780548628428927,0.7511953261889459,0.010437278154735422
A4,162.0,0.7755610972568578,0.7535147459541409,0.010816106616016716
A4,163.0,0.7755610972568578,0.7522733645689824,0.010888748519462381
A4,164.0,0.773067331670823,0.748485765932448,0.010856244825800077
A4,165.0,0.770573566084788,0.7474674422289347,0.01101459343075588
A4,166.0,0.770573566084788,0.7460830715492421,0.010732784018814095
A4,167.0,0.7680798004987531,0.7462922857083584,0.010825584119036072
A4,168.0,0.7680798004987531,0.745729104928252,0.011171175364501807
A4,169.0,0.7655860349127181,0.7440329158112096,0.011281819115049023
A4,170.0,0.7630922693266833,0.7406416778281103,0.010948913295154145
A4,171.0,0.7630922693266833,0.7357259648177221,0.010982160351424868
A4,172.0,0.7605985037406484,0.7335442684205752,0.011143095477880465
A4,173.0,0.7581047381546134,0.7376829523907591,0.011074788849570574
A4,174.0,0.7556109725685786,0.7337642881181652,0.011419464248321059
A4,175.0,0.7531172069825436,0.73053540484793,0.011195577055509382
A4,176.0,0.7531172069825436,0.7270200342058104,0.011415026928081289
A4,177.0,0.7506234413965087,0.7284906221429196,0.011096773536344308
A4,178.0,0.7481296758104738,0.7251982762706977,0.011423095350926952
A4,179.0,0.7481296758104738,0.7208161018837037,0.01160398911593864
A4,180.0,0.7456359102244389,0.720410097893357,0.011715222013643755
A4,181.0,0.743142144638404,0.7210180748859575,0.01190274027449728
A4,182.0,0.7406483790523691,0.7147205277098503,0.011981098110860355
A4,183.0,0.7381546134663342,0.7153759677360427,0.011924554284815429
A4,184.0,0.7356608478802993,0.7132881048284752,0.012087767664042312
A4,185.0,0.7331670822942643,0.7084287998610614,0.012562105706721883
A4,186.0,0.7306733167082294,0.7095608455387283,0.012519279287304452
A4,187.0,0.7306733167082294,0.7082477322397127,0.01228709512441355
A4,188.0,0.7281795511221946,0.7027094271606461,0.012718861313143327
A4,189.0,0.7256857855361596,0.6983172195282347,0.012978628574923089
A4,190.0,0.7231920199501247,0.6983437587086005,0.01312196400533908
A4,191.0,0.7206982543640897,0.698024707373995,0.013346999718357695
A4,192.0,0.7182044887780549,0.6944153603438756,0.013210020372175656
A4,193.0,0.71571072319202,0.6903877954845448,0.013700262960214388
A4,194.0,0.713216957605985,0.6900748576424994,0.013639673254684034
A4,195.0,0.7107231920199502,0.6835583488315136,0.014086211107168943
A4,196.0,0.7082294264339152,0.6866193678211805,0.014584785307411812
A4,197.0,0.7057356608478803,0.6793298429652508,0.014513748246848876
A4,198.0,0.7007481296758105,0.6813191836058166,0.01478898974264451
A4,199.0,0.6982543640897756,0.6732421721457881,0.01546912836552321
A4,200.0,0.6957605985037406,0.669870252662892,0.015342854638997172
A4,201.0,0.6907730673316709,0.6677424721655686,0.01575463178124669
A4,202.0,0.6907730673316709,0.6608768200862899,0.017451506933702045
A4,203.0,0.683291770573566,0.6572973505506182,0.01630521403505619
A4,204.0,0.683291770573566,0.6558703482577851,0.01841189920861782
A4,205.0,0.6733167082294265,0.6500782243852041,0.017751391570513916
A4,206.0,0.6783042394014963,0.6439482939365568,0.018941199709948776
A4,207.0,0.6683291770573566,0.6450156794182226,0.018477799008442698
A4,208.0,0.6633416458852868,0.6372945248753811,0.0197085775240076
A4,209.0,0.6583541147132169,0.6340333339496683,0.02003353851644174
A4,210.0,0.6533665835411472,0.632091055628538,0.020442434375584823
A4,211.0,0.6483790523690773,0.6248810197512642,0.021111744216893026
A4,212.0,0.6408977556109726,0.6177762761327298,0.02131040145288979
A4,213.0,0.6334164588528678,0.6137429114796047,0.02371546525253463
A4,214.0,0.6309226932668329,0.6113548571095073,0.023974763316325587
A4,215.0,0.6259351620947631,0.6057002799723255,0.02529467473332744
A4,216.0,0.6184538653366584,0.6007967089580134,0.0253220427375795
A4,217.0,0.6159600997506235,0.6000406414967628,0.027133252395251394
A4,218.0,0.6059850374064838,0.5951173180523303,0.027334764750884158
A4,219.0,0.5985037406483791,0.5879415774417535,0.029167264428055978
A4,220.0,0.5935162094763092,0.5847269485626695,0.029925184666418126
A4,221.0,0.5860349127182045,0.5861310916920992,0.03242541076763302
A4,222.0,0.5810473815461347,0.5787626005561228,0.032973895909470245
A4,223.0,0.57356608478803,0.5785562819824215,0.03482022742247286
A4,224.0,0.5660847880299252,0.570650540599031,0.036046261844509944
A4,225.0,0.5586034912718204,0.5725909315888097,0.03755698152400352
A4,226.0,0.5511221945137157,0.5693744853379864,0.03994891953083074
A4,227.0,0.543640897755611,0.5747880216691374,0.04234383552579577
A4,228.0,0.5361596009975063,0.5668598261563265,0.04386825929939424
A4,229.0,0.5286783042394015,0.5776876843824716,0.04796276344667226
A4,230.0,0.5211970074812967,0.5715060550056567,0.0489961564907417
A4,231.0,0.5112219451371571,0.5799861019533241,0.053828230159100286
A4,232.0,0.5037406483790524,0.5720739101104542,0.056019218522530466
A4,233.0,0.49625935162094764,0.5861155845633328,0.06080776270940519
A4,234.0,0.4837905236907731,0.5894884376375226,0.06517234594413016
A4,235.0,0.4763092269326683,0.6085359145389447,0.07452616323879833
A4,236.0,0.46633416458852867,0.5966780235703817,0.07525586008205938
A4,237.0,0.45885286783042395,0.6095096013439484,0.08499930548234318
A4,238.0,0.4463840399002494,0.6296239841078294,0.09507453525300924
A4,239.0,0.43640897755610975,0.6385273634036004,0.10194186837183902
A4,240.0,0.42643391521197005,0.666700687751898,0.11712696094385462
A4,241.0,0.4164588528678304,0.6647482609743174,0.12328102127948982
A4,242.0,0.40399002493765584,0.6962465732977171,0.14326419100708043
A4,243.0,0.39650872817955113,0.7129108455316074,0.15581656471695673
A4,244.0,0.3865336658354115,0.7212351376873063,0.16467763537440377
A4,245.0,0.3765586034912718,0.7333425580059408,0.17934662462701348
A4,246.0,0.36658354114713215,0.7383316027851073,0.1878206647811801
A4,247.0,0.3566084788029925,0.7494975975875808,0.2046207313408859
A4,248.0,0.3491271820448878,0.75163118145148,0.21277618168817694
A4,249.0,0.33915211970074816,0.7473301567065656,0.2138647162271859
A4,250.0,0.3316708229426434,0.7585504305587385,0.2388645666061052
A4,251.0,0.32418952618453867,0.7547637255951724,0.24139963954566948
A4,252.0,0.3167082294264339,0.7545829930764183,0.2552757418008054
A4,253.0,0.30673316708229426,0.75077842409012,0.2624912076600535
A4,254.0,0.30174563591022446,0.745166786461423,0.27379078037768945
A4,255.0,0.2942643391521197,0.7406307377467563,0.2756244832347867
A4,256.0,0.286783042394015,0.7335767497615648,0.28588730953075464
A4,257.0,0.2793017456359102,0.7180408824215242,0.3000648959735596
A4,258.0,0.2743142144638404,0.7085688089249127,0.3061281952016981
A4,259.0,0.26683291770573564,0.7033352133211719,0.3094866011319092
A4,260.0,0.26433915211970077,0.6971060358564567,0.3117581831590674
A4,261.0,0.26184538653366585,0.6941122452894467,0.3125483718211431
A4,262.0,0.256857855361596,0.6737317337203315,0.3222275911853237
A4,263.0,0.2518703241895262,0.6719955646727228,0.3225838541361637
A4,264.0,0.24788029925187033,0.6497374636374834,0.33086999213717183
A4,265.0,0.24463840399002493,0.6353136009439248,0.337144545179799
A4,266.0,0.24064837905236908,0.6335596685580865,0.3367758227539232
A4,267.0,0.23541147132169576,0.6122177573233994,0.3424597147982644
A4,268.0,0.053865336658354114,0.5960228977422067,0.3471876295175197
A4,269.0,0.04937655860349127,0.5844284884013924,0.3488068910731776
A5,1.0,1.0,0.9634985452279679,0.009779698561871927
A5,2.0,0.9973890339425587,0.9604365931475802,0.010574054778803087
A5,3.0,0.9947780678851175,0.9588285653420385,0.009266972359975006
A5,4.0,0.9921671018276762,0.9571661637575984,0.009151569067948168
A5,5.0,0.9921671018276762,0.9536916924505368,0.008474600169991907
A5,6.0,0.9895561357702349,0.9523128713319415,0.009270151928091712
A5,7.0,0.9843342036553525,0.9523692774237478,0.009388084933924214
A5,8.0,0.9843342036553525,0.9500136585851939,0.008925980154006651
A5,9.0,0.9817232375979112,0.9513462620218385,0.010567193698385047
A5,10.0,0.97911227154047,0.9465142769774906,0.008973400217404958
A5,11.0,0.97911227154047,0.9490899375012436,0.0130096977039844
A5,12.0,0.9765013054830287,0.9463215545514915,0.012649289854645925
A5,13.0,0.9738903394255874,0.9456748087198368,0.011809580843121555
A5,14.0,0.9712793733681462,0.945376094259428,0.013714140176555737
A5,15.0,0.9712793733681462,0.9437654513182472,0.011730165722653941
A5,16.0,0.9686684073107049,0.94231635740975,0.01138521363163427
A5,17.0,0.9660574412532638,0.9412083707302932,0.012872566266888352
A5,18.0,0.9660574412532638,0.939029539013121,0.011435047616932374
A5,19.0,0.9660574412532638,0.936551332345795,0.012197159335438723
A5,20.0,0.9634464751958225,0.9376653367972017,0.012662046363685356
A5,21.0,0.9634464751958225,0.9369001695659042,0.013097786724454285
A5,22.0,0.9634464751958225,0.9365152508117006,0.014030518259918398
A5,23.0,0.9608355091383812,0.9362575079259836,0.015379307622540906
A5,24.0,0.95822454308094,0.9341805611554884,0.01623160221574846
A5,25.0,0.95822454308094,0.9349701923943632,0.016733495650204308
A5,26.0,0.9556135770234987,0.9331050754399237,0.014261906597782148
A5,27.0,0.9556135770234987,0.9309930343209372,0.01365761897089714
A5,28.0,0.9556135770234987,0.9285708320728493,0.012730621434287256
A5,29.0,0.9530026109660574,0.927034343629467,0.012836532212649772
A5,30.0,0.9530026109660574,0.9270845299728638,0.013234010754912455
A5,31.0,0.9503916449086162,0.9289300659194626,0.0167327820335218
A5,32.0,0.9477806788511749,0.9246595285525364,0.014028105663393494
A5,33.0,0.9477806788511749,0.9245757517461831,0.014053444455838861
A5,34.0,0.9477806788511749,0.9215283375666671,0.012792740470086562
A5,35.0,0.9477806788511749,0.9179806475055524,0.01206739101331812
A5,36.0,0.9451697127937336,0.9197614228277061,0.012459001992189609
A5,37.0,0.9425587467362925,0.9198601375687491,0.014487978047783108
A5,38.0,0.9425587467362925,0.9198353314183776,0.014399383384093049
A5,39.0,0.9399477806788512,0.9197179765232255,0.01666418231504656
A5,40.0,0.9399477806788512,0.9202267029670468,0.015911859318317147
A5,41.0,0.9399477806788512,0.9149523573991778,0.014643321344503588
A5,42.0,0.9399477806788512,0.9142316945284731,0.014853475594889769
A5,43.0,0.9373368146214099,0.9138540254715076,0.014576998359317323
A5,44.0,0.9347258485639687,0.9121308432115605,0.013464557138304934
A5,45.0,0.9347258485639687,0.9147091112352692,0.01530040055365481
A5,46.0,0.9321148825065274,0.9127132348483986,0.015075213661338177
A5,47.0,0.9321148825065274,0.9081474096357381,0.012489178383591724
A5,48.0,0.9321148825065274,0.9051663678879175,0.011673941873214027
A5,49.0,0.9321148825065274,0.9077472980247975,0.014544460670544556
A5,50.0,0.9295039164490861,0.9099209746883008,0.01694919438665545
A5,51.0,0.9295039164490861,0.9082074851525159,0.0143943802040419
A5,52.0,0.9268929503916449,0.9103039082306894,0.015752649805550085
A5,53.0,0.9242819843342036,0.9052047797707131,0.01444485450083069
A5,54.0,0.9268929503916449,0.9007510170320769,0.012002669844617937
A5,55.0,0.9216710182767625,0.9046541677015085,0.014870166419188612
A5,56.0,0.9242819843342036,0.8993146212725327,0.01275250170912683
A5,57.0,0.9190600522193212,0.8971804289467474,0.011882129320166687
A5,58.0,0.9216710182767625,0.89755860293101,0.011775161089643516
A5,59.0,0.9190600522193212,0.9001036198379828,0.013329261379490491
A5,60.0,0.9164490861618799,0.8983223733326737,0.01330795554829462
A5,61.0,0.9190600522193212,0.8952431824568393,0.013062217350827554
A5,62.0,0.9138381201044387,0.8971315961930658,0.014526856261728931
A5,63.0,0.9164490861618799,0.8901954262699756,0.011679071446828818
A5,64.0,0.9138381201044387,0.8918757645952604,0.012230670589564122
A5,65.0,0.9138381201044387,0.8902471626924826,0.011841752791546329
A5,66.0,0.9112271540469974,0.891843490311342,0.013895143728285287
A5,67.0,0.9086161879895561,0.890959461975762,0.014267624588263248
A5,68.0,0.9086161879895561,0.8901988647374316,0.014376736852171853
A5,69.0,0.9060052219321149,0.8893499334972886,0.014364345308514164
A5,70.0,0.9060052219321149,0.8906956027832212,0.014746173759584182
A5,71.0,0.9060052219321149,0.8831613227329699,0.012157062353553749
A5,72.0,0.9033942558746736,0.8832736794582761,0.012253263470569473
A5,73.0,0.9033942558746736,0.8811804868216414,0.012245762844873206
A5,74.0,0.9033942558746736,0.8801583043328799,0.012265507813344822
A5,75.0,0.9007832898172323,0.8807993340989376,0.014064461816915362
A5,76.0,0.9007832898172323,0.8786994303553232,0.014154460270142387
A5,77.0,0.8955613577023499,0.8805104399770066,0.014767205281840045
A5,78.0,0.8981723237597912,0.8762031386138122,0.012227746756437962
A5,79.0,0.8955613577023499,0.8772873245885023,0.013223649968299514
A5,80.0,0.8955613577023499,0.8742731105009796,0.01235432634859451
A5,81.0,0.8929503916449086,0.8779167123680256,0.014829447151203119
A5,82.0,0.8929503916449086,0.8707012712058906,0.012343958162833842
A5,83.0,0.8903394255874674,0.873320056930784,0.013742413672343445
A5,84.0,0.8903394255874674,0.8686229344462035,0.012406603165165132
A5,85.0,0.8877284595300261,0.8672729782177222,0.012571169481101745
A5,86.0,0.8851174934725848,0.8660773277275978,0.012827264433199606
A5,87.0,0.8851174934725848,0.8653944362885847,0.013526453462763677
A5,88.0,0.8825065274151436,0.8668104918554079,0.014138121103841406
A5,89.0,0.8798955613577023,0.8653691294787564,0.013374839011237274
A5,90.0,0.8798955613577023,0.8605677170903729,0.013020871164489464
A5,91.0,0.8772845953002611,0.8586881249688956,0.013136588032023791
A5,92.0,0.8720626631853786,0.8664602320051116,0.015006752480581287
A5,93.0,0.8720626631853786,0.860482777979843,0.014490630842974177
A5,94.0,0.8694516971279374,0.8550881142260005,0.013595740718892961
A5,95.0,0.8694516971279374,0.8487953794260769,0.012755381637347804
A5,96.0,0.8668407310704961,0.854641387321624,0.014981712326673877
A5,97.0,0.8642297650130548,0.8543286407666639,0.014038454694086516
A5,98.0,0.8616187989556136,0.8539864076963887,0.015477468866741825
A5,99.0,0.8590078328981723,0.8549867664927269,0.014641584178051323
A5,100.0,0.856396866840731,0.8516998730490589,0.014828517448050334
A5,101.0,0.8537859007832899,0.8527854765751319,0.015209543695626009
A5,102.0,0.8511749347258486,0.8499732522165449,0.015480474294114624
A5,103.0,0.8485639686684073,0.853213816279634,0.016249161689984908
A5,104.0,0.8459530026109661,0.853161631172578,0.01705999966969595
A5,105.0,0.8433420365535248,0.8556038063851148,0.018280494616467736
A5,106.0,0.8407310704960835,0.881593175709195,0.02668826831264266
A5,107.0,0.835509138381201,0.8475637924740806,0.01766655762656871
A5,108.0,0.8328981723237598,0.8567638233616643,0.020558499297353656
A5,109.0,0.8302872062663186,0.8648305786786002,0.02422902587267004
A5,110.0,0.8276762402088773,0.8511638077560242,0.02075483927156125
A5,111.0,0.825065274151436,0.8573076385825711,0.02342667382540374
A5,112.0,0.8198433420365535,0.8274284936892939,0.017658147605572255
A5,113.0,0.8198433420365535,0.8194854140510124,0.017606762931826135
A5,114.0,0.8172323759791122,0.8148076836167162,0.016367670465885272
A5,115.0,0.8120104438642297,0.807711839920253,0.016695544332955253
A5,116.0,0.804177545691906,0.8032930427954124,0.01570682661796706
A5,117.0,0.804177545691906,0.7969677044022431,0.015933039623847803
A5,118.0,0.7989556135770235,0.7924863916250835,0.016311222944469395
A5,119.0,0.7963446475195822,0.7871432093105746,0.016122899609441858
A5,120.0,0.7911227154046997,0.792602718924585,0.018003499257629636
A5,121.0,0.7859007832898173,0.777259166365269,0.015904450590017077
A5,122.0,0.7859007832898173,0.7799653882608457,0.01718824805355672
A5,123.0,0.7806788511749347,0.7716154361665947,0.016569532299900377
A5,124.0,0.7780678851174935,0.773296925622071,0.017670072504119463
A5,125.0,0.7728459530026109,0.753397515940546,0.01716060382119079
A5,126.0,0.7702349869451697,0.7522652689175275,0.016251901582191697
A5,127.0,0.7650130548302873,0.7532607381467097,0.017117907192395344
A5,128.0,0.762402088772846,0.7883057787994745,0.026048599603983657
A5,129.0,0.7571801566579635,0.7736230683025271,0.02424977092654009
A5,130.0,0.7545691906005222,0.7340164115240139,0.017898914728968127
A5,131.0,0.7493472584856397,0.748108384724989,0.0208989804878871
A5,132.0,0.7493472584856397,0.7656185989700102,0.025067275368572114
A5,133.0,0.7441253263707572,0.7617806734897312,0.025483608503430677
A5,134.0,0.7389033942558747,0.7094214536114616,0.01778821245041759
A5,135.0,0.7336814621409922,0.7305462302998845,0.02291548654411827
A5,136.0,0.7284595300261096,0.7210281862478009,0.022554880792045734
A5,137.0,0.7258485639686684,0.7059194277831562,0.020948194792406203
A5,138.0,0.7180156657963447,0.7238614563391267,0.026441942484924097
A5,139.0,0.7154046997389034,0.6986192718836133,0.02238245696137286
A5,140.0,0.7101827676240209,0.6703433295240091,0.02079807559827142
A5,141.0,0.6997389033942559,0.6646775321697601,0.019529473760609914
A5,142.0,0.6945169712793734,0.6647121805661249,0.021370535907624957
A5,143.0,0.6892950391644909,0.6598982009874039,0.022653729851709783
A5,144.0,0.6840731070496083,0.6634453693171103,0.025073629571333144
A5,145.0,0.6788511749347258,0.6458526074116312,0.022595822935959006
A5,146.0,0.6710182767624021,0.6357574968744629,0.020424537811403916
A5,147.0,0.6684073107049608,0.6342912137167954,0.025949777672342526
A5,148.0,0.660574412532637,0.6256989673303389,0.02399387228635699
A5,149.0,0.6579634464751958,0.6278998447656363,0.027202102465426245
A5,150.0,0.6527415143603134,0.6178898735694189,0.028512959426121847
A5,151.0,0.6475195822454308,0.6005279576506858,0.02641770715839876
A5,152.0,0.6422976501305483,0.5886911140236024,0.025391218775479025
A5,153.0,0.6344647519582245,0.5751981059641863,0.02644567333766888
A5,154.0,0.6292428198433421,0.5665054743668373,0.027763401602796417
A5,155.0,0.6240208877284595,0.5512371251946071,0.02439192051570375
A5,156.0,0.618798955613577,0.5474027044331706,0.028223688446597853
A5,157.0,0.6135770234986945,0.5372298712157764,0.027056709196729308
A5,158.0,0.608355091383812,0.5273288251439419,0.026621309257693414
A5,159.0,0.6005221932114883,0.5178695768635481,0.028144372261226423
A5,160.0,0.5953002610966057,0.5075405998644181,0.027671413175694038
A5,161.0,0.5900783289817232,0.4922340932999556,0.027947666294968938
A5,162.0,0.5848563968668408,0.4909475106674189,0.026438586639754895
A5,163.0,0.5796344647519582,0.47465424076422047,0.026519922130933717
A5,164.0,0.5718015665796344,0.45908426429281646,0.028056550996695434
A5,165.0,0.5639686684073107,0.4489011048183409,0.0276665190777206
A5,166.0,0.5587467362924282,0.44245003742805644,0.028463245325114166
A5,167.0,0.5535248041775457,0.4339366209384238,0.030216735695698917
A5,168.0,0.5456919060052219,0.42434507181389236,0.030135254674518976
A5,169.0,0.5404699738903395,0.42150485018156736,0.027818046830944035
A5,170.0,0.5326370757180157,0.4068974214127443,0.030281889413862496
A5,171.0,0.5274151436031331,0.4054932532668406,0.030048892747929084
A5,172.0,0.5195822454308094,0.39827610393620066,0.03034447843052431
A5,173.0,0.5143603133159269,0.3813099852561069,0.031512921805052975
A5,174.0,0.5065274151436031,0.37789525708739885,0.03213861230667561
A5,175.0,0.5013054830287206,0.37121288340333586,0.03254194345145221
A5,176.0,0.4934725848563969,0.3681828285505182,0.03416173539565475
A5,177.0,0.4856396866840731,0.3580612376088621,0.035127215478589366
A5,178.0,0.4804177545691906,0.3513975344928796,0.03442059980859209
A5,179.0,0.4725848563968668,0.3426447439837696,0.03664377351120129
A5,180.0,0.46475195822454307,0.33702815389655805,0.037458845237549734
A5,181.0,0.45691906005221933,0.32384215424819196,0.03759943865939152
A5,182.0,0.4490861618798956,0.3009456743031553,0.037007424368700505
A5,183.0,0.4412532637075718,0.2962370574109814,0.040188441794653765
A5,184.0,0.43342036553524804,0.2985585442344045,0.04096839061314847
A5,185.0,0.4255874673629243,0.2967301039204826,0.04245086020255996
A5,186.0,0.4177545691906005,0.2605896012229121,0.0408756391729325
A5,187.0,0.40992167101827676,0.24353733832116659,0.04173016283100554
A5,188.0,0.402088772845953,0.24692228472640215,0.0449278986658401
A5,189.0,0.391644908616188,0.19915795039911904,0.04193447534004906
A5,190.0,0.3838120104438642,0.17027013549856695,0.04039277312183351
A5,191.0,0.37597911227154046,0.15658285172356434,0.04121164565224862
A5,192.0,0.36553524804177545,0.13692491345118563,0.04330977881160189
A5,193.0,0.3577023498694517,0.11078372143186044,0.04096857767652904
A5,194.0,0.34986945169712796,0.09912933248259514,0.041867764292961754
A5,195.0,0.3394255874673629,0.08139565921194925,0.04058219634312326
A5,196.0,0.33159268929503916,0.0328549876111095,0.0400358636656081
A5,197.0,0.3237597911227154,0.029851667599412934,0.039155575825307626
A5,198.0,0.3185378590078329,0.008013935657804727,0.04168722271166947
A5,199.0,0.30809399477806787,-0.03449750532107798,0.03871636529013003
A5,200.0,0.3002610966057441,-0.056391273981541756,0.039165807227475785
A5,201.0,0.2924281984334204,-0.08534645275952557,0.03740240152413902
A5,202.0,0.2845953002610966,-0.11271789493896023,0.03336557515503329
A5,203.0,0.2741514360313316,-0.15220605369052465,0.033080900018351345
A5,204.0,0.26370757180156656,-0.15070849288487287,0.038062775588547246
A5,205.0,0.06318537859007833,-0.1404592249792106,0.031640473214926725
A5,206.0,0.05796344647519582,-0.16961983191643748,0.03320176713717411
A5,207.0,0.056657963446475196,-0.16478700010407787,0.034521055938972964
A5,208.0,0.05456919060052219,-0.14319276195767294,0.03266028478819114
A5,209.0,0.053263707571801565,-0.14718120934751178,0.03463197738421438
A5,210.0,0.05221932114882506,-0.1346865534317323,0.03457709091968174
A5,211.0,0.05039164490861619,-0.13842694281631118,0.03405729018148848
A5,212.0,0.04882506527415144,-0.10465845685039743,0.03394455922249123
A5,213.0,0.04699738903394256,-0.04297487779123066,0.03311959046428124
A5,214.0,0.04490861618798955,-0.059254101745403576,0.03398314856650178
A5,215.0,0.042819843342036555,-0.016150306528693315,0.03328717713311617
A5,216.0,0.0412532637075718,0.01734366744251914,0.03280010404734704
A5,217.0,0.04203655352480418,0.0014095165124844433,0.03439703524775246
A5,218.0,0.04308093994778068,-0.024067621935224603,0.03406509950799414
A5,219.0,0.04203655352480418,-0.003568838813364339,0.034832942758253625
A5,220.0,0.0433420365535248,-0.0084719512099245,0.0339452637233967
A5,221.0,0.04255874673629243,-0.02203318972490942,0.035361868749741836
A5,222.0,0.042819843342036555,-0.012274443126756629,0.03515508422007391
A5,223.0,0.04151436031331593,0.033561551756486785,0.03459574455931343
A5,224.0,0.0402088772845953,0.01723096900220089,0.03536897618588829
A5,225.0,0.038903394255874676,0.06055673346532264,0.03613186806454849
A5,226.0,0.038642297650130546,0.07200143404577697,0.03549102658498388
A5,227.0,0.03759791122715405,0.08402063198024046,0.03510141550334492
A5,228.0,0.037075718015665796,0.11835329792455607,0.03509653847744206
A5,229.0,0.03733681462140992,0.08712168981649804,0.03573544942439064
A5,230.0,0.0381201044386423,0.07527207234490274,0.03607922866041579
A5,231.0,0.0381201044386423,0.09505435514078386,0.036356719860775065
A5,232.0,0.038642297650130546,0.081387926054591,0.03632916844622684
A5,233.0,0.03838120104438642,0.06801157618954823,0.03781529657294456
A5,234.0,0.037859007832898174,0.10292620340171754,0.03796849544176933
A5,235.0,0.03733681462140992,0.09738095154299808,0.03871469123853529
A5,236.0,0.03681462140992167,0.1142278455918172,0.03720863991570069
A5,237.0,0.03629242819843342,0.14443626395505027,0.037612928196940565
A5,238.0,0.03629242819843342,0.13555119710092045,0.03839239843195652
A5,239.0,0.03577023498694517,0.14636660367037402,0.037209986304676076
A5,240.0,0.03498694516971279,0.18061903038200844,0.03789341747845768
A5,241.0,0.03472584856396867,0.18047344169195234,0.038035554257895655
A5,242.0,0.03446475195822454,0.18061466683402638,0.03792823022904665
A5,243.0,0.03420365535248042,0.19713851024993667,0.038696646516198224
A5,244.0,0.03446475195822454,0.20169848691981068,0.038820366747374956
A5,245.0,0.03446475195822454,0.18035046839999413,0.0380087398488064
A5,246.0,0.03420365535248042,0.201434120088121,0.039862682527386256
A5,247.0,0.03420365535248042,0.17651882283426656,0.04078725688204562
A5,248.0,0.033681462140992165,0.21124103564167446,0.03812227025287552
A5,249.0,0.03315926892950392,0.23192910872348144,0.03893362358442702
A5,250.0,0.03315926892950392,0.23314645989377708,0.040547429534366804
A5,251.0,0.03263707571801567,0.24134046775971452,0.039527511430905236
A5,252.0,0.032114882506527415,0.26708458283098324,0.04110927485495549
A5,253.0,0.03185378590078329,0.2522324317371097,0.04167842417688406
A5,254.0,0.03080939947780679,0.27621317922895927,0.0410157966223474
A5,255.0,0.030287206266318537,0.29372576018166047,0.041475579489014015
A5,256.0,0.029503916449086162,0.3048190195946298,0.04224172656884929
A5,257.0,0.029242819843342035,0.30812087861451,0.04253382926146736
A5,258.0,0.028720626631853787,0.313942815837712,0.043103181047772575
A5,259.0,0.02845953002610966,0.31645121239315926,0.04408127536560982
A5,260.0,0.02845953002610966,0.3191218191996029,0.04437332207773843
A5,261.0,0.02793733681462141,0.32140168598200763,0.043991919586922335
A5,262.0,0.027676240208877285,0.3262999999275721,0.04451201478455459
A5,263.0,0.02741514360313316,0.32887588496496084,0.04567430151352406
A5,264.0,0.027154046997389034,0.3277873218346783,0.045211919522881276
A5,265.0,0.02689295039164491,0.3272508551401007,0.04690034275103574
A5,266.0,0.026631853785900782,0.32126084942399974,0.04564073045655091
A5,267.0,0.02600522193211488,0.31804707517770664,0.04599378411578729
A5,268.0,0.02600522193211488,0.31858402588751383,0.04568760651983433
A5,269.0,0.025900783289817233,0.3158605535732157,0.047602570551320694
A5,270.0,0.025926892950391644,0.3170879977576679,0.0467552469270346
A5,271.0,0.025822454308093996,0.31564361679400527,0.04780221167383456
A5,272.0,0.025822454308093996,0.30880595309801123,0.04817414646632948
A5,273.0,0.02563968668407311,0.3240390509682296,0.04838080226076258
A5,274.0,0.025744125326370756,0.3093266127046345,0.04825015247237276
A5,275.0,0.025691906005221934,0.3235218026558511,0.04843358195671696
A5,276.0,0.02485639686684073,0.306424064349173,0.04996762366469274
A5,277.0,0.02472584856396867,0.29205746650191466,0.04886385764553733
A5,278.0,0.02451697127937337,0.28635752943797366,0.05038273657421688
A5,279.0,0.024334203655352483,0.2905927775453922,0.05039279635443721
A5,280.0,0.02381201044386423,0.26260257842942447,0.051082288074855806
A5,281.0,0.024073107049608355,0.26701503101917506,0.0515426376969649
A5,282.0,0.023864229765013057,0.2646577868446087,0.05191229823795598
A5,283.0,0.023968668407310705,0.2720014364553464,0.052531184321944535
A5,284.0,0.024099216710182766,0.26573973908368215,0.052437383122396576
A5,285.0,0.024360313315926894,0.2743110284012038,0.05175544032909448
A5,286.0,0.024151436031331592,0.2731680072881435,0.05281669516356422
A5,287.0,0.024281984334203654,0.2718120753180238,0.05216149252069114
A5,288.0,0.02412532637075718,0.27193280747057713,0.052683786688101905
A5,289.0,0.02360313315926893,0.25584437676053573,0.05329838459219379
A5,290.0,0.023446475195822453,0.23566519027324834,0.05368036518289122
A5,291.0,0.023342036553524806,0.23040572809157944,0.054721509477986346
A5,292.0,0.023080939947780682,0.23478971788816516,0.05466597175867935
A5,293.0,0.022872062663185377,0.21878774676380847,0.05612568478819689
A5,294.0,0.022689295039164493,0.20998555171012667,0.055891834829342533
A5,295.0,0.022637075718015667,0.2117003392314435,0.05581011154541058
A5,296.0,0.022715404699738904,0.19656845734677764,0.05644036859450496
A5,297.0,0.022140992167101827,0.18065868138399377,0.057076098043381505
A5,298.0,0.02240208877284595,0.20200608268811698,0.057212527163198496
A6,1.0,1.0,0.9929547268408012,0.002878489203386125
A6,2.0,0.995049504950495,0.9861008479836246,0.0029248330750874904
A6,3.0,0.9925742574257426,0.979585566603108,0.002771057805292877
A6,4.0,0.9900990099009901,0.9727973365007894,0.002934754879865974
A6,5.0,0.9851485148514851,0.9698020369063087,0.0027006803977353585
A6,6.0,0.9801980198019802,0.9673446518891593,0.0027220235241581796
A6,7.0,0.9777227722772277,0.9629889789953615,0.002788829543533478
A6,8.0,0.9752475247524752,0.960464052097628,0.0026817833651354255
A6,9.0,0.9727722772277227,0.9595141665972311,0.002788966788817551
A6,10.0,0.9702970297029703,0.957064045521925,0.0029063440063418306
A6,11.0,0.9678217821782178,0.9532646253459536,0.0027011886841186326
A6,12.0,0.9653465346534653,0.9532360960890068,0.002759083333619624
A6,13.0,0.9628712871287128,0.9507360837254655,0.0027316730220688775
A6,14.0,0.9603960396039604,0.9491206495444137,0.0027739558991248187
A6,15.0,0.9579207920792079,0.9463833227352221,0.0027696435303744744
A6,16.0,0.9579207920792079,0.9455315252451137,0.0027935264238925614
A6,17.0,0.9579207920792079,0.9446651367968126,0.0027963732903677615
A6,18.0,0.9554455445544554,0.9435117225055626,0.0028634178766375746
A6,19.0,0.9529702970297029,0.9422181492026036,0.002827183177755836
A6,20.0,0.9504950495049505,0.9410659445881121,0.00297708499950889
A6,21.0,0.9504950495049505,0.9375452331775612,0.002851590728607471
A6,22.0,0.9504950495049505,0.9391560493038746,0.003189511641899735
A6,23.0,0.948019801980198,0.9368481192721301,0.0031381092097031616
A6,24.0,0.948019801980198,0.9354555762829011,0.003053109529603928
A6,25.0,0.9455445544554455,0.9350006218678164,0.00318645443803183
A6,26.0,0.9455445544554455,0.9337029374979791,0.0032350376216366884
A6,27.0,0.9455445544554455,0.9314255679729705,0.0030247602314918054
A6,28.0,0.943069306930693,0.930671788601452,0.0032736194143403374
A6,29.0,0.943069306930693,0.9309710840771941,0.0033825975211612147
A6,30.0,0.9405940594059405,0.9312851645742737,0.003341251085814783
A6,31.0,0.9405940594059405,0.9300144656398655,0.0032558579901068164
A6,32.0,0.9405940594059405,0.9300421167107732,0.0032690688735880326
A6,33.0,0.9381188118811881,0.9266640333478813,0.002884556062519313
A6,34.0,0.9381188118811881,0.9276517611639793,0.0030832713422689114
A6,35.0,0.9356435643564357,0.9260415608440375,0.0032405247224575394
A6,36.0,0.9356435643564357,0.926411049403539,0.00319414207912171
A6,37.0,0.9356435643564357,0.9263627516801491,0.003396869998460221
A6,38.0,0.9356435643564357,0.9260218393048996,0.0035975971542316024
A6,39.0,0.9356435643564357,0.9242438601195427,0.0034438916688367036
A6,40.0,0.9331683168316832,0.9231351770677805,0.003235214224670287
A6,41.0,0.9331683168316832,0.9230196909686923,0.0035361835634669493
A6,42.0,0.9331683168316832,0.9208441291843943,0.0034783527690564866
A6,43.0,0.9306930693069307,0.9222466624049112,0.0037821489281462356
A6,44.0,0.9306930693069307,0.9201334744088788,0.003541664683328793
A6,45.0,0.9306930693069307,0.9207592554936462,0.0037119862612119206
A6,46.0,0.9306930693069307,0.9183701818384413,0.003477549005152755
A6,47.0,0.9306930693069307,0.9187966148086882,0.003322629873530485
A6,48.0,0.9282178217821783,0.9170614648152875,0.003562980775638723
A6,49.0,0.9282178217821783,0.9162846164911007,0.003959930281424282
A6,50.0,0.9282178217821783,0.9162932330141993,0.003976414317747658
A6,51.0,0.9257425742574258,0.9170122470860667,0.0040922491047570885
A6,52.0,0.9282178217821783,0.9144610512991673,0.003456547184464728
A6,53.0,0.9257425742574258,0.9160186228998155,0.004022547459001695
A6,54.0,0.9257425742574258,0.9145267770469547,0.003529256473532953
A6,55.0,0.9257425742574258,0.9147542795173451,0.003694340034920424
A6,56.0,0.9257425742574258,0.913568515119038,0.0034983282920512913
A6,57.0,0.9232673267326733,0.9127708632271297,0.0037134230556428493
A6,58.0,0.9232673267326733,0.9120991740427122,0.0038090116028290212
A6,59.0,0.9232673267326733,0.9114076329097149,0.003700881567260678
A6,60.0,0.9232673267326733,0.9102337207701279,0.004106424378824178
A6,61.0,0.9232673267326733,0.9101877366346194,0.003817118704445045
A6,62.0,0.9207920792079208,0.9103561976643509,0.003842296544766023
A6,63.0,0.9207920792079208,0.9092456497264136,0.003504530975416473
A6,64.0,0.9207920792079208,0.9084372227161712,0.0035126147533964362
A6,65.0,0.9183168316831684,0.9091973805393907,0.003731081904381752
A6,66.0,0.9207920792079208,0.9070277993364368,0.00342445462081358
A6,67.0,0.9183168316831684,0.9071444498042729,0.0036766533883140946
A6,68.0,0.9183168316831684,0.9077300256845365,0.003855346335776855
A6,69.0,0.9183168316831684,0.9058315602216127,0.0037968072426840887
A6,70.0,0.9183168316831684,0.9053974461805008,0.0038513392985530426
A6,71.0,0.9158415841584159,0.9051119093507165,0.004138058102448124
A6,72.0,0.9183168316831684,0.904033162074324,0.0036636955590653012
A6,73.0,0.9158415841584159,0.9044979846327773,0.0038957994454945242
A6,74.0,0.9158415841584159,0.9033914111452068,0.003859795820622198
A6,75.0,0.9158415841584159,0.9036669492370432,0.0039305248693762024
A6,76.0,0.9158415841584159,0.9020683240524774,0.0036200255001270173
A6,77.0,0.9158415841584159,0.903615455895449,0.004011119353709843
A6,78.0,0.9158415841584159,0.9010263102371607,0.0036486457549618385
A6,79.0,0.9158415841584159,0.9011523797062725,0.003943960193437183
A6,80.0,0.9158415841584159,0.8995176320256639,0.0038707417188033303
A6,81.0,0.9133663366336634,0.9001898245069624,0.004036196201180055
A6,82.0,0.9133663366336634,0.8995396581746452,0.004243191526751826
A6,83.0,0.9133663366336634,0.9004925128477574,0.0037969681026442503
A6,84.0,0.9133663366336634,0.9000593914903785,0.003778995107038828
A6,85.0,0.9133663366336634,0.899876650590636,0.004100504780254043
A6,86.0,0.9108910891089109,0.8987687393753323,0.0038133295705925236
A6,87.0,0.9108910891089109,0.8982532840435642,0.004036198897484088
A6,88.0,0.9108910891089109,0.8988354513357356,0.003941056820824887
A6,89.0,0.9108910891089109,0.8974610539707162,0.0039005344577541555
A6,90.0,0.9108910891089109,0.8984885553402835,0.003715074957779183
A6,91.0,0.9108910891089109,0.8984165750702446,0.0037618514684494312
A6,92.0,0.9108910891089109,0.8967726589787776,0.0037495513647537605
A6,93.0,0.9108910891089109,0.8944927554963581,0.003686722118697715
A6,94.0,0.9084158415841584,0.8957667737164554,0.003768707994930595
A6,95.0,0.9084158415841584,0.8954246879103376,0.003674943325819302
A6,96.0,0.905940594059406,0.8951446710903764,0.0038113555847373174
A6,97.0,0.9084158415841584,0.895786723129209,0.003887099334221987
A6,98.0,0.9084158415841584,0.8940380229491885,0.0037797108748581134
A6,99.0,0.9084158415841584,0.8929542446098349,0.0038741418531029114
A6,100.0,0.905940594059406,0.8933293425169467,0.003969346192428629
A6,101.0,0.905940594059406,0.893367996104621,0.003957153785508236
A6,102.0,0.905940594059406,0.8925998758816831,0.004039979126342271
A6,103.0,0.905940594059406,0.8908439635038099,0.003993589655647078
A6,104.0,0.905940594059406,0.8912912796879585,0.0038377348123966423
A6,105.0,0.905940594059406,0.8913229495767588,0.003977569101951121
A6,106.0,0.905940594059406,0.8929705477310887,0.003981450536806989
A6,107.0,0.905940594059406,0.890843919515842,0.0037504757881979215
A6,108.0,0.9034653465346535,0.8904886492947482,0.004045968632221672
A6,109.0,0.9034653465346535,0.8898079580647816,0.004023343048900311
A6,110.0,0.9034653465346535,0.8896691184668868,0.003958107618714151
A6,111.0,0.9034653465346535,0.8895137559596598,0.003983446901003419
A6,112.0,0.905940594059406,0.8898841819058017,0.003901116739893478
A6,113.0,0.9034653465346535,0.8899145007310026,0.004253559783545505
A6,114.0,0.9034653465346535,0.8885259367926384,0.004219617645186533
A6,115.0,0.9034653465346535,0.8886956128858068,0.003989361376590837
A6,116.0,0.9034653465346535,0.8875095148152387,0.003936184503505965
A6,117.0,0.9034653465346535,0.8871557326589026,0.00405123366396383
A6,118.0,0.900990099009901,0.8870656189020917,0.004326288874802917
A6,119.0,0.900990099009901,0.8863339873376552,0.004132617342775947
A6,120.0,0.900990099009901,0.8864813864035682,0.004419315487811507
A6,121.0,0.900990099009901,0.8862797306667223,0.004368022094032236
A6,122.0,0.900990099009901,0.8848184845003837,0.004262172867919774
A6,123.0,0.900990099009901,0.8849584171366567,0.004266271700140987
A6,124.0,0.8985148514851485,0.8855524694834344,0.004558450341596689
A6,125.0,0.900990099009901,0.8834743409136603,0.0041382966457028
A6,126.0,0.900990099009901,0.8841347964173337,0.004293689040003451
A6,127.0,0.8985148514851485,0.8846735239503545,0.004481837554671243
A6,128.0,0.8985148514851485,0.8833738900371334,0.004295669862858736
A6,129.0,0.900990099009901,0.8831977288974557,0.004274431214939662
A6,130.0,0.8985148514851485,0.8822988293557121,0.004613282828734212
A6,131.0,0.8985148514851485,0.8837670001899304,0.004843841383845406
A6,132.0,0.8985148514851485,0.8832312303162553,0.004677522496373202
A6,133.0,0.8985148514851485,0.8824077881847094,0.0046250703350075965
A6,134.0,0.900990099009901,0.8815272621417947,0.004377507322853155
A6,135.0,0.8985148514851485,0.8828965675510967,0.004679384977360205
A6,136.0,0.8960396039603961,0.8823204436868552,0.0047428063442449386
A6,137.0,0.8985148514851485,0.8818921499512578,0.004646491905503939
A6,138.0,0.8985148514851485,0.8803196585173702,0.004449752020178208
A6,139.0,0.8985148514851485,0.8814590129833738,0.004851881214979218
A6,140.0,0.8985148514851485,0.8803366856934233,0.004442819327425632
A6,141.0,0.8960396039603961,0.8793349666811774,0.004698086324051364
A6,142.0,0.8960396039603961,0.8805406543642367,0.005058819950860323
A6,143.0,0.8960396039603961,0.8796493212572453,0.0045960747190582065
A6,144.0,0.8960396039603961,0.8798727449312098,0.00478537488444932
A6,145.0,0.8960396039603961,0.8795075013468439,0.004825260165395888
A6,146.0,0.8935643564356436,0.8791200741411054,0.0045768279387994985
A6,147.0,0.8960396039603961,0.8774100162612304,0.004772229105554776
A6,148.0,0.8935643564356436,0.8782284304898049,0.004914423347401913
A6,149.0,0.8935643564356436,0.8783356409789742,0.005010224784509145
A6,150.0,0.8935643564356436,0.8774135187676637,0.004815019769957945
A6,151.0,0.8935643564356436,0.8775054895828974,0.004844307908286563
A6,152.0,0.8935643564356436,0.8773050679159552,0.005084486662556669
A6,153.0,0.8935643564356436,0.8768530921656257,0.00478639303034188
A6,154.0,0.8935643564356436,0.8787662747818905,0.0048479551634201395
A6,155.0,0.8910891089108911,0.8779142325178249,0.004889331416637516
A6,156.0,0.8935643564356436,0.8775105817449423,0.00484999943505106
A6,157.0,0.8935643564356436,0.8760445175995935,0.004774452102050958
A6,158.0,0.8935643564356436,0.8749530549268691,0.004770882607665432
A6,159.0,0.8935643564356436,0.8755128978457805,0.004596548710112239
A6,160.0,0.8910891089108911,0.8756779206805119,0.004840498079068122
A6,161.0,0.8910891089108911,0.8760142122772548,0.005160983889986997
A6,162.0,0.8935643564356436,0.8744328764197478,0.004967062746940992
A6,163.0,0.8910891089108911,0.8752146419412893,0.004707945393539372
A6,164.0,0.8910891089108911,0.874799533262018,0.005028104390386461
A6,165.0,0.8910891089108911,0.8740551280610234,0.004915655574588462
A6,166.0,0.8910891089108911,0.8743205059831248,0.005275101007074921
A6,167.0,0.8886138613861386,0.874282691579546,0.005044024066115833
A6,168.0,0.8886138613861386,0.8748146645647507,0.004945152376242673
A6,169.0,0.8910891089108911,0.8727304508607873,0.005105485812349482
A6,170.0,0.8910891089108911,0.8734998684520592,0.005219444319235766
A6,171.0,0.8910891089108911,0.8728752472907626,0.005213865209348872
A6,172.0,0.8886138613861386,0.8736430306145169,0.005220404892156432
A6,173.0,0.8886138613861386,0.8729993040532761,0.005164779369589055
A6,174.0,0.8886138613861386,0.8726765739627015,0.005261082943554498
A6,175.0,0.8886138613861386,0.8719741719559534,0.005277268143025352
A6,176.0,0.8886138613861386,0.871014864972894,0.005309651702559066
A6,177.0,0.8886138613861386,0.8710439622059714,0.005504403243213981
A6,178.0,0.8886138613861386,0.8706124059971931,0.005204832023084092
A6,179.0,0.8886138613861386,0.8698034921084499,0.005410093537499665
A6,180.0,0.8886138613861386,0.8698741199426743,0.0053227781863734005
A6,181.0,0.8861386138613861,0.8684896884766424,0.005283453418524253
A6,182.0,0.8861386138613861,0.8701094292009302,0.005174909173642783
A6,183.0,0.8861386138613861,0.8699336728908,0.005282339682525934
A6,184.0,0.8861386138613861,0.8688709457966006,0.005370134746616326
A6,185.0,0.8861386138613861,0.868610674575574,0.005251734603968454
A6,186.0,0.8861386138613861,0.8690157642201694,0.005689923216590418
A6,187.0,0.8861386138613861,0.8684578531741486,0.005352169223184535
A6,188.0,0.8861386138613861,0.8687504625148703,0.005567953365194777
A6,189.0,0.8861386138613861,0.868019638052815,0.0053827374662874265
A6,190.0,0.8861386138613861,0.8678417352084198,0.005372169491672369
A6,191.0,0.8836633663366337,0.8672847008396096,0.005553275291906323
A6,192.0,0.8836633663366337,0.8669493895987335,0.005654601577937823
A6,193.0,0.8836633663366337,0.8678288454058003,0.005639178395487279
A6,194.0,0.8836633663366337,0.8673679525197894,0.0055352996209920265
A6,195.0,0.8836633663366337,0.8669703999240773,0.0058036958905771764
A6,196.0,0.8836633663366337,0.8674837814073246,0.00568917261948552
A6,197.0,0.8836633663366337,0.8657996153924264,0.005825766699762395
A6,198.0,0.8836633663366337,0.8658333408713688,0.005903416589924748
A6,199.0,0.8836633663366337,0.8658026885760693,0.005877257971135654
A6,200.0,0.8836633663366337,0.8646106833949292,0.005687352299477921
A6,201.0,0.8836633663366337,0.8646648084382026,0.005747053325746038
A6,202.0,0.8811881188118812,0.8643816746224922,0.005644869679216421
A6,203.0,0.8836633663366337,0.8642650522944355,0.00585729355157336
A6,204.0,0.8836633663366337,0.8643026772531148,0.005891319587067453
A6,205.0,0.8836633663366337,0.8651251414586448,0.005735465636593872
A6,206.0,0.8811881188118812,0.8630317761474205,0.005956113222370737
A6,207.0,0.8836633663366337,0.8623881237278214,0.0061278753251676685
A6,208.0,0.8811881188118812,0.8633273719464496,0.0062085234128954475
A6,209.0,0.8787128712871287,0.8636192050402641,0.006243569654383613
A6,210.0,0.8836633663366337,0.8620024908501576,0.006179225943648314
A6,211.0,0.8787128712871287,0.8638999963412461,0.006093129463727163
A6,212.0,0.8811881188118812,0.8618770908378546,0.006185991360504219
A6,213.0,0.8811881188118812,0.8620692197396611,0.0061325097426319026
A6,214.0,0.8787128712871287,0.8621492832739144,0.006159284354917449
A6,215.0,0.8811881188118812,0.8613476870666149,0.006232533347426648
A6,216.0,0.8811881188118812,0.8605720944237093,0.0061970622786178976
A6,217.0,0.8787128712871287,0.8616125361570897,0.006246834420179705
A6,218.0,0.8787128712871287,0.8615804881066579,0.006311667635672116
A6,219.0,0.8811881188118812,0.8599892268598586,0.006247321778510854
A6,220.0,0.8787128712871287,0.8615833305813831,0.006257918443752626
A6,221.0,0.8787128712871287,0.8606165176633719,0.00628743229968624
A6,222.0,0.8787128712871287,0.8623869637743968,0.006172941429734011
A6,223.0,0.8762376237623762,0.8611299558151301,0.006446364695989466
A6,224.0,0.8787128712871287,0.8610351825431874,0.006672972685811393
A6,225.0,0.8787128712871287,0.8594278123620143,0.006336394179226373
A6,226.0,0.8787128712871287,0.8601727001330707,0.0065104493690038776
A6,227.0,0.8787128712871287,0.8583048031160188,0.006419315694422704
A6,228.0,0.8762376237623762,0.8606941881433559,0.006381675408995818
A6,229.0,0.8787128712871287,0.8586990253990138,0.0066584830415021895
A6,230.0,0.8762376237623762,0.8587323326691213,0.006608621715327938
A6,231.0,0.8787128712871287,0.8577381000689384,0.006549701871916624
A6,232.0,0.8762376237623762,0.8588088750012534,0.006704573701812711
A6,233.0,0.8787128712871287,0.8580329040151535,0.006738533329258239
A6,234.0,0.8762376237623762,0.858007027965187,0.00684165348259893
A6,235.0,0.8762376237623762,0.8587446767765317,0.006606145760530007
A6,236.0,0.8762376237623762,0.8578965445580289,0.006895431148154017
A6,237.0,0.8762376237623762,0.8572641922717065,0.006854618228763521
A6,238.0,0.8737623762376238,0.8585546083301777,0.006613873602878511
A6,239.0,0.8762376237623762,0.8574824855496628,0.006892063610433276
A6,240.0,0.8762376237623762,0.8566029575590618,0.007074864825168619
A6,241.0,0.8762376237623762,0.8577582848946941,0.00689032148192919
A6,242.0,0.8762376237623762,0.8561762501359195,0.006929529515662663
A6,243.0,0.8762376237623762,0.8553889178842494,0.006967784886934334
A6,244.0,0.8762376237623762,0.8552199446998395,0.007005794431124323
A6,245.0,0.8737623762376238,0.8554798358851025,0.006829825395943107
A6,246.0,0.8762376237623762,0.8545750770460379,0.006922305723580584
A6,247.0,0.8712871287128713,0.856405243976711,0.007019880300724075
A6,248.0,0.8762376237623762,0.8524729126060981,0.0069226886865971825
A6,249.0,0.8762376237623762,0.8530078920561349,0.0071360669668339306
A6,250.0,0.8737623762376238,0.8531221235277231,0.007040999881422493
A6,251.0,0.8737623762376238,0.8536140730947616,0.007193731836283002
A6,252.0,0.8712871287128713,0.8533236221627329,0.007191538603396501
A6,253.0,0.8737623762376238,0.8518685049540337,0.007258039741472103
A6,254.0,0.8688118811881188,0.8555044552962353,0.006977626759943507
A6,255.0,0.8737623762376238,0.8519592410539227,0.007404242874969994
A6,256.0,0.8712871287128713,0.8530447894183072,0.006989590315202486
A6,257.0,0.8737623762376238,0.8524317707315993,0.007266010652908049
A6,258.0,0.8712871287128713,0.8529574120942189,0.007211808463222541
A6,259.0,0.8712871287128713,0.8518464928718881,0.007237457077833126
A6,260.0,0.8688118811881188,0.8517470390448523,0.007157972924604537
A6,261.0,0.8737623762376238,0.8504121250184022,0.00749127488986419
A6,262.0,0.8712871287128713,0.8513458049580991,0.007485404778564063
A6,263.0,0.8712871287128713,0.8513461523553548,0.00742024862142115
A6,264.0,0.8712871287128713,0.850323539181769,0.0074457919061862885
A6,265.0,0.8712871287128713,0.8509047426720167,0.0075080277225537066
A6,266.0,0.8712871287128713,0.8503412477488671,0.007556544769443736
A7,1.0,1.0,1.0017736847428513,0.007462190572765616
A7,2.0,0.9925373134328358,0.9898058797352687,0.007912323204404373
A7,3.0,0.9875621890547264,0.9827624001487226,0.007252496556241945
A7,4.0,0.9800995024875622,0.9766524519404991,0.006935465486280309
A7,5.0,0.9751243781094527,0.9722516019459506,0.00748493337606844
A7,6.0,0.9701492537313433,0.9673371215862496,0.00743258417145902
A7,7.0,0.9651741293532339,0.9657970310821233,0.007386775150173204
A7,8.0,0.9626865671641791,0.9605659166237357,0.007210848391614632
A7,9.0,0.9601990049751243,0.9606643418581229,0.006697503301799657
A7,10.0,0.9577114427860697,0.9584083369380076,0.007115973934097818
A7,11.0,0.9527363184079602,0.9553273758797272,0.0070701602715779
A7,12.0,0.9502487562189055,0.953635316310668,0.006437124678459577
A7,13.0,0.9477611940298507,0.9519383377216895,0.007444450125155472
A7,14.0,0.945273631840796,0.9505051677109264,0.006521697582325454
A7,15.0,0.9427860696517413,0.9496374357505307,0.006226848261680674
A7,16.0,0.9427860696517413,0.9479014556241592,0.006708247759416775
A7,17.0,0.9378109452736318,0.947348601449431,0.006853380204495145
A7,18.0,0.9378109452736318,0.9440926290204789,0.006386712732588816
A7,19.0,0.9328358208955224,0.9439413753253026,0.006667970989541819
A7,20.0,0.9328358208955224,0.9418053180954764,0.006904704840664586
A7,21.0,0.9303482587064676,0.9411745970790266,0.007183539904032692
A7,22.0,0.9303482587064676,0.940192066305803,0.007206996779949528
A7,23.0,0.927860696517413,0.9385461804390363,0.0066482822107480095
A7,24.0,0.927860696517413,0.9389638611585549,0.006165608554411405
A7,25.0,0.9253731343283582,0.9366716799743353,0.0065119465032416335
A7,26.0,0.9228855721393034,0.9370187021732332,0.006567263315186727
A7,27.0,0.9203980099502488,0.9342653600833056,0.0069174579008539246
A7,28.0,0.9203980099502488,0.9307291048988745,0.006442986565093359
A7,29.0,0.917910447761194,0.9326868370748385,0.006814890550622577
A7,30.0,0.917910447761194,0.9308646224361097,0.006543130384386507
A7,31.0,0.917910447761194,0.9274782540213173,0.0061070200785518424
A7,32.0,0.9154228855721394,0.9283197437837303,0.006114918640203827
A7,33.0,0.9129353233830846,0.9289635835633872,0.006162384736440831
A7,34.0,0.9104477611940298,0.9256624892842433,0.006514715081503182
A7,35.0,0.9104477611940298,0.9281203027432591,0.006292760632381717
A7,36.0,0.9079601990049752,0.9245851466601339,0.0057953621911079585
A7,37.0,0.9079601990049752,0.9224782887853165,0.005874542722930248
A7,38.0,0.9079601990049752,0.9243224324112153,0.006144216449190225
A7,39.0,0.9054726368159204,0.9216223323796014,0.005894740759730204
A7,40.0,0.9054726368159204,0.9201401830343063,0.005815592962479682
A7,41.0,0.9029850746268657,0.9193019029578001,0.005650803033792133
A7,42.0,0.900497512437811,0.9180268740799357,0.006224427689336353
A7,43.0,0.900497512437811,0.9151873995965245,0.005773099788759826
A7,44.0,0.8980099502487562,0.9186002967725886,0.005544807895850059
A7,45.0,0.900497512437811,0.9161155625223247,0.005474658662938426
A7,46.0,0.8980099502487562,0.9169664727210745,0.005390251906696464
A7,47.0,0.8955223880597015,0.9127539677574311,0.0052575855714015705
A7,48.0,0.8930348258706468,0.9147570267653773,0.0053368184731542884
A7,49.0,0.8930348258706468,0.9119521113814444,0.005687654583661919
A7,50.0,0.8930348258706468,0.9122259807947918,0.005471783085492862
A7,51.0,0.8930348258706468,0.9129757165377728,0.004991133866210525
A7,52.0,0.8905472636815921,0.9113293968144113,0.004799897027233039
A7,53.0,0.8905472636815921,0.908601868962905,0.005129745883421116
A7,54.0,0.8880597014925373,0.9083587597088539,0.004887021569254097
A7,55.0,0.8880597014925373,0.9065760931839979,0.004961237837438663
A7,56.0,0.8830845771144279,0.9052138167395237,0.0046151194569104175
A7,57.0,0.8830845771144279,0.9049876536022838,0.004756742800612826
A7,58.0,0.8830845771144279,0.9045768914304816,0.004483128942683108
A7,59.0,0.8805970149253731,0.9002535546729772,0.004413517866248022
A7,60.0,0.8830845771144279,0.9030975205169737,0.004652113238049073
A7,61.0,0.8805970149253731,0.9022429162305046,0.0043852168651974015
A7,62.0,0.8805970149253731,0.9017789139886625,0.004331260892703057
A7,63.0,0.8756218905472637,0.8993991625865738,0.004452290185475422
A7,64.0,0.8756218905472637,0.8980807503316177,0.0044514421500743695
A7,65.0,0.8756218905472637,0.8975323975000902,0.0039062019861790284
A7,66.0,0.8731343283582089,0.8954453694513769,0.004030164937042136
A7,67.0,0.8706467661691543,0.8955034602875744,0.004029029124245018
A7,68.0,0.8706467661691543,0.8933023927205277,0.0040146688812891145
A7,69.0,0.8706467661691543,0.8953233700995644,0.0038065751006157995
A7,70.0,0.8681592039800995,0.8934259269843959,0.003681520968820263
A7,71.0,0.8681592039800995,0.891149634981495,0.003760451858757052
A7,72.0,0.8656716417910447,0.8868045452697607,0.0037425143798924605
A7,73.0,0.8656716417910447,0.8886358376775427,0.0034667608723989597
A7,74.0,0.8631840796019901,0.8858887438688599,0.0035176667074615
A7,75.0,0.8631840796019901,0.8838123982043582,0.0033606435443712403
A7,76.0,0.8606965174129353,0.8825773319077528,0.003169228327518885
A7,77.0,0.8606965174129353,0.8816411009298355,0.0032485100395906984
A7,78.0,0.8582089552238806,0.8767620474918714,0.0030919253584351094
A7,79.0,0.8557213930348259,0.8724520964036533,0.0030651869358736417
A7,80.0,0.8507462686567164,0.8686533840728872,0.0029303891153899015
A7,81.0,0.8482587064676617,0.8668273738726779,0.003191415872956725
A7,82.0,0.845771144278607,0.8670905523436677,0.0030914880419111593
A7,83.0,0.8432835820895522,0.8657626853472925,0.0032981318565034386
A7,84.0,0.8407960199004975,0.8614187632480724,0.003338336275233753
A7,85.0,0.8383084577114428,0.854991234303943,0.003694993482154718
A7,86.0,0.835820895522388,0.8566385133084056,0.0036497185264570214
A7,87.0,0.8333333333333334,0.8517780730487793,0.003869942075634577
A7,88.0,0.8283582089552238,0.8484221544515118,0.0037210553906480643
A7,89.0,0.8258706467661692,0.8455857128409962,0.004112206946657793
A7,90.0,0.8233830845771144,0.8433696765247629,0.004506209985551153
A7,91.0,0.818407960199005,0.8424381038664914,0.004917792407743975
A7,92.0,0.818407960199005,0.8372573581648923,0.00540254114527972
A7,93.0,0.8134328358208955,0.8351708217546423,0.005847003221515979
A7,94.0,0.8109452736318408,0.8312658253642355,0.006088013723337699
A7,95.0,0.8034825870646766,0.8280087447771196,0.005654062547345949
A7,96.0,0.8034825870646766,0.8224726677140928,0.0056270501878320205
A7,97.0,0.8009950248756219,0.8206419157527618,0.0067203956395233
A7,98.0,0.7985074626865671,0.8206867291941212,0.006610085046937589
A7,99.0,0.7985074626865671,0.8163070942093309,0.006298585771796487
A7,100.0,0.7960199004975125,0.8162881505473677,0.006553493120938789
A7,101.0,0.7935323383084577,0.8144744312249681,0.0070319437666268225
A7,102.0,0.7910447761194029,0.809665316814215,0.007085993483213571
A7,103.0,0.7885572139303483,0.8086655336400744,0.007106866814155685
A7,104.0,0.7860696517412935,0.805189084319842,0.0071617812710885135
A7,105.0,0.7810945273631841,0.8035855261316902,0.006749330909643143
A7,106.0,0.7835820895522388,0.803679843018491,0.007556428455487456
A7,107.0,0.7835820895522388,0.7988740255705226,0.008116442749037975
A7,108.0,0.7761194029850746,0.7970162267156325,0.007032474592983824
A7,109.0,0.7761194029850746,0.7927445048066721,0.007209187602239486
A7,110.0,0.7736318407960199,0.7925004853875639,0.007455268592820427
A7,111.0,0.7711442786069652,0.7916031132412942,0.00780097404134227
A7,112.0,0.7711442786069652,0.788924712711564,0.00835825076312587
A7,113.0,0.763681592039801,0.7814748510553593,0.007115143365014191
A7,114.0,0.763681592039801,0.7788102341721842,0.007880399266693662
A7,115.0,0.7611940298507462,0.780613007181564,0.008240816598338205
A7,116.0,0.7587064676616916,0.7735955067377399,0.007972639720174963
A7,117.0,0.7562189054726368,0.7732635183101376,0.007800700369400844
A7,118.0,0.753731343283582,0.7738517219877218,0.007774518733132083
A7,119.0,0.7512437810945274,0.7702339356312755,0.007624536335416505
A7,120.0,0.7487562189054726,0.766026292335357,0.008049077455161988
A7,121.0,0.746268656716418,0.7655509267184072,0.007962028124000705
A7,122.0,0.7437810945273632,0.7600933294412252,0.008018394894276174
A7,123.0,0.7412935323383084,0.7576072954543499,0.007792248418728353
A7,124.0,0.7437810945273632,0.7525006228197795,0.009651890704544043
A7,125.0,0.736318407960199,0.7502836564269713,0.008866863383509465
A7,126.0,0.7313432835820896,0.7490364428270534,0.007594707436460489
A7,127.0,0.7288557213930348,0.7454386104337027,0.007827791000516336
A7,128.0,0.7263681592039801,0.7400359704119898,0.008413013573449507
A7,129.0,0.7263681592039801,0.7369324575174067,0.008994530524469468
A7,130.0,0.7213930348258707,0.7357655140487706,0.009039991535631014
A7,131.0,0.7139303482587065,0.7291505566007271,0.007976600017123739
A7,132.0,0.7114427860696517,0.7265360455953613,0.00768620351412092
A7,133.0,0.7089552238805971,0.7221049910668741,0.008449584630506275
A7,134.0,0.7114427860696517,0.7215771766018866,0.011349954629799017
A7,135.0,0.7014925373134329,0.7120888753949174,0.01024826089192804
A7,136.0,0.6965174129353234,0.7090192985834637,0.008723026465291366
A7,137.0,0.6965174129353234,0.7039103316772611,0.009066215569982963
A7,138.0,0.6940298507462687,0.7049965309535503,0.0101356536820288
A7,139.0,0.6890547263681592,0.6989211306779186,0.009379656650207839
A7,140.0,0.6865671641791045,0.6935912219341779,0.010704001140080972
A7,141.0,0.6766169154228856,0.6888507412584632,0.010322180010901386
A7,142.0,0.6716417910447762,0.6815249771694235,0.009164326640673038
A7,143.0,0.6691542288557214,0.6776565123726955,0.011347724727234805
A7,144.0,0.664179104477612,0.6705403097463359,0.011104089393487898
A7,145.0,0.6592039800995025,0.6658352061642066,0.010955160938921224
A7,146.0,0.654228855721393,0.6607559845466859,0.011688816954446417
A7,147.0,0.6492537313432836,0.6561115799485056,0.011765462705466733
A7,148.0,0.6442786069651741,0.6492378215832828,0.011889873046570952
A7,149.0,0.6393034825870647,0.6398413584492625,0.011003844642146291
A7,150.0,0.6343283582089553,0.6388033875342566,0.011845926801280052
A7,151.0,0.6293532338308457,0.6293472901799531,0.012236269262290529
A7,152.0,0.6218905472636815,0.6198868940140376,0.012716959011501524
A7,153.0,0.6144278606965174,0.6139611006749585,0.013374274856593982
A7,154.0,0.6094527363184079,0.6057005400558546,0.014747412039822862
A7,155.0,0.6044776119402985,0.6023505655829923,0.01442928399747391
A7,156.0,0.5970149253731343,0.5896829006935793,0.015038315286086498
A7,157.0,0.5920398009950248,0.5830068289966642,0.015212616301827716
A7,158.0,0.5845771144278606,0.5773181738139163,0.015745335751656323
A7,159.0,0.5771144278606966,0.5634536093892961,0.018514916615490734
A7,160.0,0.5671641791044776,0.5628680098259128,0.018356907219532443
A7,161.0,0.5597014925373134,0.5560370338304533,0.018014628376003136
A7,162.0,0.554726368159204,0.5428598102317431,0.019494695749665298
A7,163.0,0.5447761194029851,0.5310810846281737,0.02094154007023648
A7,164.0,0.5373134328358209,0.5200772148716257,0.02143643596100109
A7,165.0,0.5298507462686567,0.5126946369077977,0.021913935792783154
A7,166.0,0.5199004975124378,0.5094216131267502,0.022292143027803753
A7,167.0,0.5124378109452736,0.4925756038525363,0.02305786055968409
A7,168.0,0.5049751243781094,0.49098677587952677,0.023007394707168335
A7,169.0,0.4975124378109453,0.46933754414073947,0.024780586642538162
A7,170.0,0.4900497512437811,0.4507192651064331,0.02635833064392316
A7,171.0,0.48009950248756217,0.43918145102162964,0.02642453919737168
A7,172.0,0.4701492537313433,0.4260466614013494,0.02795056453606794
A7,173.0,0.4601990049751244,0.42021212805955754,0.028291454532934357
A7,174.0,0.4527363184079602,0.3909969462714155,0.029600906814275477
A7,175.0,0.4427860696517413,0.39261811517000206,0.02939248910881159
A7,176.0,0.43532338308457713,0.38047377523183795,0.030526923835911636
A7,177.0,0.4253731343283582,0.37588089873448327,0.0304302314942584
A7,178.0,0.4154228855721393,0.36557028962559684,0.031170193554192014
A7,179.0,0.4079601990049751,0.35610861973601615,0.03167392173762434
A7,180.0,0.39800995024875624,0.35514907054795747,0.03217182882466081
A7,181.0,0.3880597014925373,0.34423536454237796,0.03251200180978325
A7,182.0,0.3781094527363184,0.3413110503538737,0.03251217517987349
A7,183.0,0.3681592039800995,0.3395479923401766,0.03286249606151978
A7,184.0,0.36069651741293535,0.3476726274614363,0.03367176741687426
A7,185.0,0.35074626865671643,0.3488170847437595,0.03301023393974388
A7,186.0,0.34328358208955223,0.3569538926755938,0.033154912572421376
A7,187.0,0.3358208955223881,0.3652016192340185,0.033088848584232416
A7,188.0,0.3283582089552239,0.3684089607547985,0.03300167656165789
A7,189.0,0.3208955223880597,0.3794138679444722,0.03251973592897482
A7,190.0,0.31343283582089554,0.3870294967489913,0.032584476147100576
A7,191.0,0.30597014925373134,0.4098997690958184,0.03182961268257366
A7,192.0,0.29850746268656714,0.40957835449938057,0.031672903848506975
A7,193.0,0.291044776119403,0.4461101719163922,0.03275777278496897
A7,194.0,0.2835820895522388,0.4309259797850038,0.03203533774440694
A7,195.0,0.27860696517412936,0.421411088624727,0.03195803732267645
A7,196.0,0.27114427860696516,0.4089977605620761,0.030820687048082808
A7,197.0,0.26616915422885573,0.40211113809205606,0.032741992375296576
A7,198.0,0.25870646766169153,0.3175603192180892,0.0316763370133773
A7,199.0,0.24875621890547264,0.26255340564547486,0.03195109617419915
A7,200.0,0.04776119402985075,0.16076041746253578,0.03264444962755104
A7,201.0,0.04203980099502488,0.12729312605811183,0.027263484383585855
A7,202.0,0.03980099502487562,0.0881471832940317,0.027078801091392466
A7,203.0,0.03805970149253731,0.06791950924748036,0.026896651631581635
A7,204.0,0.03731343283582089,0.04846388402792756,0.027365412746219467
A7,205.0,0.03631840796019901,0.05537261885593259,0.02749073285977701
A7,206.0,0.036069651741293535,0.027080965868330975,0.02803714149160044
A7,207.0,0.035323383084577116,0.028833258936568074,0.027638868314713117
A7,208.0,0.03557213930348259,0.021945843965283207,0.02750751781105067
A7,209.0,0.03582089552238806,0.0235512760413078,0.027594521378488605
A7,210.0,0.03582089552238806,0.019954489481335158,0.027281597191773376
A7,211.0,0.03507462686567164,-0.001484891269885713,0.027802323759766545
A7,212.0,0.03482587064676617,-0.004440220171827769,0.027534027963421425
A7,213.0,0.03407960199004975,-0.007886395679805647,0.02762371176040942
A7,214.0,0.03333333333333333,-0.04669526788847811,0.02907153486943712
A7,215.0,0.032587064676616914,-0.06042867713333111,0.029100579204266494
A7,216.0,0.031840796019900496,-0.0679478555432399,0.029104723694023813
A7,217.0,0.030845771144278607,-0.1042619463131137,0.030021756198582685
A7,218.0,0.03034825870646766,-0.1134699461092945,0.031628822700989385
A7,219.0,0.03034825870646766,-0.11641031349264042,0.03149845791313086
A7,220.0,0.030597014925373135,-0.11684259801819485,0.03194669782182444
A7,221.0,0.030845771144278607,-0.1193267276564347,0.030180004541345926
A7,222.0,0.030845771144278607,-0.1042747520066043,0.030866579588768404
A7,223.0,0.03109452736318408,-0.11470892271357569,0.02992098629047484
A7,224.0,0.030845771144278607,-0.12549512899311677,0.03137164036832757
A7,225.0,0.03009950248756219,-0.12989544360121608,0.031294787218498724
A7,226.0,0.029601990049751243,-0.15120668691237293,0.03254605841216989
A7,227.0,0.02935323383084577,-0.15510936673201514,0.032450957877027266
A7,228.0,0.029104477611940297,-0.15789435656988227,0.03209881365329934
A7,229.0,0.028358208955223882,-0.18551652645561068,0.03368323568750331
A7,230.0,0.02810945273631841,-0.18391336167291716,0.03524511356832037
A7,231.0,0.027860696517412936,-0.19274653582382062,0.0345477889584655
A7,232.0,0.02810945273631841,-0.19622972717469467,0.034200450027965484
A7,233.0,0.028606965174129355,-0.19113100243134584,0.033901058696159184
A7,234.0,0.028606965174129355,-0.17844642223241725,0.033434434947966836
A7,235.0,0.028855721393034824,-0.18706708412503914,0.033366339810956124
A7,236.0,0.028606965174129355,-0.1957065939685061,0.03371291521923861
A7,237.0,0.02810945273631841,-0.189956433997982,0.033680357984968524
A7,238.0,0.02810945273631841,-0.20542788673006518,0.03486565171770765
A7,239.0,0.027860696517412936,-0.2136428744469806,0.03504306010898463
A7,240.0,0.027611940298507463,-0.21488587059899367,0.03517091410921073
A7,241.0,0.02736318407960199,-0.21904665207802454,0.0356865071950883
A7,242.0,0.027114427860696518,-0.2262814870787463,0.03648481668319964
A7,243.0,0.026865671641791045,-0.22479603933589298,0.037638941859300785
A7,244.0,0.02661691542288557,-0.23391819517403833,0.03808802129065413
A7,245.0,0.02661691542288557,-0.23590779965000197,0.037603855922378575
A7,246.0,0.02661691542288557,-0.23328884518834436,0.03800452805502687
A7,247.0,0.02661691542288557,-0.24280441999313374,0.03709967724447254
A7,248.0,0.02661691542288557,-0.2443993302651083,0.038394243128040934
A7,249.0,0.02661691542288557,-0.24084195224478355,0.03739830572087939
A7,250.0,0.0263681592039801,-0.23803688090344854,0.03863155143087943
A7,251.0,0.026119402985074626,-0.24295843232115522,0.03876122729003775
A7,252.0,0.025870646766169153,-0.2475815870137389,0.039489366108554365
A7,253.0,0.02562189054726368,-0.24549443641438284,0.039588707505786254
A7,254.0,0.025373134328358207,-0.25413813986539857,0.04060180521244478
A7,255.0,0.025124378109452738,-0.255501220730177,0.0399271776794191
A7,256.0,0.024626865671641792,-0.25012606332039933,0.04170616602448475
A7,257.0,0.024353233830845773,-0.2468736074925305,0.0433428781632425
A7,258.0,0.02390547263681592,-0.24073643630844244,0.04405425259028567
A7,259.0,0.023606965174129354,-0.23772736592497856,0.044373043683382775
A7,260.0,0.023407960199004974,-0.23928238632649335,0.04581400270368527
A7,261.0,0.02318407960199005,-0.23071242577389128,0.045289784079512334
A7,262.0,0.023109452736318408,-0.22865674461117524,0.04659238649241982
A7,263.0,0.022885572139303482,-0.2232065199189357,0.04639219448097694
A7,264.0,0.022711442786069652,-0.21938873433050143,0.04670573620592522
A7,265.0,0.022437810945273633,-0.20487775024098231,0.046940049592513494
A7,266.0,0.022338308457711443,-0.20014893012458546,0.04812985271936193
A7,267.0,0.02208955223880597,-0.19566330481145455,0.04802165634517745
A7,268.0,0.021940298507462687,-0.1865360439904541,0.04876771447224391
A7,269.0,0.02171641791044776,-0.17429530732026188,0.04927702398538853
A7,270.0,0.021592039800995024,-0.18101462847134542,0.049472279148963974
A7,271.0,0.021467661691542288,-0.1625937600928975,0.05003655176175312
A7,272.0,0.021517412935323384,-0.1694162082995203,0.049974655296846325
A7,273.0,0.02144278606965174,-0.15535579759098128,0.05038128979265973
A7,274.0,0.021318407960199005,-0.14619756614989954,0.05132770154056084
A7,275.0,0.021318407960199005,-0.15414365273866593,0.05169887946729668
A7,276.0,0.021218905472636815,-0.1494698320449268,0.05181096979883891
A7,277.0,0.021194029850746268,-0.1578299711357659,0.050966719477707347
A7,278.0,0.02082089552238806,-0.13020900603059238,0.053708788772094236
A7,279.0,0.02064676616915423,-0.1114834065536463,0.053651560021922
A7,280.0,0.020522388059701493,-0.1039156564717042,0.05457092808817388
A7,281.0,0.020298507462686566,-0.09823162014774256,0.05408074498562545
A7,282.0,0.020099502487562187,-0.07283919798487437,0.056108180766141394
A7,283.0,0.02017412935323383,-0.07871114554525294,0.056019946228241455
A7,284.0,0.02017412935323383,-0.08116646361748403,0.05537345885744346
A7,285.0,0.01997512437810945,-0.07017369476564195,0.05650933533390573
A7,286.0,0.020074626865671644,-0.08871649955267658,0.05523580607074572
A7,287.0,0.020248756218905473,-0.09396720058028551,0.05548909024519541
A7,288.0,0.02019900497512438,-0.09662380417372007,0.05541047186362863
A7,289.0,0.020124378109452737,-0.09412041078280908,0.055106049576395824
A7,290.0,0.020149253731343283,-0.08401141669791856,0.0556045263484767
A7,291.0,0.019850746268656717,-0.06765525666571892,0.056367274836316754
A7,292.0,0.01962686567164179,-0.051277686471933315,0.05755866584088681
A7,293.0,0.0195273631840796,-0.045929982141961756,0.05729832626962307
A7,294.0,0.01945273631840796,-0.04306203727873914,0.058281977313996924
A7,295.0,0.019228855721393035,-0.029595599653993943,0.059691660453633964
A7,296.0,0.01912935323383085,-0.023160463060693304,0.060647931138270696
A7,297.0,0.019303482587064675,-0.02691411284476164,0.05998339941738491
A7,298.0,0.0191044776119403,-0.02924058983365363,0.05921873439006845
A7,299.0,0.018930348258706466,-0.012087041380073105,0.06167193267208053
A7,300.0,0.01917910447761194,-0.02401097294184784,0.06121936791916731
A8,1.0,1.0,1.005871800507371,0.0035675376674173284
A8,2.0,0.9950372208436724,0.9989965050471348,0.0032704641981959044
A8,3.0,0.9875930521091811,0.9961351702901902,0.0028268418580155133
A8,4.0,0.9851116625310173,0.9906165163939875,0.0028138717437413705
A8,5.0,0.9801488833746899,0.9862618707078175,0.002691862388697341
A8,6.0,0.9751861042183623,0.9825076504565937,0.0027017864004819907
A8,7.0,0.9727047146401985,0.9786235750390233,0.0028768628035339564
A8,8.0,0.9702233250620348,0.978694631053542,0.002783434503728456
A8,9.0,0.967741935483871,0.9765458257625932,0.0027105353758118973
A8,10.0,0.9627791563275434,0.9686225357498859,0.0023275272620319515
A8,11.0,0.9602977667493796,0.9652206200973033,0.002383280394547454
A8,12.0,0.9578163771712159,0.964310474077663,0.0023255858548703132
A8,13.0,0.9578163771712159,0.9624960930401316,0.002331991308885465
A8,14.0,0.9553349875930521,0.9603616912490636,0.00244760525351185
A8,15.0,0.9528535980148883,0.9612247704362624,0.0024465053428678026
A8,16.0,0.9503722084367245,0.9603620978971038,0.0025094997378497727
A8,17.0,0.9478908188585607,0.9567068630216085,0.0025797886008904376
A8,18.0,0.9478908188585607,0.9577076150178185,0.002459820182824759
A8,19.0,0.9454094292803971,0.9530553831524247,0.002386651802219607
A8,20.0,0.9454094292803971,0.9528246713620243,0.0024297632585468447
A8,21.0,0.9429280397022333,0.9494097327651052,0.0024160317026633254
A8,22.0,0.9429280397022333,0.9495098210867774,0.0023667676692573896
A8,23.0,0.9404466501240695,0.947641499471364,0.002494763289925682
A8,24.0,0.9404466501240695,0.9472365528333214,0.002395240672165246
A8,25.0,0.9379652605459057,0.9463186915919727,0.00233732108077828
A8,26.0,0.9354838709677419,0.9454426127300911,0.002407457729637851
A8,27.0,0.9354838709677419,0.9458459266167525,0.002358832564723829
A8,28.0,0.9330024813895782,0.941624295257723,0.002464756949350425
A8,29.0,0.9330024813895782,0.942566135824317,0.0023536366588405013
A8,30.0,0.9330024813895782,0.9401729182249259,0.0023885065209774234
A8,31.0,0.9330024813895782,0.9389721355667315,0.0024237108013198403
A8,32.0,0.9305210918114144,0.9398196474754655,0.0023711354451454924
A8,33.0,0.9280397022332506,0.9379623685356702,0.0024788268607818906
A8,34.0,0.9280397022332506,0.9386150879387207,0.002485213698835435
A8,35.0,0.9280397022332506,0.9371801996874249,0.00238312544835068
A8,36.0,0.9255583126550868,0.9372729742740227,0.0023816137530482248
A8,37.0,0.9255583126550868,0.9367961434649752,0.002391531128062029
A8,38.0,0.9255583126550868,0.9339107773639539,0.0023953463529973865
A8,39.0,0.9255583126550868,0.932488268667266,0.0023941627405828325
A8,40.0,0.9230769230769231,0.9317342109375165,0.0024035796522457894
A8,41.0,0.9230769230769231,0.9311430995286496,0.0023582160128960347
A8,42.0,0.9205955334987593,0.9313488628713136,0.002367388084922793
A8,43.0,0.9205955334987593,0.930075281485461,0.0024309494464686116
A8,44.0,0.9205955334987593,0.9301185010255325,0.0024264290066374388
A8,45.0,0.9205955334987593,0.9310951288480496,0.0024072488033881037
A8,46.0,0.9181141439205955,0.9292880082386112,0.0024887279468326935
A8,47.0,0.9181141439205955,0.9288241057877356,0.0024311025512489142
A8,48.0,0.9156327543424317,0.9257286578745525,0.0024630864535973066
A8,49.0,0.9156327543424317,0.9258944493776828,0.0024768171286783628
A8,50.0,0.9156327543424317,0.9268108183804387,0.0024125887646526045
A8,51.0,0.9156327543424317,0.92498369493774,0.0024315469427643155
A8,52.0,0.9156327543424317,0.9250268915813846,0.0024067710989616005
A8,53.0,0.913151364764268,0.9230123911750031,0.0023824006785761534
A8,54.0,0.913151364764268,0.9225404707122773,0.0024085144967423986
A8,55.0,0.913151364764268,0.9221084928733615,0.002483701256157088
A8,56.0,0.9106699751861043,0.9231060354191221,0.0024051410840440005
A8,57.0,0.913151364764268,0.9209579894938722,0.0023728580189822214
A8,58.0,0.9106699751861043,0.9209581692538574,0.0024813408641562377
A8,59.0,0.9106699751861043,0.9198636764511194,0.002425793380744084
A8,60.0,0.9081885856079405,0.9198370137908787,0.002375962805226221
A8,61.0,0.9106699751861043,0.9193569422958701,0.002401104511122552
A8,62.0,0.9081885856079405,0.917855697181213,0.002383898865626802
A8,63.0,0.9057071960297767,0.9158295484898681,0.002422461831871478
A8,64.0,0.9081885856079405,0.9179804384826615,0.0024344343002756686
A8,65.0,0.9057071960297767,0.9172122942129628,0.0024268161265558193
A8,66.0,0.9057071960297767,0.9169725243138811,0.002484477850130852
A8,67.0,0.9057071960297767,0.9167555058893624,0.0024245954174085898
A8,68.0,0.9032258064516129,0.9158078723687757,0.002579714426894206
A8,69.0,0.9057071960297767,0.9158594859181175,0.002551260513509056
A8,70.0,0.9032258064516129,0.9165553936936741,0.0024546428090603868
A8,71.0,0.9032258064516129,0.913268856819556,0.0024818528869923803
A8,72.0,0.9007444168734491,0.91377605957552,0.002486835213333081
A8,73.0,0.9007444168734491,0.9132370300427435,0.0024611053273723275
A8,74.0,0.9007444168734491,0.9136567612283188,0.0024828887718866023
A8,75.0,0.9007444168734491,0.9123066861757037,0.002503362590190058
A8,76.0,0.8982630272952854,0.9109183926796336,0.002545938633634415
A8,77.0,0.9007444168734491,0.9131605206242621,0.002512449399092538
A8,78.0,0.8982630272952854,0.9099881438026902,0.0024921857217256927
A8,79.0,0.8982630272952854,0.9091066446465572,0.002487700859800307
A8,80.0,0.8957816377171216,0.9075081214998285,0.0025355727687508788
A8,81.0,0.8957816377171216,0.9086115344606448,0.0025091278553269125
A8,82.0,0.8957816377171216,0.907744013562277,0.002585431546026501
A8,83.0,0.8957816377171216,0.9083812552362116,0.002603856230672524
A8,84.0,0.8957816377171216,0.9079425327271993,0.0025655808883035904
A8,85.0,0.8933002481389578,0.907492353570102,0.002568200339989332
A8,86.0,0.8933002481389578,0.9065704727189584,0.002574610239667172
A8,87.0,0.8933002481389578,0.9060296115000457,0.0025660797769338933
A8,88.0,0.8933002481389578,0.905012664297944,0.0025399994262608
A8,89.0,0.890818858560794,0.9033925659105729,0.0025664946344814035
A8,90.0,0.890818858560794,0.9052575000972414,0.002581281791982348
A8,91.0,0.890818858560794,0.9041760699086301,0.0026979483733274166
A8,92.0,0.890818858560794,0.9041532849380971,0.0027792159079567365
A8,93.0,0.890818858560794,0.9035596311344543,0.00277648154861597
A8,94.0,0.8883374689826302,0.9028639882316281,0.0027385011772006773
A8,95.0,0.8883374689826302,0.9017427458396062,0.0026829040022010387
A8,96.0,0.8883374689826302,0.9018579028801642,0.002711635190216368
A8,97.0,0.8883374689826302,0.9000021627466739,0.0027305789903218497
A8,98.0,0.8858560794044665,0.9010376919794925,0.0026883336984163553
A8,99.0,0.8858560794044665,0.9002443281715107,0.002764549990425279
A8,100.0,0.8858560794044665,0.8994679337961103,0.002756371853496
A8,101.0,0.8858560794044665,0.9007976017185366,0.0027865750429909315
A8,102.0,0.8833746898263027,0.90012653121101,0.0028597657860692564
A8,103.0,0.8833746898263027,0.8974204361419225,0.0028342564800854036
A8,104.0,0.8833746898263027,0.8972370483801306,0.002833689840544632
A8,105.0,0.8833746898263027,0.8986734357856451,0.0029641796979268044
A8,106.0,0.8833746898263027,0.8969717438559618,0.0030319542555930917
A8,107.0,0.8808933002481389,0.8955582634803543,0.0028328872328655004
A8,108.0,0.8808933002481389,0.8959359938581037,0.0027974621236352202
A8,109.0,0.8808933002481389,0.8949571979384263,0.0028189714279225724
A8,110.0,0.8808933002481389,0.8933209679490823,0.0028758261507399545
A8,111.0,0.8808933002481389,0.8957718424613204,0.003014509075999435
A8,112.0,0.8784119106699751,0.893453970706093,0.002834490243049303
A8,113.0,0.8784119106699751,0.8909384335894271,0.0028449789969858387
A8,114.0,0.8784119106699751,0.8915546654490097,0.003012050777206816
A8,115.0,0.8759305210918115,0.8911478009824458,0.0029084912234519727
A8,116.0,0.8759305210918115,0.8896441378537809,0.0030060386360622076
A8,117.0,0.8759305210918115,0.8894638521683079,0.002981661805025915
A8,118.0,0.8759305210918115,0.8886283821785015,0.0029563862344879096
A8,119.0,0.8759305210918115,0.8887976143379899,0.0029279278834822026
A8,120.0,0.8734491315136477,0.8886090482364787,0.0029984085980165323
A8,121.0,0.8734491315136477,0.8883587500209325,0.003066126335336533
A8,122.0,0.8734491315136477,0.8863399747898251,0.00308168838401059
A8,123.0,0.8734491315136477,0.8868754994882848,0.0030849923312885434
A8,124.0,0.8734491315136477,0.8871671460006993,0.003474651613759017
A8,125.0,0.8734491315136477,0.8867568175812252,0.0032501166202339835
A8,126.0,0.8709677419354839,0.8851697215807808,0.0030627008799645286
A8,127.0,0.8709677419354839,0.8825534626177695,0.0030562067176401948
A8,128.0,0.8709677419354839,0.8817883819699266,0.0030483056354204336
A8,129.0,0.8684863523573201,0.8815533216637276,0.0030025859177560876
A8,130.0,0.8684863523573201,0.8817803619284512,0.0030026406775108642
A8,131.0,0.8684863523573201,0.881227678158413,0.0030360721059345588
A8,132.0,0.8684863523573201,0.8815335339345705,0.0033446624970313883
A8,133.0,0.8709677419354839,0.8821978873580172,0.0035894351848861404
A8,134.0,0.8684863523573201,0.8820949970011609,0.0035318313385605603
A8,135.0,0.8660049627791563,0.8767461752060758,0.0030968104667863532
A8,136.0,0.8660049627791563,0.8769733362420822,0.0031417180402459337
A8,137.0,0.8684863523573201,0.8772029701517408,0.003371473466230373
A8,138.0,0.8684863523573201,0.8786910152199578,0.0034579903429204674
A8,139.0,0.8660049627791563,0.8764053886655074,0.003282550050195426
A8,140.0,0.8635235732009926,0.8766571719351708,0.003388157668484768
A8,141.0,0.8635235732009926,0.8750173137033803,0.003304345417346328
A8,142.0,0.8635235732009926,0.8746795959533651,0.003330980578151729
A8,143.0,0.8635235732009926,0.8738799333916756,0.003390953202889093
A8,144.0,0.8610421836228288,0.872131062993084,0.0033571213121647552
A8,145.0,0.8610421836228288,0.8723460634560811,0.0033617158646862435
A8,146.0,0.8610421836228288,0.8721447652506203,0.003342469128100564
A8,147.0,0.8610421836228288,0.8718547087150262,0.0033226343095776488
A8,148.0,0.8610421836228288,0.8732627095331482,0.0035660038016449153
A8,149.0,0.8610421836228288,0.8709315432346079,0.0034699079919473805
A8,150.0,0.8610421836228288,0.8700394959919255,0.003478226654277404
A8,151.0,0.858560794044665,0.8697795975658492,0.003486502413384265
A8,152.0,0.858560794044665,0.8712238015301186,0.003680517643783182
A8,153.0,0.858560794044665,0.8688931575544134,0.0037086257934850504
A8,154.0,0.8560794044665012,0.8664761554693017,0.003873235392095015
A8,155.0,0.8560794044665012,0.8679239255244677,0.0038249075392842247
A8,156.0,0.8560794044665012,0.8669136289083788,0.003675113101074107
A8,157.0,0.8535980148883374,0.8660763761864572,0.0033338868824323744
A8,158.0,0.8535980148883374,0.8678694795164178,0.003078082096249823
A8,159.0,0.8560794044665012,0.8686572155329573,0.0034618568243611823
A8,160.0,0.8535980148883374,0.8668944087101597,0.003437037362990697
A8,161.0,0.8511166253101737,0.8647254801330051,0.0032027640613086585
A8,162.0,0.8535980148883374,0.864407423260037,0.0034710941836607542
A8,163.0,0.8535980148883374,0.8659074417198658,0.003594660624677986
A8,164.0,0.8511166253101737,0.8653677432750397,0.0035551687516218165
A8,165.0,0.8511166253101737,0.8654097278056949,0.0036058890459673048
A8,166.0,0.8511166253101737,0.8631581198593723,0.00344564613303618
A8,167.0,0.8511166253101737,0.8627875729575716,0.003413787768242875
A8,168.0,0.8486352357320099,0.8624130731390827,0.0031463404528729866
A8,169.0,0.8486352357320099,0.8619585536614682,0.0034494468989657366
A8,170.0,0.8486352357320099,0.8614756715678165,0.0034810206106400893
A8,171.0,0.8486352357320099,0.8609937280678017,0.0035199397064472325
A8,172.0,0.8461538461538461,0.8591886659668059,0.003632443005694913
A8,173.0,0.8461538461538461,0.8608614126485788,0.00365687515941898
A8,174.0,0.8461538461538461,0.8590843619370372,0.003775495331210894
A8,175.0,0.8436724565756824,0.8571100450311308,0.0036973834612776305
A8,176.0,0.8436724565756824,0.8572249734829414,0.0037545289067862676
A8,177.0,0.8436724565756824,0.8562679879989041,0.0038100928561525297
A8,178.0,0.8436724565756824,0.8578706597584427,0.0038073071800631586
A8,179.0,0.8411910669975186,0.8547448726371072,0.003800761946246388
A8,180.0,0.8411910669975186,0.8552979406164002,0.003928501410738819
A8,181.0,0.8411910669975186,0.8560955315138229,0.003927781997988167
A8,182.0,0.8387096774193549,0.8533848443223502,0.003941302636066052
A8,183.0,0.8387096774193549,0.853136857812811,0.00401649471510971
A8,184.0,0.8387096774193549,0.8525343962143171,0.003981791492099691
A8,185.0,0.8387096774193549,0.8522613093554057,0.003869536283074295
A8,186.0,0.8362282878411911,0.8506799727553973,0.003811077118901443
A8,187.0,0.8362282878411911,0.8508764242411933,0.0038662029596886693
A8,188.0,0.8362282878411911,0.8506287294083241,0.0038966299186554637
A8,189.0,0.8362282878411911,0.8479253365970076,0.003988698453916458
A8,190.0,0.8337468982630273,0.8481655063092414,0.003983842150050161
A8,191.0,0.8337468982630273,0.8466139012008129,0.0039908767257043985
A8,192.0,0.8337468982630273,0.8471238881021157,0.004078966672072469
A8,193.0,0.8312655086848635,0.8452417358599635,0.004186149814857522
A8,194.0,0.8312655086848635,0.8436561901104765,0.004041299237911155
A8,195.0,0.8312655086848635,0.842436422271216,0.004003110840903003
A8,196.0,0.8287841191066998,0.8430727822650043,0.004039584922856495
A8,197.0,0.8287841191066998,0.8411325888638298,0.003937224085401418
A8,198.0,0.8287841191066998,0.840576556835834,0.003867195325115891
A8,199.0,0.8287841191066998,0.841069125649192,0.003946882337604761
A8,200.0,0.826302729528536,0.839111962257528,0.0040593784022035385
A8,201.0,0.826302729528536,0.8380968228855863,0.004110519367837373
A8,202.0,0.826302729528536,0.838582967635785,0.004718376115062609
A8,203.0,0.8238213399503722,0.8372128222828784,0.00419519981055942
A8,204.0,0.8238213399503722,0.8363328737916818,0.004789102502541752
A8,205.0,0.8213399503722084,0.8346821617250182,0.004233610572217545
A8,206.0,0.8238213399503722,0.8348825022058416,0.004506122160124462
A8,207.0,0.8188585607940446,0.8318967583194838,0.003589363500194848
A8,208.0,0.8188585607940446,0.8313855321874285,0.004026021257634203
A8,209.0,0.8163771712158809,0.8294028358321431,0.0039414918917370185
A8,210.0,0.8188585607940446,0.8292835113362832,0.004394815584467154
A8,211.0,0.8138957816377171,0.826512050222918,0.0038640045592043437
A8,212.0,0.8163771712158809,0.8270632484853597,0.0044457040014017355
A8,213.0,0.8163771712158809,0.8259544631953616,0.0050555390258948145
A8,214.0,0.8114143920595533,0.82554608902892,0.004093273201687981
A8,215.0,0.8138957816377171,0.8240001093853617,0.004693832748350525
A8,216.0,0.8114143920595533,0.822209304547177,0.004327803051192357
A8,217.0,0.8138957816377171,0.823202497441422,0.004585410450959334
A8,218.0,0.8114143920595533,0.8202435566088491,0.004574313287664608
A8,219.0,0.8114143920595533,0.8188754562023384,0.004817627787209873
A8,220.0,0.8064516129032258,0.8174808292843474,0.004698401800890536
A8,221.0,0.8064516129032258,0.8167593234455748,0.005021939361816445
A8,222.0,0.8039702233250621,0.8157226877023535,0.004618331010931619
A8,223.0,0.8039702233250621,0.8117625205599384,0.004830185278898396
A8,224.0,0.8014888337468983,0.8138437236951643,0.004589667005535449
A8,225.0,0.8014888337468983,0.8109894377304148,0.004671897138801694
A8,226.0,0.7965260545905707,0.8092722227767004,0.004122398010971984
A8,227.0,0.7990074441687345,0.8099924382517261,0.004756120266610815
A8,228.0,0.7965260545905707,0.8064155864648825,0.00449482312966411
A8,229.0,0.7965260545905707,0.80572321313884,0.00495901939244501
A8,230.0,0.7915632754342432,0.8031940044950522,0.004411287305973635
A8,231.0,0.7915632754342432,0.8016333381607547,0.00499977730569963
A8,232.0,0.7890818858560794,0.8029937986552997,0.004391736847511496
A8,233.0,0.7890818858560794,0.8003466150490589,0.0048334714247899035
A8,234.0,0.7866004962779156,0.7981108942704597,0.004346345078584546
A8,235.0,0.7841191066997518,0.7964831769367557,0.004605180700084583
A8,236.0,0.7841191066997518,0.7962279140459657,0.004901570323005584
A8,237.0,0.7791563275434243,0.7947989440838317,0.0045005397099102526
A8,238.0,0.7791563275434243,0.7921735772263478,0.0050302532823858085
A8,239.0,0.7741935483870968,0.7910139434368122,0.004126145753560258
A8,240.0,0.771712158808933,0.7891068362394735,0.004761238848703759
A8,241.0,0.7692307692307693,0.7857320901787406,0.004178904799446788
A8,242.0,0.7692307692307693,0.7857904864119121,0.005102207314954052
A8,243.0,0.7642679900744417,0.7829944034383048,0.004260462813417365
A8,244.0,0.7642679900744417,0.7816574155968593,0.005290215237302927
A8,245.0,0.7617866004962779,0.7774457921341457,0.0043963362823403115
A8,246.0,0.7593052109181141,0.7780901554169967,0.005295140029862129
A8,247.0,0.7568238213399504,0.7774066354622658,0.004824456456007468
A8,248.0,0.7543424317617866,0.7720940161923693,0.005263725055254483
A8,249.0,0.7543424317617866,0.771603475759887,0.006232240414170332
A8,250.0,0.7518610421836228,0.7702617125068318,0.00502345674047303
A8,251.0,0.749379652605459,0.7667841707166793,0.004687133947506341
A8,252.0,0.7468982630272953,0.764579517295529,0.005559531774863251
A8,253.0,0.7419354838709677,0.7623929255751035,0.004505446538228656
A8,254.0,0.7419354838709677,0.7591007100741425,0.0060779634978819315
A8,255.0,0.7419354838709677,0.7616215004390645,0.006981159949737646
A8,256.0,0.7369727047146402,0.7537801444323744,0.00488206441147302
A8,257.0,0.7344913151364765,0.7511414641795032,0.005110632675330763
A8,258.0,0.7320099255583127,0.7451237658422216,0.004720220955948787
A8,259.0,0.7295285359801489,0.7447237277633811,0.005528549416157156
A8,260.0,0.7270471464019851,0.741250037776193,0.004851900770506408
A8,261.0,0.7270471464019851,0.7443989232565487,0.006750330461145978
A8,262.0,0.7220843672456576,0.7369321036971469,0.00493398157257106
A8,263.0,0.7220843672456576,0.7395274359534091,0.006523864724424951
A8,264.0,0.7196029776674938,0.7283396680878909,0.004777412578316975
A8,265.0,0.71712158808933,0.7338387591401074,0.005911943523225998
A8,266.0,0.7121588089330024,0.7233650909806801,0.005078767102063145
B1,1.0,1.0,0.9100175052989827,0.13371691627062277
B1,2.0,1.019672131147541,0.9293101053018399,0.12480852741912384
B1,3.0,1.0295081967213116,0.9283293568261008,0.12837658522569403
B1,4.0,1.0360655737704918,0.9422236359705887,0.12670307221464885
B1,5.0,1.039344262295082,0.9532618323673558,0.12634118541016628
B1,6.0,1.0262295081967212,0.9485491152208243,0.11920758461888889
B1,7.0,0.9934426229508196,0.8884671356809695,0.10916256555158863
B1,8.0,0.9704918032786886,0.8607103844175574,0.0956973261550721
B1,9.0,0.9540983606557377,0.8379526532952638,0.0856947018953632
B1,10.0,0.9311475409836065,0.8157385555459912,0.07940155218075708
B1,11.0,0.9114754098360656,0.796718366258511,0.07366157982305167
B1,12.0,0.8885245901639345,0.7812276143177338,0.06983845558448991
B1,13.0,0.8622950819672132,0.7687936717723207,0.06744582250946059
B1,14.0,0.839344262295082,0.7552508685167124,0.0627358195167998
B1,15.0,0.8163934426229508,0.7447220604204077,0.06283161720794214
B1,16.0,0.7934426229508197,0.7341386388509074,0.06098399200495761
B1,17.0,0.7737704918032787,0.7242887108693772,0.061943251757225766
B1,18.0,0.7540983606557377,0.7178472491197195,0.06509197519990424
B1,19.0,0.7344262295081967,0.71402066571078,0.08912009962230082
B1,20.0,0.7081967213114754,0.6086422650546954,0.1282918507748735
B1,21.0,0.6754098360655738,0.6153542266947035,0.14634686758167068
B1,22.0,0.6557377049180327,0.672689114150598,0.09124415395873545
B1,23.0,0.6459016393442623,0.6170428365877453,0.17926101134433217
B1,24.0,0.6327868852459017,0.665210285721388,0.15633971787168416
B1,25.0,0.6196721311475409,0.7563419129726248,0.10975196611672068
B1,26.0,0.6131147540983607,0.6771109791265516,0.16069971026729019
B1,27.0,0.5934426229508196,0.7452149480704919,0.13810262742805335
B1,28.0,0.5672131147540984,0.7186558785301185,0.11270504252963588
B1,29.0,0.5540983606557377,0.7558603818258826,0.14346977556493606
B1,30.0,0.5344262295081967,0.6578803014577335,0.13344572565110982
B1,31.0,0.5147540983606558,0.5768656896922423,0.13361839631426864
B1,32.0,0.5114754098360655,0.6175022721852436,0.1702185753655047
B1,33.0,0.49508196721311476,0.5901115638970711,0.17722064787651431
B1,34.0,0.47540983606557374,0.4640355202203388,0.15459835708572756
B1,35.0,0.4426229508196721,0.3796145869727886,0.14938530282775903
B1,36.0,0.4491803278688525,0.4583002624431717,0.17958740833685216
B1,37.0,0.4426229508196721,0.5294184164279576,0.20423382897944958
B1,38.0,0.4131147540983607,0.358925538098182,0.15686292874658858
B1,39.0,0.35737704918032787,0.33464739895379103,0.12314642862871336
B1,40.0,0.39672131147540984,0.35598520311130116,0.17220057984637888
B1,41.0,0.36721311475409835,0.30723900526469033,0.12715096901431108
B1,42.0,0.3442622950819672,0.283190810136473,0.10855503330764138
B1,43.0,0.3639344262295082,0.4298667171680492,0.195530347086165
B1,44.0,0.35737704918032787,0.44674157043482354,0.21282048739597345
B1,45.0,0.3475409836065574,0.4544594304149524,0.21289335460839418
B1,46.0,0.3377049180327869,0.4459705286127449,0.21094610373850636
B1,47.0,0.3118032786885246,0.33825832409789836,0.18574918631827309
B1,48.0,0.30885245901639347,0.3674282539773793,0.19510722254518165
B1,49.0,0.2862295081967213,0.3024747395378378,0.17263579297484993
B1,50.0,0.28688524590163933,0.2095025655901599,0.12001482793218317
B1,51.0,0.2839344262295082,0.33841087855910984,0.1925307629034591
B1,52.0,0.28918032786885245,0.46381827064015,0.22756358224182777
B1,53.0,0.2537704918032787,0.2175332023027381,0.13666975114980592
B1,54.0,0.259672131147541,0.2774586801837678,0.1826111489501584
B1,55.0,0.2698360655737705,0.5039175564456817,0.24380519988951957
B1,56.0,0.2659016393442623,0.5204211178776799,0.25138430392549355
B1,57.0,0.25934426229508195,0.5312329982066892,0.2553597777859214
B1,58.0,0.2498360655737705,0.5145099174028016,0.2535432096522672
B1,59.0,0.24721311475409835,0.5041521374316059,0.2452570233155661
B1,60.0,0.23737704918032787,0.532621515252218,0.25938244774217817
B1,61.0,0.23344262295081966,0.5307401384688244,0.2576919644035146
B1,62.0,0.21868852459016394,0.45686683680756146,0.25305075695079426
B1,63.0,0.2,0.29217250557471636,0.1748708106252546
B1,64.0,0.20688524590163934,0.4157542439289188,0.23498648644476253
B1,65.0,0.18754098360655738,0.2932810113398557,0.16755578100347257
B1,66.0,0.18754098360655738,0.1766387336885823,0.11021965812447493
B1,67.0,0.14163934426229507,0.3744931562989312,0.1867214949357867
B1,68.0,0.20655737704918034,0.5418411943298218,0.26866909999641514
B1,69.0,0.18918032786885247,0.40354221541251756,0.22685952841143317
B1,70.0,0.2022950819672131,0.49916557178677823,0.25714424879676007
B1,71.0,0.14557377049180328,0.17423574236365325,0.11360499867486032
B1,72.0,0.18786885245901638,0.49531580259083763,0.2580193301678395
B1,73.0,0.17245901639344263,0.42099761821087656,0.23091684932227588
B1,74.0,0.13409836065573771,0.16418905022280872,0.11916239934721773
B1,75.0,0.1921311475409836,0.41493143209839706,0.20980814057460634
B1,76.0,0.14426229508196722,0.2073209054740573,0.13247335038761363
B1,77.0,0.17901639344262296,0.5672112680797478,0.2770719314288063
B1,78.0,0.15934426229508197,0.44667414817420503,0.24465280241614207
B1,79.0,0.17934426229508196,0.4721270137254046,0.24498224272583144
B1,80.0,0.15377049180327867,0.3173543687455728,0.16221296493775408
B1,81.0,0.17573770491803278,0.3134146508164661,0.15192030650747737
B1,82.0,0.16459016393442624,0.6031762489066655,0.283819098023031
B1,83.0,0.17278688524590163,0.27437892073503417,0.11732481591123356
B1,84.0,0.1678688524590164,0.3977050720980586,0.2170782859038267
B1,85.0,0.12918032786885245,0.14733973474181983,0.11514926722757404
B1,86.0,0.16262295081967212,0.4297112560583386,0.23502008750602174
B1,87.0,0.12819672131147541,0.3836459235496744,0.20096831591149958
B1,88.0,0.16131147540983606,0.2861984561548799,0.14963741086159757
B1,89.0,0.08885245901639344,0.30706987052318374,0.19734349931187462
B1,90.0,0.07901639344262296,0.15940096327734266,0.10679326807147736
B1,91.0,0.15770491803278688,0.22933346838328206,0.10141728872263694
B1,92.0,0.14524590163934425,0.6011865253151376,0.28414952128043014
B1,93.0,0.1557377049180328,0.23856401885820555,0.10718061621480081
B1,94.0,0.15147540983606558,0.233617559944998,0.1111415919093562
B1,95.0,0.14622950819672131,0.5755378540091277,0.2771333006077904
B1,96.0,0.09377049180327869,0.4142928670959338,0.22013164408488903
B1,97.0,0.14622950819672131,0.34779124539619233,0.20014157545060268
B1,98.0,0.12360655737704918,0.5960149476303822,0.27877548854423295
B1,99.0,0.14065573770491804,0.5725995823790428,0.2755987939117011
B1,100.0,0.08459016393442623,0.1612611161601527,0.1271541718056629
B1,101.0,0.1360655737704918,0.5130666132842417,0.26929488061592677
B1,102.0,0.14295081967213114,0.206873208507741,0.10354092318601886
B2,1.0,1.0,0.7521965163388117,0.2762109316905338
B2,2.0,0.9801324503311258,0.6818644409772237,0.20445397353361616
B2,3.0,0.9701986754966887,0.687503092390264,0.19106876425641514
B2,4.0,0.9602649006622517,0.718978669318904,0.15055065274174748
B2,5.0,0.9470198675496688,0.7461246512489917,0.1269113215711568
B2,6.0,0.9271523178807947,0.7565428105660009,0.11490380547301567
B2,7.0,0.9139072847682119,0.7549549168139865,0.10981148697200042
B2,8.0,0.8940397350993378,0.76439650653755,0.10212475326952278
B2,9.0,0.8774834437086093,0.7573885498153415,0.09754226600267601
B2,10.0,0.8576158940397351,0.749738626426206,0.09889267739290498
B2,11.0,0.8377483443708609,0.7392939424475518,0.09477938187797255
B2,12.0,0.8178807947019867,0.7314944915323333,0.0948626419933131
B2,13.0,0.8013245033112583,0.719129421471892,0.09525850784929106
B2,14.0,0.7814569536423841,0.715770925494946,0.09621443359008815
B2,15.0,0.7682119205298014,0.7102495330967091,0.09847672332228112
B2,16.0,0.7516556291390728,0.7078254774496695,0.10370524612729068
B2,17.0,0.7350993377483444,0.7121841044419771,0.1043483066337264
B2,18.0,0.7185430463576159,0.7104449500184067,0.11886994562517694
B2,19.0,0.7019867549668874,0.7140226138837107,0.12640991827983444
B2,20.0,0.6854304635761589,0.724369869923084,0.14107343148374105
B2,21.0,0.6688741721854304,0.7350840865251917,0.15195066696042783
B2,22.0,0.652317880794702,0.7469274053704786,0.16181989686346038
B2,23.0,0.6357615894039735,0.7614130114611237,0.17082645509324937
B2,24.0,0.6158940397350994,0.7874866402941907,0.18158205104399888
B2,25.0,0.5993377483443708,0.7997713973504135,0.17929033900441613
B2,26.0,0.5827814569536424,0.8189401110566097,0.18163771046858984
B2,27.0,0.5629139072847682,0.8174952324903295,0.16203565284874863
B2,28.0,0.5463576158940397,0.8123198074549911,0.1580349376761655
B2,29.0,0.5264900662251656,0.7726278646514236,0.13586154730310163
B2,30.0,0.5033112582781457,0.7228099302893928,0.11707997772967121
B2,31.0,0.4867549668874172,0.6889647666596941,0.11602077799778301
B2,32.0,0.46357615894039733,0.609383469882789,0.08073581040472412
B2,33.0,0.4470198675496689,0.5927878833613256,0.0719435065846278
B2,34.0,0.4271523178807947,0.5588578290163169,0.06132512691247693
B2,35.0,0.40728476821192056,0.528752824425003,0.05040260703564007
B2,36.0,0.38741721854304634,0.5234614323651527,0.06246559692550134
B2,37.0,0.3675496688741722,0.505269690590457,0.0754976236181765
B2,38.0,0.3543046357615894,0.5046938430311179,0.10090169817494783
B2,39.0,0.33774834437086093,0.4461763837228323,0.0862686984680569
B2,40.0,0.3211920529801324,0.43267769500512515,0.10606993053419457
B2,41.0,0.30993377483443707,0.4093998966175761,0.14017151071575262
B2,42.0,0.2933774834437086,0.35230843026764347,0.12954585305529795
B2,43.0,0.2854304635761589,0.34492154514161355,0.1443423482667815
B2,44.0,0.2705298013245033,0.32788542644358576,0.14745161804435533
B2,45.0,0.2589403973509934,0.35728724164743564,0.17564253263898671
B2,46.0,0.2509933774834437,0.3727834276314399,0.1849280476897229
B2,47.0,0.23973509933774834,0.34605550090042103,0.17185435265687718
B2,48.0,0.23112582781456953,0.35682223712281813,0.1809992751489538
B2,49.0,0.22748344370860926,0.40417133720980525,0.21297356192037753
B2,50.0,0.21456953642384105,0.34653266536407057,0.1908473389673654
B2,51.0,0.20794701986754968,0.3337126214596593,0.19840315990458318
B2,52.0,0.2052980132450331,0.3485644333479824,0.2156462934101728
B2,53.0,0.19602649006622516,0.2877589487081954,0.194862515253728
B2,54.0,0.1890728476821192,0.25480936951091154,0.1871802641750774
B2,55.0,0.18443708609271522,0.23524016879780152,0.17997890223437288
B2,56.0,0.17913907284768213,0.19875978878850253,0.1609682884413874
B2,57.0,0.17516556291390728,0.18429254702477793,0.16021598075105348
B2,58.0,0.1728476821192053,0.1547676046582196,0.133459097533557
B2,59.0,0.17019867549668874,0.14420291941812236,0.12121199269262493
B2,60.0,0.16225165562913907,0.13858408320942373,0.12951803748160476
B2,61.0,0.15894039735099338,0.13250033814069762,0.11753713315632824
B2,62.0,0.15894039735099338,0.13777317950664147,0.10956537161328656
B2,63.0,0.15264900662251657,0.14117023459744227,0.11244136884056768
B2,64.0,0.1533112582781457,0.1427359322325129,0.10755771758083113
B2,65.0,0.147682119205298,0.1377938655912494,0.10248878202527935
B2,66.0,0.14437086092715232,0.1357434424060855,0.10341115215892961
B2,67.0,0.1423841059602649,0.13232161762433248,0.10247578352367327
B2,68.0,0.13940397350993378,0.12714560098368066,0.10310639677940761
B2,69.0,0.13841059602649006,0.12550157233713255,0.10647124515435073
B2,70.0,0.13543046357615893,0.12027012099394196,0.11068795489706686
B2,71.0,0.1317880794701987,0.11754447239360044,0.11550831602349404
B2,72.0,0.12980132450331125,0.11203767579651058,0.1149419438062113
B2,73.0,0.12980132450331125,0.12118472031895489,0.13345716205590444
B2,74.0,0.12582781456953643,0.1179230123271191,0.14458727786109282
B2,75.0,0.123841059602649,0.10912831855919825,0.14530317542530227
B2,76.0,0.12251655629139073,0.12185028662650321,0.15001281948615372
B2,77.0,0.12417218543046357,0.17077053100524586,0.17207612853384724
B2,78.0,0.12086092715231789,0.13302502197980937,0.16867425302115877
B2,79.0,0.12019867549668874,0.12602504305666817,0.16604981914824332
B2,80.0,0.1195364238410596,0.19458395358081493,0.18783494659096595
B2,81.0,0.1162251655629139,0.1468879013204032,0.17481081531047898
B2,82.0,0.11390728476821192,0.12040778007807085,0.16961920685528045
B2,83.0,0.11390728476821192,0.19183380545638762,0.19255310593021
B2,84.0,0.1119205298013245,0.14655123544089743,0.18160924869110318
B2,85.0,0.11059602649006622,0.14992587214774433,0.18295874464965994
B2,86.0,0.10894039735099338,0.1989041618853032,0.1962536502779815
B2,87.0,0.10927152317880795,0.21800496251463547,0.20091517215996121
B2,88.0,0.10662251655629139,0.16110133305752028,0.18660186888247673
B2,89.0,0.10629139072847682,0.16105449839903763,0.1864980489110305
B2,90.0,0.10529801324503311,0.1727913280130563,0.18877081594053213
B2,91.0,0.10397350993377484,0.1553400202176124,0.18606691788849755
B2,92.0,0.10529801324503311,0.20985112904044045,0.1978262443820968
B2,93.0,0.10231788079470198,0.1983100233114548,0.19693650417097208
B2,94.0,0.10132450331125828,0.1659924837234964,0.18705056068269216
B2,95.0,0.10066225165562914,0.17531977129146847,0.18849219622566576
B2,96.0,0.09900662251655629,0.2312586429764425,0.20352753246108093
B2,97.0,0.09834437086092715,0.1705703371644799,0.1875426644146093
B2,98.0,0.09768211920529801,0.17425892149729028,0.18950121120535166
B2,99.0,0.09668874172185431,0.16353397089453436,0.18737267843232808
B2,100.0,0.09503311258278145,0.18277094101458358,0.19239702073580128
B2,101.0,0.09437086092715231,0.18305149502926343,0.19229949582525357
B2,102.0,0.09470198675496688,0.20246817993190164,0.19733104161153772
B2,103.0,0.09370860927152318,0.23960865344965465,0.20772105001055835
B2,104.0,0.09370860927152318,0.19502443889504262,0.19504211761156126
B2,105.0,0.0923841059602649,0.16314829939627062,0.18821627923357379
B2,106.0,0.09172185430463577,0.2268334429212268,0.20559808652188477
B2,107.0,0.09205298013245033,0.23675212475149093,0.2080216429845987
B2,108.0,0.0913907284768212,0.19812265951584845,0.19491276059490756
B2,109.0,0.09105960264900662,0.2058137522141651,0.19809687391284744
B2,110.0,0.08940397350993377,0.2653466642082316,0.21729200105066201
B2,111.0,0.08841059602649007,0.256693593025351,0.2148826641070173
B2,112.0,0.0880794701986755,0.2131283991808609,0.20155227147194402
B2,113.0,0.08741721854304636,0.21486486453779485,0.20188763467961213
B2,114.0,0.08675496688741721,0.1985534375901264,0.19727384080662522
B2,115.0,0.08642384105960264,0.22178678317329115,0.20448812770504057
B3,1.0,1.0,0.9802176563780025,0.20866629032090214
B3,2.0,1.0161290322580645,0.997267672913779,0.20132029478762917
B3,3.0,1.0258064516129033,1.0017383594001021,0.20750556698946324
B3,4.0,1.032258064516129,1.0039358283226896,0.20342651773335696
B3,5.0,1.0354838709677419,1.0031050786598232,0.2010368045400007
B3,6.0,1.032258064516129,0.9874829591276613,0.20335832063970594
B3,7.0,1.0064516129032257,0.9659212547186151,0.1965604836396532
B3,8.0,0.9838709677419355,0.965502976280997,0.19289881660117844
B3,9.0,0.964516129032258,0.9567711783714243,0.18878412131764516
B3,10.0,0.9483870967741935,0.9456503153584375,0.1828636956933931
B3,11.0,0.9290322580645162,0.9332232931974616,0.17528815174955079
B3,12.0,0.9096774193548387,0.9227966195852624,0.17027218764503552
B3,13.0,0.8935483870967742,0.9134055248246663,0.16349495833980246
B3,14.0,0.8741935483870967,0.9068933927777243,0.15107443180763303
B3,15.0,0.8548387096774194,0.8921769264277593,0.14015207470677585
B3,16.0,0.8387096774193549,0.8693988148143205,0.13494084837634784
B3,17.0,0.8258064516129032,0.8389300220711406,0.12837266754746787
B3,18.0,0.8032258064516129,0.8480318582711197,0.12252573980610057
B3,19.0,0.7870967741935484,0.8310775282297247,0.12159811275818527
B3,20.0,0.7741935483870968,0.8090814805516323,0.11315034913864488
B3,21.0,0.7580645161290323,0.7887572570308392,0.11102847460910226
B3,22.0,0.7451612903225806,0.7609226681773535,0.11596161932514373
B3,23.0,0.7290322580645161,0.7365043986332259,0.14467489269970607
B3,24.0,0.7161290322580646,0.7236928016532415,0.16631511548238323
B3,25.0,0.5903225806451613,0.47526190405602275,0.08684861138395056
B3,26.0,0.5387096774193548,0.46127600899165877,0.06526693018562367
B3,27.0,0.5129032258064516,0.45015758352237234,0.060702196579020457
B3,28.0,0.5096774193548387,0.4411529734308112,0.0805391700579273
B3,29.0,0.5419354838709678,0.4207659534979081,0.10329221215910155
B3,30.0,0.4161290322580645,0.43622602619181466,0.10092285525237146
B3,31.0,0.3935483870967742,0.4251584289232338,0.13875648644936886
B3,32.0,0.3741935483870968,0.42697211933474666,0.16928241330092714
B3,33.0,0.3548387096774194,0.4407807202405782,0.18010189523494352
B3,34.0,0.33225806451612905,0.4313347224070872,0.21186620444441756
B3,35.0,0.31,0.4155991012835111,0.2229371497615274
B3,36.0,0.2880645161290323,0.37979146125853713,0.1952274227811582
B3,37.0,0.27064516129032257,0.4092461431566178,0.2509320646256005
B3,38.0,0.2461290322580645,0.37815714804149747,0.1690984399498045
B3,39.0,0.22806451612903225,0.40046891436356774,0.23667696156190865
B3,40.0,0.2103225806451613,0.4338934710485067,0.2469943622684139
B3,41.0,0.1967741935483871,0.42933970308501684,0.21731995973592472
B3,42.0,0.18419354838709678,0.39967132773994113,0.2182227632075532
B3,43.0,0.1735483870967742,0.4093902625197703,0.2224745717984589
B3,44.0,0.16741935483870968,0.43064472906148776,0.25439310480774135
B3,45.0,0.15645161290322582,0.46839828050927207,0.27527516962224885
B3,46.0,0.14806451612903226,0.4584553487675094,0.26862117347413084
B3,47.0,0.14225806451612905,0.44170102484145,0.2625762309058292
B3,48.0,0.13709677419354838,0.43050308241616914,0.2561229215112093
B3,49.0,0.13096774193548388,0.4217241400626058,0.25816462500617104
B3,50.0,0.12612903225806452,0.40182095779836446,0.2546308827182222
B3,51.0,0.12225806451612903,0.3888529753082068,0.2613668144523463
B3,52.0,0.11806451612903225,0.3742624784376793,0.2573600886106541
B3,53.0,0.11451612903225807,0.3104590485522548,0.21008978347066112
B3,54.0,0.11064516129032258,0.28839671030916614,0.1837018383197442
B3,55.0,0.10774193548387097,0.3179024184920897,0.20887218447706213
B3,56.0,0.10516129032258065,0.34363198994242444,0.23842767340361415
B3,57.0,0.10290322580645161,0.348309399805705,0.24595705385430128
B3,58.0,0.10161290322580645,0.35831442186695256,0.24560796477392838
B3,59.0,0.09806451612903226,0.3491469371218559,0.23028178460976073
B3,60.0,0.0964516129032258,0.29020509071416695,0.1966040324775061
B3,61.0,0.09451612903225806,0.24326510323753503,0.18777152846666564
B3,62.0,0.09225806451612903,0.2161830296534858,0.1813177747595069
B3,63.0,0.09064516129032259,0.22094718489744347,0.19404795007400888
B3,64.0,0.09,0.2665654093178457,0.20568119895054462
B3,65.0,0.0867741935483871,0.20926555086949977,0.18479500589305164
B3,66.0,0.08612903225806452,0.35490626653554774,0.2509995258514441
B3,67.0,0.08354838709677419,0.33015921611443844,0.2532506932164307
B3,68.0,0.08258064516129032,0.3163579359000031,0.2615355420654192
B3,69.0,0.08064516129032258,0.311274864906818,0.26318235355455966
B3,70.0,0.08,0.3171587136837155,0.27093642020757436
B3,71.0,0.07935483870967742,0.3071636654580457,0.2677668452340542
B3,72.0,0.07903225806451612,0.3870064152220484,0.291905123796878
B3,73.0,0.07838709677419355,0.3601288021406798,0.2842151597487322
B3,74.0,0.07612903225806451,0.2944616121761549,0.2667715711004263
B3,75.0,0.07516129032258065,0.2701290243165329,0.24701541028999927
B3,76.0,0.0732258064516129,0.2656312352985017,0.23811419988825294
B3,77.0,0.07258064516129033,0.3026889439955254,0.2503070702871103
B3,78.0,0.07258064516129033,0.3122970495064972,0.252097429808574
B3,79.0,0.07064516129032258,0.2772076360090949,0.23330043348238713
B3,80.0,0.07,0.25842526759967777,0.2059174601716673
B3,81.0,0.06806451612903226,0.27747350120617925,0.2338382551208903
B3,82.0,0.06741935483870967,0.2776469096838191,0.23327072461241516
B3,83.0,0.06806451612903226,0.32371243970991354,0.2648523232822995
B3,84.0,0.0667741935483871,0.3609581875156265,0.27887800590109213
B3,85.0,0.06548387096774194,0.3017905335092584,0.2641158367292877
B3,86.0,0.06451612903225806,0.30643317852675567,0.2655434954786745
B3,87.0,0.06516129032258064,0.30279100367219397,0.26434959069443137
B3,88.0,0.0635483870967742,0.33667304752678967,0.2681278823943953
B3,89.0,0.06483870967741935,0.3267422892700865,0.2596768082892003
B3,90.0,0.06322580645161291,0.3109068688889179,0.2607458894973086
B3,91.0,0.0635483870967742,0.29814708543630064,0.25798241184672466
B3,92.0,0.06193548387096774,0.2819039609952352,0.22912878882405038
B3,93.0,0.06129032258064516,0.27808343914083744,0.23020599925376314
B3,94.0,0.06129032258064516,0.3183775559053355,0.23233054683330756
B3,95.0,0.06129032258064516,0.31333995629177674,0.22665178073840972
B3,96.0,0.05967741935483871,0.29771225204691637,0.23140989010287752
B3,97.0,0.06,0.24318240547475467,0.22757871338158286
B3,98.0,0.05838709677419355,0.2717689135861516,0.23021490734623576
B3,99.0,0.05870967741935484,0.2950151026874613,0.22701832271334463
B3,100.0,0.059032258064516126,0.3507295163752427,0.23881032216633474
B3,101.0,0.059032258064516126,0.35237149821015684,0.2427612623616539
B3,102.0,0.05838709677419355,0.27218497036823774,0.25392778935139265
B3,103.0,0.057741935483870965,0.31555391352537476,0.24828091917756148
B3,104.0,0.05709677419354839,0.2827391541353874,0.256557673048894
B3,105.0,0.056451612903225805,0.2708352512434552,0.25574010836810723
B3,106.0,0.05548387096774193,0.24979988126192648,0.2550425457085407
B3,107.0,0.05419354838709677,0.3544246110053127,0.26466038486637494
B3,108.0,0.05548387096774193,0.3387792884893048,0.26570819054048644
B3,109.0,0.054838709677419356,0.3407775325657263,0.27047721870391606
B3,110.0,0.05451612903225807,0.2666828845653031,0.2565115920010553
B3,111.0,0.052258064516129035,0.3845109441243949,0.28029775648417943
B3,112.0,0.053548387096774196,0.2770643054380212,0.2543220248806663
B3,113.0,0.0532258064516129,0.33376058829671806,0.27492068186142965
B3,114.0,0.0532258064516129,0.36675747829115607,0.28062696783359986
B3,115.0,0.05290322580645161,0.356749806236641,0.2787655262916382
B3,116.0,0.0532258064516129,0.30988016172451033,0.2663513409969285
B3,117.0,0.052258064516129035,0.34501942490668935,0.27616546634332106
B3,118.0,0.05161290322580645,0.3484352522517557,0.27677540153198654
B3,119.0,0.05193548387096774,0.30898729199972824,0.26111406819901933
B3,120.0,0.05161290322580645,0.29069618472530767,0.24324588684697826
B3,121.0,0.05064516129032258,0.3089853615066447,0.24636691930791707
B3,122.0,0.04903225806451613,0.3289518150942415,0.2580422244308845
B3,123.0,0.048709677419354835,0.40115964045541097,0.286300360279902
B3,124.0,0.04967741935483871,0.36623671052563683,0.2755333187395027
B3,125.0,0.04935483870967742,0.37757430274552917,0.2782211100469674
B3,126.0,0.04903225806451613,0.38514492635287406,0.2783097946255241
B3,127.0,0.04935483870967742,0.3888573376208564,0.2786584745666064
B4,1.0,1.0,0.7301972618659729,0.27537988817664816
B4,2.0,1.0163398692810457,0.7449067076787638,0.2703658361617009
B4,3.0,1.0294117647058822,0.7473876209227797,0.26858161787408946
B4,4.0,1.0359477124183007,0.7484677820592073,0.26682660819869897
B4,5.0,1.0392156862745099,0.7482891966147284,0.265559755041655
B4,6.0,1.0196078431372548,0.7631121028711759,0.26407999322336895
B4,7.0,0.9836601307189542,0.7620911696514412,0.2712462061462289
B4,8.0,0.9640522875816994,0.7618387446039753,0.2710957417121743
B4,9.0,0.9444444444444444,0.7613635423434222,0.2694501429132719
B4,10.0,0.9215686274509803,0.7579066741024825,0.2683555732371209
B4,11.0,0.8954248366013072,0.7556522202088357,0.2664669458109548
B4,12.0,0.869281045751634,0.7501793359460913,0.2649923528392967
B4,13.0,0.8431372549019608,0.7415777465610446,0.2657534698184058
B4,14.0,0.8169934640522876,0.7326667912688721,0.2664740297989703
B4,15.0,0.7941176470588235,0.7252203528929966,0.2677361203448802
B4,16.0,0.7712418300653595,0.7192504300788926,0.26807670643020826
B4,17.0,0.7516339869281046,0.7142961579855951,0.2688091420339209
B4,18.0,0.7320261437908496,0.7123082704540696,0.27044632488739856
B4,19.0,0.7091503267973857,0.6912181377052722,0.27963626781308115
B4,20.0,0.6111111111111112,0.667553095077138,0.2695901237746438
B4,21.0,0.565359477124183,0.6607615916023875,0.26775515610799394
B4,22.0,0.5392156862745098,0.6643657898995483,0.2698432786414938
B4,23.0,0.49019607843137253,0.6665012348688556,0.27114011280834305
B4,24.0,0.5196078431372549,0.6847116543430393,0.2726376749120452
B4,25.0,0.4803921568627451,0.6744571373673109,0.27205227300420304
B4,26.0,0.38235294117647056,0.6543339528041562,0.2708932707202057
B4,27.0,0.3627450980392157,0.6351354486211604,0.2700401231436176
B4,28.0,0.3431372549019608,0.6139618811784179,0.27080676082589084
B4,29.0,0.3209150326797386,0.6046809329671841,0.2706224119409636
B4,30.0,0.3,0.5940852430184399,0.2707832070234688
B4,31.0,0.2803921568627451,0.5965623142984594,0.27157609883504596
B4,32.0,0.26176470588235295,0.5868044200550668,0.2676387373456816
B4,33.0,0.24444444444444444,0.5766821952009202,0.26632448786909
B4,34.0,0.2284313725490196,0.5751789645307697,0.26607588949574706
B4,35.0,0.21535947712418302,0.5712893752544907,0.2645683893430796
B4,36.0,0.20294117647058824,0.5573090670226641,0.2620650858741627
B4,37.0,0.19183006535947714,0.5396546590893216,0.25723453814234115
B4,38.0,0.1830065359477124,0.5423995445497445,0.2553085491211073
B4,39.0,0.17483660130718953,0.546423373908615,0.2578525053565498
B4,40.0,0.1676470588235294,0.5399528248998431,0.2576079270931926
B4,41.0,0.16013071895424835,0.5408396174033228,0.2569910911799792
B4,42.0,0.15522875816993464,0.5358783065622589,0.25545934968059203
B4,43.0,0.14967320261437908,0.5354579150815579,0.2552262183613018
B4,44.0,0.1450980392156863,0.5288843659577867,0.25380710359553077
B4,45.0,0.14183006535947712,0.5189132093952329,0.25235302212183386
B4,46.0,0.13725490196078433,0.5166444092420548,0.2519239452022933
B4,47.0,0.1323529411764706,0.5242974482704823,0.2513021065841516
B4,48.0,0.12941176470588237,0.5236466588052586,0.2514145977548261
B4,49.0,0.12581699346405228,0.5192993931618184,0.2516161888877198
B4,50.0,0.12450980392156863,0.5053564634728396,0.2537087005710751
B4,51.0,0.12156862745098039,0.518727805436435,0.255769242036786
B4,52.0,0.11797385620915032,0.5150007908092992,0.2575395716744461
B4,53.0,0.11633986928104575,0.5159411166067985,0.2597430644318691
B4,54.0,0.11339869281045752,0.5275194939225827,0.2613679494440272
B4,55.0,0.11176470588235295,0.5294033830452942,0.26305199577472005
B4,56.0,0.11013071895424836,0.5417175484074617,0.26579176085487805
B4,57.0,0.10718954248366012,0.5564954841649756,0.2687273085117473
B4,58.0,0.10588235294117647,0.5588671385167575,0.26908125029906144
B4,59.0,0.1042483660130719,0.5718596879796811,0.27149614660789917
B4,60.0,0.1022875816993464,0.5894211753108783,0.27423640532103594
B4,61.0,0.10098039215686275,0.5923438388185303,0.274678103974788
B4,62.0,0.09934640522875816,0.6002960582822398,0.27569979691765206
B4,63.0,0.0977124183006536,0.6147289166990707,0.27704769302085475
B4,64.0,0.09673202614379085,0.6196416879719245,0.277395592706458
B4,65.0,0.09542483660130718,0.6203864872499262,0.2774040544645654
B4,66.0,0.09444444444444444,0.6259542493756642,0.27771050990303703
B4,67.0,0.09313725490196079,0.6303250340799195,0.2779586322428334
B4,68.0,0.09215686274509804,0.6426859003723682,0.2788819262989251
B4,69.0,0.09117647058823529,0.6355224512441887,0.2783687075303744
B4,70.0,0.0915032679738562,0.6638591204848557,0.2803387157748902
B4,71.0,0.08888888888888889,0.6392005057472683,0.2787029586466621
B4,72.0,0.08823529411764706,0.638266150706771,0.278666776456273
B4,73.0,0.08823529411764706,0.6588364031425523,0.2800501295963652
B4,74.0,0.08594771241830065,0.6393294792922413,0.27861937501939793
B4,75.0,0.08496732026143791,0.6415465549321994,0.27880971699157425
B4,76.0,0.08398692810457517,0.6407756826671216,0.27871583662259053
B4,77.0,0.08366013071895424,0.6595163663116794,0.2799253185981796
B4,78.0,0.08333333333333333,0.6411913926262809,0.2786094379857385
B4,79.0,0.08202614379084967,0.6424568955033658,0.2786005031668031
B4,80.0,0.08104575163398693,0.6432474155573283,0.2785692961680967
B4,81.0,0.0803921568627451,0.6585741537075447,0.27978102900339397
B4,82.0,0.08006535947712418,0.6430498359949104,0.2785443678082271
B4,83.0,0.07941176470588235,0.6564228188068253,0.27964176363575954
B4,84.0,0.07908496732026143,0.6410251453869081,0.2782908744100597
B4,85.0,0.07745098039215687,0.6418828648371572,0.2783712901182424
B4,86.0,0.07712418300653595,0.6439174477137908,0.27858422185149023
B4,87.0,0.07647058823529412,0.6499738816565717,0.279159041986812
B4,88.0,0.07647058823529412,0.657272038662911,0.27978787024317847
B4,89.0,0.07483660130718954,0.6403791185229596,0.2783284951717128
B4,90.0,0.0738562091503268,0.6396035138218785,0.2782822418756616
B4,91.0,0.0738562091503268,0.6406600919440193,0.27846700083678205
B4,92.0,0.0738562091503268,0.6585570299605082,0.2800079548451827
B4,93.0,0.07254901960784314,0.6373989526184175,0.2782016410146827
B4,94.0,0.07222222222222222,0.6366447749813634,0.27826251983502864
B4,95.0,0.0718954248366013,0.6378176624243879,0.27839306138773845
B4,96.0,0.07091503267973856,0.6393330204089426,0.2787438012169082
B4,97.0,0.07091503267973856,0.6388355495255825,0.2786664227568001
B4,98.0,0.07058823529411765,0.6389114362823994,0.27871478587825704
B4,99.0,0.06993464052287582,0.6477032853108625,0.2794962269089517
B4,100.0,0.06993464052287582,0.6458825420197533,0.2793851565669273
B4,101.0,0.06928104575163399,0.6390734467539612,0.27892275912566955
B4,102.0,0.06862745098039216,0.641191250590052,0.2792131079498923
B4,103.0,0.06797385620915032,0.640220310325607,0.2791478802772275
B4,104.0,0.06830065359477124,0.6538259227203801,0.28006477439911087
B4,105.0,0.06797385620915032,0.6524633689588984,0.28002152836562944
B4,106.0,0.06699346405228758,0.6420145424268802,0.2793587171368586
B4,107.0,0.06666666666666667,0.6431363446153284,0.2794756074546217
B4,108.0,0.06601307189542484,0.6443447477560221,0.2795616495223907
B4,109.0,0.06568627450980392,0.6442162594416594,0.27953283863061706
B4,110.0,0.06601307189542484,0.6468239636009131,0.2797417763966339
B4,111.0,0.06535947712418301,0.6467753089428513,0.27974520690255716
B4,112.0,0.0650326797385621,0.6456253858947462,0.2796385345941251
B4,113.0,0.06535947712418301,0.6470396513324582,0.2797362401451431
B4,114.0,0.06405228758169934,0.6445152589583699,0.27955993821789693
B4,115.0,0.06339869281045751,0.6495123471038382,0.27983458318096927
B4,116.0,0.0630718954248366,0.6489507824728941,0.2798002850506428
B4,117.0,0.0630718954248366,0.6488795759202494,0.2797935204220041
B4,118.0,0.06274509803921569,0.6488376655244824,0.279788468395776
B4,119.0,0.06143790849673202,0.6499996798628085,0.2798222050931282
B4,120.0,0.06143790849673202,0.6504967024588861,0.2798318464182634
B4,121.0,0.06143790849673202,0.651064905135771,0.2798208267557972
B4,122.0,0.060784313725490195,0.6538495072539455,0.28005114023088173
B4,123.0,0.061764705882352944,0.6597439769321054,0.2804649942730558
B4,124.0,0.06143790849673202,0.6512659469719445,0.2797897876148751
B4,125.0,0.060784313725490195,0.6511940625130374,0.2797715173147373
B4,126.0,0.06045751633986928,0.6615379687232887,0.28054473919729
B4,127.0,0.060784313725490195,0.6546277187036477,0.28003848015722116
B4,128.0,0.06045751633986928,0.6573950425286984,0.2802720647354815
B4,129.0,0.059803921568627454,0.6524135765931174,0.2797985054736076
B4,130.0,0.058823529411764705,0.6544129648426354,0.27980149027685514
B4,131.0,0.05849673202614379,0.6541302316413168,0.2797606444106168
B4,132.0,0.05816993464052288,0.6535708431347743,0.2797319972564115
B4,133.0,0.05784313725490196,0.653461664220106,0.27969139782220437
B4,134.0,0.05784313725490196,0.6533777147770682,0.2796788127523871
B4,135.0,0.05718954248366013,0.6531022037287819,0.27968592534770476
B5,1.0,1.0,0.9979821088166344,0.013282688494134802
B5,2.0,0.995049504950495,0.9878817167690612,0.014485743749545994
B5,3.0,0.995049504950495,0.9924082084150276,0.012032754246164547
B5,4.0,0.9900990099009901,0.9815288156090891,0.014001204565275337
B5,5.0,0.9876237623762376,0.9775403805109562,0.014826734290017
B5,6.0,0.9851485148514851,0.9592305844232158,0.02091626969223769
B5,7.0,0.9826732673267327,0.9593504645811741,0.019579161482127166
B5,8.0,0.9801980198019802,0.9695887999465986,0.013960614562703642
B5,9.0,0.9777227722772277,0.9643769830316486,0.014842093963254338
B5,10.0,0.9752475247524752,0.9472977233560389,0.018021872429674686
B5,11.0,0.9752475247524752,0.9659674729064984,0.013818833793808771
B5,12.0,0.9727722772277227,0.9537416362643605,0.015286747526008651
B5,13.0,0.9702970297029703,0.9441412017014197,0.020640502291747888
B5,14.0,0.9702970297029703,0.9353167909337694,0.02223862298650865
B5,15.0,0.9678217821782178,0.959235883979916,0.01353862043980387
B5,16.0,0.9653465346534653,0.9431495506178498,0.018233291106208322
B5,17.0,0.9628712871287128,0.9514047905125185,0.014055293883772083
B5,18.0,0.9628712871287128,0.9301608467944444,0.02239362542028116
B5,19.0,0.9603960396039604,0.9483913270227892,0.01533951833167472
B5,20.0,0.9603960396039604,0.9383576969101389,0.01813011272908313
B5,21.0,0.9579207920792079,0.951786048731668,0.013947902827088843
B5,22.0,0.9579207920792079,0.9505111538258069,0.013817126729270072
B5,23.0,0.9579207920792079,0.9291683932995949,0.0198143526726241
B5,24.0,0.9554455445544554,0.948310808810465,0.014691693931090549
B5,25.0,0.9529702970297029,0.9286632719910524,0.01861624056052654
B5,26.0,0.9554455445544554,0.9349857057693276,0.01720902622020223
B5,27.0,0.9529702970297029,0.9411728339617227,0.015999684948649198
B5,28.0,0.9504950495049505,0.9461981805063531,0.013418278693727187
B5,29.0,0.9504950495049505,0.9232658380560977,0.0210554168429959
B5,30.0,0.948019801980198,0.9244694253508885,0.02058978264777229
B5,31.0,0.948019801980198,0.9445105028835411,0.014604555857636717
B5,32.0,0.948019801980198,0.9330658280555246,0.016355835002136276
B5,33.0,0.948019801980198,0.9408471546564825,0.013318231655759884
B5,34.0,0.9455445544554455,0.920338373573164,0.02046677078601562
B5,35.0,0.9455445544554455,0.9226369602071229,0.02083846889941636
B5,36.0,0.9455445544554455,0.9277263615310187,0.016699438139272563
B5,37.0,0.943069306930693,0.9185411053029164,0.021170977750677413
B5,38.0,0.943069306930693,0.9256689923148863,0.016426955937785027
B5,39.0,0.943069306930693,0.9239870886220084,0.017388499882010033
B5,40.0,0.9405940594059405,0.9154485865210894,0.02209114392428599
B5,41.0,0.9405940594059405,0.9344827504565983,0.013694426025686645
B5,42.0,0.9405940594059405,0.9339696426958036,0.013684269429979795
B5,43.0,0.9405940594059405,0.9195921162167587,0.019444680432986586
B5,44.0,0.9405940594059405,0.9189179491748992,0.019277125105535402
B5,45.0,0.9405940594059405,0.9164020090818594,0.01817402869686919
B5,46.0,0.9381188118811881,0.9227906363374416,0.016206279908228333
B5,47.0,0.9381188118811881,0.9279273597954341,0.014068882431294016
B5,48.0,0.9381188118811881,0.9140383384538128,0.018957648833332723
B5,49.0,0.9381188118811881,0.9300831946408693,0.01423789809964835
B5,50.0,0.9381188118811881,0.921938621284016,0.015862650764007336
B5,51.0,0.9356435643564357,0.9088077188169287,0.02004921546515149
B5,52.0,0.9381188118811881,0.9261788822494581,0.015293354442730346
B5,53.0,0.9356435643564357,0.9006391823696982,0.022550585529464703
B5,54.0,0.9356435643564357,0.9071679217013796,0.02263577126407486
B6,1.0,1.0,1.0112262497081135,0.010657823969670858
B6,2.0,0.9950738916256158,1.0007925192510312,0.009516281255332616
B6,3.0,0.9926108374384236,1.000602955274119,0.009022441264288935
B6,4.0,0.9901477832512315,0.9920795201686012,0.007288798462613085
B6,5.0,0.9876847290640394,0.9883274589823379,0.007497902570221435
B6,6.0,0.9852216748768473,0.9899130295579923,0.008837577380885682
B6,7.0,0.9827586206896551,0.9847364550488652,0.008450767269757515
B6,8.0,0.9802955665024631,0.9809364056302253,0.008618898649512739
B6,9.0,0.9778325123152709,0.9745092806769234,0.007426755030514052
B6,10.0,0.9753694581280788,0.9710667080864515,0.008509228000791482
B6,11.0,0.9729064039408867,0.9704743833941323,0.007413981551559488
B6,12.0,0.9704433497536946,0.9707911019008031,0.008995874047879236
B6,13.0,0.9704433497536946,0.9693384350272645,0.007456573086680747
B6,14.0,0.9679802955665024,0.966577581466328,0.008868788347008858
B6,15.0,0.9655172413793104,0.9668990602382882,0.009113901476702537
B6,16.0,0.9630541871921182,0.9616475138000852,0.007335250290297413
B6,17.0,0.9630541871921182,0.9640246721548134,0.007451010353999671
B6,18.0,0.9630541871921182,0.9563015763679603,0.007228004334568064
B6,19.0,0.9605911330049262,0.9561508360525268,0.007413610685187335
B6,20.0,0.958128078817734,0.9629435857897255,0.00898882684587352
B6,21.0,0.958128078817734,0.956561316951249,0.008906659120343946
B6,22.0,0.9556650246305419,0.9545835756703414,0.008039759045185755
B6,23.0,0.9556650246305419,0.9560823412115078,0.008696107765912895
B6,24.0,0.9532019704433498,0.955497163746057,0.008081465381988642
B6,25.0,0.9532019704433498,0.951420303902323,0.007661665593291031
B6,26.0,0.9507389162561576,0.9490053146233133,0.007308042934666253
B6,27.0,0.9507389162561576,0.9535967257973401,0.008463943028543194
B6,28.0,0.9482758620689655,0.9514839317876529,0.007334107659550525
B6,29.0,0.9482758620689655,0.9490957616129334,0.00903131729517985
B6,30.0,0.9482758620689655,0.9491451281314195,0.007554937990281503
B6,31.0,0.9458128078817734,0.9502153566208157,0.00882085199404434
B6,32.0,0.9482758620689655,0.9501065239552289,0.008848179131551902
B6,33.0,0.9458128078817734,0.9461404972376102,0.007458107490210738
B6,34.0,0.9433497536945813,0.9499789674428931,0.008941627413193896
B6,35.0,0.9458128078817734,0.9443443162980559,0.007751238022020646
B6,36.0,0.9433497536945813,0.9424046858895503,0.007740005764429698
B6,37.0,0.9433497536945813,0.942820935224248,0.008251592995554453
B6,38.0,0.9433497536945813,0.9436685479707643,0.008198204056996682
B6,39.0,0.9408866995073891,0.9426746936506254,0.0076844820342021536
B6,40.0,0.9408866995073891,0.94004713771544,0.007101395546443095
B6,41.0,0.9408866995073891,0.9365261754360574,0.007160853779458811
B6,42.0,0.9408866995073891,0.9404937092502084,0.009242967099805523
B6,43.0,0.9384236453201971,0.9396521142590419,0.008744660034835802
B6,44.0,0.9384236453201971,0.9377491025342548,0.008124060097262357
B6,45.0,0.9384236453201971,0.9331163621825986,0.007105025614104993
B6,46.0,0.9384236453201971,0.9309098978665001,0.007083071849401624
B6,47.0,0.9359605911330049,0.9331759277606068,0.007999918119712183
B6,48.0,0.9359605911330049,0.9299294424285948,0.009087656729870264
B6,49.0,0.9359605911330049,0.9266909922096411,0.00770964893601323
B6,50.0,0.9359605911330049,0.9300114654274376,0.008101557121117898
B6,51.0,0.9359605911330049,0.92918959161912,0.009053938783323176
B6,52.0,0.9359605911330049,0.9203924043995872,0.007921635179564686
B6,53.0,0.9334975369458128,0.9213127716792514,0.007747301920442815
B6,54.0,0.9334975369458128,0.9220046659726082,0.007468516216488808
