channel,cycle,y_true,y_pred,y_std
A1,1.0,1.0,1.036189159231629,0.00997481802862814
A1,2.0,0.995049504950495,1.0291982024667108,0.008572796715782356
A1,3.0,0.9876237623762376,1.0248246531181415,0.007110800173113061
A1,4.0,0.9826732673267327,1.0123725296158197,0.005657792276414238
A1,5.0,0.9777227722772277,1.0054708961316026,0.005191936267257981
A1,6.0,0.9727722772277227,1.0033803068220084,0.004839593762667613
A1,7.0,0.9702970297029703,1.0063787123499541,0.005838034205606985
A1,8.0,0.9678217821782178,1.0048093303480523,0.005955782006125709
A1,9.0,0.9653465346534653,1.003420423153653,0.006016530241472233
A1,10.0,0.9603960396039604,0.9960014866807632,0.004817994953398056
A1,11.0,0.9579207920792079,0.9894202153888814,0.004406986058702088
A1,12.0,0.9554455445544554,0.9853807104938535,0.003992750962010471
A1,13.0,0.9529702970297029,0.9835094072376347,0.004103936342206808
A1,14.0,0.9529702970297029,0.9841879114842176,0.004699410870106224
A1,15.0,0.9504950495049505,0.9841577019503202,0.005342778938512312
A1,16.0,0.948019801980198,0.9835294041009519,0.005175306074076041
A1,17.0,0.9455445544554455,0.9811277048732221,0.005160353282810282
A1,18.0,0.9405940594059405,0.9790025402773228,0.004412797531076413
A1,19.0,0.9405940594059405,0.9730342510426723,0.00417617192756786
A1,20.0,0.9405940594059405,0.9707941425866489,0.003957427403596506
A1,21.0,0.9381188118811881,0.9689417508988007,0.003956721254171177
A1,22.0,0.9381188118811881,0.9666640924402641,0.004005791722851952
A1,23.0,0.9381188118811881,0.9660995029830578,0.004231353544037305
A1,24.0,0.9356435643564357,0.9650542533364556,0.00453242375303802
A1,25.0,0.9356435643564357,0.963064908959349,0.004460018065899448
A1,26.0,0.9331683168316832,0.9613296396165697,0.004171772731057762
A1,27.0,0.9331683168316832,0.9597184546577961,0.0040159748497521726
A1,28.0,0.9306930693069307,0.956357732106734,0.0042205536839508674
A1,29.0,0.9306930693069307,0.9561968185803265,0.004117667169972936
A1,30.0,0.9306930693069307,0.9570423044943583,0.004607827784924661
A1,31.0,0.9282178217821783,0.9562679397646359,0.004461430097576233
A1,32.0,0.9282178217821783,0.9531362289878635,0.00458795711317818
A1,33.0,0.9257425742574258,0.9518088867696972,0.004113253119622994
A1,34.0,0.9257425742574258,0.9495374113313777,0.003961437402101924
A1,35.0,0.9232673267326733,0.9463544537283901,0.004192703682752865
A1,36.0,0.9232673267326733,0.9482257559902993,0.0040775422055512
A1,37.0,0.9232673267326733,0.9509299357549077,0.0043764907715287205
A1,38.0,0.9207920792079208,0.9469190099944644,0.004525769957708411
A1,39.0,0.9207920792079208,0.9452333606836203,0.004769248729200676
A1,40.0,0.9207920792079208,0.9429507925209554,0.004360353869907511
A1,41.0,0.9183168316831684,0.9431022350347736,0.004419512562736412
A1,42.0,0.9183168316831684,0.9394665135857972,0.004305307542013774
A1,43.0,0.9158415841584159,0.9407547572552493,0.004262777600841396
A1,44.0,0.9158415841584159,0.9425079258865481,0.0044766666444591525
A1,45.0,0.9158415841584159,0.9392306170302678,0.004424128948167907
A1,46.0,0.9158415841584159,0.940044821211544,0.00447577346090225
A1,47.0,0.9133663366336634,0.9368845209046587,0.004101861424564092
A1,48.0,0.9108910891089109,0.935451793886155,0.004039081990330883
A1,49.0,0.9108910891089109,0.9336907097903899,0.004200191320137824
A1,50.0,0.9108910891089109,0.9350570870742265,0.004241527192554344
A1,51.0,0.9108910891089109,0.930764248498127,0.00473903838301469
A1,52.0,0.9108910891089109,0.9333241060707549,0.004549399063862529
A1,53.0,0.9084158415841584,0.9305202963431243,0.004240033897278248
A1,54.0,0.9084158415841584,0.929219424099504,0.004602181554525967
A1,55.0,0.905940594059406,0.9288805982995987,0.004161434413639065
A1,56.0,0.9034653465346535,0.9289395112940926,0.0040355264640809605
A1,57.0,0.9034653465346535,0.9267576536765654,0.00413902621285945
A1,58.0,0.9034653465346535,0.927024827560171,0.004099038993136589
A1,59.0,0.9034653465346535,0.9250129620525012,0.004633022321010933
A1,60.0,0.9034653465346535,0.9222681815395501,0.004278613725062853
A1,61.0,0.9034653465346535,0.9236464515897078,0.004458199697724539
A1,62.0,0.900990099009901,0.9184511234789231,0.004391487025535514
A1,63.0,0.900990099009901,0.9209192221970863,0.004207931520662544
A1,64.0,0.900990099009901,0.9180576782684979,0.004420441462345205
A1,65.0,0.8985148514851485,0.9165546787371142,0.004266349762285646
A1,66.0,0.8985148514851485,0.9155359016609154,0.004732101183020429
A1,67.0,0.8960396039603961,0.9164382004552419,0.004135216045821948
A1,68.0,0.8960396039603961,0.9160189805339625,0.004193744142590869
A1,69.0,0.8960396039603961,0.9124678864161706,0.004301127296027761
A1,70.0,0.8960396039603961,0.9136291101026706,0.004179269976142407
A1,71.0,0.8935643564356436,0.9113826245245622,0.00433035561323428
A1,72.0,0.8960396039603961,0.9096838312805753,0.004688717392254446
A1,73.0,0.8935643564356436,0.911722116156151,0.004231691573382053
A1,74.0,0.8935643564356436,0.9079081400370628,0.004506656487280686
A1,75.0,0.8910891089108911,0.9082769147236703,0.004362747598368072
A1,76.0,0.8910891089108911,0.9058494613718684,0.0043475799458907935
A1,77.0,0.8886138613861386,0.9048465292991852,0.004374020685984909
A1,78.0,0.8886138613861386,0.9030470599618841,0.004348481768766709
A1,79.0,0.8886138613861386,0.8984301651364183,0.0044603464297904676
A1,80.0,0.8861386138613861,0.9018789222213266,0.0043340016120871645
A1,81.0,0.8861386138613861,0.8974260992001262,0.004135820481187243
A1,82.0,0.8861386138613861,0.8987303169691891,0.004249206608515669
A1,83.0,0.8861386138613861,0.8972924424185803,0.004552492854316196
A1,84.0,0.8836633663366337,0.897318002853282,0.0043195708199395165
A1,85.0,0.8836633663366337,0.8959162095214221,0.00456905568762947
A1,86.0,0.8836633663366337,0.8937843313304549,0.0046294841365021565
A1,87.0,0.8836633663366337,0.8941085031393821,0.004451843591752194
A1,88.0,0.8811881188118812,0.8929570890631914,0.004608660697419539
A1,89.0,0.8811881188118812,0.8927622006597925,0.004492538951230452
A1,90.0,0.8811881188118812,0.8923109475938309,0.004480375048881694
A1,91.0,0.8787128712871287,0.8911983789166111,0.0043903382963948225
A1,92.0,0.8787128712871287,0.8895524503371885,0.00450450852747678
A1,93.0,0.8787128712871287,0.8879312301898312,0.004573597207012397
A1,94.0,0.8762376237623762,0.8862986758438889,0.004389778428456358
A1,95.0,0.8762376237623762,0.8873176120283257,0.004343505857841183
A1,96.0,0.8737623762376238,0.8826261721324642,0.0045095786090505
A1,97.0,0.8737623762376238,0.8818664784071025,0.004599622439734899
A1,98.0,0.8737623762376238,0.8828808896227096,0.0046301324047452325
A1,99.0,0.8737623762376238,0.8813178066989487,0.004560867510120699
A1,100.0,0.8737623762376238,0.8824692061468615,0.004482180619202233
A1,101.0,0.8737623762376238,0.8809169598576119,0.004538956662739131
A1,102.0,0.8712871287128713,0.8797584518654418,0.004443175107115284
A1,103.0,0.8712871287128713,0.8785904217969605,0.00445915700200821
A1,104.0,0.8712871287128713,0.8770054620850143,0.004412417029677513
A1,105.0,0.8688118811881188,0.8787963187131964,0.004448940995029826
A1,106.0,0.8712871287128713,0.8752286165843135,0.0046729942257089955
A1,107.0,0.8663366336633663,0.8728205344954225,0.004431397131459934
A1,108.0,0.8688118811881188,0.8729941703851052,0.004504443069535829
A1,109.0,0.8663366336633663,0.8725158967135637,0.004268606221657925
A1,110.0,0.8663366336633663,0.872119445796854,0.004409982498811354
A1,111.0,0.8663366336633663,0.8671331816896497,0.004736895000094274
A1,112.0,0.8638613861386139,0.8702470889140861,0.004394719882909793
A1,113.0,0.8638613861386139,0.8655288134402674,0.004614084874094667
A1,114.0,0.8638613861386139,0.8673466958835707,0.004491983775780038
A1,115.0,0.8638613861386139,0.8638619858695114,0.004611522811480632
A1,116.0,0.8613861386138614,0.8636404519353998,0.004437584823484266
A1,117.0,0.8613861386138614,0.8633770712233608,0.004736319974413686
A1,118.0,0.8613861386138614,0.863114695664614,0.0044154767099043
A1,119.0,0.8589108910891089,0.860908434877024,0.004526494841486364
A1,120.0,0.8589108910891089,0.8604365758705946,0.004533310174849925
A1,121.0,0.8589108910891089,0.85909101521051,0.004500131926911895
A1,122.0,0.8589108910891089,0.8579930228452448,0.004539925044153407
A1,123.0,0.8564356435643564,0.8591924817958925,0.004335361815427663
A1,124.0,0.8564356435643564,0.8594326661493596,0.004492737692117207
A1,125.0,0.8589108910891089,0.8597618906086882,0.004586265132926029
A1,126.0,0.8514851485148515,0.8556284000291501,0.004656408427875217
A1,127.0,0.8539603960396039,0.854392264680252,0.00466821591565884
A1,128.0,0.8539603960396039,0.8523326147327104,0.004484926664249303
A1,129.0,0.8514851485148515,0.8515276040185555,0.004633443778811385
A1,130.0,0.8514851485148515,0.8554277697456741,0.004398120742163338
A1,131.0,0.849009900990099,0.8497084453271594,0.004444890636540186
A1,132.0,0.8514851485148515,0.8493187878959485,0.004585294572807889
A1,133.0,0.8514851485148515,0.8501067892539121,0.004651797080192711
A1,134.0,0.8514851485148515,0.8451371681496703,0.00490580866551785
A1,135.0,0.8465346534653465,0.8479861494985725,0.0046617362940008815
A1,136.0,0.8465346534653465,0.8437831223819265,0.0046740982066397875
A1,137.0,0.8465346534653465,0.8458019436323152,0.004815929364347175
A1,138.0,0.8465346534653465,0.845478485618002,0.004804682358233994
A1,139.0,0.844059405940594,0.8445152210026357,0.004531152966066849
A1,140.0,0.844059405940594,0.8410950140365787,0.0045490366489505775
A1,141.0,0.8415841584158416,0.8424826678772056,0.004488518557474379
A1,142.0,0.8415841584158416,0.8389702750144632,0.0044119670805179085
A1,143.0,0.8415841584158416,0.8371484091064259,0.004548030768541048
A1,144.0,0.8391089108910891,0.8363906767658953,0.004507225597269081
A1,145.0,0.8391089108910891,0.834266348894129,0.0047123733240551175
A1,146.0,0.8366336633663366,0.8334996706496265,0.004787137451565511
A1,147.0,0.8366336633663366,0.8320831724720932,0.004808663998023372
A1,148.0,0.8341584158415841,0.8325941144371058,0.004598617311919669
A1,149.0,0.8366336633663366,0.8303218001573498,0.0048838477282835855
A1,150.0,0.8366336633663366,0.8252076892592717,0.005064487531615585
A1,151.0,0.8366336633663366,0.826263332586437,0.004842018278367495
A1,152.0,0.8341584158415841,0.8288086623876245,0.004796256216801731
A1,153.0,0.8341584158415841,0.8224481599074941,0.00492721544632716
A1,154.0,0.8316831683168316,0.8253437061075979,0.004811858163306368
A1,155.0,0.8292079207920792,0.8237500775907638,0.0048793112399268855
A1,156.0,0.8292079207920792,0.8217245738081737,0.004975030911763569
A1,157.0,0.8292079207920792,0.8215004886088172,0.00492753357021893
A1,158.0,0.8267326732673267,0.8246518754744012,0.0052122801215633546
A1,159.0,0.8267326732673267,0.8177960721568975,0.005730860586808659
A1,160.0,0.8242574257425742,0.8197433600228728,0.005191854803875593
A1,161.0,0.8242574257425742,0.8188281166206055,0.004988689474742985
A1,162.0,0.8242574257425742,0.8134337265675569,0.005866221426218997
A1,163.0,0.8217821782178217,0.8129859636168669,0.005837877702812194
A1,164.0,0.8168316831683168,0.8148458212511649,0.005146511030019079
A1,165.0,0.8168316831683168,0.8126159921272098,0.005255454697584401
A1,166.0,0.8168316831683168,0.810355796063154,0.00528033533933358
A1,167.0,0.8143564356435643,0.8067013166705805,0.005388770275736444
A1,168.0,0.8118811881188119,0.804381814918662,0.005256382054363099
A1,169.0,0.8118811881188119,0.8033952461947323,0.005700754787914441
A1,170.0,0.8094059405940595,0.7987561751011925,0.005407459173886268
A1,171.0,0.806930693069307,0.7959478593077085,0.00561773066196942
A1,172.0,0.8044554455445545,0.7966117259704204,0.0052191893266189116
A1,173.0,0.8044554455445545,0.795566997419412,0.005537641537197438
A1,174.0,0.801980198019802,0.7950811882582407,0.005560613962389857
A1,175.0,0.801980198019802,0.7870996129624711,0.0057764627045046955
A1,176.0,0.7995049504950495,0.7916151658940817,0.005705025357558361
A1,177.0,0.7995049504950495,0.7828538136626597,0.005724383067617873
A1,178.0,0.7970297029702971,0.7834002508296944,0.005876477775817259
A1,179.0,0.7945544554455446,0.7821848601078744,0.0059044284412486546
A1,180.0,0.7945544554455446,0.7809783042814831,0.005706616147402607
A1,181.0,0.7920792079207921,0.7751964550979443,0.0060266699482290345
A1,182.0,0.7896039603960396,0.7750143830593665,0.006071413493322844
A1,183.0,0.7871287128712872,0.776247302906158,0.006031972273290229
A1,184.0,0.7846534653465347,0.7699254658511517,0.005988497809706379
A1,185.0,0.7846534653465347,0.7657332075465433,0.0058548172505366
A1,186.0,0.7846534653465347,0.762268516185918,0.006334955846506964
A1,187.0,0.7772277227722773,0.7654192284464991,0.006252034145680489
A1,188.0,0.7772277227722773,0.759942095557475,0.006669754355047397
A1,189.0,0.7772277227722773,0.7577746614168334,0.006666182377989869
A1,190.0,0.7722772277227723,0.757378074604576,0.006610377951882918
A1,191.0,0.7722772277227723,0.7565605408665692,0.006927886041890021
A1,192.0,0.7698019801980198,0.7554267719086601,0.006921184889005133
A1,193.0,0.7673267326732673,0.7530927959232444,0.006970336509282441
A1,194.0,0.7623762376237624,0.7424378633185588,0.006680572677866789
A1,195.0,0.7623762376237624,0.7390833175069236,0.006637808637718906
A1,196.0,0.7599009900990099,0.7318738179367839,0.00666439004836105
A1,197.0,0.7574257425742574,0.7341510862661218,0.006859730039848688
A1,198.0,0.754950495049505,0.7302277750401305,0.007039948005186586
A1,199.0,0.754950495049505,0.7303228090984082,0.00792194266790763
A1,200.0,0.75,0.7223339281532948,0.007474989538106196
A1,201.0,0.7475247524752475,0.7190239846116508,0.007362487297416901
A1,202.0,0.7475247524752475,0.7109407087616739,0.007870749282928743
A1,203.0,0.7425742574257426,0.704466381145334,0.006670469004131422
A1,204.0,0.7400990099009901,0.6975443433157364,0.008734535970997485
A1,205.0,0.7376237623762376,0.7028787043617903,0.007255841707493287
A1,206.0,0.7351485148514851,0.6950670204867883,0.008115377514721325
A1,207.0,0.7277227722772277,0.693048759515544,0.007577873006159448
A1,208.0,0.7301980198019802,0.6841957264295403,0.009899252285274454
A1,209.0,0.7227722772277227,0.6834388411099768,0.007893476831557942
A1,210.0,0.7277227722772277,0.6678921845899979,0.009749618912982932
A1,211.0,0.7227722772277227,0.6709313704471176,0.00989224308852452
A1,212.0,0.7178217821782178,0.6627906939384933,0.010143367172017909
A1,213.0,0.7128712871287128,0.6687124761704925,0.009122589840845107
A1,214.0,0.7153465346534653,0.657408942189906,0.010039354949560738
A1,215.0,0.7079207920792079,0.659045808095619,0.009933696161176958
A1,216.0,0.7079207920792079,0.6514908760658138,0.010459599172616735
A1,217.0,0.7029702970297029,0.6538557259035056,0.009296014293927311
A1,218.0,0.7103960396039604,0.6507439922828451,0.010101064202190537
A1,219.0,0.7029702970297029,0.6501110697495586,0.008998861978662493
A1,220.0,0.7029702970297029,0.6461003511385882,0.010098961023146136
A1,221.0,0.7004950495049505,0.6421156371671632,0.010503439559617009
A1,222.0,0.698019801980198,0.6361857719616444,0.010752430684842048
A1,223.0,0.6955445544554455,0.6341492328080196,0.011320622745760636
A1,224.0,0.693069306930693,0.6342569619196069,0.010843313949427022
A1,225.0,0.6905940594059405,0.6307474701441851,0.00993766416248493
A1,226.0,0.6905940594059405,0.6288384926697769,0.011620792118256888
A1,227.0,0.6856435643564357,0.6286993099075753,0.010199774010384766
A1,228.0,0.6856435643564357,0.6206959374400113,0.011923780815870897
A1,229.0,0.6806930693069307,0.615690905433848,0.011049213335068342
A1,230.0,0.6806930693069307,0.6139280828283548,0.011993028068561132
A1,231.0,0.6757425742574258,0.6045352534266586,0.011929743914319967
A1,232.0,0.6757425742574258,0.6063137217604536,0.01238615805886442
A1,233.0,0.6707920792079208,0.6084135587877728,0.01296513729961484
A1,234.0,0.6683168316831684,0.6067571061011996,0.011199229394997571
A1,235.0,0.6707920792079208,0.5997972468321839,0.013761115719035268
A1,236.0,0.6633663366336634,0.6018050257942791,0.011310402025921599
A1,237.0,0.6658415841584159,0.5854857142513651,0.014450190548222212
A1,238.0,0.6584158415841584,0.5828619630465224,0.014864624276287328
A1,239.0,0.655940594059406,0.5734808315148511,0.01533286582378524
A1,240.0,0.650990099009901,0.5689920370600762,0.013910821682024734
A1,241.0,0.650990099009901,0.5546696432345238,0.015105799481591586
A1,242.0,0.6460396039603961,0.5632333042143721,0.016582050197716604
A1,243.0,0.6410891089108911,0.5514744466097041,0.01522181224972462
A1,244.0,0.6410891089108911,0.5506991329455395,0.016762866014637015
A1,245.0,0.6336633663366337,0.5461998434372759,0.015471713733462391
A1,246.0,0.6361386138613861,0.5379614470703615,0.018475582120237585
A1,247.0,0.6262376237623762,0.5344977793772265,0.016050510779347694
A1,248.0,0.6262376237623762,0.5193890871139971,0.018622674871589667
A1,249.0,0.6212871287128713,0.509613253472042,0.020431953265484363
A1,250.0,0.6163366336633663,0.5178581296424751,0.0177944857138936
A1,251.0,0.6138613861386139,0.5165614864311566,0.019674981652996647
A1,252.0,0.6089108910891089,0.4921738422432903,0.020428482515328687
A1,253.0,0.6064356435643564,0.5046107819054171,0.022236208772296148
A1,254.0,0.6014851485148515,0.48168161381019026,0.022254771555783304
A1,255.0,0.6014851485148515,0.4754540508804308,0.02486092599606494
A1,256.0,0.5915841584158416,0.47924594594295944,0.021486795614811233
A1,257.0,0.5891089108910891,0.47038616439142905,0.023085811464171446
A1,258.0,0.5816831683168316,0.46101030921648356,0.02526610113692957
A1,259.0,0.5792079207920792,0.4545895681760018,0.025965646046428946
A1,260.0,0.5767326732673267,0.45477076719003895,0.02592198133659074
A1,261.0,0.5742574257425742,0.441989981081087,0.027548720052100704
A1,262.0,0.5668316831683168,0.44106434262181515,0.02701069792505668
A1,263.0,0.5643564356435643,0.42676188913759094,0.028771255775334667
A1,264.0,0.556930693069307,0.4250189784656457,0.027101729892178832
A1,265.0,0.551980198019802,0.4057530323183911,0.03415876994744932
A1,266.0,0.5420792079207921,0.418928023930999,0.03849117242577457
A1,267.0,0.5371287128712872,0.38389520935157917,0.03841904412320116
A2,1.0,1.0,1.0020826756927383,0.008253642429846404
A2,2.0,0.9950372208436724,0.989505939529776,0.007396833714493968
A2,3.0,0.9875930521091811,0.9855856168411621,0.006988992220024676
A2,4.0,0.9826302729528535,0.9764536512347997,0.006862120882494553
A2,5.0,0.9801488833746899,0.9757774395643071,0.006953164492156781
A2,6.0,0.9751861042183623,0.9724265993178998,0.0071273812245047944
A2,7.0,0.9702233250620348,0.9685334006775628,0.007103060895461796
A2,8.0,0.967741935483871,0.9644229126922399,0.006578511696569261
A2,9.0,0.9652605459057072,0.9595557606043121,0.0065138894013449175
A2,10.0,0.9602977667493796,0.955009469474173,0.006527343452324801
A2,11.0,0.9578163771712159,0.9511169513641864,0.006537370745619223
A2,12.0,0.9578163771712159,0.9509694282403609,0.006586222604787318
A2,13.0,0.9553349875930521,0.9496488322796067,0.006957801471997091
A2,14.0,0.9528535980148883,0.9485871918656796,0.006889908217850527
A2,15.0,0.9503722084367245,0.9439606344181626,0.006329448809965522
A2,16.0,0.9478908188585607,0.9421925315200097,0.006385785013399911
A2,17.0,0.9429280397022333,0.9430537746913711,0.006344709154563735
A2,18.0,0.9429280397022333,0.9383261624493358,0.006412070678396632
A2,19.0,0.9404466501240695,0.9364359573489711,0.0062416492545468725
A2,20.0,0.9404466501240695,0.9345322476639905,0.00676844473655817
A2,21.0,0.9404466501240695,0.9289007558152473,0.006839634373279835
A2,22.0,0.9379652605459057,0.9279439092421669,0.006786392649084625
A2,23.0,0.9379652605459057,0.9266351325156326,0.006906487349128054
A2,24.0,0.9354838709677419,0.92351524018458,0.0064801070327468535
A2,25.0,0.9354838709677419,0.9232724603718725,0.006401248031754054
A2,26.0,0.9330024813895782,0.9232793827186381,0.00656769004558338
A2,27.0,0.9305210918114144,0.9218839390207956,0.006433736095124751
A2,28.0,0.9305210918114144,0.9180579997781456,0.006391199555992914
A2,29.0,0.9305210918114144,0.9170017789640023,0.00676040959354255
A2,30.0,0.9305210918114144,0.9138682966832704,0.00669056142204633
A2,31.0,0.9280397022332506,0.9149387730792901,0.00633396578660658
A2,32.0,0.9255583126550868,0.9113068356622362,0.006391145075893926
A2,33.0,0.9255583126550868,0.9114851628829552,0.006232794978926969
A2,34.0,0.9230769230769231,0.909375981934282,0.006710286085945518
A2,35.0,0.9230769230769231,0.9080560848037829,0.006321180453676267
A2,36.0,0.9230769230769231,0.903974569627221,0.0064219874980388034
A2,37.0,0.9205955334987593,0.9016248323483541,0.006553352843156322
A2,38.0,0.9205955334987593,0.9010797083641398,0.006572555512936197
A2,39.0,0.9205955334987593,0.9029322440982823,0.006292205344136664
A2,40.0,0.9181141439205955,0.8983799274774279,0.006542079676937327
A2,41.0,0.9181141439205955,0.8971388279242346,0.006486173357903826
A2,42.0,0.9156327543424317,0.9001121214889927,0.006211582845814095
A2,43.0,0.9156327543424317,0.8953610603392879,0.0064187242584902915
A2,44.0,0.9156327543424317,0.8963806386627372,0.006344436547239582
A2,45.0,0.9156327543424317,0.8924705264230473,0.006305485581193967
A2,46.0,0.913151364764268,0.8937551100943387,0.00597246538735621
A2,47.0,0.9106699751861043,0.8939661197265667,0.006029365863358819
A2,48.0,0.9106699751861043,0.8908685274809449,0.0060693374618586236
A2,49.0,0.9106699751861043,0.8877258515392941,0.00617993105796297
A2,50.0,0.9106699751861043,0.8859648160179066,0.006307147986069571
A2,51.0,0.9081885856079405,0.8842481459425827,0.0064748583656120155
A2,52.0,0.9081885856079405,0.8858736050708288,0.006105638718862275
A2,53.0,0.9057071960297767,0.8832595721035512,0.006135432703419247
A2,54.0,0.9057071960297767,0.882303422401707,0.0061308399308444145
A2,55.0,0.9032258064516129,0.8819732935622353,0.006142842039907497
A2,56.0,0.9032258064516129,0.8818366628826246,0.005770714209131922
A2,57.0,0.9007444168734491,0.8827479073607278,0.005682407556904358
A2,58.0,0.9032258064516129,0.876629940623929,0.006086170845084161
A2,59.0,0.9007444168734491,0.8784309117219954,0.00577922286052101
A2,60.0,0.9007444168734491,0.8728109325879696,0.006162318175385514
A2,61.0,0.8982630272952854,0.8749629745926758,0.0058671965223220605
A2,62.0,0.8982630272952854,0.8755843296464744,0.005869159286002553
A2,63.0,0.8982630272952854,0.8704914464498748,0.005962465325008619
A2,64.0,0.8957816377171216,0.8705241177225098,0.006007162939523229
A2,65.0,0.8982630272952854,0.8656215974176217,0.006069590428048179
A2,66.0,0.8933002481389578,0.8687377628941055,0.005721225059771179
A2,67.0,0.8933002481389578,0.8656233865234779,0.005828722790481591
A2,68.0,0.8933002481389578,0.8665583101089147,0.005877244787501998
A2,69.0,0.8933002481389578,0.866884950157816,0.00563879709114389
A2,70.0,0.890818858560794,0.8655883572176422,0.005667291269147904
A2,71.0,0.8933002481389578,0.8615994852174649,0.0059395896246710825
A2,72.0,0.890818858560794,0.862712630562318,0.0057210299961256384
A2,73.0,0.8883374689826302,0.8609980118824844,0.005785938108337972
A2,74.0,0.8883374689826302,0.8602130873183845,0.005656367834085262
A2,75.0,0.8883374689826302,0.8565483236393678,0.005749114575069404
A2,76.0,0.8858560794044665,0.8561712114031658,0.00568572762784686
A2,77.0,0.8858560794044665,0.8573982472562893,0.005675613453551696
A2,78.0,0.8858560794044665,0.8511650488399815,0.005722582701603656
A2,79.0,0.8833746898263027,0.8538016376042291,0.005776309545414717
A2,80.0,0.8833746898263027,0.8527780542289984,0.005835904297311435
A2,81.0,0.8833746898263027,0.8510970295196556,0.005790583421294461
A2,82.0,0.8833746898263027,0.8464911039747881,0.0056599300915490935
A2,83.0,0.8808933002481389,0.8497943738315115,0.005469824002877472
A2,84.0,0.8808933002481389,0.8474871115790608,0.0054653539746783285
A2,85.0,0.8808933002481389,0.8447586891714396,0.005573865132061986
A2,86.0,0.8784119106699751,0.8466520276386066,0.005426363673721786
A2,87.0,0.8784119106699751,0.8441189139934483,0.0055457477822931775
A2,88.0,0.8759305210918115,0.8431896346553792,0.005484765157829374
A2,89.0,0.8759305210918115,0.8403599519005251,0.005487516172960294
A2,90.0,0.8759305210918115,0.8412685479827116,0.00542297522739026
A2,91.0,0.8759305210918115,0.8405330753605798,0.005393143825282808
A2,92.0,0.8734491315136477,0.8374723285885115,0.005489436929895675
A2,93.0,0.8734491315136477,0.8351269036855629,0.005535342886166149
A2,94.0,0.8709677419354839,0.836999634812222,0.005603755934928207
A2,95.0,0.8709677419354839,0.8342020346951624,0.0057336881485184794
A2,96.0,0.8709677419354839,0.835815776603289,0.005609841683099744
A2,97.0,0.8734491315136477,0.8311308045650451,0.00558678566440161
A2,98.0,0.8709677419354839,0.8317775030606785,0.0054374828354112
A2,99.0,0.8684863523573201,0.8305471974810688,0.005467632401490115
A2,100.0,0.8684863523573201,0.8298666238603406,0.0054206847366414035
A2,101.0,0.8684863523573201,0.8300607722283877,0.005435734058213867
A2,102.0,0.8684863523573201,0.8298610748767722,0.005423692416657102
A2,103.0,0.8660049627791563,0.8265466058463802,0.005375048022426189
A2,104.0,0.8660049627791563,0.8235369858853804,0.005358037149282085
A2,105.0,0.8660049627791563,0.8239475580815208,0.005384876456098264
A2,106.0,0.8635235732009926,0.824037930485085,0.005434348999694796
A2,107.0,0.8635235732009926,0.8222147405997214,0.005428398016079545
A2,108.0,0.8610421836228288,0.8226774418739664,0.005254859239220665
A2,109.0,0.8635235732009926,0.8194306312350506,0.0053408178008098614
A2,110.0,0.8610421836228288,0.8186088895467303,0.0054013804163800085
A2,111.0,0.8610421836228288,0.8175778906307178,0.005470631078583768
A2,112.0,0.8610421836228288,0.8187037860262752,0.005423409437335489
A2,113.0,0.858560794044665,0.8187909021277893,0.0053652230198220465
A2,114.0,0.858560794044665,0.8141512587580375,0.005445128825082768
A2,115.0,0.858560794044665,0.8153072629999867,0.005483414873242928
A2,116.0,0.8560794044665012,0.8105969773253651,0.005568922081825015
A2,117.0,0.8560794044665012,0.8113861723484439,0.00534475017447381
A2,118.0,0.8535980148883374,0.8108646085999814,0.005289445779125437
A2,119.0,0.8535980148883374,0.8100103914949633,0.005340759154237319
A2,120.0,0.8535980148883374,0.8099843992397826,0.005460105135519037
A2,121.0,0.8535980148883374,0.8081346758451242,0.005444559146976644
A2,122.0,0.8511166253101737,0.8110094220483142,0.005556628845473492
A2,123.0,0.8511166253101737,0.8076496187502431,0.00550911801248731
A2,124.0,0.8511166253101737,0.8051147228727,0.005522547847403946
A2,125.0,0.8486352357320099,0.8079156308439399,0.0055376026277160015
A2,126.0,0.8461538461538461,0.805211884310726,0.005675449904649499
A2,127.0,0.8461538461538461,0.8022421547439766,0.005908368974357125
A2,128.0,0.8486352357320099,0.8018309586605183,0.005375457228203792
A2,129.0,0.8461538461538461,0.7985254207086749,0.005519479808351485
A2,130.0,0.8436724565756824,0.8036968529498185,0.005282919538272954
A2,131.0,0.8461538461538461,0.8004334052593535,0.005400417498756499
A2,132.0,0.8461538461538461,0.7973455908683371,0.005516116626408814
A2,133.0,0.8436724565756824,0.794916300969449,0.005579502316612074
A2,134.0,0.8411910669975186,0.7968004871796593,0.005503127537943803
A2,135.0,0.8411910669975186,0.7951055600063225,0.00557346477058974
A2,136.0,0.8387096774193549,0.7954488079753242,0.005538145836594133
A2,137.0,0.8387096774193549,0.7900252046280888,0.005597068412011829
A2,138.0,0.8387096774193549,0.7910915591782428,0.005569492427605717
A2,139.0,0.8362282878411911,0.7964789233635766,0.005549774571487914
A2,140.0,0.8362282878411911,0.7932090152509015,0.005752875617961009
A2,141.0,0.8337468982630273,0.7988279965294952,0.0060272634668021375
A2,142.0,0.8362282878411911,0.7891671352552254,0.005679230252946525
A2,143.0,0.8362282878411911,0.7818139278707759,0.005953653280806844
A2,144.0,0.8337468982630273,0.7806492185339357,0.006005415940026502
A2,145.0,0.8312655086848635,0.786602797848932,0.0059140849552039645
A2,146.0,0.8312655086848635,0.7806435340580766,0.005959070709495054
A2,147.0,0.8287841191066998,0.7838253688628125,0.005888960969902326
A2,148.0,0.8287841191066998,0.7809927771740544,0.006020724887880842
A2,149.0,0.8287841191066998,0.7793099989089156,0.006109436775688138
A2,150.0,0.8287841191066998,0.7781351349878276,0.006081304248898088
A2,151.0,0.826302729528536,0.7770618680104011,0.006169450044038033
A2,152.0,0.826302729528536,0.7758261212311967,0.006203347785753846
A2,153.0,0.8238213399503722,0.7733193722900403,0.00610898219511906
A2,154.0,0.8238213399503722,0.7716974280190951,0.006122346565653842
A2,155.0,0.8213399503722084,0.770046113523273,0.006222191157600523
A2,156.0,0.8213399503722084,0.7693740199097673,0.006352161624194137
A2,157.0,0.8213399503722084,0.7713786913201703,0.006566483149261927
A2,158.0,0.8188585607940446,0.7821450177950204,0.0051608566777704085
A2,159.0,0.8163771712158809,0.7832831479063982,0.005180922967956986
A2,160.0,0.8163771712158809,0.7796339509030827,0.005109503325174636
A2,161.0,0.8138957816377171,0.7794500012314716,0.005105594093600053
A2,162.0,0.8138957816377171,0.7763597464930581,0.004746273411532068
A2,163.0,0.8114143920595533,0.7735564001848234,0.005215454913904972
A2,164.0,0.8114143920595533,0.7742175944073658,0.005338883438708399
A2,165.0,0.8089330024813896,0.7722845134730016,0.005317500977665074
A2,166.0,0.8064516129032258,0.7701907472912614,0.005396156608844643
A2,167.0,0.8064516129032258,0.7698807573830607,0.0054097518112329575
A2,168.0,0.8039702233250621,0.7685354609306697,0.005666954813959772
A2,169.0,0.8014888337468983,0.7688371962125488,0.005566023105054433
A2,170.0,0.8014888337468983,0.7621456039649712,0.005555397220611081
A2,171.0,0.7990074441687345,0.7613390833524776,0.00555048817171509
A2,172.0,0.7965260545905707,0.7611364284882122,0.005585714494160088
A2,173.0,0.7965260545905707,0.7584218583253458,0.005892472807785904
A2,174.0,0.794044665012407,0.7542863322235273,0.005838343704654599
A2,175.0,0.7915632754342432,0.7549049589940349,0.006059194359796991
A2,176.0,0.7915632754342432,0.7512989429510089,0.006041699801232727
A2,177.0,0.7890818858560794,0.7518909582106447,0.006372543924004618
A2,178.0,0.7866004962779156,0.7495244368120618,0.006140647927927208
A2,179.0,0.7866004962779156,0.745885215998201,0.006350805451817617
A2,180.0,0.7841191066997518,0.7442119056581774,0.006442131300319266
A2,181.0,0.7816377171215881,0.7408825117164153,0.006525587252748257
A2,182.0,0.7791563275434243,0.7380384108471639,0.006810964952321595
A2,183.0,0.7766749379652605,0.7352526835998958,0.006740654702227839
A2,184.0,0.7741935483870968,0.7371135507784028,0.006688111842063277
A2,185.0,0.7741935483870968,0.7300293912950714,0.006872711996099066
A2,186.0,0.771712158808933,0.7317572315091815,0.00759097858839774
A2,187.0,0.7667493796526055,0.732816452821818,0.007442482897362687
A2,188.0,0.7642679900744417,0.7334395739341136,0.007459148873709065
A2,189.0,0.7617866004962779,0.7275138831020784,0.007489396323754535
A2,190.0,0.7593052109181141,0.7289765031949716,0.007914261893869413
A2,191.0,0.7568238213399504,0.7242429867662338,0.007989977179787014
A2,192.0,0.7568238213399504,0.7192830393904853,0.008013655714901438
A2,193.0,0.7518610421836228,0.7253539647442411,0.00814570379077705
A2,194.0,0.749379652605459,0.7173903083582439,0.007967794396520789
A2,195.0,0.749379652605459,0.7143620892799366,0.008312469883918362
A2,196.0,0.7444168734491315,0.7151082759222414,0.008208330020464501
A2,197.0,0.7419354838709677,0.7067343925124135,0.008500742161922694
A2,198.0,0.739454094292804,0.7080940356342756,0.008255706904917798
A2,199.0,0.7344913151364765,0.6999375210954554,0.008401337792329575
A2,200.0,0.7320099255583127,0.7026452526455826,0.008358636858606884
A2,201.0,0.7295285359801489,0.6942950236560608,0.008315428817493458
A2,202.0,0.7270471464019851,0.6953274456562398,0.007892635056273441
A2,203.0,0.7245657568238213,0.6768768216407094,0.008036368648034586
A2,204.0,0.7196029776674938,0.6797330491358193,0.008079832631898397
A2,205.0,0.71712158808933,0.6691252069142751,0.007926500682476604
A2,206.0,0.7121588089330024,0.6748017784600899,0.00770008153390432
A2,207.0,0.7146401985111662,0.6628504316721129,0.007650323784512966
A2,208.0,0.707196029776675,0.688561126686963,0.009213973734920576
A2,209.0,0.707196029776675,0.657874121653137,0.007927450604474168
A2,210.0,0.6997518610421837,0.6649721386805568,0.007809241227308627
A2,211.0,0.6972704714640199,0.657559266371262,0.007858561927108786
A2,212.0,0.6923076923076923,0.674440549824827,0.008750537753678117
A2,213.0,0.6898263027295285,0.6604387733762935,0.008837854941150941
A2,214.0,0.6873449131513648,0.6589726000635916,0.008357040039204738
A2,215.0,0.684863523573201,0.6597641858215124,0.008961836942408409
A2,216.0,0.6823821339950372,0.6570245668477901,0.008840490706784188
A2,217.0,0.6823821339950372,0.65351579957053,0.009035758541765375
A2,218.0,0.6823821339950372,0.6482076736373762,0.009159114712107544
A2,219.0,0.6774193548387096,0.6625410392790422,0.01069056714581451
A2,220.0,0.674937965260546,0.6568853149343662,0.00970784328851458
A2,221.0,0.6724565756823822,0.654254637236738,0.010287338701008935
A2,222.0,0.6699751861042184,0.6470008711165576,0.009492382327493885
A2,223.0,0.6674937965260546,0.655168634055322,0.01193414725955091
A2,224.0,0.6650124069478908,0.6493720749125101,0.010802336090071972
A2,225.0,0.6625310173697271,0.6527217899912151,0.011645733405230504
A2,226.0,0.6600496277915633,0.639693867248559,0.010652875608257631
A2,227.0,0.6550868486352357,0.6655209139094648,0.013495159517512074
A2,228.0,0.6501240694789082,0.6469662864416877,0.011898316039902011
A2,229.0,0.6476426799007444,0.6406206891089276,0.012156855195197403
A2,230.0,0.6426799007444168,0.6413378003565261,0.011930505591541683
A2,231.0,0.6401985111662531,0.6296484552453219,0.012320760100330569
A2,232.0,0.6377171215880894,0.6254993648411603,0.0120409310379214
A2,233.0,0.6327543424317618,0.6304289549979989,0.012290435521703245
A2,234.0,0.630272952853598,0.6118825424930711,0.012387334058884729
A2,235.0,0.6203473945409429,0.6073713269894957,0.011420083012150228
A2,236.0,0.6203473945409429,0.5972944827107759,0.011448692360161076
A2,237.0,0.6153846153846154,0.600790062850804,0.012014306126547709
A2,238.0,0.607940446650124,0.6060238513631457,0.013148493075309412
A2,239.0,0.6029776674937966,0.586644739647475,0.012749291535170891
A2,240.0,0.5955334987593052,0.5879045328746753,0.012227809969899283
A2,241.0,0.5955334987593052,0.5732777567511244,0.01285609377211094
A2,242.0,0.5856079404466501,0.5797088337232335,0.012983570457662812
A2,243.0,0.5831265508684863,0.5687772807964757,0.012998579950030852
A2,244.0,0.5732009925558312,0.5682650715287112,0.013566020600110295
A2,245.0,0.5707196029776674,0.5599344732579693,0.013911196077666109
A2,246.0,0.5583126550868487,0.5619892066076214,0.013656706450774627
A2,247.0,0.5558312655086849,0.557622461283817,0.01466434994428311
A2,248.0,0.5459057071960298,0.5428283206446688,0.014953155593960136
A2,249.0,0.5359801488833746,0.5510609134423315,0.014275624984384682
A2,250.0,0.5359801488833746,0.5420519181159488,0.01515177287094387
A2,251.0,0.5260545905707196,0.5431607000337104,0.014660148311922359
A2,252.0,0.5210918114143921,0.5334842497707598,0.015069167568154025
A2,253.0,0.5161290322580645,0.5333146027746859,0.016176592009424846
A2,254.0,0.511166253101737,0.5179862667846955,0.017469975792941912
A2,255.0,0.4987593052109181,0.5292844787573412,0.017380838743183805
A2,256.0,0.49379652605459057,0.5212483000277316,0.017632740114425338
A2,257.0,0.48635235732009924,0.5166976963988055,0.0175399401598665
A2,258.0,0.4813895781637717,0.5103283471264289,0.01791716349166698
A2,259.0,0.47642679900744417,0.5053797425097966,0.017971479456652343
A2,260.0,0.46898263027295284,0.49767980583878313,0.018262613706604904
A2,261.0,0.46153846153846156,0.5039514768800991,0.019246346574572148
A2,262.0,0.456575682382134,0.4849855427663902,0.020132379870250745
A2,263.0,0.4491315136476427,0.48945102157262277,0.020930768364713092
A2,264.0,0.4441687344913151,0.4761371617727129,0.020697111785485004
A2,265.0,0.4292803970223325,0.47867188913926173,0.02160429772730143
A2,266.0,0.41935483870967744,0.4657018823873563,0.02364091929393979
A3,1.0,1.0,0.9445750077526835,0.010351302394018724
A3,2.0,0.9973753280839895,0.9357708406599458,0.010262419117980542
A3,3.0,0.994750656167979,0.9344298443988037,0.010903689897561738
A3,4.0,0.994750656167979,0.9340086201266486,0.010860223692184638
A3,5.0,0.9921259842519685,0.9301502070421899,0.011617271515502122
A3,6.0,0.9921259842519685,0.9338574977161889,0.010614990398100859
A3,7.0,0.989501312335958,0.9335254206716606,0.010699696532321272
A3,8.0,0.9868766404199475,0.9306037314638438,0.011032252330700671
A3,9.0,0.9868766404199475,0.9244168239586452,0.010857611300276872
A3,10.0,0.984251968503937,0.9241542596193124,0.010800814646701306
A3,11.0,0.984251968503937,0.9200162303088669,0.0121134131212006
A3,12.0,0.9816272965879265,0.9189113731327354,0.011784009087986503
A3,13.0,0.9816272965879265,0.9228059826218431,0.011360481450326226
A3,14.0,0.9816272965879265,0.9255544891997696,0.011484028437454634
A3,15.0,0.979002624671916,0.9248033048683328,0.011444968597272717
A3,16.0,0.979002624671916,0.9219212284239534,0.010714371029976603
A3,17.0,0.9763779527559056,0.9140521583421898,0.011123513398448113
A3,18.0,0.973753280839895,0.9136204403004735,0.011869058257993887
A3,19.0,0.973753280839895,0.9108786382233433,0.011835475551946964
A3,20.0,0.973753280839895,0.91557967215422,0.010082930849667422
A3,21.0,0.973753280839895,0.9208756320049968,0.009812453458776195
A3,22.0,0.973753280839895,0.916121695944968,0.009641078146601739
A3,23.0,0.973753280839895,0.9205531658729027,0.01009713247311627
A3,24.0,0.9711286089238845,0.9185405128613308,0.010266989667432879
A3,25.0,0.9711286089238845,0.9137044545254915,0.010297352850041217
A3,26.0,0.968503937007874,0.913419221370197,0.010302849819368803
A3,27.0,0.968503937007874,0.9127179872332185,0.010409592955575555
A3,28.0,0.9658792650918635,0.911284585443444,0.009810937299741349
A3,29.0,0.968503937007874,0.9115336617535449,0.010377811058067198
A3,30.0,0.9658792650918635,0.9130308472234052,0.01050944798332571
A3,31.0,0.9658792650918635,0.9126951878183526,0.010952826987546072
A3,32.0,0.963254593175853,0.90475251766475,0.010416670208715062
A3,33.0,0.963254593175853,0.9053171759324885,0.01006182174277316
A3,34.0,0.9606299212598425,0.9045776746373486,0.011151197944389596
A3,35.0,0.963254593175853,0.907475537827733,0.010044739051826209
A3,36.0,0.9606299212598425,0.9095924338681565,0.010043792913957704
A3,37.0,0.9606299212598425,0.9087998580015875,0.010338896736955578
A3,38.0,0.9606299212598425,0.900420118395722,0.010619078593960388
A3,39.0,0.958005249343832,0.8996171705711029,0.010595427472972794
A3,40.0,0.958005249343832,0.9000232594457105,0.01026257401110502
A3,41.0,0.958005249343832,0.8986582447077679,0.01032288224099315
A3,42.0,0.958005249343832,0.9035950633689473,0.010570814159899748
A3,43.0,0.9553805774278216,0.9034439072771202,0.010752493499571105
A3,44.0,0.9553805774278216,0.9004114033749637,0.01059198385423694
A3,45.0,0.952755905511811,0.8937973679341066,0.010429849682604232
A3,46.0,0.952755905511811,0.893107452287281,0.010741673528082642
A3,47.0,0.952755905511811,0.8918854607454146,0.01054616216615584
A3,48.0,0.952755905511811,0.893380723131719,0.0102477773701662
A3,49.0,0.952755905511811,0.8974609691186334,0.010517590059994674
A3,50.0,0.952755905511811,0.8977273398491719,0.010565256900884957
A3,51.0,0.9501312335958005,0.8875703447381968,0.010586501048124307
A3,52.0,0.9501312335958005,0.8861844310436614,0.010320866094651457
A3,53.0,0.94750656167979,0.8873812777623706,0.011004063701107257
A3,54.0,0.94750656167979,0.8855563777496032,0.011092125730274294
A3,55.0,0.94750656167979,0.8845458722344486,0.01019802301199575
A3,56.0,0.9422572178477691,0.8796706019497571,0.011023066635439185
A3,57.0,0.9448818897637795,0.8875006201511244,0.009747133004851884
A3,58.0,0.9448818897637795,0.8821898453092146,0.010397627317501486
A3,59.0,0.9448818897637795,0.8894437364708511,0.009974401333201623
A3,60.0,0.9422572178477691,0.8782070349557383,0.010595402255095135
A3,61.0,0.9422572178477691,0.8788010677274531,0.011078263110657557
A3,62.0,0.9422572178477691,0.882908426149112,0.010014456004822331
A3,63.0,0.9422572178477691,0.877174301063014,0.010747890208139646
A3,64.0,0.9422572178477691,0.8851681389033017,0.00995438625998753
A3,65.0,0.9396325459317585,0.8718670753382691,0.01074707851835607
A3,66.0,0.9396325459317585,0.8861189820222726,0.010012388641555008
A3,67.0,0.937007874015748,0.8749969561962073,0.009952953517295202
A3,68.0,0.937007874015748,0.8842267517724508,0.009813508449603124
A3,69.0,0.937007874015748,0.8831825957678057,0.009967606201197436
A3,70.0,0.937007874015748,0.8767019946022436,0.00974152137033442
A3,71.0,0.9343832020997376,0.8684378940769697,0.010460011800590889
A3,72.0,0.9343832020997376,0.8815957662556582,0.009702123633559415
A3,73.0,0.9343832020997376,0.8795891622618512,0.009958550186903163
A3,74.0,0.9343832020997376,0.8797246674346717,0.009583221111923793
A3,75.0,0.9343832020997376,0.8790713754290413,0.00975187035208179
A3,76.0,0.931758530183727,0.8749980299333945,0.00969672540939124
A3,77.0,0.931758530183727,0.8762016017663593,0.009833672375148572
A3,78.0,0.9291338582677166,0.8615069577639586,0.011338524479613197
A3,79.0,0.9291338582677166,0.8580917388259591,0.011334693335242112
A3,80.0,0.9291338582677166,0.858402275059788,0.01124072979175423
A3,81.0,0.9291338582677166,0.8739777696535616,0.010018506256199928
A3,82.0,0.9291338582677166,0.8738687294071134,0.010350376920833994
A3,83.0,0.926509186351706,0.873110656698956,0.010551066391132352
A3,84.0,0.926509186351706,0.8719512907436924,0.010221258597802924
A3,85.0,0.926509186351706,0.8724191138161854,0.010014999964251115
A3,86.0,0.9238845144356955,0.8707106500689552,0.009637598564153674
A3,87.0,0.9238845144356955,0.8662971089008786,0.00987470465274088
A3,88.0,0.9212598425196851,0.86161706053398,0.010433109101388957
A3,89.0,0.9212598425196851,0.8592356506480847,0.01150704632689294
A3,90.0,0.9212598425196851,0.8626839113575256,0.011567422589390293
A3,91.0,0.9186351706036745,0.859711870546421,0.011392936476977021
A3,92.0,0.9186351706036745,0.8593399143686526,0.011627751540214493
A3,93.0,0.916010498687664,0.8324725024874908,0.013737312956735592
A3,94.0,0.9133858267716536,0.8312197505827424,0.013747705750934286
A3,95.0,0.9133858267716536,0.8301754417549534,0.01403989880360769
A3,96.0,0.916010498687664,0.855509390624984,0.012065186979183065
A3,97.0,0.9133858267716536,0.8512426440478361,0.012152957894327611
A3,98.0,0.910761154855643,0.8476810693011115,0.012372552418622645
A3,99.0,0.910761154855643,0.8482819838372078,0.012213474998700409
A3,100.0,0.910761154855643,0.8473211322933502,0.012307458359275804
A3,101.0,0.910761154855643,0.8476589008202764,0.012245818829117015
A3,102.0,0.9081364829396326,0.8485740033983897,0.011891424685615356
A3,103.0,0.9081364829396326,0.8473037494752814,0.012362036471614393
A3,104.0,0.9081364829396326,0.847617239714408,0.012044786587288815
A3,105.0,0.905511811023622,0.8279730871615085,0.013544949436447847
A3,106.0,0.905511811023622,0.8461213220416111,0.012403796849268487
A3,107.0,0.9028871391076115,0.8266877006061253,0.013598302444747449
A3,108.0,0.905511811023622,0.8495443936309082,0.012297748591299203
A3,109.0,0.9028871391076115,0.8446025769187137,0.012515434452900877
A3,110.0,0.9028871391076115,0.8443360013370772,0.012131092771283887
A3,111.0,0.9028871391076115,0.8421009338851062,0.012338969468756742
A3,112.0,0.9002624671916011,0.8230828746381047,0.013579553525603269
A3,113.0,0.9002624671916011,0.8439262309973117,0.012376163954374237
A3,114.0,0.9002624671916011,0.8429661413295955,0.012673582236866135
A3,115.0,0.8976377952755905,0.8396255762590397,0.01311887392441411
A3,116.0,0.8976377952755905,0.8385435618578526,0.012894400849391778
A3,117.0,0.89501312335958,0.8371401986250923,0.01279372593415892
A3,118.0,0.89501312335958,0.8348634175426823,0.012762544853674077
A3,119.0,0.89501312335958,0.8355354497307126,0.013233734359769125
A3,120.0,0.89501312335958,0.8413588409426798,0.012426198416442455
A3,121.0,0.89501312335958,0.840663674581133,0.012698244480382745
A3,122.0,0.8923884514435696,0.8394310817524986,0.012455512450710898
A3,123.0,0.8923884514435696,0.8379762599316113,0.01254342062191735
A3,124.0,0.8923884514435696,0.8190873208497303,0.014419524065503
A3,125.0,0.8871391076115486,0.8160873020486055,0.014796968500506996
A3,126.0,0.8871391076115486,0.8134528402474472,0.01544082711191647
A3,127.0,0.889763779527559,0.8385475052914841,0.012795671511959957
A3,128.0,0.8871391076115486,0.8337077166642601,0.012650786997413512
A3,129.0,0.884514435695538,0.8169662493351231,0.014118620207080006
A3,130.0,0.884514435695538,0.8167660543611849,0.013597873356132932
A3,131.0,0.889763779527559,0.8398524168837076,0.012197906894636037
A3,132.0,0.8871391076115486,0.8209186782002365,0.01373720847447834
A3,133.0,0.884514435695538,0.8188329524929154,0.013755001990090363
A3,134.0,0.8818897637795275,0.8092524657784871,0.015797350930160714
A3,135.0,0.8818897637795275,0.8265881372000639,0.01389357710207357
A3,136.0,0.8818897637795275,0.832089630196233,0.012671976798161056
A3,137.0,0.8792650918635171,0.8278029105246892,0.012697085559250587
A3,138.0,0.8792650918635171,0.8172150977443599,0.013533420498736843
A3,139.0,0.8792650918635171,0.8222797101260109,0.012698301570633773
A3,140.0,0.8792650918635171,0.8290169100699889,0.011837959546958578
A3,141.0,0.8792650918635171,0.8088314564676135,0.015727280133531855
A3,142.0,0.8818897637795275,0.8367649911661159,0.012588784534866091
A3,143.0,0.8766404199475065,0.8307188359116141,0.01206614453163432
A3,144.0,0.8766404199475065,0.8314746812988794,0.012206317983112832
A3,145.0,0.8766404199475065,0.8267365049589,0.01263819345958149
A3,146.0,0.8740157480314961,0.8327640278221465,0.012153978654594878
A3,147.0,0.8740157480314961,0.8281474283580164,0.012102116925467718
A3,148.0,0.8740157480314961,0.8305439786205384,0.011941949072890512
A3,149.0,0.8740157480314961,0.8155485201381727,0.013946757872865574
A3,150.0,0.8713910761154856,0.8165423477875849,0.013813891869106755
A3,151.0,0.8713910761154856,0.8180699026669455,0.01357957445590162
A3,152.0,0.8713910761154856,0.817244857768836,0.014013308574137226
A3,153.0,0.8713910761154856,0.8155724269607305,0.014098039299096672
A3,154.0,0.868766404199475,0.8185212045318632,0.01342189480754282
A3,155.0,0.868766404199475,0.8209174780669848,0.01366117279246037
A3,156.0,0.868766404199475,0.8209463131301422,0.012987531754655578
A3,157.0,0.868766404199475,0.8171040661526799,0.013241538793777196
A3,158.0,0.8661417322834646,0.832785597748589,0.006929065659029939
A3,159.0,0.863517060367454,0.8334944517069592,0.0070826196179409155
A3,160.0,0.863517060367454,0.8346684075514468,0.0072102229380854735
A3,161.0,0.8661417322834646,0.8410869481234193,0.0063082094002178705
A3,162.0,0.863517060367454,0.8332510710024593,0.007063873527394874
A3,163.0,0.8608923884514436,0.833355298003041,0.007101664658322634
A3,164.0,0.8608923884514436,0.8350737579268204,0.007403386396373765
A3,165.0,0.8608923884514436,0.8337529042970683,0.007299028165911008
A3,166.0,0.8582677165354331,0.8317087750693191,0.00719296113599281
A3,167.0,0.8582677165354331,0.830465739733601,0.00696923117967328
A3,168.0,0.8582677165354331,0.8377308268032639,0.006135738707604322
A3,169.0,0.8556430446194225,0.8285338704350232,0.007270683329331976
A3,170.0,0.8556430446194225,0.830774533554834,0.0072216812768508614
A3,171.0,0.8556430446194225,0.8287288831398291,0.007484743954193067
A3,172.0,0.8530183727034121,0.829758557094082,0.00742651423221834
A3,173.0,0.8530183727034121,0.8321645574815031,0.007268632547964843
A3,174.0,0.8503937007874016,0.829781300069978,0.007247182660161624
A3,175.0,0.8503937007874016,0.8306367418354923,0.007214171619513024
A3,176.0,0.8503937007874016,0.8292911741123612,0.007501957953082923
A3,177.0,0.847769028871391,0.8282619887320866,0.007172895785467235
A3,178.0,0.847769028871391,0.828428729009899,0.007132729799997006
A3,179.0,0.8451443569553806,0.8283012309224267,0.007243314476509847
A3,180.0,0.8451443569553806,0.8260689532095308,0.007283484689420827
A3,181.0,0.8451443569553806,0.8278032997683831,0.007401777233211585
A3,182.0,0.84251968503937,0.8257176497243268,0.0075808016031243975
A3,183.0,0.84251968503937,0.8253843209252327,0.007885715350616154
A3,184.0,0.8398950131233596,0.8231237782505503,0.007613425132418561
A3,185.0,0.8398950131233596,0.8242865084473684,0.007670871367424818
A3,186.0,0.8372703412073491,0.8250268750096911,0.007495636155690182
A3,187.0,0.8372703412073491,0.8229335418354131,0.007478034342510591
A3,188.0,0.8372703412073491,0.8223722764117389,0.007632881054640815
A3,189.0,0.8346456692913385,0.8218153653045487,0.0077039830855624315
A3,190.0,0.8346456692913385,0.8230995644966723,0.007309891825227314
A3,191.0,0.8320209973753281,0.821837067772653,0.0072541935783645446
A3,192.0,0.8320209973753281,0.8196510476939574,0.007719156072381261
A3,193.0,0.8320209973753281,0.8188372288337799,0.007230825202504516
A3,194.0,0.8293963254593176,0.8158007967130297,0.007728912125231566
A3,195.0,0.8267716535433071,0.8161955722051553,0.00739162902351909
A3,196.0,0.8267716535433071,0.8165692995794837,0.0073235375262872765
A3,197.0,0.8267716535433071,0.8157599950639374,0.007140199182004617
A3,198.0,0.8241469816272966,0.8147232700171364,0.007052729609272789
A3,199.0,0.8241469816272966,0.8134992166376893,0.007170012577588116
A3,200.0,0.821522309711286,0.8110740127154757,0.0074577515864587
A3,201.0,0.821522309711286,0.8106191551888755,0.007607531787243768
A3,202.0,0.8188976377952756,0.8080329582338197,0.00921983602451217
A3,203.0,0.821522309711286,0.8101870549204773,0.008790539334522559
A3,204.0,0.8136482939632546,0.8053569471795038,0.009760500434025174
A3,205.0,0.8162729658792651,0.8117446568766825,0.008859882928317369
A3,206.0,0.8110236220472441,0.8016459043085469,0.009112643002676463
A3,207.0,0.8162729658792651,0.8033759219435668,0.009731588660432706
A3,208.0,0.8083989501312336,0.8094832517716585,0.007243725157002931
A3,209.0,0.8110236220472441,0.7985938941096129,0.009561610713831397
A3,210.0,0.8031496062992126,0.7960565074161172,0.008539732582827747
A3,211.0,0.8031496062992126,0.7979873734432515,0.009734966763885659
A3,212.0,0.800524934383202,0.7945950678560566,0.010046509650891804
A3,213.0,0.8031496062992126,0.8040425118967701,0.008543475393659494
A3,214.0,0.7979002624671916,0.7926221066561115,0.00897699490541976
A3,215.0,0.800524934383202,0.8034583859567029,0.00799327462226101
A3,216.0,0.7926509186351706,0.7901674573977414,0.008635577201260602
A3,217.0,0.7979002624671916,0.7928422295945591,0.008542009708956593
A3,218.0,0.7926509186351706,0.7895756933136191,0.008628812740902386
A3,219.0,0.7952755905511811,0.7975070945630469,0.007544151465735412
A3,220.0,0.7874015748031497,0.787041008620526,0.009004061926833897
A3,221.0,0.7874015748031497,0.7914198768414497,0.008714699375059982
A3,222.0,0.7847769028871391,0.7818880952675958,0.008880608715688364
A3,223.0,0.7821522309711286,0.7843912768610366,0.008093304128702121
A3,224.0,0.7795275590551181,0.7804196648065171,0.008294746233830964
A3,225.0,0.7821522309711286,0.78837806159206,0.007970841331022925
A3,226.0,0.7769028871391076,0.7803194406614604,0.008825207232822567
A3,227.0,0.7769028871391076,0.787768300642655,0.007788224081979588
A3,228.0,0.7716535433070866,0.7773377384105307,0.009119611656362025
A3,229.0,0.7716535433070866,0.7861495057159309,0.00844750650584586
A3,230.0,0.7664041994750657,0.7722818688294883,0.009356259708789108
A3,231.0,0.7664041994750657,0.7833894513844887,0.008187354886511004
A3,232.0,0.7611548556430446,0.7712292424681537,0.008697656747934048
A3,233.0,0.7611548556430446,0.7750675273452355,0.008793336590846875
A3,234.0,0.7559055118110236,0.7724044243262643,0.00914028477725215
A3,235.0,0.7559055118110236,0.7737128643137158,0.009187261212862334
A3,236.0,0.7506561679790026,0.7657617446543599,0.009442427318785265
A3,237.0,0.7480314960629921,0.769184119884303,0.009428834704916868
A3,238.0,0.7427821522309711,0.7620677191127749,0.009832939956420615
A3,239.0,0.7427821522309711,0.7715929139139917,0.009865792527896837
A3,240.0,0.7349081364829396,0.7608479356438319,0.01120955595592198
A3,241.0,0.7349081364829396,0.7698816674130028,0.011438693631325162
A3,242.0,0.7296587926509186,0.7653517282192133,0.010424580976035554
A3,243.0,0.7296587926509186,0.7650473678093963,0.012016427325459874
A3,244.0,0.7217847769028871,0.7571872513921868,0.011597085880808487
A3,245.0,0.7217847769028871,0.7654148939942094,0.01240756203467256
A3,246.0,0.7139107611548556,0.7532665390791691,0.012321271996175756
A3,247.0,0.7139107611548556,0.7552101186633651,0.013866083330909338
A3,248.0,0.7086614173228346,0.7575165725281365,0.014726284545493143
A3,249.0,0.7034120734908137,0.7424767914294506,0.011895436658765446
A3,250.0,0.7007874015748031,0.7517624993485548,0.013759849593051415
A3,251.0,0.6955380577427821,0.745855617606052,0.012099703970623977
A3,252.0,0.6929133858267716,0.7566407638159679,0.011992767013178208
A3,253.0,0.6876640419947506,0.7389446847407956,0.012754345762256382
A3,254.0,0.6850393700787402,0.74173410672348,0.016182142631146458
A3,255.0,0.6771653543307087,0.7307979249489897,0.013414309889555836
A3,256.0,0.6745406824146981,0.7492243589734618,0.013953961266332004
A3,257.0,0.6692913385826772,0.7398995859659193,0.01169205189051845
A3,258.0,0.6666666666666666,0.738512568940831,0.012357653049796774
A3,259.0,0.6614173228346457,0.7262455875759849,0.012900458355556558
A3,260.0,0.6587926509186351,0.7290888311216146,0.013167662581498017
A3,261.0,0.6509186351706037,0.7164444537320821,0.013997509167742821
A3,262.0,0.6482939632545932,0.7272249078273186,0.014603296373764004
A3,263.0,0.6430446194225722,0.7147346452483008,0.014757877501160987
A3,264.0,0.6404199475065617,0.7137800292371342,0.017947553124811413
A3,265.0,0.6325459317585301,0.718045648925328,0.01591777452856112
A3,266.0,0.6220472440944882,0.6992902666475439,0.01617330725083144
A4,1.0,1.0,1.0689928298468019,0.010293063769787123
A4,2.0,0.9925187032418953,1.0578607363514725,0.009234126782211074
A4,3.0,0.9875311720698254,1.048785754589747,0.008017050196189063
A4,4.0,0.9825436408977556,1.0274136449148212,0.007903543418448566
A4,5.0,0.9775561097256857,1.0273185060415906,0.007547795158956026
A4,6.0,0.972568578553616,1.0364683377789088,0.006704864702314416
A4,7.0,0.9675810473815462,1.0331377075466577,0.006681599569755315
A4,8.0,0.9625935162094763,1.029959920872515,0.0066056621953343095
A4,9.0,0.9600997506234414,1.0302183806240772,0.0063863257673176035
A4,10.0,0.9576059850374065,1.019253357974027,0.006672442677027415
A4,11.0,0.9551122194513716,1.011539198507928,0.0071479918678141454
A4,12.0,0.9526184538653366,1.0102358002995568,0.0070467485485063135
A4,13.0,0.9476309226932669,1.01942503033301,0.006384883305632413
A4,14.0,0.9476309226932669,1.017841126717625,0.006354759757061974
A4,15.0,0.942643391521197,1.0158349391133388,0.006291679064236517
A4,16.0,0.942643391521197,1.0162196761742002,0.0061990048442928155
A4,17.0,0.940149625935162,1.012634213674553,0.006458581504662618
A4,18.0,0.940149625935162,0.9976898751583949,0.007076077542104186
A4,19.0,0.9376558603491272,0.997168122897894,0.007041299633673085
A4,20.0,0.9351620947630923,0.9933354414109963,0.007426036869712378
A4,21.0,0.9351620947630923,1.0007553743815676,0.007019745466201475
A4,22.0,0.9326683291770573,1.0007559893570614,0.007100125407682088
A4,23.0,0.9326683291770573,1.0005043159853204,0.007047209386114446
A4,24.0,0.9301745635910225,0.9989411550808512,0.007232775314572551
A4,25.0,0.9276807980049875,0.9965049551460186,0.0068536744874833164
A4,26.0,0.9276807980049875,0.9869535017932007,0.0068398877937092505
A4,27.0,0.9276807980049875,0.9818567531023754,0.007384338620373496
A4,28.0,0.9251870324189526,0.9824635837348132,0.007282433005393874
A4,29.0,0.9251870324189526,0.9908638591458386,0.007107701548370876
A4,30.0,0.9226932668329177,0.9901979673646492,0.007215385325576768
A4,31.0,0.9226932668329177,0.9902207143761836,0.007037977757700214
A4,32.0,0.9201995012468828,0.9868068185537267,0.007070435573961757
A4,33.0,0.9201995012468828,0.9812093866400194,0.006759466473580634
A4,34.0,0.9201995012468828,0.9730157244019546,0.006960949625313304
A4,35.0,0.9177057356608479,0.97389509899748,0.0069100254164075675
A4,36.0,0.9152119700748129,0.9813280310660861,0.006759800790988004
A4,37.0,0.9152119700748129,0.9792516781711508,0.007021815122018206
A4,38.0,0.9152119700748129,0.9764834539958779,0.006982695851577216
A4,39.0,0.912718204488778,0.9744931713740281,0.007146878200821774
A4,40.0,0.9152119700748129,0.9637094685631769,0.007011683281440956
A4,41.0,0.912718204488778,0.9634819467719768,0.006995433880546333
A4,42.0,0.912718204488778,0.9643987208246617,0.006986391973190529
A4,43.0,0.9102244389027432,0.9707011711060332,0.0068395009258361275
A4,44.0,0.9077306733167082,0.9694610478281414,0.007002236961658594
A4,45.0,0.9077306733167082,0.968130259636722,0.007002025104430881
A4,46.0,0.9077306733167082,0.9666042571105821,0.006922328315813173
A4,47.0,0.9077306733167082,0.9539898900930472,0.006901001682990617
A4,48.0,0.9077306733167082,0.952606112080998,0.006907466856160135
A4,49.0,0.9052369077306733,0.9611780850411455,0.006899611112163782
A4,50.0,0.9052369077306733,0.9587223231920324,0.006676999800003902
A4,51.0,0.9027431421446384,0.9594632072962569,0.006922616074285516
A4,52.0,0.9027431421446384,0.9585308701179576,0.006757965336566073
A4,53.0,0.9027431421446384,0.9530305572656046,0.006523769256638063
A4,54.0,0.9002493765586035,0.9536443186114951,0.00688788852968966
A4,55.0,0.9002493765586035,0.9472217838562397,0.0065614853316644985
A4,56.0,0.9002493765586035,0.9428001739289632,0.006520429024714254
A4,57.0,0.9002493765586035,0.9444071186439983,0.00661743252193074
A4,58.0,0.8977556109725686,0.9470945207840449,0.006658359206071524
A4,59.0,0.8952618453865336,0.9468357370493599,0.006922987246667786
A4,60.0,0.8977556109725686,0.9418388446703109,0.0065259601546750305
A4,61.0,0.8952618453865336,0.9417803114988892,0.006847385796907116
A4,62.0,0.8952618453865336,0.9362140948182778,0.006606465815210467
A4,63.0,0.8927680798004988,0.9382002667399312,0.006592517222000524
A4,64.0,0.8927680798004988,0.9342331696094464,0.006320287176251499
A4,65.0,0.8902743142144638,0.9364386337585057,0.006267137554847511
A4,66.0,0.8902743142144638,0.9343156949697125,0.006336799929784272
A4,67.0,0.8902743142144638,0.930445754943704,0.006266695562435617
A4,68.0,0.8877805486284289,0.9307372663015865,0.00619659438905115
A4,69.0,0.8877805486284289,0.9281689473686007,0.006435805675848403
A4,70.0,0.8877805486284289,0.926846135748804,0.006428685809441964
A4,71.0,0.885286783042394,0.9273876687273557,0.006232567479363314
A4,72.0,0.885286783042394,0.926760874106456,0.006434944013640443
A4,73.0,0.885286783042394,0.9251028607110366,0.006038215848526433
A4,74.0,0.8827930174563591,0.922866678296584,0.006023190199267134
A4,75.0,0.8827930174563591,0.9213713672428524,0.005896538222113648
A4,76.0,0.8802992518703242,0.9192779588089197,0.005992187892075185
A4,77.0,0.8802992518703242,0.9157835702064583,0.00607069105313513
A4,78.0,0.8802992518703242,0.9160209349231627,0.006158176777686392
A4,79.0,0.8802992518703242,0.911591757905656,0.006324708066176137
A4,80.0,0.8802992518703242,0.9101165437371235,0.00637135362187141
A4,81.0,0.8778054862842892,0.9117110278874885,0.006090000040377956
A4,82.0,0.8753117206982544,0.9131357933138502,0.006292140917962165
A4,83.0,0.8753117206982544,0.9110280533238986,0.005947868324544255
A4,84.0,0.8728179551122195,0.9104953941858879,0.005792823566266672
A4,85.0,0.8728179551122195,0.9096568414308233,0.005984630867718712
A4,86.0,0.8728179551122195,0.905867439769495,0.006051039650078647
A4,87.0,0.8703241895261845,0.9061639003931271,0.005930809065865938
A4,88.0,0.8703241895261845,0.902743473962146,0.005890403971030734
A4,89.0,0.8678304239401496,0.9026010877212944,0.005776542103003977
A4,90.0,0.8678304239401496,0.9049690580178379,0.005586000349662045
A4,91.0,0.8653366583541147,0.9021000225268038,0.005628752470017122
A4,92.0,0.8653366583541147,0.9005921892042249,0.005503824748483855
A4,93.0,0.8653366583541147,0.8970190909079833,0.0055108970765271725
A4,94.0,0.8653366583541147,0.8892292627591245,0.005922000973056239
A4,95.0,0.8628428927680798,0.89028049192024,0.005968774911755262
A4,96.0,0.8628428927680798,0.8941477838743397,0.005308505624562559
A4,97.0,0.8603491271820449,0.891660651873133,0.005515726426473111
A4,98.0,0.85785536159601,0.8922848432988041,0.0054834913316872515
A4,99.0,0.85785536159601,0.8914042884332524,0.005558457408044947
A4,100.0,0.8553615960099751,0.8904331587903782,0.005491372618283397
A4,101.0,0.8553615960099751,0.8896960775893719,0.005555114202881941
A4,102.0,0.8528678304239401,0.8892422246216696,0.005531511510649067
A4,103.0,0.8528678304239401,0.8852468054656293,0.005818218957635333
A4,104.0,0.8503740648379052,0.8851284204493894,0.005726045519140852
A4,105.0,0.8503740648379052,0.8828969045767219,0.005743754125332462
A4,106.0,0.8503740648379052,0.877579638168369,0.005497102568817728
A4,107.0,0.8478802992518704,0.8815676074468407,0.005642409735896004
A4,108.0,0.8478802992518704,0.8794368140980069,0.005726810723756631
A4,109.0,0.8428927680798005,0.8763828008599391,0.005842572200200325
A4,110.0,0.8428927680798005,0.8770532643493099,0.005911460988009836
A4,111.0,0.8428927680798005,0.8699903900209149,0.00577266179392818
A4,112.0,0.8379052369077307,0.8722777725061818,0.0060037656546552375
A4,113.0,0.8379052369077307,0.8698788989759016,0.00571233089667547
A4,114.0,0.8354114713216958,0.8687449591939326,0.005828428972459359
A4,115.0,0.8329177057356608,0.8656153613440017,0.00576414843102738
A4,116.0,0.830423940149626,0.863195959581743,0.005855922728475406
A4,117.0,0.830423940149626,0.860388330816677,0.006212756312482491
A4,118.0,0.827930174563591,0.8616036150751486,0.005966785006346655
A4,119.0,0.8254364089775561,0.8589214141363879,0.005950588558583838
A4,120.0,0.8254364089775561,0.8582579534119461,0.006029813429044237
A4,121.0,0.8229426433915212,0.8506811494007025,0.00603548918744164
A4,122.0,0.8229426433915212,0.8508562270319051,0.006042734802066518
A4,123.0,0.8204488778054863,0.8491251612525943,0.006171092582939562
A4,124.0,0.8204488778054863,0.8448443916994381,0.00612297140601922
A4,125.0,0.8204488778054863,0.8407609052881201,0.005930612297977667
A4,126.0,0.8254364089775561,0.8270857902578796,0.006674114971267396
A4,127.0,0.8179551122194514,0.8276535279083818,0.006763468400839693
A4,128.0,0.8179551122194514,0.8299148231060102,0.006377301079291987
A4,129.0,0.8179551122194514,0.8314579534957434,0.0063482675627833055
A4,130.0,0.8179551122194514,0.8275491821727172,0.006573316694551891
A4,131.0,0.8179551122194514,0.8207356874743971,0.006521544881894566
A4,132.0,0.8129675810473815,0.826836028319523,0.006116867806311455
A4,133.0,0.8104738154613467,0.8278326926117322,0.00650454259907328
A4,134.0,0.8079800498753117,0.8254518784776084,0.006737641737617384
A4,135.0,0.8129675810473815,0.8120098119168961,0.006454595116150686
A4,136.0,0.8104738154613467,0.815223063634794,0.0067668894384866046
A4,137.0,0.8054862842892768,0.8221360720110135,0.00707332037051278
A4,138.0,0.8054862842892768,0.8191970911737984,0.007005909192552077
A4,139.0,0.8054862842892768,0.8159855140063917,0.006798229074211944
A4,140.0,0.8029925187032418,0.8157218017295388,0.006586047440637418
A4,141.0,0.8104738154613467,0.8028278094437475,0.006505498986042644
A4,142.0,0.8054862842892768,0.8089742395255823,0.0063735482800468465
A4,143.0,0.800498753117207,0.8034724366144809,0.006633732121480205
A4,144.0,0.800498753117207,0.8022499120964673,0.006616545011034842
A4,145.0,0.800498753117207,0.8034070547245111,0.0065095345231331765
A4,146.0,0.7980049875311721,0.798697412353718,0.006454952444972138
A4,147.0,0.7980049875311721,0.8000328478616682,0.006570496157100702
A4,148.0,0.7980049875311721,0.7950023037013954,0.007062694147642073
A4,149.0,0.7955112219451371,0.7995806235780832,0.006492744545973061
A4,150.0,0.7930174563591023,0.7965142766645033,0.006411953655053739
A4,151.0,0.7930174563591023,0.7977967567612052,0.006409846896590407
A4,152.0,0.7905236907730673,0.7948246329251201,0.006414001118190697
A4,153.0,0.7905236907730673,0.7908337353828958,0.006367612176682813
A4,154.0,0.7880299251870324,0.78965581892249,0.006680827538249758
A4,155.0,0.7880299251870324,0.7874693841366607,0.006675232633647129
A4,156.0,0.7855361596009975,0.7838715752066662,0.0068237619217017135
A4,157.0,0.7855361596009975,0.7855020853770985,0.006802425607469745
A4,158.0,0.7805486284289277,0.7813164964207573,0.00806976009313437
A4,159.0,0.7805486284289277,0.7806671563730414,0.007971672098164472
A4,160.0,0.7830423940149626,0.7704246316462084,0.008139666888840696
A4,161.0,0.7780548628428927,0.7736610977523727,0.008007080393678362
A4,162.0,0.7755610972568578,0.7713046375407164,0.00841646122558225
A4,163.0,0.7755610972568578,0.7646311479096879,0.008032734214405202
A4,164.0,0.773067331670823,0.7643589166459646,0.008249944486103333
A4,165.0,0.770573566084788,0.7629641775624083,0.008399678688983529
A4,166.0,0.770573566084788,0.7647995820440505,0.00846397791977458
A4,167.0,0.7680798004987531,0.7635318091290397,0.00865557661443465
A4,168.0,0.7680798004987531,0.7578243530550026,0.00875921094509039
A4,169.0,0.7655860349127181,0.7569227432009887,0.008711376150064962
A4,170.0,0.7630922693266833,0.7558683219269453,0.008509594020092092
A4,171.0,0.7630922693266833,0.753211681297843,0.008701758532711549
A4,172.0,0.7605985037406484,0.7504464331209336,0.008792612333580693
A4,173.0,0.7581047381546134,0.7489793416060159,0.00881745199261707
A4,174.0,0.7556109725685786,0.7486585691744821,0.008653187586413306
A4,175.0,0.7531172069825436,0.7439541039721298,0.009092060028967515
A4,176.0,0.7531172069825436,0.7423248377536905,0.009090299324274914
A4,177.0,0.7506234413965087,0.7383917400286335,0.009011998243906812
A4,178.0,0.7481296758104738,0.7376292452986155,0.009240812215968366
A4,179.0,0.7481296758104738,0.7346684077699086,0.009059428593961515
A4,180.0,0.7456359102244389,0.7329848355978873,0.009496912455029751
A4,181.0,0.743142144638404,0.7315657051337785,0.009270374994394207
A4,182.0,0.7406483790523691,0.724531281669015,0.009441910336833191
A4,183.0,0.7381546134663342,0.7264031722386499,0.009244578812421788
A4,184.0,0.7356608478802993,0.7216002532898496,0.009704293384804762
A4,185.0,0.7331670822942643,0.7204069536886198,0.009750983628675946
A4,186.0,0.7306733167082294,0.717739739272992,0.009524905124864471
A4,187.0,0.7306733167082294,0.7156622418104338,0.009874942662203534
A4,188.0,0.7281795511221946,0.7116357006125705,0.0103481811113359
A4,189.0,0.7256857855361596,0.710065130384866,0.009929799887298807
A4,190.0,0.7231920199501247,0.7079506605106963,0.010040821663461267
A4,191.0,0.7206982543640897,0.7028190225004363,0.010246816216055991
A4,192.0,0.7182044887780549,0.6989438257634726,0.01037835741926155
A4,193.0,0.71571072319202,0.6922033410726132,0.010924307107541158
A4,194.0,0.713216957605985,0.6939897852284933,0.01059563054904032
A4,195.0,0.7107231920199502,0.6894338763552277,0.010965293736205837
A4,196.0,0.7082294264339152,0.6896518549536252,0.01119846646099614
A4,197.0,0.7057356608478803,0.685939985447564,0.010938803712528027
A4,198.0,0.7007481296758105,0.6800355779958779,0.01144124321559006
A4,199.0,0.6982543640897756,0.676416451620328,0.011659145642509248
A4,200.0,0.6957605985037406,0.6728203503282993,0.01123713901344615
A4,201.0,0.6907730673316709,0.6637042934879982,0.01227138569106716
A4,202.0,0.6907730673316709,0.6495869478595689,0.011883346589396049
A4,203.0,0.683291770573566,0.6539735213501768,0.013015674601205044
A4,204.0,0.683291770573566,0.6247614177262469,0.013098739290275586
A4,205.0,0.6733167082294265,0.639703707715493,0.013689689869607117
A4,206.0,0.6783042394014963,0.6227757800723235,0.014074226098305892
A4,207.0,0.6683291770573566,0.6354204884181847,0.013821356616281564
A4,208.0,0.6633416458852868,0.6097872920143177,0.014117885456871005
A4,209.0,0.6583541147132169,0.6161109078123507,0.014820505565288177
A4,210.0,0.6533665835411472,0.6150966312131763,0.01562653783408887
A4,211.0,0.6483790523690773,0.6006670182340824,0.016013518121285025
A4,212.0,0.6408977556109726,0.5989399063179167,0.016701690546892592
A4,213.0,0.6334164588528678,0.5807971906542758,0.015848445226491207
A4,214.0,0.6309226932668329,0.5734587223076801,0.01754488537375114
A4,215.0,0.6259351620947631,0.562840901967124,0.01631924574262287
A4,216.0,0.6184538653366584,0.5661126694749011,0.01798762358569654
A4,217.0,0.6159600997506235,0.5485750463624004,0.016488714791618786
A4,218.0,0.6059850374064838,0.5389409130853764,0.019564839694850646
A4,219.0,0.5985037406483791,0.5344671478424324,0.02018921698710425
A4,220.0,0.5935162094763092,0.5231670242820754,0.020657967815355824
A4,221.0,0.5860349127182045,0.5065358501082611,0.020189739601221713
A4,222.0,0.5810473815461347,0.5044065384987357,0.022450365922108136
A4,223.0,0.57356608478803,0.49254107990139995,0.021744933100629808
A4,224.0,0.5660847880299252,0.48618852801999396,0.023484830806838858
A4,225.0,0.5586034912718204,0.4732993142223207,0.023158573520406976
A4,226.0,0.5511221945137157,0.4636728468477712,0.025274118654460963
A4,227.0,0.543640897755611,0.44357046771149944,0.025349659485169602
A4,228.0,0.5361596009975063,0.4387251531492603,0.028419648217796155
A4,229.0,0.5286783042394015,0.42678274710322095,0.026820996087422944
A4,230.0,0.5211970074812967,0.4154489594087574,0.030833254972133798
A4,231.0,0.5112219451371571,0.39806112382177283,0.02991277229191196
A4,232.0,0.5037406483790524,0.392968991863908,0.03337699198600743
A4,233.0,0.49625935162094764,0.37464114008050475,0.02986482240838696
A4,234.0,0.4837905236907731,0.362164577178349,0.034322588866776256
A4,235.0,0.4763092269326683,0.3363538533714761,0.035305635915230366
A4,236.0,0.46633416458852867,0.33929783107471195,0.03889782813337454
A4,237.0,0.45885286783042395,0.324481120821525,0.04177339378007541
A4,238.0,0.4463840399002494,0.2932910510034177,0.040247963674244894
A4,239.0,0.43640897755610975,0.3073576950053108,0.047245885072856465
A4,240.0,0.42643391521197005,0.2855690179533933,0.04986145890017562
A4,241.0,0.4164588528678304,0.28775614327946325,0.05290882876067377
A4,242.0,0.40399002493765584,0.2137340565107454,0.04985201289893443
A4,243.0,0.39650872817955113,0.3008913095159947,0.0662008970449963
A4,244.0,0.3865336658354115,0.187459836986264,0.05572190162884293
A4,245.0,0.3765586034912718,0.2939624604745414,0.0752492700178003
A4,246.0,0.36658354114713215,0.1704335670948347,0.06273278416300229
A4,247.0,0.3566084788029925,0.3165946798894772,0.08526773763373285
A4,248.0,0.3491271820448878,0.16425452788859884,0.06871912697969605
A4,249.0,0.33915211970074816,0.3173826238416967,0.1018953982540067
A4,250.0,0.3316708229426434,0.31218707121309225,0.0957380063399273
A4,251.0,0.32418952618453867,0.2931369287102601,0.09800738368993808
A4,252.0,0.3167082294264339,0.3000271361192372,0.10210760948901038
A4,253.0,0.30673316708229426,0.3226164798851078,0.10934431869310252
A4,254.0,0.30174563591022446,0.16422890715078764,0.0915542378851763
A4,255.0,0.2942643391521197,0.3334922001376364,0.12371549267129552
A4,256.0,0.286783042394015,0.4083895560057606,0.15157986355421696
A4,257.0,0.2793017456359102,0.1996462964882611,0.1055631004338365
A4,258.0,0.2743142144638404,0.3958242026348567,0.14593211472912768
A4,259.0,0.26683291770573564,0.3948438966801689,0.15049634100255235
A4,260.0,0.26433915211970077,0.19353614486272136,0.11193381368501797
A4,261.0,0.26184538653366585,0.42793660560409164,0.17196257238390567
A4,262.0,0.256857855361596,0.42361052274387323,0.16208861697063406
A4,263.0,0.2518703241895262,0.4517401953191288,0.1837331389649765
A4,264.0,0.24788029925187033,0.2488688569070282,0.13134112887318922
A4,265.0,0.24463840399002493,0.4712243655899584,0.18419098864837286
A4,266.0,0.24064837905236908,0.513644184156328,0.21087015292053402
A4,267.0,0.23541147132169576,0.5183120198230567,0.21055685863508214
A4,268.0,0.053865336658354114,0.6272444864712692,0.22426101550593008
A4,269.0,0.04937655860349127,0.6377278922795886,0.22585746473753465
A5,1.0,1.0,0.9389168285021049,0.0049157741398828825
A5,2.0,0.9973890339425587,0.9362244763964086,0.004787574461037914
A5,3.0,0.9947780678851175,0.9365723118721438,0.004780805477837482
A5,4.0,0.9921671018276762,0.9315064289003221,0.004658069945086715
A5,5.0,0.9921671018276762,0.926945782974831,0.005562334409802225
A5,6.0,0.9895561357702349,0.9256764496484193,0.005541496913156703
A5,7.0,0.9843342036553525,0.9248087677395636,0.005219381388407237
A5,8.0,0.9843342036553525,0.9231052154487708,0.005130118468195144
A5,9.0,0.9817232375979112,0.9248322660779863,0.00436589868646135
A5,10.0,0.97911227154047,0.9167340818913077,0.007584874185338329
A5,11.0,0.97911227154047,0.9105769609452473,0.007752175235059467
A5,12.0,0.9765013054830287,0.9107756520920307,0.0069446834301228446
A5,13.0,0.9738903394255874,0.9100955244319692,0.007298830824092624
A5,14.0,0.9712793733681462,0.9089787662706414,0.006943433841024971
A5,15.0,0.9712793733681462,0.9064512751483113,0.006892865152987696
A5,16.0,0.9686684073107049,0.9088912501566094,0.005705775466921451
A5,17.0,0.9660574412532638,0.9058393339265759,0.005722565042288987
A5,18.0,0.9660574412532638,0.901512039066962,0.0073271892241782875
A5,19.0,0.9660574412532638,0.9006142446105354,0.006978647737787929
A5,20.0,0.9634464751958225,0.9000099655176566,0.009573734697365251
A5,21.0,0.9634464751958225,0.9005186919407857,0.009484668409611456
A5,22.0,0.9634464751958225,0.900556946987513,0.009588094886709345
A5,23.0,0.9608355091383812,0.9016185853263925,0.006312014538119168
A5,24.0,0.95822454308094,0.8994089931826772,0.006289858732799794
A5,25.0,0.95822454308094,0.8998145005861784,0.006886206710317066
A5,26.0,0.9556135770234987,0.8993169078579698,0.006812626113408116
A5,27.0,0.9556135770234987,0.8963841621036202,0.007443457916723422
A5,28.0,0.9556135770234987,0.895192766718357,0.009389360050500378
A5,29.0,0.9530026109660574,0.8939525618119861,0.009791928795484078
A5,30.0,0.9530026109660574,0.8955303012407758,0.0064439126248993575
A5,31.0,0.9503916449086162,0.894994844270506,0.007279334522143244
A5,32.0,0.9477806788511749,0.8921772876227276,0.007073714132673933
A5,33.0,0.9477806788511749,0.8904040887725437,0.007107683862103853
A5,34.0,0.9477806788511749,0.8874666836396421,0.007680665391610632
A5,35.0,0.9477806788511749,0.8855064535657758,0.009377067717404652
A5,36.0,0.9451697127937336,0.8856712459513454,0.009470645973291645
A5,37.0,0.9425587467362925,0.8856828417881297,0.006340950837161459
A5,38.0,0.9425587467362925,0.8864134653235121,0.007068681932742521
A5,39.0,0.9399477806788512,0.8862337573570873,0.0070323908034992215
A5,40.0,0.9399477806788512,0.8841699632670188,0.006959776328058723
A5,41.0,0.9399477806788512,0.8840552583657059,0.009869808298042314
A5,42.0,0.9399477806788512,0.8827450758472816,0.00990224094929739
A5,43.0,0.9373368146214099,0.8815774341237105,0.009949525878646844
A5,44.0,0.9347258485639687,0.8791172174668868,0.006767935048008137
A5,45.0,0.9347258485639687,0.8794384120587448,0.007389437945230308
A5,46.0,0.9321148825065274,0.8776321911161603,0.007433734013190948
A5,47.0,0.9321148825065274,0.8753313583743565,0.008068952023217484
A5,48.0,0.9321148825065274,0.8756938621939911,0.009688240072230923
A5,49.0,0.9321148825065274,0.8758584933227518,0.009803165043900715
A5,50.0,0.9295039164490861,0.8753499055124907,0.006737994511681081
A5,51.0,0.9295039164490861,0.8729367016450347,0.007066442623472642
A5,52.0,0.9268929503916449,0.8737931722218963,0.007464905725877089
A5,53.0,0.9242819843342036,0.8726824494588517,0.007894676608883341
A5,54.0,0.9268929503916449,0.869545539135017,0.008451603386238973
A5,55.0,0.9216710182767625,0.8679422450096794,0.0083087252450246
A5,56.0,0.9242819843342036,0.8658345331152569,0.010375661493370375
A5,57.0,0.9190600522193212,0.8655682087698101,0.007249445820440935
A5,58.0,0.9216710182767625,0.8684995564461953,0.010171876435685899
A5,59.0,0.9190600522193212,0.8660599622842516,0.007255105016219832
A5,60.0,0.9164490861618799,0.8656925116149183,0.00789189285834469
A5,61.0,0.9190600522193212,0.8639370939076159,0.00889270797568523
A5,62.0,0.9138381201044387,0.8627748350471193,0.008377148184737749
A5,63.0,0.9164490861618799,0.8622698189259228,0.010410291313131382
A5,64.0,0.9138381201044387,0.8590103479353257,0.007894558981550146
A5,65.0,0.9138381201044387,0.8597778759297426,0.007956127493238067
A5,66.0,0.9112271540469974,0.8561692009155057,0.007910215072086113
A5,67.0,0.9086161879895561,0.857384672403912,0.00959513878293809
A5,68.0,0.9086161879895561,0.8555454778931706,0.008380488992816529
A5,69.0,0.9060052219321149,0.8547076464600966,0.008406187869391124
A5,70.0,0.9060052219321149,0.8573649674935554,0.00964564520713881
A5,71.0,0.9060052219321149,0.8529862595895091,0.008054892251256622
A5,72.0,0.9033942558746736,0.851834602543861,0.008467233643396183
A5,73.0,0.9033942558746736,0.8528233497905581,0.011273277591767763
A5,74.0,0.9033942558746736,0.8499104983641904,0.011719198946423336
A5,75.0,0.9007832898172323,0.8485640498163773,0.008645357671106142
A5,76.0,0.9007832898172323,0.8468011802779826,0.008771206843689296
A5,77.0,0.8955613577023499,0.8450930782469014,0.008692499545863323
A5,78.0,0.8981723237597912,0.8474551958791413,0.009462759051392062
A5,79.0,0.8955613577023499,0.8463285670645583,0.00920980001661992
A5,80.0,0.8955613577023499,0.8458687269988323,0.01097471725720772
A5,81.0,0.8929503916449086,0.8436915852597225,0.008829983165681957
A5,82.0,0.8929503916449086,0.8420470574516946,0.008802322326027021
A5,83.0,0.8903394255874674,0.8409334799906633,0.008739090999451802
A5,84.0,0.8903394255874674,0.8383045370445583,0.00862050472756276
A5,85.0,0.8877284595300261,0.837631985492945,0.008617944399815539
A5,86.0,0.8851174934725848,0.8353830619212389,0.009045971608738072
A5,87.0,0.8851174934725848,0.8332352881556212,0.009188479724943476
A5,88.0,0.8825065274151436,0.8331928656046834,0.009002514911581022
A5,89.0,0.8798955613577023,0.8321167298750473,0.00892557746765016
A5,90.0,0.8798955613577023,0.830175512051066,0.008764074382109096
A5,91.0,0.8772845953002611,0.8260771366099726,0.00916178429590407
A5,92.0,0.8720626631853786,0.8281021995141704,0.008734789843370807
A5,93.0,0.8720626631853786,0.8240616718458049,0.009988575664556583
A5,94.0,0.8694516971279374,0.8207569014069043,0.007227468556233274
A5,95.0,0.8694516971279374,0.8159645011073525,0.008782534969161154
A5,96.0,0.8668407310704961,0.8158488504185482,0.00904298336003998
A5,97.0,0.8642297650130548,0.8207733900211509,0.010011978022016638
A5,98.0,0.8616187989556136,0.8171527821649073,0.009589156737501039
A5,99.0,0.8590078328981723,0.8208231597659544,0.009968542374935642
A5,100.0,0.856396866840731,0.8169917294584572,0.010527971389590192
A5,101.0,0.8537859007832899,0.817725095454218,0.010890854051136298
A5,102.0,0.8511749347258486,0.8162590283924964,0.01081138730108438
A5,103.0,0.8485639686684073,0.8169072252714372,0.01127328297359475
A5,104.0,0.8459530026109661,0.8171492091698984,0.011498958231333943
A5,105.0,0.8433420365535248,0.8075668140173833,0.007894148527166306
A5,106.0,0.8407310704960835,0.822019073404727,0.010305121026690432
A5,107.0,0.835509138381201,0.8116013073654177,0.01204055840296495
A5,108.0,0.8328981723237598,0.8117655952944935,0.011871014810303527
A5,109.0,0.8302872062663186,0.8141373856884943,0.014201967973905784
A5,110.0,0.8276762402088773,0.8070993260891105,0.012995098964057513
A5,111.0,0.825065274151436,0.8032763233194726,0.010240682916547212
A5,112.0,0.8198433420365535,0.7864651844910882,0.008473479138631348
A5,113.0,0.8198433420365535,0.7817137769096314,0.011037332569805167
A5,114.0,0.8172323759791122,0.7743568050469313,0.008947390712698225
A5,115.0,0.8120104438642297,0.7705667452220604,0.008710037196220424
A5,116.0,0.804177545691906,0.7685721146490128,0.009312879136037096
A5,117.0,0.804177545691906,0.7653194304622661,0.00921911776778852
A5,118.0,0.7989556135770235,0.7592113755167845,0.009476229344509639
A5,119.0,0.7963446475195822,0.7524570883471129,0.006614723955663219
A5,120.0,0.7911227154046997,0.754019903781656,0.010033026270112218
A5,121.0,0.7859007832898173,0.7496828600420671,0.009422706760510682
A5,122.0,0.7859007832898173,0.7415166843394068,0.0075595783152264135
A5,123.0,0.7806788511749347,0.7396462032014424,0.00725534045283698
A5,124.0,0.7780678851174935,0.7233148597482009,0.006429798007783327
A5,125.0,0.7728459530026109,0.7293148810740763,0.009104359870785103
A5,126.0,0.7702349869451697,0.7208774516232882,0.007131453680759723
A5,127.0,0.7650130548302873,0.7293630287852262,0.01072492614389139
A5,128.0,0.762402088772846,0.7251278414448613,0.009939023826093138
A5,129.0,0.7571801566579635,0.717905605359958,0.009546266420959472
A5,130.0,0.7545691906005222,0.7084351685192353,0.010557656769925355
A5,131.0,0.7493472584856397,0.7155451762454748,0.012417309269581064
A5,132.0,0.7493472584856397,0.7047618112519797,0.009572625983610335
A5,133.0,0.7441253263707572,0.6983736087472795,0.009694768006781162
A5,134.0,0.7389033942558747,0.6847697204462984,0.008187458615937247
A5,135.0,0.7336814621409922,0.694201155048154,0.014282941388104436
A5,136.0,0.7284595300261096,0.6815759492740764,0.010555079391049894
A5,137.0,0.7258485639686684,0.680587240986956,0.012884101953166041
A5,138.0,0.7180156657963447,0.6727133016535927,0.010346558514623225
A5,139.0,0.7154046997389034,0.6689015444030066,0.014270854776048057
A5,140.0,0.7101827676240209,0.6504144406438077,0.008908711367030269
A5,141.0,0.6997389033942559,0.6484446980681415,0.009388082519513563
A5,142.0,0.6945169712793734,0.633500423673458,0.008399938459794244
A5,143.0,0.6892950391644909,0.6389109031211225,0.010963763978153613
A5,144.0,0.6840731070496083,0.6277627403732933,0.008840852263571213
A5,145.0,0.6788511749347258,0.6241916640862535,0.012189182209054942
A5,146.0,0.6710182767624021,0.616833211472952,0.009182214159539277
A5,147.0,0.6684073107049608,0.6115104999056968,0.012581175770575648
A5,148.0,0.660574412532637,0.5995023427336671,0.007454912274957112
A5,149.0,0.6579634464751958,0.5913076087430305,0.010047342074695282
A5,150.0,0.6527415143603134,0.5860488298496437,0.010123235131184467
A5,151.0,0.6475195822454308,0.5784878913235236,0.010297896031289562
A5,152.0,0.6422976501305483,0.569989551513393,0.008147005234966122
A5,153.0,0.6344647519582245,0.5583403441412516,0.0084275231229116
A5,154.0,0.6292428198433421,0.5524448551018584,0.009094689578864964
A5,155.0,0.6240208877284595,0.5504546491678829,0.008962725112759308
A5,156.0,0.618798955613577,0.5419015421062503,0.00925706159079405
A5,157.0,0.6135770234986945,0.5339609186256102,0.009830969025096371
A5,158.0,0.608355091383812,0.5306250421054273,0.009841040831171181
A5,159.0,0.6005221932114883,0.5256051485969973,0.010584927626905417
A5,160.0,0.5953002610966057,0.5210741862742962,0.010600549956589
A5,161.0,0.5900783289817232,0.5133861809131556,0.011118655224703514
A5,162.0,0.5848563968668408,0.5049249011345712,0.011583811013366623
A5,163.0,0.5796344647519582,0.4965939057400294,0.01040703956903648
A5,164.0,0.5718015665796344,0.4931045428898715,0.011116439675232003
A5,165.0,0.5639686684073107,0.48744888329904745,0.010639855055558981
A5,166.0,0.5587467362924282,0.4813832437754861,0.010756063122607242
A5,167.0,0.5535248041775457,0.4739834603579034,0.011736367379568208
A5,168.0,0.5456919060052219,0.4656595844208235,0.00938382793637261
A5,169.0,0.5404699738903395,0.46310121490993217,0.011571801288989509
A5,170.0,0.5326370757180157,0.4551455548394372,0.01142385803834671
A5,171.0,0.5274151436031331,0.44495478437386266,0.009197377430793241
A5,172.0,0.5195822454308094,0.4372542903615897,0.009322395710532323
A5,173.0,0.5143603133159269,0.42913186201039566,0.009617104004912993
A5,174.0,0.5065274151436031,0.41975564192497705,0.010006108573307413
A5,175.0,0.5013054830287206,0.41198358296749404,0.010413050784572773
A5,176.0,0.4934725848563969,0.40420576584129575,0.010489588016503789
A5,177.0,0.4856396866840731,0.39629189936764647,0.0109768792352325
A5,178.0,0.4804177545691906,0.3851303805881785,0.01128127530973089
A5,179.0,0.4725848563968668,0.37748694683503914,0.011979588487342345
A5,180.0,0.46475195822454307,0.36579598348989467,0.011973432901186057
A5,181.0,0.45691906005221933,0.3560326921939169,0.01097473218600803
A5,182.0,0.4490861618798956,0.3448703699251894,0.011095985319873438
A5,183.0,0.4412532637075718,0.3355176708354832,0.011765796616904543
A5,184.0,0.43342036553524804,0.3301757791844657,0.012246797859420663
A5,185.0,0.4255874673629243,0.323049577746893,0.013040984537735322
A5,186.0,0.4177545691906005,0.30894973474844095,0.013057415173178434
A5,187.0,0.40992167101827676,0.29932297657133133,0.013180070167366503
A5,188.0,0.402088772845953,0.29490100038022155,0.014051742090794394
A5,189.0,0.391644908616188,0.27699717129185836,0.01396453614716637
A5,190.0,0.3838120104438642,0.26810050436074584,0.014399411180450055
A5,191.0,0.37597911227154046,0.2573409333949254,0.014910340529224261
A5,192.0,0.36553524804177545,0.24210395099303478,0.015633531596122307
A5,193.0,0.3577023498694517,0.23232707025821364,0.01578524954789615
A5,194.0,0.34986945169712796,0.2313001916155774,0.014926735060615566
A5,195.0,0.3394255874673629,0.2145992242729564,0.015403465074059592
A5,196.0,0.33159268929503916,0.20705922642609081,0.015056212004108968
A5,197.0,0.3237597911227154,0.20138424447224829,0.015380756539984143
A5,198.0,0.3185378590078329,0.19368309960209396,0.015778312665126887
A5,199.0,0.30809399477806787,0.17461277412414578,0.016676099047038546
A5,200.0,0.3002610966057441,0.16157808971596577,0.017536401017221735
A5,201.0,0.2924281984334204,0.10441018130163049,0.019857648591997307
A5,202.0,0.2845953002610966,0.1865728894029458,0.015802695861328892
A5,203.0,0.2741514360313316,0.06509776536380396,0.020853505596156056
A5,204.0,0.26370757180156656,0.06207199858489487,0.0225823232139826
A5,205.0,0.06318537859007833,0.033003871632451,0.012033228302182964
A5,206.0,0.05796344647519582,0.03068851724469679,0.011699612829075641
A5,207.0,0.056657963446475196,0.03284473108224428,0.012505505499160624
A5,208.0,0.05456919060052219,0.03308717286459084,0.01206210322685027
A5,209.0,0.053263707571801565,0.029038291717387144,0.01191907357149125
A5,210.0,0.05221932114882506,0.03089335465782872,0.01379550587000481
A5,211.0,0.05039164490861619,0.029570469600690874,0.013309321684419746
A5,212.0,0.04882506527415144,0.031091778502631118,0.013282975298708186
A5,213.0,0.04699738903394256,0.03356416205467727,0.010768969373498404
A5,214.0,0.04490861618798955,0.039184286576032235,0.013771306187122877
A5,215.0,0.042819843342036555,0.036647584288694635,0.012594643518544392
A5,216.0,0.0412532637075718,0.03181389559490899,0.011231686950499538
A5,217.0,0.04203655352480418,0.03523278994825518,0.01151564915734599
A5,218.0,0.04308093994778068,0.03631539385415328,0.012158305569866123
A5,219.0,0.04203655352480418,0.03337235992232768,0.010708756266425345
A5,220.0,0.0433420365535248,0.03512551535004249,0.011477107048480368
A5,221.0,0.04255874673629243,0.036965191098484174,0.012523621097933231
A5,222.0,0.042819843342036555,0.03346033997141995,0.010738506809310771
A5,223.0,0.04151436031331593,0.03851297557405742,0.010447201414792733
A5,224.0,0.0402088772845953,0.037927680113658324,0.01305753490350138
A5,225.0,0.038903394255874676,0.03389137870197223,0.012860306497709726
A5,226.0,0.038642297650130546,0.038895833724995166,0.010967196648362675
A5,227.0,0.03759791122715405,0.03671949845610922,0.01006111971370307
A5,228.0,0.037075718015665796,0.03559489322313025,0.009406436797704051
A5,229.0,0.03733681462140992,0.03932669516478382,0.011431379057209002
A5,230.0,0.0381201044386423,0.03443640321274344,0.013797669925487126
A5,231.0,0.0381201044386423,0.034997326838042575,0.01090770028852469
A5,232.0,0.038642297650130546,0.03977389619982341,0.011369862165586771
A5,233.0,0.03838120104438642,0.03840745198645468,0.010938992400312271
A5,234.0,0.037859007832898174,0.03758918792011989,0.013009310546522577
A5,235.0,0.03733681462140992,0.040874014381500734,0.011994375718648037
A5,236.0,0.03681462140992167,0.03669043419288953,0.012711492141530278
A5,237.0,0.03629242819843342,0.03674591976802377,0.010356933176833772
A5,238.0,0.03629242819843342,0.0411257626574808,0.012449850033535237
A5,239.0,0.03577023498694517,0.04046618849037542,0.012043775928828509
A5,240.0,0.03498694516971279,0.03778733095425657,0.011085345378069881
A5,241.0,0.03472584856396867,0.042958770139162494,0.013536313826886548
A5,242.0,0.03446475195822454,0.04120970800713519,0.012824781827856553
A5,243.0,0.03420365535248042,0.03889353788667793,0.011779529411094029
A5,244.0,0.03446475195822454,0.04282688123475664,0.013637699444971075
A5,245.0,0.03446475195822454,0.042021326510615076,0.01343034863654291
A5,246.0,0.03420365535248042,0.04201396186817952,0.013337880679590273
A5,247.0,0.03420365535248042,0.04475687463424327,0.014802472268270543
A5,248.0,0.033681462140992165,0.03837289254574905,0.011607905323967342
A5,249.0,0.03315926892950392,0.039519524325377975,0.012233960633502485
A5,250.0,0.03315926892950392,0.0414432989443122,0.012096202943745983
A5,251.0,0.03263707571801567,0.04013978368385718,0.013019118366692098
A5,252.0,0.032114882506527415,0.04108880788288549,0.013701034942674519
A5,253.0,0.03185378590078329,0.042624150922579096,0.013180372265102932
A5,254.0,0.03080939947780679,0.04064013960958357,0.012634165793384035
A5,255.0,0.030287206266318537,0.0377793427577412,0.011546651371629638
A5,256.0,0.029503916449086162,0.040053855795040505,0.013121468833471034
A5,257.0,0.029242819843342035,0.04012590138454808,0.013561719112336543
A5,258.0,0.028720626631853787,0.03916491007961875,0.012986681403918884
A5,259.0,0.02845953002610966,0.03901253464697407,0.013696586025571703
A5,260.0,0.02845953002610966,0.03822228664329508,0.01305674937650945
A5,261.0,0.02793733681462141,0.03885304316313243,0.013565961838261765
A5,262.0,0.027676240208877285,0.03802017737229135,0.014015443429876812
A5,263.0,0.02741514360313316,0.03648466173094267,0.01333515869049957
A5,264.0,0.027154046997389034,0.03671970012787984,0.013316002724464232
A5,265.0,0.02689295039164491,0.03648208857322244,0.014068707550290927
A5,266.0,0.026631853785900782,0.03594999853555192,0.014061016281717851
A5,267.0,0.02600522193211488,0.034951216114965766,0.01323589334896003
A5,268.0,0.02600522193211488,0.03477038368733909,0.013213729808082388
A5,269.0,0.025900783289817233,0.03469952108010943,0.01382216963667408
A5,270.0,0.025926892950391644,0.03433795676580664,0.013632876319085134
A5,271.0,0.025822454308093996,0.035610418128183,0.01466103600269042
A5,272.0,0.025822454308093996,0.03362363579841676,0.01434432881071474
A5,273.0,0.02563968668407311,0.0357860137549606,0.01494981853371619
A5,274.0,0.025744125326370756,0.035037679824489354,0.014937912196868174
A5,275.0,0.025691906005221934,0.03622282109283115,0.015045434431589517
A5,276.0,0.02485639686684073,0.03254874783872275,0.014280367838706398
A5,277.0,0.02472584856396867,0.034286260190010465,0.015516189861728705
A5,278.0,0.02451697127937337,0.032902185292389086,0.015802999884677163
A5,279.0,0.024334203655352483,0.03219335634008025,0.015314404823083985
A5,280.0,0.02381201044386423,0.030952616053515958,0.015380561295671641
A5,281.0,0.024073107049608355,0.031082250230649366,0.016100843370596706
A5,282.0,0.023864229765013057,0.030516702968457432,0.015668278193440223
A5,283.0,0.023968668407310705,0.032591906768494106,0.016549479329558348
A5,284.0,0.024099216710182766,0.031493060720335975,0.01618333972205864
A5,285.0,0.024360313315926894,0.032355583536007315,0.016193532934555162
A5,286.0,0.024151436031331592,0.032783448702781826,0.016833838938107484
A5,287.0,0.024281984334203654,0.03256538308321266,0.01671347474204918
A5,288.0,0.02412532637075718,0.032618196974030234,0.01713300623188261
A5,289.0,0.02360313315926893,0.03092093576169741,0.016773690068786984
A5,290.0,0.023446475195822453,0.02968224577072487,0.017167299619827756
A5,291.0,0.023342036553524806,0.02987640660316837,0.017928646086603196
A5,292.0,0.023080939947780682,0.029159949256194584,0.017421438305340285
A5,293.0,0.022872062663185377,0.028313761006790616,0.017536051482099784
A5,294.0,0.022689295039164493,0.028905240959214873,0.017999207563152528
A5,295.0,0.022637075718015667,0.029093524634590806,0.01821432084684484
A5,296.0,0.022715404699738904,0.02836140348854399,0.01887800862166689
A5,297.0,0.022140992167101827,0.027124013090436883,0.01904528861090229
A5,298.0,0.02240208877284595,0.02963050164706338,0.019670389067101997
A6,1.0,1.0,0.9953188423203085,0.004566800392475226
A6,2.0,0.995049504950495,0.9864525219127058,0.004116259556670574
A6,3.0,0.9925742574257426,0.9761179321191116,0.0035671504627702564
A6,4.0,0.9900990099009901,0.9716366699548591,0.0035672817411701125
A6,5.0,0.9851485148514851,0.9707752069373705,0.0036191845199731675
A6,6.0,0.9801980198019802,0.9685254469167719,0.0036154471282826275
A6,7.0,0.9777227722772277,0.9644968522094248,0.0036441851135001514
A6,8.0,0.9752475247524752,0.9625215139065542,0.0036143626768402825
A6,9.0,0.9727722772277227,0.9588462697218714,0.0035340814043412086
A6,10.0,0.9702970297029703,0.9571283233410174,0.0035448819936215376
A6,11.0,0.9678217821782178,0.9535638327555316,0.0035128602250600106
A6,12.0,0.9653465346534653,0.9560564530037247,0.003590762039380134
A6,13.0,0.9628712871287128,0.9520748412868651,0.003567198745514082
A6,14.0,0.9603960396039604,0.9498732248820868,0.0035822107782965116
A6,15.0,0.9579207920792079,0.950227887586756,0.003610276252565409
A6,16.0,0.9579207920792079,0.9491754971786622,0.003605500173650853
A6,17.0,0.9579207920792079,0.9477010768697526,0.0035632563922288426
A6,18.0,0.9554455445544554,0.947029089765577,0.003581428666465987
A6,19.0,0.9529702970297029,0.9431509013774606,0.003545198702791101
A6,20.0,0.9504950495049505,0.9417788860951934,0.003573916923995498
A6,21.0,0.9504950495049505,0.9398176733946306,0.003608550521961001
A6,22.0,0.9504950495049505,0.9394548254374351,0.0036426529445489444
A6,23.0,0.948019801980198,0.9363246285239968,0.003709744232253972
A6,24.0,0.948019801980198,0.9364045204333349,0.003699349454743885
A6,25.0,0.9455445544554455,0.9358626218317236,0.0036279304968315686
A6,26.0,0.9455445544554455,0.9364405396262079,0.003695512367360961
A6,27.0,0.9455445544554455,0.9323594192280331,0.003655496071735096
A6,28.0,0.943069306930693,0.9314556729753896,0.003715856582572005
A6,29.0,0.943069306930693,0.9307937984151442,0.003690427507356673
A6,30.0,0.9405940594059405,0.9309396404229877,0.003885436355001356
A6,31.0,0.9405940594059405,0.9299717547638177,0.0038552942176732314
A6,32.0,0.9405940594059405,0.9306929532509602,0.0036946568109155853
A6,33.0,0.9381188118811881,0.9293177987899095,0.0036685341001167974
A6,34.0,0.9381188118811881,0.9305131354163132,0.0036968426230990937
A6,35.0,0.9356435643564357,0.9277298916550847,0.0037464995046045464
A6,36.0,0.9356435643564357,0.9269545301623701,0.0038446762636209606
A6,37.0,0.9356435643564357,0.9268193548985137,0.0038419305408339518
A6,38.0,0.9356435643564357,0.9261944832226976,0.003907577177655029
A6,39.0,0.9356435643564357,0.9260193215625884,0.0038734807554137636
A6,40.0,0.9331683168316832,0.9251110329001846,0.0038631352645252053
A6,41.0,0.9331683168316832,0.9245646444699858,0.0039172781886166845
A6,42.0,0.9331683168316832,0.9229083945649554,0.003902551226575901
A6,43.0,0.9306930693069307,0.9235816376856109,0.004095768314688115
A6,44.0,0.9306930693069307,0.922978297127296,0.004003986890553629
A6,45.0,0.9306930693069307,0.9228663124177665,0.004037436637463225
A6,46.0,0.9306930693069307,0.9218005330180314,0.003857755759535277
A6,47.0,0.9306930693069307,0.9214014759871991,0.0037437051051148217
A6,48.0,0.9282178217821783,0.9197590725798322,0.0038164169912049727
A6,49.0,0.9282178217821783,0.9186615626805843,0.004057650798691751
A6,50.0,0.9282178217821783,0.9171689574796232,0.00412967200231433
A6,51.0,0.9257425742574258,0.9191305896244044,0.003995965017967549
A6,52.0,0.9282178217821783,0.9174790633369501,0.003884412889293559
A6,53.0,0.9257425742574258,0.9175861543497894,0.004004486476961276
A6,54.0,0.9257425742574258,0.9163859594154249,0.0038223464365112706
A6,55.0,0.9257425742574258,0.9172218382552058,0.003847173110100444
A6,56.0,0.9257425742574258,0.9165831096292822,0.0037877451682142905
A6,57.0,0.9232673267326733,0.9145608720082615,0.0038840814333733786
A6,58.0,0.9232673267326733,0.915151080102267,0.00410750097241131
A6,59.0,0.9232673267326733,0.9141262409678761,0.003903795069829567
A6,60.0,0.9232673267326733,0.9137143652990363,0.00403843722108947
A6,61.0,0.9232673267326733,0.9145659875610426,0.003960341603001615
A6,62.0,0.9207920792079208,0.9146489665288546,0.0040681028798061425
A6,63.0,0.9207920792079208,0.9139652798268896,0.003969269418388578
A6,64.0,0.9207920792079208,0.9125376169001904,0.0039103509357954515
A6,65.0,0.9183168316831684,0.9138898444041074,0.0040828272984910945
A6,66.0,0.9207920792079208,0.9134993564869884,0.0038816246931228
A6,67.0,0.9183168316831684,0.9126256245117962,0.003946556120903952
A6,68.0,0.9183168316831684,0.9113339247623948,0.004041408359059354
A6,69.0,0.9183168316831684,0.9101602635802327,0.004008349009001854
A6,70.0,0.9183168316831684,0.9102951552496188,0.003951559222659275
A6,71.0,0.9158415841584159,0.9097145533558116,0.004179017599387766
A6,72.0,0.9183168316831684,0.910282743512864,0.003909481247070719
A6,73.0,0.9158415841584159,0.9101507693720127,0.0040031405054818696
A6,74.0,0.9158415841584159,0.9106629632052443,0.004032339621084821
A6,75.0,0.9158415841584159,0.9109266837900829,0.00405545084775405
A6,76.0,0.9158415841584159,0.9094829786723352,0.004039093751382336
A6,77.0,0.9158415841584159,0.9071617455902536,0.003974390338335429
A6,78.0,0.9158415841584159,0.9082615273913889,0.003972008254372823
A6,79.0,0.9158415841584159,0.9087696914702493,0.003999530741829499
A6,80.0,0.9158415841584159,0.9080910450509283,0.004064564537139952
A6,81.0,0.9133663366336634,0.9055601897699632,0.0040793021294524825
A6,82.0,0.9133663366336634,0.9050821806180726,0.004074614596495642
A6,83.0,0.9133663366336634,0.9062162478396375,0.004070613227565214
A6,84.0,0.9133663366336634,0.9063114571457982,0.00405923865472859
A6,85.0,0.9133663366336634,0.9041428581353279,0.004062661703339557
A6,86.0,0.9108910891089109,0.9035597955811283,0.004050817552816422
A6,87.0,0.9108910891089109,0.903033378611437,0.004024907864176086
A6,88.0,0.9108910891089109,0.9069776057854564,0.004203192664193471
A6,89.0,0.9108910891089109,0.9052194327787187,0.004111932439209141
A6,90.0,0.9108910891089109,0.9031477200482605,0.004064538935511395
A6,91.0,0.9108910891089109,0.9030363189251179,0.004021155280044714
A6,92.0,0.9108910891089109,0.9035153967335333,0.004064561043918866
A6,93.0,0.9108910891089109,0.9016688359105425,0.0039492105157570975
A6,94.0,0.9084158415841584,0.9031550251900069,0.003970462458474756
A6,95.0,0.9084158415841584,0.9018067057311838,0.003987200982839888
A6,96.0,0.905940594059406,0.9020202301912386,0.004208162292438212
A6,97.0,0.9084158415841584,0.9025572744808642,0.004205396430081064
A6,98.0,0.9084158415841584,0.9023246142330469,0.004106066294856871
A6,99.0,0.9084158415841584,0.9013200403166588,0.004167912128373988
A6,100.0,0.905940594059406,0.9020395818545006,0.004100004250580751
A6,101.0,0.905940594059406,0.9012442373664283,0.0040949592261668175
A6,102.0,0.905940594059406,0.9023103284316254,0.0042959665101516865
A6,103.0,0.905940594059406,0.8977568091547103,0.004042390585655419
A6,104.0,0.905940594059406,0.8983016349066997,0.004137345295713112
A6,105.0,0.905940594059406,0.9008397142032096,0.0042550843840130385
A6,106.0,0.905940594059406,0.8991853343813434,0.004023898106362593
A6,107.0,0.905940594059406,0.8995713474217215,0.004014302284035923
A6,108.0,0.9034653465346535,0.8985780495634081,0.004184212362013018
A6,109.0,0.9034653465346535,0.8989418533873131,0.004214541804456618
A6,110.0,0.9034653465346535,0.8979745120909566,0.004204042418750399
A6,111.0,0.9034653465346535,0.8955875370479063,0.004044504527310369
A6,112.0,0.905940594059406,0.8971150871431907,0.004002432360800938
A6,113.0,0.9034653465346535,0.8967577838797032,0.004255927913209516
A6,114.0,0.9034653465346535,0.8950962896040935,0.004119639117901338
A6,115.0,0.9034653465346535,0.8973262387997388,0.0041945832435459985
A6,116.0,0.9034653465346535,0.8948210874327291,0.004152081760165891
A6,117.0,0.9034653465346535,0.8981830091458496,0.004300576015351489
A6,118.0,0.900990099009901,0.8964631611660494,0.004270156774897189
A6,119.0,0.900990099009901,0.8959672293863854,0.004314962057064365
A6,120.0,0.900990099009901,0.8955482038034533,0.004288631685118549
A6,121.0,0.900990099009901,0.8961841826680577,0.004282838897752058
A6,122.0,0.900990099009901,0.8958088442446499,0.004304267572629364
A6,123.0,0.900990099009901,0.8958428073085778,0.004221258997401924
A6,124.0,0.8985148514851485,0.8941384096150724,0.00440449712082392
A6,125.0,0.900990099009901,0.8921693277618356,0.004030250179505034
A6,126.0,0.900990099009901,0.8926598327374358,0.004088068550813648
A6,127.0,0.8985148514851485,0.8940227733413999,0.004366731109802351
A6,128.0,0.8985148514851485,0.8931966396769195,0.004399132096819275
A6,129.0,0.900990099009901,0.893152015988125,0.004270105314243205
A6,130.0,0.8985148514851485,0.8918518753191389,0.004381856455577035
A6,131.0,0.8985148514851485,0.894177487430484,0.004499859130611138
A6,132.0,0.8985148514851485,0.8917936969207171,0.004472248802351255
A6,133.0,0.8985148514851485,0.890816713977307,0.004527285698148354
A6,134.0,0.900990099009901,0.8932456926932129,0.0043161756993157245
A6,135.0,0.8985148514851485,0.8947958952307125,0.004406714535576165
A6,136.0,0.8960396039603961,0.8905003123835246,0.004487503885065103
A6,137.0,0.8985148514851485,0.8902760040223058,0.004482845752501648
A6,138.0,0.8985148514851485,0.8908267485097379,0.004352218388562037
A6,139.0,0.8985148514851485,0.8912418478858184,0.004531337827193484
A6,140.0,0.8985148514851485,0.8921785742557367,0.00447175595925645
A6,141.0,0.8960396039603961,0.8910031717860534,0.004521241436214092
A6,142.0,0.8960396039603961,0.889311314608089,0.00455980591489134
A6,143.0,0.8960396039603961,0.8906182655935029,0.004518786483960416
A6,144.0,0.8960396039603961,0.8904992502235398,0.004527915029335316
A6,145.0,0.8960396039603961,0.8906296939054268,0.004552661563450288
A6,146.0,0.8935643564356436,0.8898342643809313,0.004508761954776747
A6,147.0,0.8960396039603961,0.8883237387179217,0.004557174985168813
A6,148.0,0.8935643564356436,0.8888018226609681,0.004594719172690835
A6,149.0,0.8935643564356436,0.8903234891565798,0.004776468372650067
A6,150.0,0.8935643564356436,0.8898430821390434,0.004762291562960195
A6,151.0,0.8935643564356436,0.8893836567436985,0.004763176857363229
A6,152.0,0.8935643564356436,0.8900486690388922,0.004802189162884337
A6,153.0,0.8935643564356436,0.8876733483821155,0.004706004395673276
A6,154.0,0.8935643564356436,0.8893698384628961,0.004730536995541102
A6,155.0,0.8910891089108911,0.8869830155194379,0.004652126915667668
A6,156.0,0.8935643564356436,0.8885827329054827,0.004777115122052374
A6,157.0,0.8935643564356436,0.8870672145600949,0.004432749632299233
A6,158.0,0.8935643564356436,0.8847108732876386,0.004303596888253182
A6,159.0,0.8935643564356436,0.8870650575953107,0.004373753783817096
A6,160.0,0.8910891089108911,0.8839350295253805,0.004467278066574481
A6,161.0,0.8910891089108911,0.8866853690732986,0.004746129128256564
A6,162.0,0.8935643564356436,0.8850079415034438,0.004287972979563576
A6,163.0,0.8910891089108911,0.8870995314563747,0.004458428369644707
A6,164.0,0.8910891089108911,0.8844320382138007,0.004278160351392857
A6,165.0,0.8910891089108911,0.8834138443776203,0.004255580206578731
A6,166.0,0.8910891089108911,0.886924518480265,0.004606294742577861
A6,167.0,0.8886138613861386,0.8852791674773117,0.004653023500917629
A6,168.0,0.8886138613861386,0.8856737966946138,0.004609716332277798
A6,169.0,0.8910891089108911,0.8866474539958586,0.004627174214543598
A6,170.0,0.8910891089108911,0.8870823587809791,0.004657551076705141
A6,171.0,0.8910891089108911,0.8868955851427791,0.00462389948105409
A6,172.0,0.8886138613861386,0.8852201508389652,0.004536428071475173
A6,173.0,0.8886138613861386,0.8831111677549757,0.004308027481468522
A6,174.0,0.8886138613861386,0.8846558933568017,0.004434938570985781
A6,175.0,0.8886138613861386,0.8849191875679072,0.004540909665645735
A6,176.0,0.8886138613861386,0.8841013022672081,0.004584849826329842
A6,177.0,0.8886138613861386,0.8837613285822419,0.004555682598080619
A6,178.0,0.8886138613861386,0.8826217498324713,0.004357232129863305
A6,179.0,0.8886138613861386,0.8818486010831341,0.004353401592219088
A6,180.0,0.8886138613861386,0.8829689706370699,0.0043131039569834365
A6,181.0,0.8861386138613861,0.8815693174173098,0.004296862062586666
A6,182.0,0.8861386138613861,0.8829918776171015,0.004306228589770427
A6,183.0,0.8861386138613861,0.8843865723732595,0.0044482429556589815
A6,184.0,0.8861386138613861,0.8837216750425707,0.0043617597060543935
A6,185.0,0.8861386138613861,0.8825955898535114,0.004432934119996534
A6,186.0,0.8861386138613861,0.88023518006475,0.004378959968424686
A6,187.0,0.8861386138613861,0.8806453274006312,0.004423934374324929
A6,188.0,0.8861386138613861,0.8809376759714628,0.004372833418135625
A6,189.0,0.8861386138613861,0.8813188499683873,0.004418228099721347
A6,190.0,0.8861386138613861,0.8813917780497807,0.00439503238706883
A6,191.0,0.8836633663366337,0.8808348963827126,0.004428266636386079
A6,192.0,0.8836633663366337,0.8817856584840158,0.0043973207481642
A6,193.0,0.8836633663366337,0.8802055070381322,0.004372163483749372
A6,194.0,0.8836633663366337,0.8804696104389098,0.004453360012934824
A6,195.0,0.8836633663366337,0.8804236544130206,0.0044770979289181405
A6,196.0,0.8836633663366337,0.8806853267302739,0.004490971855127597
A6,197.0,0.8836633663366337,0.8790977149918994,0.004473750893416434
A6,198.0,0.8836633663366337,0.8804774820996045,0.004604710988647446
A6,199.0,0.8836633663366337,0.8786822340176651,0.004446549585814099
A6,200.0,0.8836633663366337,0.8793405191363175,0.00441555134564263
A6,201.0,0.8836633663366337,0.8805750427302648,0.004347214951503175
A6,202.0,0.8811881188118812,0.880050627854517,0.004635704806825575
A6,203.0,0.8836633663366337,0.8797950976996918,0.004259879823101287
A6,204.0,0.8836633663366337,0.8806539667734741,0.004576206325184967
A6,205.0,0.8836633663366337,0.8807497169278256,0.0044740227349401585
A6,206.0,0.8811881188118812,0.8798983754069641,0.0046571442575954365
A6,207.0,0.8836633663366337,0.8798090982852891,0.004754003648319924
A6,208.0,0.8811881188118812,0.878711482443729,0.004629400689707797
A6,209.0,0.8787128712871287,0.8784242728460209,0.0050135455373566265
A6,210.0,0.8836633663366337,0.8798491342944944,0.004555591474809654
A6,211.0,0.8787128712871287,0.8794743583429352,0.004981058969217577
A6,212.0,0.8811881188118812,0.8789820603005277,0.0046970294706363625
A6,213.0,0.8811881188118812,0.8779965224000406,0.004504547191362535
A6,214.0,0.8787128712871287,0.8784605348163119,0.004849348791951556
A6,215.0,0.8811881188118812,0.8780941969267089,0.004831804600109297
A6,216.0,0.8811881188118812,0.8767815635262306,0.004518082888465147
A6,217.0,0.8787128712871287,0.8778735787816168,0.004936497912146338
A6,218.0,0.8787128712871287,0.8799827696663002,0.005069091893761693
A6,219.0,0.8811881188118812,0.8761661305115007,0.004653738823598194
A6,220.0,0.8787128712871287,0.8777185565757637,0.0049441416296658715
A6,221.0,0.8787128712871287,0.8772894143107827,0.0048973537135427745
A6,222.0,0.8787128712871287,0.8784128638871721,0.0050230337852467
A6,223.0,0.8762376237623762,0.879290881181091,0.005217576519901397
A6,224.0,0.8787128712871287,0.8793827731146997,0.005245350702796926
A6,225.0,0.8787128712871287,0.8774783361370555,0.0048993907328847746
A6,226.0,0.8787128712871287,0.8798824390022207,0.005216227365372064
A6,227.0,0.8787128712871287,0.8770260076749605,0.004897119832436625
A6,228.0,0.8762376237623762,0.8767866891296008,0.0050793722437214315
A6,229.0,0.8787128712871287,0.878371902962464,0.004978200475725975
A6,230.0,0.8762376237623762,0.8762741176274071,0.00511536697224147
A6,231.0,0.8787128712871287,0.8774375872105257,0.004980548459798274
A6,232.0,0.8762376237623762,0.8770487597578773,0.005180012474423961
A6,233.0,0.8787128712871287,0.8762674150908643,0.0050570357623466395
A6,234.0,0.8762376237623762,0.8764277664653753,0.005140637527366107
A6,235.0,0.8762376237623762,0.8755171075728385,0.005021340546721927
A6,236.0,0.8762376237623762,0.8761046518428021,0.005213458553336862
A6,237.0,0.8762376237623762,0.8762079304632753,0.004980384825809082
A6,238.0,0.8737623762376238,0.8771092095416203,0.0051919659677340186
A6,239.0,0.8762376237623762,0.8757455667988896,0.004867314486484259
A6,240.0,0.8762376237623762,0.8738949385192055,0.004497936667652252
A6,241.0,0.8762376237623762,0.8770252800412843,0.004978889313142126
A6,242.0,0.8762376237623762,0.8777047947099623,0.0046834713878234745
A6,243.0,0.8762376237623762,0.8763426928827054,0.004884768655633525
A6,244.0,0.8762376237623762,0.873614494401266,0.004471864698263455
A6,245.0,0.8737623762376238,0.874183055830773,0.004773465756019095
A6,246.0,0.8762376237623762,0.8738444457581317,0.004449438766947692
A6,247.0,0.8712871287128713,0.8772959235250648,0.0049831651757899515
A6,248.0,0.8762376237623762,0.8739795210616725,0.004643191276103803
A6,249.0,0.8762376237623762,0.8742882044776418,0.004656663465418366
A6,250.0,0.8737623762376238,0.8738644742298525,0.00462175534253273
A6,251.0,0.8737623762376238,0.8724636617808057,0.004803375613960311
A6,252.0,0.8712871287128713,0.8722696064919563,0.004732945449900782
A6,253.0,0.8737623762376238,0.8738776523551458,0.0045579926174005025
A6,254.0,0.8688118811881188,0.8738368298802325,0.005083658221260487
A6,255.0,0.8737623762376238,0.8707518589976222,0.004461507896447423
A6,256.0,0.8712871287128713,0.8720816984567734,0.00461905055064497
A6,257.0,0.8737623762376238,0.8730247634524104,0.00457061035706207
A6,258.0,0.8712871287128713,0.8705123301218923,0.004450973498202161
A6,259.0,0.8712871287128713,0.8713756834740229,0.004505536691491921
A6,260.0,0.8688118811881188,0.8715997543138074,0.005087339293795386
A6,261.0,0.8737623762376238,0.873142731433227,0.004730534205786487
A6,262.0,0.8712871287128713,0.8697217871197169,0.004362351313925847
A6,263.0,0.8712871287128713,0.8715716866892594,0.004713069765480398
A6,264.0,0.8712871287128713,0.8693716344265736,0.004359892043655302
A6,265.0,0.8712871287128713,0.8712606184462461,0.0047309811475046305
A6,266.0,0.8712871287128713,0.8700814156408558,0.004415375171817206
A7,1.0,1.0,1.0081596741718473,0.008611883491964204
A7,2.0,0.9925373134328358,1.0148367445908977,0.007188273011245919
A7,3.0,0.9875621890547264,1.0079180534728764,0.006997066404579954
A7,4.0,0.9800995024875622,0.9985553084819192,0.006647354353707251
A7,5.0,0.9751243781094527,0.9927160688614289,0.006626799720884853
A7,6.0,0.9701492537313433,0.9842387249356902,0.006604514452572443
A7,7.0,0.9651741293532339,0.9806728059862483,0.00649162548948356
A7,8.0,0.9626865671641791,0.9811165222190765,0.0065307380992047845
A7,9.0,0.9601990049751243,0.9781090056372804,0.005990081356111783
A7,10.0,0.9577114427860697,0.9740952555209657,0.006936553906348375
A7,11.0,0.9527363184079602,0.9690351743943559,0.005491711779083861
A7,12.0,0.9502487562189055,0.9664073647016211,0.005538829960747671
A7,13.0,0.9477611940298507,0.9657918715542408,0.0068900859725289304
A7,14.0,0.945273631840796,0.9581299376304642,0.005548048199994004
A7,15.0,0.9427860696517413,0.9554712334652968,0.00562258129258916
A7,16.0,0.9427860696517413,0.9608906130997962,0.0063783872306258545
A7,17.0,0.9378109452736318,0.9589014634743298,0.006378346084648498
A7,18.0,0.9378109452736318,0.9566041164512495,0.006223934516353077
A7,19.0,0.9328358208955224,0.9493694042570195,0.005776773100119349
A7,20.0,0.9328358208955224,0.9505828830168879,0.00584255812588486
A7,21.0,0.9303482587064676,0.9470679522743229,0.005954812880830824
A7,22.0,0.9303482587064676,0.9457861784075376,0.005829047241897089
A7,23.0,0.927860696517413,0.9447211804348535,0.005937979528482033
A7,24.0,0.927860696517413,0.948194820608306,0.005272248411306241
A7,25.0,0.9253731343283582,0.9495837391433718,0.005708711172155287
A7,26.0,0.9228855721393034,0.9469799484156095,0.005704731496774525
A7,27.0,0.9203980099502488,0.9472028532079169,0.005590420350315277
A7,28.0,0.9203980099502488,0.9392853023259993,0.005200720692518006
A7,29.0,0.917910447761194,0.9434899968916328,0.005582438092381047
A7,30.0,0.917910447761194,0.94195845021789,0.005616092809131519
A7,31.0,0.917910447761194,0.9398194582721766,0.005910397431598551
A7,32.0,0.9154228855721394,0.9476686159598366,0.005412056885899792
A7,33.0,0.9129353233830846,0.9379862700987072,0.005041912516097835
A7,34.0,0.9104477611940298,0.935998188009719,0.005976444636467858
A7,35.0,0.9104477611940298,0.9349437174339124,0.005840856634245304
A7,36.0,0.9079601990049752,0.9260727259969727,0.005578223564383721
A7,37.0,0.9079601990049752,0.9341171373592687,0.0050882776796828295
A7,38.0,0.9079601990049752,0.9387413076801236,0.005601613579109313
A7,39.0,0.9054726368159204,0.9359442668906308,0.005431690058037276
A7,40.0,0.9054726368159204,0.9354974503419529,0.005514600155916739
A7,41.0,0.9029850746268657,0.9293252486110009,0.00519605493553746
A7,42.0,0.900497512437811,0.9266592468903756,0.005313371989324347
A7,43.0,0.900497512437811,0.925582942593816,0.005297876873288184
A7,44.0,0.8980099502487562,0.9255737928899674,0.004711716524538996
A7,45.0,0.900497512437811,0.9307292227729624,0.0049417463518736365
A7,46.0,0.8980099502487562,0.9305380763358249,0.004911787142931856
A7,47.0,0.8955223880597015,0.9237420369925605,0.004773017199237064
A7,48.0,0.8930348258706468,0.9235019793094935,0.0047516047361988575
A7,49.0,0.8930348258706468,0.9192867448911947,0.004824466742482313
A7,50.0,0.8930348258706468,0.9188211638756503,0.00491201928203917
A7,51.0,0.8930348258706468,0.9220277782434968,0.004195031575389916
A7,52.0,0.8905472636815921,0.923753956109436,0.0044851763474807235
A7,53.0,0.8905472636815921,0.9220602837096851,0.00448448157259176
A7,54.0,0.8880597014925373,0.9158255703524651,0.004407348941495977
A7,55.0,0.8880597014925373,0.9207349783592829,0.004459564022559148
A7,56.0,0.8830845771144279,0.9151428548818138,0.004521596719380586
A7,57.0,0.8830845771144279,0.9121166137407117,0.004621836948464387
A7,58.0,0.8830845771144279,0.9146185592944103,0.003929096256742618
A7,59.0,0.8805970149253731,0.9100956072225408,0.004146275721844394
A7,60.0,0.8830845771144279,0.9164043238787878,0.004153457542559268
A7,61.0,0.8805970149253731,0.9099072515632118,0.004094072484388477
A7,62.0,0.8805970149253731,0.9142281507485679,0.004078510836705173
A7,63.0,0.8756218905472637,0.9086613898205314,0.0042730917262666784
A7,64.0,0.8756218905472637,0.9055653456067321,0.0045087284320596945
A7,65.0,0.8756218905472637,0.9079414501267031,0.0037540381116399307
A7,66.0,0.8731343283582089,0.9072001026918493,0.0038053490587635764
A7,67.0,0.8706467661691543,0.9068165709390622,0.0037517053505086236
A7,68.0,0.8706467661691543,0.9054655728463563,0.003833483982634548
A7,69.0,0.8706467661691543,0.9041994145057948,0.003442895777656708
A7,70.0,0.8681592039800995,0.9041465826695296,0.0033738384257359
A7,71.0,0.8681592039800995,0.9021619356408987,0.003465762467147575
A7,72.0,0.8656716417910447,0.8944813115887184,0.0034614586842631407
A7,73.0,0.8656716417910447,0.8990441680684262,0.003273594853789369
A7,74.0,0.8631840796019901,0.8909250421977253,0.0032287998346170015
A7,75.0,0.8631840796019901,0.8891681472995994,0.0032864208928489605
A7,76.0,0.8606965174129353,0.8866565110780398,0.003050975311196937
A7,77.0,0.8606965174129353,0.8894156600344375,0.0030842506893999254
A7,78.0,0.8582089552238806,0.8880444697430675,0.003051423213221722
A7,79.0,0.8557213930348259,0.8839093218857867,0.00290582827758083
A7,80.0,0.8507462686567164,0.8748920118232282,0.0030067250912684438
A7,81.0,0.8482587064676617,0.8764024681784734,0.002959707587093828
A7,82.0,0.845771144278607,0.8725349604821102,0.002976326193161849
A7,83.0,0.8432835820895522,0.8726958310992409,0.0030217132125666393
A7,84.0,0.8407960199004975,0.8686442430230612,0.003075800534954692
A7,85.0,0.8383084577114428,0.8606825552093804,0.0031259779562595566
A7,86.0,0.835820895522388,0.8610885911880617,0.00323701790085467
A7,87.0,0.8333333333333334,0.8577571794879905,0.003199471934349505
A7,88.0,0.8283582089552238,0.8532313996615626,0.003316862816056602
A7,89.0,0.8258706467661692,0.8527209413196165,0.003471976647116602
A7,90.0,0.8233830845771144,0.8499635284735781,0.0036225727392842407
A7,91.0,0.818407960199005,0.8490142773424085,0.0037583024522252805
A7,92.0,0.818407960199005,0.8459286594454363,0.0041796604236707755
A7,93.0,0.8134328358208955,0.8413140874324672,0.004134247257339626
A7,94.0,0.8109452736318408,0.8412828583014219,0.004276181095402991
A7,95.0,0.8034825870646766,0.8373568673346014,0.003968898491735553
A7,96.0,0.8034825870646766,0.830145920355094,0.004742846646365303
A7,97.0,0.8009950248756219,0.8332917845519047,0.004648818101198763
A7,98.0,0.7985074626865671,0.8298159209274263,0.004438722272748102
A7,99.0,0.7985074626865671,0.8281116367034617,0.004555469601106356
A7,100.0,0.7960199004975125,0.8276881032903098,0.004575280098941254
A7,101.0,0.7935323383084577,0.8236334484002934,0.004801908058070208
A7,102.0,0.7910447761194029,0.8213893800476256,0.0048313856403368475
A7,103.0,0.7885572139303483,0.821218217334593,0.004784307104574852
A7,104.0,0.7860696517412935,0.8184975485094308,0.004928465411569339
A7,105.0,0.7810945273631841,0.8138279600958023,0.005291830904640671
A7,106.0,0.7835820895522388,0.8148722826407873,0.005221819837657015
A7,107.0,0.7835820895522388,0.813023687408388,0.00537747287371049
A7,108.0,0.7761194029850746,0.8105778359137636,0.005060467509967186
A7,109.0,0.7761194029850746,0.8058683875983725,0.00505738131498052
A7,110.0,0.7736318407960199,0.803749884259811,0.0051715908413406874
A7,111.0,0.7711442786069652,0.8008452350957308,0.005272697936884636
A7,112.0,0.7711442786069652,0.8028428232637077,0.005668938587966631
A7,113.0,0.763681592039801,0.7954201038090636,0.005320534288801908
A7,114.0,0.763681592039801,0.7945692033459206,0.005463364946953955
A7,115.0,0.7611940298507462,0.794449213421031,0.005430579247344087
A7,116.0,0.7587064676616916,0.7918496935312359,0.005556058029724048
A7,117.0,0.7562189054726368,0.7883794251789858,0.00548321570587391
A7,118.0,0.753731343283582,0.7866524810554267,0.005455038020734302
A7,119.0,0.7512437810945274,0.7862185475224994,0.005293156456109943
A7,120.0,0.7487562189054726,0.7837098411016379,0.005482379646130421
A7,121.0,0.746268656716418,0.780786868219805,0.0056187296083501145
A7,122.0,0.7437810945273632,0.7779512604615845,0.005552105772616862
A7,123.0,0.7412935323383084,0.7737675373306244,0.006525476945883648
A7,124.0,0.7437810945273632,0.7744405471002856,0.0065932659188552515
A7,125.0,0.736318407960199,0.7713063319215356,0.006675022674172617
A7,126.0,0.7313432835820896,0.7669341114505057,0.005768255727166228
A7,127.0,0.7288557213930348,0.7667542811513262,0.005567354018810758
A7,128.0,0.7263681592039801,0.7634637037618786,0.005909203439685212
A7,129.0,0.7263681592039801,0.7608784552177341,0.006351468129501499
A7,130.0,0.7213930348258707,0.7563931079187549,0.006460259533262912
A7,131.0,0.7139303482587065,0.7527342294144894,0.006096105833935381
A7,132.0,0.7114427860696517,0.7502088805668378,0.006570028586154194
A7,133.0,0.7089552238805971,0.7461177921731097,0.007011032357030426
A7,134.0,0.7114427860696517,0.7485122354450878,0.00769167439214603
A7,135.0,0.7014925373134329,0.7436102782204004,0.0068103052378656785
A7,136.0,0.6965174129353234,0.7402279043750729,0.006354967817988474
A7,137.0,0.6965174129353234,0.732755326172497,0.006394649715630676
A7,138.0,0.6940298507462687,0.7371845860414323,0.006576507861881182
A7,139.0,0.6890547263681592,0.7280720590744317,0.006569245198983635
A7,140.0,0.6865671641791045,0.725479910280362,0.007007877670529656
A7,141.0,0.6766169154228856,0.7215271590816962,0.006995532842142262
A7,142.0,0.6716417910447762,0.7175175354075296,0.007247283627848293
A7,143.0,0.6691542288557214,0.7142743781783446,0.007289272311979513
A7,144.0,0.664179104477612,0.7113713471620603,0.007105997966385585
A7,145.0,0.6592039800995025,0.7067045318609634,0.0073596827216274256
A7,146.0,0.654228855721393,0.7033823673793536,0.007125365140096056
A7,147.0,0.6492537313432836,0.6979346092912648,0.007348813629926911
A7,148.0,0.6442786069651741,0.6925482535923727,0.007167490711410471
A7,149.0,0.6393034825870647,0.6906539012035593,0.007673749713050842
A7,150.0,0.6343283582089553,0.6889770819963135,0.007880007708322458
A7,151.0,0.6293532338308457,0.6821066920214337,0.00799152641309887
A7,152.0,0.6218905472636815,0.6780594223013668,0.008122004199577312
A7,153.0,0.6144278606965174,0.6775929117140074,0.008501748406166942
A7,154.0,0.6094527363184079,0.6719649549219402,0.008657895354887377
A7,155.0,0.6044776119402985,0.669329513582571,0.008640929321990619
A7,156.0,0.5970149253731343,0.6583913817711524,0.008221357832105263
A7,157.0,0.5920398009950248,0.6552492705758638,0.008292309246181977
A7,158.0,0.5845771144278606,0.6470408851833377,0.008202290903895383
A7,159.0,0.5771144278606966,0.6113426292457532,0.009753263422031108
A7,160.0,0.5671641791044776,0.6212441680445782,0.009043011516483469
A7,161.0,0.5597014925373134,0.6295937241912339,0.008272224785091712
A7,162.0,0.554726368159204,0.6152738789209855,0.008335899344386426
A7,163.0,0.5447761194029851,0.5851524292168,0.010275449980625831
A7,164.0,0.5373134328358209,0.5782654020691415,0.010539375481139174
A7,165.0,0.5298507462686567,0.5784664116168835,0.010624773174492943
A7,166.0,0.5199004975124378,0.5718458100771298,0.010602126277443053
A7,167.0,0.5124378109452736,0.5624767422457452,0.01104432488682022
A7,168.0,0.5049751243781094,0.5987999701064946,0.009078431670371442
A7,169.0,0.4975124378109453,0.5465772092534806,0.011309118301445467
A7,170.0,0.4900497512437811,0.5385286642270222,0.01177308361878523
A7,171.0,0.48009950248756217,0.5332453863621303,0.012221120150186286
A7,172.0,0.4701492537313433,0.5234711668497138,0.012602108550500875
A7,173.0,0.4601990049751244,0.519816925555788,0.012814837681283135
A7,174.0,0.4527363184079602,0.5106710531588148,0.013428290934350844
A7,175.0,0.4427860696517413,0.5002633936925549,0.013807333357494978
A7,176.0,0.43532338308457713,0.49739916683925534,0.013878737912036872
A7,177.0,0.4253731343283582,0.46914403446424646,0.015780566650510284
A7,178.0,0.4154228855721393,0.4661748813850707,0.016134592321392
A7,179.0,0.4079601990049751,0.45275720565586086,0.016177209097859434
A7,180.0,0.39800995024875624,0.4450103614500096,0.016536435080035664
A7,181.0,0.3880597014925373,0.44040926705932265,0.01656186911880502
A7,182.0,0.3781094527363184,0.4317420463092819,0.016873131684960404
A7,183.0,0.3681592039800995,0.417642816908997,0.016812596980507407
A7,184.0,0.36069651741293535,0.39498618576147065,0.019449494699311762
A7,185.0,0.35074626865671643,0.39433533675839055,0.01905826548752602
A7,186.0,0.34328358208955223,0.38468267973234227,0.019615608704064823
A7,187.0,0.3358208955223881,0.37974201798072477,0.019407584285543244
A7,188.0,0.3283582089552239,0.3742089818068432,0.019537548156200873
A7,189.0,0.3208955223880597,0.36910822322424086,0.019112739662965204
A7,190.0,0.31343283582089554,0.3621114326245521,0.018775294981110132
A7,191.0,0.30597014925373134,0.3518593878931873,0.018761507989136013
A7,192.0,0.29850746268656714,0.33827693798927105,0.02186790276477629
A7,193.0,0.291044776119403,0.3242758986950436,0.021817203520163257
A7,194.0,0.2835820895522388,0.3159599552353968,0.020907278438091852
A7,195.0,0.27860696517412936,0.31654721489406423,0.020927331391125573
A7,196.0,0.27114427860696516,0.3108155613937742,0.020545444712522107
A7,197.0,0.26616915422885573,0.3085580538950957,0.02115015516566948
A7,198.0,0.25870646766169153,0.2887197510719797,0.02784202465457369
A7,199.0,0.24875621890547264,0.2899873564683827,0.02899230301405444
A7,200.0,0.04776119402985075,0.10416185580756165,0.01608720602933776
A7,201.0,0.04203980099502488,0.07886047874724611,0.013032686152142318
A7,202.0,0.03980099502487562,0.062083750747389366,0.015044036107736952
A7,203.0,0.03805970149253731,0.06377737790861471,0.015437725506500384
A7,204.0,0.03731343283582089,0.05781495008176485,0.013165126020133427
A7,205.0,0.03631840796019901,0.060782310289214436,0.014047025601596612
A7,206.0,0.036069651741293535,0.06022553364973926,0.012625471507084398
A7,207.0,0.035323383084577116,0.05467360337498084,0.01269444744105961
A7,208.0,0.03557213930348259,0.053997723088791916,0.012432579311461809
A7,209.0,0.03582089552238806,0.054383107056785174,0.012654660764049773
A7,210.0,0.03582089552238806,0.05112947713335936,0.012019482516145165
A7,211.0,0.03507462686567164,0.05439425572989931,0.01182451801331389
A7,212.0,0.03482587064676617,0.05336579882509185,0.01182831939487224
A7,213.0,0.03407960199004975,0.05348744112232651,0.011681300952433206
A7,214.0,0.03333333333333333,0.05238467666698721,0.015130995535816795
A7,215.0,0.032587064676616914,0.05576298718923889,0.01634405504589037
A7,216.0,0.031840796019900496,0.05292888856272426,0.015683325862298744
A7,217.0,0.030845771144278607,0.05701177801447799,0.015529266998325733
A7,218.0,0.03034825870646766,0.056420431137474414,0.01475994670177095
A7,219.0,0.03034825870646766,0.056982314137029366,0.013530168140174041
A7,220.0,0.030597014925373135,0.056840442833398175,0.015788716496013405
A7,221.0,0.030845771144278607,0.05373599038736521,0.01410653597060718
A7,222.0,0.030845771144278607,0.05485709909771508,0.014190544943700025
A7,223.0,0.03109452736318408,0.05403994762961961,0.014619048628305924
A7,224.0,0.030845771144278607,0.05029788990178463,0.013602697018203191
A7,225.0,0.03009950248756219,0.053504690371582564,0.015726379023645334
A7,226.0,0.029601990049751243,0.05428319046187291,0.015505694467983222
A7,227.0,0.02935323383084577,0.0532661975911799,0.013640926170250305
A7,228.0,0.029104477611940297,0.050786225951516495,0.011926060124847222
A7,229.0,0.028358208955223882,0.0544106166237841,0.015975986389131547
A7,230.0,0.02810945273631841,0.053197147109837695,0.013855565757624533
A7,231.0,0.027860696517412936,0.053580958757305064,0.015051097954710052
A7,232.0,0.02810945273631841,0.052795415317979266,0.01554593919686801
A7,233.0,0.028606965174129355,0.05115748476280846,0.014748304953376671
A7,234.0,0.028606965174129355,0.049270772201971846,0.013229986355751056
A7,235.0,0.028855721393034824,0.0528415362829574,0.01424544535221604
A7,236.0,0.028606965174129355,0.0494047489367585,0.013709730266256144
A7,237.0,0.02810945273631841,0.0483624455664452,0.013180441623140136
A7,238.0,0.02810945273631841,0.05212751097118118,0.015379306367224187
A7,239.0,0.027860696517412936,0.05053596379508518,0.013909044293256057
A7,240.0,0.027611940298507463,0.050327067652532254,0.01465925852951784
A7,241.0,0.02736318407960199,0.05185897676832796,0.016191048664129702
A7,242.0,0.027114427860696518,0.048731124770964085,0.014483687389503067
A7,243.0,0.026865671641791045,0.048867708677674204,0.014760129060943896
A7,244.0,0.02661691542288557,0.050544664144389184,0.015326237727216101
A7,245.0,0.02661691542288557,0.04762292223725917,0.014670057769957116
A7,246.0,0.02661691542288557,0.048716113858886745,0.015187813450122548
A7,247.0,0.02661691542288557,0.04930019346204917,0.015510335060784012
A7,248.0,0.02661691542288557,0.047120643320336386,0.013970687407274215
A7,249.0,0.02661691542288557,0.04948743125925026,0.015598851228346606
A7,250.0,0.0263681592039801,0.046013883895157814,0.013948016475991894
A7,251.0,0.026119402985074626,0.043926114250294246,0.013820223930477018
A7,252.0,0.025870646766169153,0.04755146224900075,0.01618657851515185
A7,253.0,0.02562189054726368,0.04878080575795041,0.016738489842079922
A7,254.0,0.025373134328358207,0.04472462448018766,0.014265240855512878
A7,255.0,0.025124378109452738,0.043039407522031725,0.013602378887199458
A7,256.0,0.024626865671641792,0.047789554374988885,0.017272958487136784
A7,257.0,0.024353233830845773,0.041612039713134874,0.013989625894814199
A7,258.0,0.02390547263681592,0.04086272867615548,0.015064917057472442
A7,259.0,0.023606965174129354,0.04420558512162687,0.0173622336815754
A7,260.0,0.023407960199004974,0.03893443046593481,0.01525876479264592
A7,261.0,0.02318407960199005,0.04232877666623769,0.017547252778886507
A7,262.0,0.023109452736318408,0.03844608354323831,0.016005675929066723
A7,263.0,0.022885572139303482,0.04078089770377902,0.016879310257335932
A7,264.0,0.022711442786069652,0.04147863511912375,0.017935705852947896
A7,265.0,0.022437810945273633,0.04095183259241608,0.018141396107274062
A7,266.0,0.022338308457711443,0.035252197348268566,0.01681660507595947
A7,267.0,0.02208955223880597,0.039658652357138835,0.01870518840692449
A7,268.0,0.021940298507462687,0.03964868094386653,0.019531031589460617
A7,269.0,0.02171641791044776,0.03454429459687913,0.017356041595878387
A7,270.0,0.021592039800995024,0.03766939624530108,0.01972683957662489
A7,271.0,0.021467661691542288,0.0346218658081634,0.019631234737274118
A7,272.0,0.021517412935323384,0.03277803689821435,0.018016150185556867
A7,273.0,0.02144278606965174,0.03561270918234449,0.020308771544276776
A7,274.0,0.021318407960199005,0.03305268795948357,0.019668336031496342
A7,275.0,0.021318407960199005,0.03268613644691121,0.01799822736215479
A7,276.0,0.021218905472636815,0.029427351378531363,0.017224513573385978
A7,277.0,0.021194029850746268,0.030708725211042176,0.018730589726044213
A7,278.0,0.02082089552238806,0.02885114231605268,0.01950166262351131
A7,279.0,0.02064676616915423,0.028218467880868126,0.02064465150988066
A7,280.0,0.020522388059701493,0.028683824043670203,0.020250014416441385
A7,281.0,0.020298507462686566,0.025302655763117188,0.021261501637934336
A7,282.0,0.020099502487562187,0.028082900451537274,0.02357575732292572
A7,283.0,0.02017412935323383,0.024748453558637196,0.0231645547905709
A7,284.0,0.02017412935323383,0.02261355747334004,0.01985511312231019
A7,285.0,0.01997512437810945,0.02362514363358814,0.02159764610937871
A7,286.0,0.020074626865671644,0.021450558596467606,0.018719950539358855
A7,287.0,0.020248756218905473,0.020845161267928902,0.019176386287125525
A7,288.0,0.02019900497512438,0.020513633792217156,0.019358664269738327
A7,289.0,0.020124378109452737,0.02106966898767393,0.019458995166929553
A7,290.0,0.020149253731343283,0.022121055893965735,0.020218739698645485
A7,291.0,0.019850746268656717,0.020308241485116785,0.021826189464196177
A7,292.0,0.01962686567164179,0.01914654446515307,0.023585746580893827
A7,293.0,0.0195273631840796,0.019655487824736584,0.022807041521014676
A7,294.0,0.01945273631840796,0.02030500345085351,0.02197663809075821
A7,295.0,0.019228855721393035,0.01679349963824539,0.024113754608976294
A7,296.0,0.01912935323383085,0.017650319855390673,0.024850882389268587
A7,297.0,0.019303482587064675,0.017855837034270627,0.022844150938351817
A7,298.0,0.0191044776119403,0.013228071443906808,0.025267865807431174
A7,299.0,0.018930348258706466,0.011945878960266998,0.026547466380906642
A7,300.0,0.01917910447761194,0.013596532889697754,0.023560565728960918
A8,1.0,1.0,0.9920917413455862,0.0040551406647409095
A8,2.0,0.9950372208436724,0.9892651070905093,0.00409329349010869
A8,3.0,0.9875930521091811,0.9865632717199185,0.0035388607972279395
A8,4.0,0.9851116625310173,0.982796277311948,0.0035147866572448876
A8,5.0,0.9801488833746899,0.9778760525983405,0.003437209703209816
A8,6.0,0.9751861042183623,0.9751599615463599,0.0034380573001025917
A8,7.0,0.9727047146401985,0.971075754849364,0.003597880847056653
A8,8.0,0.9702233250620348,0.9696233467516133,0.0037224892522350543
A8,9.0,0.967741935483871,0.9665867458357683,0.0036864849375677186
A8,10.0,0.9627791563275434,0.9663000508917362,0.0032381159371875326
A8,11.0,0.9602977667493796,0.9646651014801675,0.0032413187283041765
A8,12.0,0.9578163771712159,0.9610739707050242,0.0032406138695568053
A8,13.0,0.9578163771712159,0.9610900505618435,0.0032335722615779087
A8,14.0,0.9553349875930521,0.960364032775864,0.0033528193801965886
A8,15.0,0.9528535980148883,0.9592945933812662,0.0035382441256949907
A8,16.0,0.9503722084367245,0.9542639214743758,0.0035704798645520407
A8,17.0,0.9478908188585607,0.9575358136094569,0.0035221852707062362
A8,18.0,0.9478908188585607,0.9511862743788497,0.0033071132523615865
A8,19.0,0.9454094292803971,0.9476658811107155,0.0032904108870412127
A8,20.0,0.9454094292803971,0.9455575553861291,0.003318673131824951
A8,21.0,0.9429280397022333,0.9443795440558713,0.0032877812297329645
A8,22.0,0.9429280397022333,0.9431384625170305,0.003268482656428209
A8,23.0,0.9404466501240695,0.9443124727291201,0.003305218531997704
A8,24.0,0.9404466501240695,0.9430370581438463,0.0034328848106595223
A8,25.0,0.9379652605459057,0.9413984626289773,0.0034136043748404952
A8,26.0,0.9354838709677419,0.9401553021850131,0.003289425478882669
A8,27.0,0.9354838709677419,0.9393283509665211,0.00325840547949734
A8,28.0,0.9330024813895782,0.9375785921221178,0.0032569015681010506
A8,29.0,0.9330024813895782,0.9372171345583341,0.003260743268356278
A8,30.0,0.9330024813895782,0.9370377014381515,0.0033721306232221532
A8,31.0,0.9330024813895782,0.9372846123981551,0.003350490125379406
A8,32.0,0.9305210918114144,0.9358172351792502,0.0033856536346928167
A8,33.0,0.9280397022332506,0.9350440959477937,0.0032533565585981207
A8,34.0,0.9280397022332506,0.9345115033463545,0.0032594679745090137
A8,35.0,0.9280397022332506,0.9344801783979186,0.0032227440684298825
A8,36.0,0.9255583126550868,0.9337256602413648,0.0032328728421509626
A8,37.0,0.9255583126550868,0.9333358165731499,0.0033727292926679555
A8,38.0,0.9255583126550868,0.9314432197216234,0.003365116481018122
A8,39.0,0.9255583126550868,0.9310332585632788,0.003343078104101722
A8,40.0,0.9230769230769231,0.9292840419523805,0.00325129693192083
A8,41.0,0.9230769230769231,0.9274400561913728,0.0032524685619368127
A8,42.0,0.9205955334987593,0.9287077778248065,0.00322528804921437
A8,43.0,0.9205955334987593,0.927383363598778,0.0032346837380340544
A8,44.0,0.9205955334987593,0.9296264516271995,0.0033495304122759147
A8,45.0,0.9205955334987593,0.9258874291189718,0.0034314240099848083
A8,46.0,0.9181141439205955,0.924059373702343,0.003324314243048695
A8,47.0,0.9181141439205955,0.9232240176360845,0.0033355052711771687
A8,48.0,0.9156327543424317,0.9207379645735482,0.003305595714195912
A8,49.0,0.9156327543424317,0.9209037031306199,0.0033029104803753515
A8,50.0,0.9156327543424317,0.9209981710125839,0.003341561255949818
A8,51.0,0.9156327543424317,0.9193634728095516,0.003363228405867529
A8,52.0,0.9156327543424317,0.9195901474212668,0.0033464751412020932
A8,53.0,0.913151364764268,0.9169768737990995,0.0032709163178919125
A8,54.0,0.913151364764268,0.9170992385091665,0.0033772500316639016
A8,55.0,0.913151364764268,0.9164562125763136,0.003277213152451647
A8,56.0,0.9106699751861043,0.9189069940209877,0.0032800904218633613
A8,57.0,0.913151364764268,0.9162225168994085,0.0033012475762356362
A8,58.0,0.9106699751861043,0.9144631150818108,0.0032558602580785366
A8,59.0,0.9106699751861043,0.9153341925917791,0.0033585953978071425
A8,60.0,0.9081885856079405,0.9146189389006959,0.003257370823359406
A8,61.0,0.9106699751861043,0.9154168204474917,0.0033633788500344514
A8,62.0,0.9081885856079405,0.9120157812696303,0.0032729647879332726
A8,63.0,0.9057071960297767,0.9118160034211201,0.0032459549111093586
A8,64.0,0.9081885856079405,0.9141811129122792,0.0033103337772905036
A8,65.0,0.9057071960297767,0.9120323314561325,0.0032534776679164607
A8,66.0,0.9057071960297767,0.913153163973777,0.0033241477014565794
A8,67.0,0.9057071960297767,0.9131086381493654,0.0033129527234329777
A8,68.0,0.9032258064516129,0.9075470382277813,0.0033424595218130744
A8,69.0,0.9057071960297767,0.909343243695908,0.0034162711902701315
A8,70.0,0.9032258064516129,0.9080269361754634,0.0033984485251853896
A8,71.0,0.9032258064516129,0.9031905720630291,0.003382491128148549
A8,72.0,0.9007444168734491,0.9075319087460197,0.0033311216066599547
A8,73.0,0.9007444168734491,0.9027293126304599,0.003314585968512113
A8,74.0,0.9007444168734491,0.9065981290083565,0.0033491999895606667
A8,75.0,0.9007444168734491,0.9025893244956298,0.0033089788518023858
A8,76.0,0.8982630272952854,0.9024652669733634,0.0033094234587609833
A8,77.0,0.9007444168734491,0.9046738231052815,0.003379461864662643
A8,78.0,0.8982630272952854,0.9019682242559565,0.0033485036000901313
A8,79.0,0.8982630272952854,0.9022348939914755,0.003333682711752421
A8,80.0,0.8957816377171216,0.8990662977172558,0.0033261822469951813
A8,81.0,0.8957816377171216,0.9001337329421171,0.003309650771349516
A8,82.0,0.8957816377171216,0.9003183330470372,0.0033260838789157883
A8,83.0,0.8957816377171216,0.9010149528081335,0.0033210706613168474
A8,84.0,0.8957816377171216,0.902261566599055,0.003319068764852386
A8,85.0,0.8933002481389578,0.9003089292162771,0.0033411283659094742
A8,86.0,0.8933002481389578,0.8995465654933357,0.003339016271929298
A8,87.0,0.8933002481389578,0.89974405740436,0.0033389655277727736
A8,88.0,0.8933002481389578,0.896445118767266,0.003327845768836377
A8,89.0,0.890818858560794,0.8964110929575119,0.0033315329146863873
A8,90.0,0.890818858560794,0.8959860010854418,0.00334032421951042
A8,91.0,0.890818858560794,0.8936421287821184,0.0034132687664155735
A8,92.0,0.890818858560794,0.8974593235373691,0.003447412395554718
A8,93.0,0.890818858560794,0.8947337639272249,0.0034995767787657293
A8,94.0,0.8883374689826302,0.8942175843189165,0.0034877587395322446
A8,95.0,0.8883374689826302,0.892222020160556,0.003448322101386638
A8,96.0,0.8883374689826302,0.8921138476798066,0.0034996753336614013
A8,97.0,0.8883374689826302,0.8925205871838587,0.003483364022123895
A8,98.0,0.8858560794044665,0.8920034317333567,0.0034758521113962804
A8,99.0,0.8858560794044665,0.8921156803182511,0.0034558423587563733
A8,100.0,0.8858560794044665,0.8906821172084852,0.003474325151822647
A8,101.0,0.8858560794044665,0.89157276829774,0.00348936048309792
A8,102.0,0.8833746898263027,0.8920623203857033,0.003493614683983031
A8,103.0,0.8833746898263027,0.887525371091071,0.0034399375549114502
A8,104.0,0.8833746898263027,0.8871215186591885,0.0034730568073300266
A8,105.0,0.8833746898263027,0.8897829978436699,0.0035663624016505943
A8,106.0,0.8833746898263027,0.8888487841893525,0.00360155758401342
A8,107.0,0.8808933002481389,0.8850430960420199,0.0034715239347016323
A8,108.0,0.8808933002481389,0.8859741466139539,0.003441377880189014
A8,109.0,0.8808933002481389,0.8863322760548413,0.003447921014694691
A8,110.0,0.8808933002481389,0.8855062962764647,0.003513025554891447
A8,111.0,0.8808933002481389,0.8884308609949112,0.003624622340156105
A8,112.0,0.8784119106699751,0.8857000943210158,0.003504433886974712
A8,113.0,0.8784119106699751,0.8841710477790183,0.0035244282177578625
A8,114.0,0.8784119106699751,0.8826855093631158,0.0036472126686501165
A8,115.0,0.8759305210918115,0.8856445926459069,0.0035472151058180052
A8,116.0,0.8759305210918115,0.8785067948832104,0.003620680745634932
A8,117.0,0.8759305210918115,0.8785749422598754,0.003575598373712042
A8,118.0,0.8759305210918115,0.8767014553488143,0.003526058773759706
A8,119.0,0.8759305210918115,0.87766369272735,0.003552817998198727
A8,120.0,0.8734491315136477,0.8770895970413957,0.0035372513814120017
A8,121.0,0.8734491315136477,0.8762334847509636,0.003609495054987425
A8,122.0,0.8734491315136477,0.8767930562644276,0.0035811695011571825
A8,123.0,0.8734491315136477,0.8780580743980091,0.0036016878820998234
A8,124.0,0.8734491315136477,0.8754934130763063,0.003764006518272015
A8,125.0,0.8734491315136477,0.8769824298219151,0.0037734230254105033
A8,126.0,0.8709677419354839,0.875415346988046,0.003667245743387452
A8,127.0,0.8709677419354839,0.8743673652111956,0.003615145281268798
A8,128.0,0.8709677419354839,0.8746428270600084,0.0035853404322516488
A8,129.0,0.8684863523573201,0.8741140996312637,0.0035890639986661593
A8,130.0,0.8684863523573201,0.873557141103826,0.003581729129614412
A8,131.0,0.8684863523573201,0.8747569927951966,0.003641774333360956
A8,132.0,0.8684863523573201,0.8723019605612647,0.0037401975673096526
A8,133.0,0.8709677419354839,0.8713862691529156,0.003911765634815676
A8,134.0,0.8684863523573201,0.874491714069151,0.00390759178241717
A8,135.0,0.8660049627791563,0.86468202218785,0.003678806936334173
A8,136.0,0.8660049627791563,0.8646976665126727,0.003672132541510896
A8,137.0,0.8684863523573201,0.8665932366210496,0.0037765593447105046
A8,138.0,0.8684863523573201,0.8685127278888588,0.003880684519564243
A8,139.0,0.8660049627791563,0.8658811250168192,0.00362403524336856
A8,140.0,0.8635235732009926,0.8659558824457948,0.0038042953147142877
A8,141.0,0.8635235732009926,0.8631596250340552,0.0037347608925809603
A8,142.0,0.8635235732009926,0.8643141413955194,0.0037593193471293705
A8,143.0,0.8635235732009926,0.8658348294824012,0.0038002384991431153
A8,144.0,0.8610421836228288,0.8639342044413716,0.003752171229198715
A8,145.0,0.8610421836228288,0.8656795377686082,0.003801047115987545
A8,146.0,0.8610421836228288,0.8640928793222996,0.0037575485401398676
A8,147.0,0.8610421836228288,0.8628462489476831,0.00375474826320663
A8,148.0,0.8610421836228288,0.8658911876925457,0.0038144203995510054
A8,149.0,0.8610421836228288,0.8624734242495888,0.0037628322261536716
A8,150.0,0.8610421836228288,0.8607788310931858,0.00379472341918249
A8,151.0,0.858560794044665,0.860759527102215,0.0037997715596706613
A8,152.0,0.858560794044665,0.8615766972427655,0.003890401274329116
A8,153.0,0.858560794044665,0.8627201317751031,0.003904374643464028
A8,154.0,0.8560794044665012,0.8570124688073673,0.004018086444165315
A8,155.0,0.8560794044665012,0.8574974772008959,0.004024731186548033
A8,156.0,0.8560794044665012,0.8560038010157357,0.003865219536364868
A8,157.0,0.8535980148883374,0.8550831190007167,0.0038273453053331496
A8,158.0,0.8535980148883374,0.8593300153147341,0.0036351640055048273
A8,159.0,0.8560794044665012,0.8611872999844383,0.0036080551945302046
A8,160.0,0.8535980148883374,0.8611095828357035,0.0036644576848443634
A8,161.0,0.8511166253101737,0.8572129325959383,0.0035451902889131674
A8,162.0,0.8535980148883374,0.8595050862562783,0.0037173086285193935
A8,163.0,0.8535980148883374,0.8606897770761752,0.0036848636786305866
A8,164.0,0.8511166253101737,0.8602514600078802,0.0036841541802243986
A8,165.0,0.8511166253101737,0.8603256503090448,0.0036899240761867395
A8,166.0,0.8511166253101737,0.8593668724653143,0.0036220704728149923
A8,167.0,0.8511166253101737,0.8595671409210943,0.0036260209922624018
A8,168.0,0.8486352357320099,0.8559558769275052,0.003566447289888981
A8,169.0,0.8486352357320099,0.8555622082054426,0.0036038670227367697
A8,170.0,0.8486352357320099,0.8553459262197682,0.0036579790988503966
A8,171.0,0.8486352357320099,0.8552519277711752,0.0036564627616531105
A8,172.0,0.8461538461538461,0.8533141185351416,0.003693297440603134
A8,173.0,0.8461538461538461,0.8565971567580217,0.003702895615798195
A8,174.0,0.8461538461538461,0.8531755744495747,0.003733040169052879
A8,175.0,0.8436724565756824,0.8515400557053743,0.003700352840443477
A8,176.0,0.8436724565756824,0.851179255994793,0.0037031668506909226
A8,177.0,0.8436724565756824,0.850025979310645,0.0037355227840477068
A8,178.0,0.8436724565756824,0.8526013169619586,0.0037423672837381275
A8,179.0,0.8411910669975186,0.8509914726670785,0.003715017007865566
A8,180.0,0.8411910669975186,0.8516870489571879,0.003787786086174718
A8,181.0,0.8411910669975186,0.8518072394041623,0.003820828428597092
A8,182.0,0.8387096774193549,0.8483909083170318,0.0037752036215963625
A8,183.0,0.8387096774193549,0.8477659558782192,0.0038143379321859097
A8,184.0,0.8387096774193549,0.8465616169523054,0.003799162467686985
A8,185.0,0.8387096774193549,0.8466060471462288,0.0037526194823712163
A8,186.0,0.8362282878411911,0.8467631618004375,0.003702462478511696
A8,187.0,0.8362282878411911,0.8454061281507064,0.0037600714985857515
A8,188.0,0.8362282878411911,0.8461946809280255,0.003761179348171141
A8,189.0,0.8362282878411911,0.8432296275519758,0.003815347895346783
A8,190.0,0.8337468982630273,0.8441176799804573,0.0038291599754173033
A8,191.0,0.8337468982630273,0.841364395875254,0.0038024696180819426
A8,192.0,0.8337468982630273,0.8420738035649127,0.0038076891414635123
A8,193.0,0.8312655086848635,0.8411421415205242,0.0038502625819200127
A8,194.0,0.8312655086848635,0.8419735896246934,0.0038172930011645106
A8,195.0,0.8312655086848635,0.8409158348734509,0.0037345137735399756
A8,196.0,0.8287841191066998,0.8418141420356243,0.0037742399889117264
A8,197.0,0.8287841191066998,0.8398184676070469,0.003739144928586711
A8,198.0,0.8287841191066998,0.8386836439484333,0.0037283569264814215
A8,199.0,0.8287841191066998,0.8373913732757656,0.003731890969104045
A8,200.0,0.826302729528536,0.835427414716442,0.0037501006234687867
A8,201.0,0.826302729528536,0.8348247635683748,0.0038063321826254364
A8,202.0,0.826302729528536,0.8354591304006583,0.004132572276382763
A8,203.0,0.8238213399503722,0.8319855169594002,0.003904172925329349
A8,204.0,0.8238213399503722,0.8336495479767673,0.0041112136710491605
A8,205.0,0.8213399503722084,0.8302429612846796,0.003873139733273183
A8,206.0,0.8238213399503722,0.8331334614011165,0.004055396605967561
A8,207.0,0.8188585607940446,0.8249402294999632,0.003689654978531681
A8,208.0,0.8188585607940446,0.8300347510204988,0.00376486547339474
A8,209.0,0.8163771712158809,0.8255446271828841,0.0038463605499260843
A8,210.0,0.8188585607940446,0.8280354941125444,0.0038684669992322643
A8,211.0,0.8138957816377171,0.8276967499962318,0.003732360355391526
A8,212.0,0.8163771712158809,0.8270350900047813,0.003968372917140749
A8,213.0,0.8163771712158809,0.8261189058051311,0.0041276326367585825
A8,214.0,0.8114143920595533,0.8197890914806851,0.0038174889545526023
A8,215.0,0.8138957816377171,0.824401944373489,0.004135863737700954
A8,216.0,0.8114143920595533,0.819946940737913,0.0038849204549672826
A8,217.0,0.8138957816377171,0.8180602078719617,0.0038676795681155535
A8,218.0,0.8114143920595533,0.8182996297553297,0.004023041553803075
A8,219.0,0.8114143920595533,0.8172407830948235,0.0039844054100643175
A8,220.0,0.8064516129032258,0.8177329813574334,0.004032045116560865
A8,221.0,0.8064516129032258,0.8195980585442978,0.004219211450010988
A8,222.0,0.8039702233250621,0.814426251646517,0.004024289802526916
A8,223.0,0.8039702233250621,0.8124429751398488,0.003993477755733837
A8,224.0,0.8014888337468983,0.8094571559895856,0.0038940325704738834
A8,225.0,0.8014888337468983,0.8125182058265733,0.004138062529456868
A8,226.0,0.7965260545905707,0.8047389366606016,0.003802895570208218
A8,227.0,0.7990074441687345,0.8075283175736679,0.004140672718364377
A8,228.0,0.7965260545905707,0.8036412228339922,0.0039192981739445175
A8,229.0,0.7965260545905707,0.8038685999416626,0.004285293805929392
A8,230.0,0.7915632754342432,0.8024628417242127,0.0038661628468739757
A8,231.0,0.7915632754342432,0.8005744333622998,0.004162756684730734
A8,232.0,0.7890818858560794,0.7990373448429627,0.003845172367288544
A8,233.0,0.7890818858560794,0.7967003986207506,0.003970220223525
A8,234.0,0.7866004962779156,0.7949511197312049,0.003939185205244793
A8,235.0,0.7841191066997518,0.7925948078637198,0.003987417839066344
A8,236.0,0.7841191066997518,0.7939668752469394,0.0040904723683286015
A8,237.0,0.7791563275434243,0.7904771350194411,0.003929288436352799
A8,238.0,0.7791563275434243,0.7878825633393625,0.004038252335639145
A8,239.0,0.7741935483870968,0.7838669109985944,0.0038508947489566785
A8,240.0,0.771712158808933,0.7867499821838628,0.003993923522901366
A8,241.0,0.7692307692307693,0.7850865967333911,0.0038559129953297053
A8,242.0,0.7692307692307693,0.7843939668797186,0.004151979126629427
A8,243.0,0.7642679900744417,0.7757764795061439,0.003937423343887278
A8,244.0,0.7642679900744417,0.7801793654715584,0.004193586914290851
A8,245.0,0.7617866004962779,0.7743114083468355,0.003936275095787821
A8,246.0,0.7593052109181141,0.7785944606499606,0.004204517273470076
A8,247.0,0.7568238213399504,0.7763196357928595,0.004086524576919261
A8,248.0,0.7543424317617866,0.7692982975420832,0.0041506968725745896
A8,249.0,0.7543424317617866,0.7711128394189266,0.004565778306706513
A8,250.0,0.7518610421836228,0.7696389870973035,0.004250010406305002
A8,251.0,0.749379652605459,0.7661260637991958,0.004085015602541772
A8,252.0,0.7468982630272953,0.7622706400401975,0.004194185606183747
A8,253.0,0.7419354838709677,0.7559700650711944,0.004106963489745555
A8,254.0,0.7419354838709677,0.7606515639310266,0.00468996720829988
A8,255.0,0.7419354838709677,0.7604911252794531,0.00480562309220201
A8,256.0,0.7369727047146402,0.7502679726310405,0.004155527417925634
A8,257.0,0.7344913151364765,0.7491696161177259,0.004218274787031545
A8,258.0,0.7320099255583127,0.744949248656131,0.004100425428746544
A8,259.0,0.7295285359801489,0.7418571392450379,0.0043949874302101205
A8,260.0,0.7270471464019851,0.7366141105674642,0.0042011265171737165
A8,261.0,0.7270471464019851,0.7440038128288212,0.004877860367979473
A8,262.0,0.7220843672456576,0.7303237536339011,0.004328489811174666
A8,263.0,0.7220843672456576,0.7379802050578688,0.0046738750502750715
A8,264.0,0.7196029776674938,0.7241253209342129,0.0043818656617119435
A8,265.0,0.71712158808933,0.7271546822702967,0.00454117864760527
A8,266.0,0.7121588089330024,0.7181020806269262,0.004397511921824687
B1,1.0,1.0,0.9236667219803678,0.16540117171548724
B1,2.0,1.019672131147541,0.9534918732894677,0.14737329655322537
B1,3.0,1.0295081967213116,0.9310191286758964,0.14010704084162176
B1,4.0,1.0360655737704918,0.948059337667607,0.13806668985472362
B1,5.0,1.039344262295082,0.9489066288226653,0.13918912710390452
B1,6.0,1.0262295081967212,0.9537272637500702,0.11664360551772486
B1,7.0,0.9934426229508196,0.9346682204711108,0.06989466076028195
B1,8.0,0.9704918032786886,0.9358925785302944,0.04226478530547249
B1,9.0,0.9540983606557377,0.908651061144016,0.04121637079803735
B1,10.0,0.9311475409836065,0.8957892142921638,0.04482783297758573
B1,11.0,0.9114754098360656,0.8849982251269837,0.04783263626111112
B1,12.0,0.8885245901639345,0.8725964203264394,0.05143389761979538
B1,13.0,0.8622950819672132,0.866946207534782,0.053429623969182764
B1,14.0,0.839344262295082,0.8484560001876411,0.04218307904432094
B1,15.0,0.8163934426229508,0.8365992460073114,0.03754712857878056
B1,16.0,0.7934426229508197,0.8164489675258211,0.033699242210196566
B1,17.0,0.7737704918032787,0.8004786608686423,0.03157102363848053
B1,18.0,0.7540983606557377,0.7838929065464202,0.029925653105603127
B1,19.0,0.7344262295081967,0.7480229967656975,0.0449995852067597
B1,20.0,0.7081967213114754,0.594291386036608,0.07977011080603344
B1,21.0,0.6754098360655738,0.6119655017113893,0.09167245136372909
B1,22.0,0.6557377049180327,0.5428155174822706,0.08757319696074617
B1,23.0,0.6459016393442623,0.6332492898475435,0.12025957506651935
B1,24.0,0.6327868852459017,0.5925914726345255,0.12030934325139622
B1,25.0,0.6196721311475409,0.5708412891619639,0.11669286692330892
B1,26.0,0.6131147540983607,0.5847346641259155,0.13102253528752222
B1,27.0,0.5934426229508196,0.5684896660399603,0.13704332414589157
B1,28.0,0.5672131147540984,0.6219695132461478,0.1209023130563626
B1,29.0,0.5540983606557377,0.576005801259262,0.14563905945511824
B1,30.0,0.5344262295081967,0.6095681953920982,0.11296277780842282
B1,31.0,0.5147540983606558,0.5845585535021648,0.13135779501104147
B1,32.0,0.5114754098360655,0.5612688867567623,0.13220638386209477
B1,33.0,0.49508196721311476,0.5442425731460313,0.14005153100507478
B1,34.0,0.47540983606557374,0.5068751319672209,0.17258480877514362
B1,35.0,0.4426229508196721,0.4859895269530688,0.2050596055534136
B1,36.0,0.4491803278688525,0.43708323081176403,0.17367961088595532
B1,37.0,0.4426229508196721,0.43697356726697767,0.16871945316336703
B1,38.0,0.4131147540983607,0.41892631584448875,0.17179907284462037
B1,39.0,0.35737704918032787,0.5007197666121307,0.2246630724961263
B1,40.0,0.39672131147540984,0.4192047927127473,0.19655475856713442
B1,41.0,0.36721311475409835,0.4313606456381306,0.20915706371402287
B1,42.0,0.3442622950819672,0.45541550797174646,0.2364765774571661
B1,43.0,0.3639344262295082,0.30605774801464414,0.1521915184916056
B1,44.0,0.35737704918032787,0.41672587255457044,0.2122136404263461
B1,45.0,0.3475409836065574,0.39265165654793094,0.20279383245124577
B1,46.0,0.3377049180327869,0.4191763189103475,0.2193879213987055
B1,47.0,0.3118032786885246,0.3797050434397196,0.21586505885906004
B1,48.0,0.30885245901639347,0.38151230149157683,0.2184188531338491
B1,49.0,0.2862295081967213,0.3661338798802681,0.20453061280506582
B1,50.0,0.28688524590163933,0.3912668236270718,0.22922061775461505
B1,51.0,0.2839344262295082,0.3684548438111565,0.2187668483886505
B1,52.0,0.28918032786885245,0.3587096369192671,0.19687117101713883
B1,53.0,0.2537704918032787,0.3856048388562065,0.22375945852873758
B1,54.0,0.259672131147541,0.4090128741165576,0.25354601401098187
B1,55.0,0.2698360655737705,0.3865899320996546,0.21685888376156595
B1,56.0,0.2659016393442623,0.3692919392798116,0.20767820241068105
B1,57.0,0.25934426229508195,0.38020638433900855,0.21267307190723161
B1,58.0,0.2498360655737705,0.41989040297253094,0.2483607109409835
B1,59.0,0.24721311475409835,0.37226054420990023,0.19634794890517968
B1,60.0,0.23737704918032787,0.3755329511401018,0.22145324896104732
B1,61.0,0.23344262295081966,0.39739564229024527,0.22994559955951124
B1,62.0,0.21868852459016394,0.4411712847095839,0.278846159545081
B1,63.0,0.2,0.45475724528058536,0.26256703252095065
B1,64.0,0.20688524590163934,0.431557147631785,0.26284566560890754
B1,65.0,0.18754098360655738,0.4740553870555923,0.27165189187892613
B1,66.0,0.18754098360655738,0.5188179542575799,0.2938419034830824
B1,67.0,0.14163934426229507,0.5859941937635084,0.3200593335112484
B1,68.0,0.20655737704918034,0.39980845849492425,0.23915569213358578
B1,69.0,0.18918032786885247,0.4312076131336333,0.2600593145386355
B1,70.0,0.2022950819672131,0.39564120078285037,0.23797030158949795
B1,71.0,0.14557377049180328,0.48008005066826903,0.2839728406142349
B1,72.0,0.18786885245901638,0.44984717025833393,0.2760309824262153
B1,73.0,0.17245901639344263,0.42286659792213194,0.24714163632291256
B1,74.0,0.13409836065573771,0.5451930118840975,0.3110735271456505
B1,75.0,0.1921311475409836,0.26316777564194516,0.11748670282334424
B1,76.0,0.14426229508196722,0.5292134848355045,0.3055481128747359
B1,77.0,0.17901639344262296,0.4912311418247825,0.2960262094648375
B1,78.0,0.15934426229508197,0.4800567130434591,0.27886581303558994
B1,79.0,0.17934426229508196,0.3212010513893086,0.1835800513681311
B1,80.0,0.15377049180327867,0.5846112866866648,0.3188468941836127
B1,81.0,0.17573770491803278,0.19315996170295996,0.05672631283087533
B1,82.0,0.16459016393442624,0.5121975157163344,0.3046687523745356
B1,83.0,0.17278688524590163,0.17703521278285994,0.04560044820630616
B1,84.0,0.1678688524590164,0.26652675604164955,0.14206157799276936
B1,85.0,0.12918032786885245,0.5117825537653965,0.30526938644555207
B1,86.0,0.16262295081967212,0.2885092608703618,0.16512300399809676
B1,87.0,0.12819672131147541,0.5814412871162218,0.3243004374607497
B1,88.0,0.16131147540983606,0.17644603573791307,0.056278428204796845
B1,89.0,0.08885245901639344,0.39327401041562227,0.25983190716507143
B1,90.0,0.07901639344262296,0.5156020164521916,0.3116599821868875
B1,91.0,0.15770491803278688,0.16101156658404392,0.042680555573180394
B1,92.0,0.14524590163934425,0.5114948810406148,0.29104908901454146
B1,93.0,0.1557377049180328,0.1727683227490736,0.07747005627613018
B1,94.0,0.15147540983606558,0.15927014809828277,0.037059558204729455
B1,95.0,0.14622950819672131,0.3920452873733034,0.2346021331976844
B1,96.0,0.09377049180327869,0.6120042428437096,0.33052258688382796
B1,97.0,0.14622950819672131,0.2457475254271752,0.1258167266256779
B1,98.0,0.12360655737704918,0.5715145135012509,0.3258274944754137
B1,99.0,0.14065573770491804,0.3809765019303414,0.23005083103090584
B1,100.0,0.08459016393442623,0.5396302387987735,0.3197387875451996
B1,101.0,0.1360655737704918,0.4893834183092906,0.28989873354168133
B1,102.0,0.14295081967213114,0.14816075586617994,0.05735386917917937
B2,1.0,1.0,0.8638942619776605,0.20649039785014012
B2,2.0,0.9801324503311258,0.7705129255106398,0.17062045869980288
B2,3.0,0.9701986754966887,0.7725541770713361,0.1546935983123046
B2,4.0,0.9602649006622517,0.7849886403728086,0.10979619290592009
B2,5.0,0.9470198675496688,0.7985867305336379,0.0854418938596161
B2,6.0,0.9271523178807947,0.8004182077738135,0.07241254949495833
B2,7.0,0.9139072847682119,0.7887507868990722,0.05943822659122623
B2,8.0,0.8940397350993378,0.7930862730933905,0.04939765209139559
B2,9.0,0.8774834437086093,0.7775072155326939,0.043212990596362966
B2,10.0,0.8576158940397351,0.7737089671416623,0.056418007545357196
B2,11.0,0.8377483443708609,0.7497665120653263,0.03960697369713767
B2,12.0,0.8178807947019867,0.7356434170210753,0.03928208730541258
B2,13.0,0.8013245033112583,0.7220383516909067,0.03966591370859826
B2,14.0,0.7814569536423841,0.7327645250823417,0.07624862242707346
B2,15.0,0.7682119205298014,0.7248844656424637,0.07643525279966626
B2,16.0,0.7516556291390728,0.715668512455871,0.06300898460174956
B2,17.0,0.7350993377483444,0.6920384375567,0.04783567812832411
B2,18.0,0.7185430463576159,0.7110536816328045,0.07632457339210076
B2,19.0,0.7019867549668874,0.6980286211807337,0.0669848382533669
B2,20.0,0.6854304635761589,0.6958365064979591,0.08103385455690246
B2,21.0,0.6688741721854304,0.6901500084283281,0.08648888567833735
B2,22.0,0.652317880794702,0.6732295753911669,0.08465277708781314
B2,23.0,0.6357615894039735,0.6846337616822801,0.10822503387357328
B2,24.0,0.6158940397350994,0.6304348732583023,0.09233846780461603
B2,25.0,0.5993377483443708,0.6131634068046707,0.09722835753265945
B2,26.0,0.5827814569536424,0.6233121154425822,0.11978258702756985
B2,27.0,0.5629139072847682,0.5739005720335857,0.10457788234676756
B2,28.0,0.5463576158940397,0.5453152741890188,0.11019239094614225
B2,29.0,0.5264900662251656,0.5191319834482568,0.11073442320965042
B2,30.0,0.5033112582781457,0.49218955166306244,0.11439972818377576
B2,31.0,0.4867549668874172,0.4680640575905688,0.1239078955068534
B2,32.0,0.46357615894039733,0.4584497098217114,0.1265463058009409
B2,33.0,0.4470198675496689,0.4468316911542948,0.12718496945156552
B2,34.0,0.4271523178807947,0.45781225556514005,0.1214357629835265
B2,35.0,0.40728476821192056,0.4561532833051924,0.10668739912046936
B2,36.0,0.38741721854304634,0.4208618775848249,0.12032086338713448
B2,37.0,0.3675496688741722,0.42058200841028803,0.09125265848049488
B2,38.0,0.3543046357615894,0.4098468816279067,0.11044708924665271
B2,39.0,0.33774834437086093,0.407798833420752,0.1036247257524792
B2,40.0,0.3211920529801324,0.40026568444357946,0.11086040274530537
B2,41.0,0.30993377483443707,0.39330954119841166,0.11451707462980718
B2,42.0,0.2933774834437086,0.3549675274163259,0.1452379526104273
B2,43.0,0.2854304635761589,0.3621035237344322,0.1184863410883835
B2,44.0,0.2705298013245033,0.36657108744157485,0.12146157921249455
B2,45.0,0.2589403973509934,0.3583901055156951,0.13090112238058166
B2,46.0,0.2509933774834437,0.3469030367138748,0.12817519619715545
B2,47.0,0.23973509933774834,0.3207622416453264,0.16048070220493738
B2,48.0,0.23112582781456953,0.3104163734117219,0.17803900272364287
B2,49.0,0.22748344370860926,0.30119797817017974,0.13917961005261814
B2,50.0,0.21456953642384105,0.2791280005973545,0.16078693806454292
B2,51.0,0.20794701986754968,0.2623748604353408,0.14784116197861943
B2,52.0,0.2052980132450331,0.24978609228822263,0.10905186009581236
B2,53.0,0.19602649006622516,0.22650209920391823,0.1201941874867555
B2,54.0,0.1890728476821192,0.2084441621126255,0.09769558499514144
B2,55.0,0.18443708609271522,0.19848990734866206,0.09126167047895811
B2,56.0,0.17913907284768213,0.19632970677774714,0.06812444288149813
B2,57.0,0.17516556291390728,0.18731290661052624,0.06350368525890727
B2,58.0,0.1728476821192053,0.17741548936632157,0.09138702205288056
B2,59.0,0.17019867549668874,0.1788804305484405,0.0704483954325374
B2,60.0,0.16225165562913907,0.1644990092454941,0.07175460842841663
B2,61.0,0.15894039735099338,0.16923388699453112,0.06894817945642846
B2,62.0,0.15894039735099338,0.16775733209111143,0.07111659779214811
B2,63.0,0.15264900662251657,0.17069742879723993,0.06604241643191895
B2,64.0,0.1533112582781457,0.16677104766290718,0.07427702551662488
B2,65.0,0.147682119205298,0.16878630053399424,0.07016016928570815
B2,66.0,0.14437086092715232,0.17065529217374165,0.06865659115659142
B2,67.0,0.1423841059602649,0.1727363619514083,0.07219447794719758
B2,68.0,0.13940397350993378,0.16350451483209805,0.0653915516328891
B2,69.0,0.13841059602649006,0.16460270306809266,0.06991718106234696
B2,70.0,0.13543046357615893,0.1765397839499634,0.08784594202474783
B2,71.0,0.1317880794701987,0.1688588489178623,0.08443308493076128
B2,72.0,0.12980132450331125,0.16397843570968884,0.07255446756988812
B2,73.0,0.12980132450331125,0.16938076155448012,0.09556223256060775
B2,74.0,0.12582781456953643,0.17021293405561733,0.10767246855309232
B2,75.0,0.123841059602649,0.1638439810813188,0.1039697668478072
B2,76.0,0.12251655629139073,0.17017884734698774,0.11738089656441614
B2,77.0,0.12417218543046357,0.15913310649100287,0.08554209099383647
B2,78.0,0.12086092715231789,0.15598203398533173,0.08799869195926466
B2,79.0,0.12019867549668874,0.16839265743163334,0.11814693410636204
B2,80.0,0.1195364238410596,0.16416366808948857,0.1209799503589523
B2,81.0,0.1162251655629139,0.15145284446167995,0.09716295939487586
B2,82.0,0.11390728476821192,0.14899010606409535,0.10024974991538654
B2,83.0,0.11390728476821192,0.17488640067538364,0.12919811446007365
B2,84.0,0.1119205298013245,0.16554904890897992,0.12160331267052417
B2,85.0,0.11059602649006622,0.1864540353105263,0.14068642440425563
B2,86.0,0.10894039735099338,0.17747043021134867,0.13568412931892354
B2,87.0,0.10927152317880795,0.19309341342035657,0.14959087135758453
B2,88.0,0.10662251655629139,0.1671738315118162,0.12441098790373784
B2,89.0,0.10629139072847682,0.21155746232849826,0.15912286558082495
B2,90.0,0.10529801324503311,0.1525755792860921,0.11945719810393907
B2,91.0,0.10397350993377484,0.15920124949371672,0.12782665994687173
B2,92.0,0.10529801324503311,0.19776075780408253,0.145506256299773
B2,93.0,0.10231788079470198,0.15599985145082962,0.13385356105491183
B2,94.0,0.10132450331125828,0.19918071707186052,0.14519284967604987
B2,95.0,0.10066225165562914,0.22883253617831695,0.1705934403144966
B2,96.0,0.09900662251655629,0.16199685350623227,0.13279142748574715
B2,97.0,0.09834437086092715,0.16992712508220031,0.1302504718458401
B2,98.0,0.09768211920529801,0.19429236561288832,0.13707708965704607
B2,99.0,0.09668874172185431,0.21868504775203262,0.1637594559188609
B2,100.0,0.09503311258278145,0.19613198354363165,0.13846025597531492
B2,101.0,0.09437086092715231,0.18639652182301747,0.13645403645748871
B2,102.0,0.09470198675496688,0.1786443402146649,0.13568931511372007
B2,103.0,0.09370860927152318,0.2257014245780491,0.16364553719894387
B2,104.0,0.09370860927152318,0.21517869929012,0.14628824325921705
B2,105.0,0.0923841059602649,0.2127164342942388,0.15758404843847698
B2,106.0,0.09172185430463577,0.2109481717836742,0.16004790939177202
B2,107.0,0.09205298013245033,0.18455510496776728,0.14885791809509002
B2,108.0,0.0913907284768212,0.1939185957007329,0.13787180236791233
B2,109.0,0.09105960264900662,0.24221409275329253,0.15854784922394832
B2,110.0,0.08940397350993377,0.23305915853391157,0.15676739795994485
B2,111.0,0.08841059602649007,0.22925905223479215,0.15472313574576976
B2,112.0,0.0880794701986755,0.2158054235366622,0.13925824357558986
B2,113.0,0.08741721854304636,0.23210699932267714,0.1470273551591787
B2,114.0,0.08675496688741721,0.2206430382558187,0.14418472254143513
B2,115.0,0.08642384105960264,0.2323749663578426,0.14292193074963316
B3,1.0,1.0,0.9682854420178315,0.23990644035097689
B3,2.0,1.0161290322580645,1.006390219083206,0.2059792928966836
B3,3.0,1.0258064516129033,1.0108096840161997,0.19164081977015626
B3,4.0,1.032258064516129,0.9797791906940951,0.23173906158469346
B3,5.0,1.0354838709677419,0.9753793816091403,0.23946741293492127
B3,6.0,1.032258064516129,0.9768020402401472,0.23912896400259884
B3,7.0,1.0064516129032257,0.9750218590416395,0.23952033316173799
B3,8.0,0.9838709677419355,0.917070364206073,0.21141203771216732
B3,9.0,0.964516129032258,0.9023271299235838,0.19763427622385743
B3,10.0,0.9483870967741935,0.9106782347581323,0.18073517990166058
B3,11.0,0.9290322580645162,0.8954696673836027,0.18735067718753215
B3,12.0,0.9096774193548387,0.8919518795960013,0.18607799534949446
B3,13.0,0.8935483870967742,0.8815858887854964,0.1846775280952682
B3,14.0,0.8741935483870967,0.8613219754452892,0.18902811728721325
B3,15.0,0.8548387096774194,0.8410977464223622,0.18688326038305025
B3,16.0,0.8387096774193549,0.8161948018243436,0.18401621096941542
B3,17.0,0.8258064516129032,0.7872030898000864,0.18912263698695095
B3,18.0,0.8032258064516129,0.7645500307511017,0.19909685546459063
B3,19.0,0.7870967741935484,0.7360471690379419,0.201818925573394
B3,20.0,0.7741935483870968,0.7483457232093249,0.15837845775910833
B3,21.0,0.7580645161290323,0.6830447813090214,0.19872775982369265
B3,22.0,0.7451612903225806,0.7464617617620589,0.12433927778713014
B3,23.0,0.7290322580645161,0.7410522443208651,0.12959464441126362
B3,24.0,0.7161290322580646,0.6295397696585494,0.1973866858329761
B3,25.0,0.5903225806451613,0.7112657630557285,0.27174289028815934
B3,26.0,0.5387096774193548,0.6946780554376829,0.25163677490839875
B3,27.0,0.5129032258064516,0.6732374038298968,0.24300596372985928
B3,28.0,0.5096774193548387,0.6339984558249331,0.21014773223613237
B3,29.0,0.5419354838709678,0.5697121945321534,0.20074590830268896
B3,30.0,0.4161290322580645,0.4367860136013177,0.175582202687038
B3,31.0,0.3935483870967742,0.45905036004487887,0.23362784921658586
B3,32.0,0.3741935483870968,0.4825491129376621,0.3100341631765448
B3,33.0,0.3548387096774194,0.45131333618045555,0.27262834633207567
B3,34.0,0.33225806451612905,0.4653006446874014,0.29421528334106667
B3,35.0,0.31,0.49462724453739776,0.29304959120373375
B3,36.0,0.2880645161290323,0.5328142355200608,0.3667446193161532
B3,37.0,0.27064516129032257,0.5624170528620517,0.37879441065853103
B3,38.0,0.2461290322580645,0.5704173500820617,0.3887781766950335
B3,39.0,0.22806451612903225,0.5492111463759404,0.3897856836430979
B3,40.0,0.2103225806451613,0.566544538563124,0.38987060056817724
B3,41.0,0.1967741935483871,0.5714093472455049,0.3870088999580953
B3,42.0,0.18419354838709678,0.5371515201290245,0.37525739853557805
B3,43.0,0.1735483870967742,0.5586392936853284,0.38744290532843056
B3,44.0,0.16741935483870968,0.5542212077939364,0.37855331197422404
B3,45.0,0.15645161290322582,0.5443640647854516,0.3733960004177529
B3,46.0,0.14806451612903226,0.46172245544591684,0.33865241429582504
B3,47.0,0.14225806451612905,0.539850573327018,0.377490206200249
B3,48.0,0.13709677419354838,0.4304737215037535,0.33238211879655805
B3,49.0,0.13096774193548388,0.5806897627897891,0.39982012516169596
B3,50.0,0.12612903225806452,0.5817124401128515,0.4012438395347372
B3,51.0,0.12225806451612903,0.5851486299686635,0.39639711508632075
B3,52.0,0.11806451612903225,0.6260534389217681,0.4104440645088211
B3,53.0,0.11451612903225807,0.6502784211448445,0.41200745120440163
B3,54.0,0.11064516129032258,0.642991409340171,0.4094833431122104
B3,55.0,0.10774193548387097,0.6457833857341776,0.40973786744699014
B3,56.0,0.10516129032258065,0.6561601425642599,0.41126477481967555
B3,57.0,0.10290322580645161,0.6550366056146368,0.41077505020931704
B3,58.0,0.10161290322580645,0.6507945055228442,0.41009744556205857
B3,59.0,0.09806451612903226,0.6371677218528445,0.40819644386374543
B3,60.0,0.0964516129032258,0.6461396050167557,0.4097304785012568
B3,61.0,0.09451612903225806,0.6441903403545892,0.40958585782557966
B3,62.0,0.09225806451612903,0.6362697416440691,0.40875910443244956
B3,63.0,0.09064516129032259,0.6382068279960014,0.40864808641134104
B3,64.0,0.09,0.6324758319726731,0.40738204471415074
B3,65.0,0.0867741935483871,0.6439210545630707,0.40938101360323526
B3,66.0,0.08612903225806452,0.6377934358977762,0.4085439518930288
B3,67.0,0.08354838709677419,0.6399756641276353,0.4089017940774683
B3,68.0,0.08258064516129032,0.6421858737756189,0.40941695194674615
B3,69.0,0.08064516129032258,0.6403939796538715,0.4077700143890446
B3,70.0,0.08,0.6453527253227624,0.40975758955177366
B3,71.0,0.07935483870967742,0.6483616910727386,0.410001424511637
B3,72.0,0.07903225806451612,0.6343394551624725,0.4073567334216435
B3,73.0,0.07838709677419355,0.6380888679242219,0.40777276092210984
B3,74.0,0.07612903225806451,0.6514500844776846,0.41002467754717525
B3,75.0,0.07516129032258065,0.6390899523317515,0.40610242601711294
B3,76.0,0.0732258064516129,0.6441722021690522,0.4085577121378696
B3,77.0,0.07258064516129033,0.6399802856300278,0.40749714562368383
B3,78.0,0.07258064516129033,0.6424224551762625,0.4079367274711389
B3,79.0,0.07064516129032258,0.6442996396459768,0.4084374238427929
B3,80.0,0.07,0.6478240167912505,0.4084633080911717
B3,81.0,0.06806451612903226,0.6489644244604287,0.40943918705265053
B3,82.0,0.06741935483870967,0.6618092716623147,0.41152279167474154
B3,83.0,0.06806451612903226,0.651721464393806,0.4100656508772953
B3,84.0,0.0667741935483871,0.635227861059722,0.40614637768757444
B3,85.0,0.06548387096774194,0.6568629131680402,0.4105818972831608
B3,86.0,0.06451612903225806,0.6637606787403357,0.4116059593689823
B3,87.0,0.06516129032258064,0.673261369616295,0.41258485175931675
B3,88.0,0.0635483870967742,0.6602458239464621,0.41119950140172085
B3,89.0,0.06483870967741935,0.6676050950424374,0.41200644752495147
B3,90.0,0.06322580645161291,0.6718869587426342,0.4124245617290091
B3,91.0,0.0635483870967742,0.6766527707859812,0.4127709106443701
B3,92.0,0.06193548387096774,0.6783425552471801,0.41287437866581933
B3,93.0,0.06129032258064516,0.6801773993545249,0.41300136075511246
B3,94.0,0.06129032258064516,0.6763603041213295,0.4127071168700394
B3,95.0,0.06129032258064516,0.6788833568108512,0.41289078997246836
B3,96.0,0.05967741935483871,0.6827791033639565,0.41313143716513034
B3,97.0,0.06,0.6883378521264729,0.4133851704379901
B3,98.0,0.05838709677419355,0.6891403791571434,0.41342430511022554
B3,99.0,0.05870967741935484,0.6854873940547997,0.41325274900817577
B3,100.0,0.059032258064516126,0.6835983350208273,0.41314587621926635
B3,101.0,0.059032258064516126,0.6855472162229949,0.4132502517299916
B3,102.0,0.05838709677419355,0.6951515662164789,0.41359030751769005
B3,103.0,0.057741935483870965,0.6915286390575442,0.4134995084038297
B3,104.0,0.05709677419354839,0.6947558218589064,0.4135824589571388
B3,105.0,0.056451612903225805,0.6940604976937242,0.41357771260266124
B3,106.0,0.05548387096774193,0.6971029309632074,0.413616975555736
B3,107.0,0.05419354838709677,0.6919276255399487,0.41350763863452206
B3,108.0,0.05548387096774193,0.6936206481244879,0.4135547797546595
B3,109.0,0.054838709677419356,0.6948768508755817,0.4135830143536144
B3,110.0,0.05451612903225807,0.6976934808588564,0.41362321039519345
B3,111.0,0.052258064516129035,0.6941703480231354,0.4135704239166712
B3,112.0,0.053548387096774196,0.6982429823559547,0.4136252655809915
B3,113.0,0.0532258064516129,0.6969363913384679,0.4136152449856692
B3,114.0,0.0532258064516129,0.6963155712298651,0.41360776048290554
B3,115.0,0.05290322580645161,0.6963903954394546,0.41360883081493477
B3,116.0,0.0532258064516129,0.6981878229904346,0.4136250017007982
B3,117.0,0.052258064516129035,0.6976896533663585,0.41362208587559746
B3,118.0,0.05161290322580645,0.6975598126018983,0.41362119454272106
B3,119.0,0.05193548387096774,0.6984655980310057,0.4136262184813294
B3,120.0,0.05161290322580645,0.698773050552747,0.4136269216111432
B3,121.0,0.05064516129032258,0.6989027934546561,0.4136270304266194
B3,122.0,0.04903225806451613,0.6987590734361101,0.4136268574659231
B3,123.0,0.048709677419354835,0.6975693963654903,0.4136214812318904
B3,124.0,0.04967741935483871,0.6983729249779483,0.4136258847642968
B3,125.0,0.04935483870967742,0.6984306280363969,0.41362607610692903
B3,126.0,0.04903225806451613,0.698595478064339,0.4136265601498773
B3,127.0,0.04935483870967742,0.698662364975675,0.4136266982570932
B4,1.0,1.0,0.739688807029969,0.3554151869233784
B4,2.0,1.0163398692810457,0.7493634560592011,0.3483536204534236
B4,3.0,1.0294117647058822,0.761150444075734,0.3424379510522189
B4,4.0,1.0359477124183007,0.7655611289521287,0.3393289258614097
B4,5.0,1.0392156862745099,0.7705837861451866,0.33588992428915976
B4,6.0,1.0196078431372548,0.8080602362301446,0.32034137619596814
B4,7.0,0.9836601307189542,0.8087223608218074,0.3314791546748208
B4,8.0,0.9640522875816994,0.7891819135473974,0.33652566083835517
B4,9.0,0.9444444444444444,0.7709236458248897,0.33993705861285073
B4,10.0,0.9215686274509803,0.7542905126131121,0.3420299248426579
B4,11.0,0.8954248366013072,0.743978914442006,0.34323521541666296
B4,12.0,0.869281045751634,0.7221523245002324,0.3417439293831679
B4,13.0,0.8431372549019608,0.7143628912332042,0.34667684356040634
B4,14.0,0.8169934640522876,0.7008681315681767,0.347674127783077
B4,15.0,0.7941176470588235,0.6784806673830485,0.34543604269989536
B4,16.0,0.7712418300653595,0.6702787907835046,0.34616081958884376
B4,17.0,0.7516339869281046,0.6738044204786424,0.349102395846291
B4,18.0,0.7320261437908496,0.664832720935783,0.3488767472895822
B4,19.0,0.7091503267973857,0.694537510039256,0.35828147732269783
B4,20.0,0.6111111111111112,0.660638595325536,0.35234288270399927
B4,21.0,0.565359477124183,0.6495600619750275,0.3491197918263725
B4,22.0,0.5392156862745098,0.645159600654176,0.3487098633647912
B4,23.0,0.49019607843137253,0.6484135782840023,0.34945574824524384
B4,24.0,0.5196078431372549,0.6581613566614896,0.3520781948754647
B4,25.0,0.4803921568627451,0.6533862633594953,0.3519100802110213
B4,26.0,0.38235294117647056,0.5720691347931426,0.34098464548589114
B4,27.0,0.3627450980392157,0.561154757507673,0.33829101088325353
B4,28.0,0.3431372549019608,0.5620060408576815,0.33477012944253454
B4,29.0,0.3209150326797386,0.5673479146758351,0.3299633675213798
B4,30.0,0.3,0.5665000882419224,0.31814680101449816
B4,31.0,0.2803921568627451,0.5489098102449056,0.3034110757281957
B4,32.0,0.26176470588235295,0.5250810925214615,0.2984376962565757
B4,33.0,0.24444444444444444,0.4830717891842009,0.2903823880609216
B4,34.0,0.2284313725490196,0.4557886026234915,0.2869619718187421
B4,35.0,0.21535947712418302,0.4314097744349219,0.27737198451830347
B4,36.0,0.20294117647058824,0.41851970998537574,0.27343388129200524
B4,37.0,0.19183006535947714,0.41185053921992476,0.2712723995428594
B4,38.0,0.1830065359477124,0.44301607032476775,0.26797589273650285
B4,39.0,0.17483660130718953,0.4284697340013492,0.2742710659522445
B4,40.0,0.1676470588235294,0.4352680106109778,0.2724603134592554
B4,41.0,0.16013071895424835,0.4441724173889144,0.2783797565241161
B4,42.0,0.15522875816993464,0.4261970904962395,0.27594520844893367
B4,43.0,0.14967320261437908,0.43395973896164136,0.28101982519171287
B4,44.0,0.1450980392156863,0.4207483473837033,0.280715683963928
B4,45.0,0.14183006535947712,0.4272303002231161,0.28352412479222966
B4,46.0,0.13725490196078433,0.44925465529109987,0.3003669432116987
B4,47.0,0.1323529411764706,0.44778399201522157,0.301289511721383
B4,48.0,0.12941176470588237,0.44867996627509305,0.30236155084988847
B4,49.0,0.12581699346405228,0.44887303781639537,0.30583353400347657
B4,50.0,0.12450980392156863,0.47073287311964074,0.3157116525488928
B4,51.0,0.12156862745098039,0.48004152521145255,0.3191193783180425
B4,52.0,0.11797385620915032,0.47358809247469585,0.320936113500443
B4,53.0,0.11633986928104575,0.48688915460371884,0.32548300166401456
B4,54.0,0.11339869281045752,0.5071724723314823,0.33114491897418774
B4,55.0,0.11176470588235295,0.5069653203141447,0.33291338733418624
B4,56.0,0.11013071895424836,0.5093128328301897,0.3346740524349503
B4,57.0,0.10718954248366012,0.5310891794561471,0.3414267463411208
B4,58.0,0.10588235294117647,0.528543586193593,0.34081494880379315
B4,59.0,0.1042483660130719,0.5606875225255713,0.34939627054559363
B4,60.0,0.1022875816993464,0.5410236171261085,0.3456332770853972
B4,61.0,0.10098039215686275,0.5514504736896229,0.3482198388468887
B4,62.0,0.09934640522875816,0.5689267453064687,0.35234520005797926
B4,63.0,0.0977124183006536,0.5774355550323604,0.3545805517964836
B4,64.0,0.09673202614379085,0.5820985938017804,0.3553815289764175
B4,65.0,0.09542483660130718,0.5628542566552982,0.35087223804099504
B4,66.0,0.09444444444444444,0.5862758264542559,0.35610738499634187
B4,67.0,0.09313725490196079,0.5637926124209596,0.34958316437828724
B4,68.0,0.09215686274509804,0.5844804088012546,0.35440188339463696
B4,69.0,0.09117647058823529,0.5676265480161515,0.35001733880173364
B4,70.0,0.0915032679738562,0.6086639183630417,0.3572267172444874
B4,71.0,0.08888888888888889,0.5671451849511266,0.3491821455017626
B4,72.0,0.08823529411764706,0.5626379215035309,0.34883411075484105
B4,73.0,0.08823529411764706,0.5887056659404687,0.35282209951675325
B4,74.0,0.08594771241830065,0.580013592911282,0.3543007761219845
B4,75.0,0.08496732026143791,0.5653822701676883,0.3501871117466308
B4,76.0,0.08398692810457517,0.5841023800588048,0.35509321545979877
B4,77.0,0.08366013071895424,0.5802069652288697,0.3523254399791387
B4,78.0,0.08333333333333333,0.5615576503992108,0.3495243024650575
B4,79.0,0.08202614379084967,0.592259848113188,0.3567739278980906
B4,80.0,0.08104575163398693,0.5633925888944249,0.35087484436316163
B4,81.0,0.0803921568627451,0.5829288442892018,0.35358501452661106
B4,82.0,0.08006535947712418,0.5639731064588518,0.35142765097066464
B4,83.0,0.07941176470588235,0.5724571241996629,0.3525428278349307
B4,84.0,0.07908496732026143,0.5836503946689476,0.35606783898084093
B4,85.0,0.07745098039215687,0.5600706246329142,0.35104835752964636
B4,86.0,0.07712418300653595,0.5548383375158177,0.35019582457187154
B4,87.0,0.07647058823529412,0.5631546125990265,0.3517965603195513
B4,88.0,0.07647058823529412,0.5918203409054161,0.35703776422086064
B4,89.0,0.07483660130718954,0.5898435620921804,0.3571801074786303
B4,90.0,0.0738562091503268,0.5559224568250705,0.35089755113987187
B4,91.0,0.0738562091503268,0.5473247761648223,0.34907618932680823
B4,92.0,0.0738562091503268,0.596479841678859,0.35766723195352595
B4,93.0,0.07254901960784314,0.5807968493421993,0.35587568161234046
B4,94.0,0.07222222222222222,0.5495090754901593,0.3495573590942697
B4,95.0,0.0718954248366013,0.5773129157508217,0.3551418610389432
B4,96.0,0.07091503267973856,0.5447799880048054,0.3480084542060374
B4,97.0,0.07091503267973856,0.5710396189823999,0.3538930878631615
B4,98.0,0.07058823529411765,0.5460042976580417,0.347692061756361
B4,99.0,0.06993464052287582,0.5635942069653987,0.3519628341942617
B4,100.0,0.06993464052287582,0.5612574838778489,0.3513383521698839
B4,101.0,0.06928104575163399,0.5711165022431647,0.3532631165150515
B4,102.0,0.06862745098039216,0.5524232459829357,0.34914518620962803
B4,103.0,0.06797385620915032,0.541892944825999,0.3461176978398635
B4,104.0,0.06830065359477124,0.5682773989561795,0.35262041352078993
B4,105.0,0.06797385620915032,0.561221493358446,0.35104520394649436
B4,106.0,0.06699346405228758,0.5648104420186408,0.35137475143272545
B4,107.0,0.06666666666666667,0.5704192578577882,0.35207475794735027
B4,108.0,0.06601307189542484,0.5631822005189098,0.3506307196858094
B4,109.0,0.06568627450980392,0.5649394218539945,0.35113809653620187
B4,110.0,0.06601307189542484,0.5497898326505025,0.346890111559257
B4,111.0,0.06535947712418301,0.5713075006103994,0.351876453490765
B4,112.0,0.0650326797385621,0.5474118814273746,0.34608290943928605
B4,113.0,0.06535947712418301,0.5461042096484001,0.3454593860507842
B4,114.0,0.06405228758169934,0.5797229373787806,0.3535268425764391
B4,115.0,0.06339869281045751,0.5747949302096361,0.3523039144431904
B4,116.0,0.0630718954248366,0.5554805380800969,0.3467023267920553
B4,117.0,0.0630718954248366,0.5704104478971186,0.35160709237906124
B4,118.0,0.06274509803921569,0.580797487388703,0.3534825725330391
B4,119.0,0.06143790849673202,0.5712077801972879,0.35154998080158334
B4,120.0,0.06143790849673202,0.5725106191910936,0.3517598410916001
B4,121.0,0.06143790849673202,0.5717935466051116,0.35155092111651276
B4,122.0,0.060784313725490195,0.5579927447339869,0.3472859112604716
B4,123.0,0.061764705882352944,0.572587901400618,0.3513039424465834
B4,124.0,0.06143790849673202,0.5714717854613365,0.35168295494826507
B4,125.0,0.060784313725490195,0.5571764523379095,0.34661627180888543
B4,126.0,0.06045751633986928,0.5754715507463173,0.35167909374273654
B4,127.0,0.060784313725490195,0.5603273506857764,0.3481266028317595
B4,128.0,0.06045751633986928,0.5639599614476027,0.34892390081726093
B4,129.0,0.059803921568627454,0.5787556825131934,0.3531146434531848
B4,130.0,0.058823529411764705,0.5834285836375647,0.3539607700012307
B4,131.0,0.05849673202614379,0.5706459890310787,0.35135279000853187
B4,132.0,0.05816993464052288,0.573355750993583,0.351790144889612
B4,133.0,0.05784313725490196,0.5787411606624256,0.3533041351031263
B4,134.0,0.05784313725490196,0.5724135528710697,0.35194694291918455
B4,135.0,0.05718954248366013,0.577733791717968,0.3528390677030382
B5,1.0,1.0,1.0326033509105932,0.06928424190813352
B5,2.0,0.995049504950495,1.002868142505909,0.07900231141282836
B5,3.0,0.995049504950495,1.0538915052099234,0.04056987274326203
B5,4.0,0.9900990099009901,1.0550998582431192,0.04411899447399634
B5,5.0,0.9876237623762376,1.0559563007296726,0.04744158754164508
B5,6.0,0.9851485148514851,1.0536000620383814,0.046278330999185595
B5,7.0,0.9826732673267327,1.0535170876438478,0.04101754563714036
B5,8.0,0.9801980198019802,1.0490699362590445,0.04328436525116987
B5,9.0,0.9777227722772277,1.0473831501213877,0.04210175836020813
B5,10.0,0.9752475247524752,1.0524057196029861,0.046395177466303665
B5,11.0,0.9752475247524752,1.033050318827759,0.03281741279139301
B5,12.0,0.9727722772277227,1.0457562390787978,0.04762528995409694
B5,13.0,0.9702970297029703,1.046051305543391,0.04226909576924128
B5,14.0,0.9702970297029703,1.0495872255805694,0.044610858594048876
B5,15.0,0.9678217821782178,1.0458631336396804,0.043578418267702285
B5,16.0,0.9653465346534653,1.0426248953871666,0.040774359440387875
B5,17.0,0.9628712871287128,1.0493541006899851,0.03999175553485347
B5,18.0,0.9628712871287128,1.0499514494653086,0.046209479625746876
B5,19.0,0.9603960396039604,1.0328701969620768,0.03408576084155577
B5,20.0,0.9603960396039604,1.0414402676658954,0.04596047259245753
B5,21.0,0.9579207920792079,1.0303786573808884,0.03294453957161995
B5,22.0,0.9579207920792079,1.028569522105846,0.03356408590343111
B5,23.0,0.9579207920792079,1.0296597257733695,0.03722740713278001
B5,24.0,0.9554455445544554,1.0395674027437187,0.046663489560407743
B5,25.0,0.9529702970297029,1.0331730280992333,0.03308964363563705
B5,26.0,0.9554455445544554,1.031318467318548,0.033182779126868144
B5,27.0,0.9529702970297029,1.0305804967269203,0.03286899575106591
B5,28.0,0.9504950495049505,1.0395366117172955,0.04494903818697808
B5,29.0,0.9504950495049505,1.0419150790371208,0.04625543349692117
B5,30.0,0.948019801980198,1.042007455736792,0.04399357884317436
B5,31.0,0.948019801980198,1.0493172399423938,0.039271644139672865
B5,32.0,0.948019801980198,1.0442763140459315,0.04613806435374278
B5,33.0,0.948019801980198,1.0304417113854925,0.030979706847486937
B5,34.0,0.9455445544554455,1.0321644840410498,0.03418892306809475
B5,35.0,0.9455445544554455,1.0337494441846207,0.03340587622780804
B5,36.0,0.9455445544554455,1.032747362780075,0.032492605856538646
B5,37.0,0.943069306930693,1.0486831647636765,0.04348268463185653
B5,38.0,0.943069306930693,1.0251136612813974,0.03771544713562499
B5,39.0,0.943069306930693,1.049043830101627,0.044241177030325096
B5,40.0,0.9405940594059405,1.0482607478851478,0.04109649395389619
B5,41.0,0.9405940594059405,1.0452061591817565,0.04730027898416538
B5,42.0,0.9405940594059405,1.043428997207341,0.04520741208309559
B5,43.0,0.9405940594059405,1.0468200739302218,0.03685791586036232
B5,44.0,0.9405940594059405,1.044940782493001,0.04214865730082912
B5,45.0,0.9405940594059405,1.0516445148359266,0.041113449598991
B5,46.0,0.9381188118811881,1.0491835353141385,0.04125619008682083
B5,47.0,0.9381188118811881,1.0510233219488314,0.04267958740165739
B5,48.0,0.9381188118811881,1.0573557429018803,0.04376895705667713
B5,49.0,0.9381188118811881,1.0325026486270406,0.035489224908113896
B5,50.0,0.9381188118811881,1.0474734308991631,0.04561244550477656
B5,51.0,0.9356435643564357,1.0358736094694265,0.03286132723335582
B5,52.0,0.9381188118811881,1.0407215661659583,0.03511311741898338
B5,53.0,0.9356435643564357,1.0590964266622476,0.048565191831415826
B5,54.0,0.9356435643564357,1.0375647455246506,0.0322320492704944
B6,1.0,1.0,0.9979292292011385,0.10401060171420722
B6,2.0,0.9950738916256158,1.019912483011452,0.09164041451826102
B6,3.0,0.9926108374384236,1.0381282469981783,0.07711597727870938
B6,4.0,0.9901477832512315,1.0180117740088555,0.06549492503398385
B6,5.0,0.9876847290640394,1.011954426597951,0.06785857253628179
B6,6.0,0.9852216748768473,1.0044755207099987,0.06665128373676812
B6,7.0,0.9827586206896551,0.9835659076648733,0.05902729708378291
B6,8.0,0.9802955665024631,0.9642799782619592,0.06126725418724049
B6,9.0,0.9778325123152709,0.9938294409795149,0.05776818974343991
B6,10.0,0.9753694581280788,0.9370184975609684,0.059267591799481406
B6,11.0,0.9729064039408867,0.9425208866160404,0.057272142381228665
B6,12.0,0.9704433497536946,0.9389398093244113,0.05988698152381433
B6,13.0,0.9704433497536946,0.9779384403393299,0.05579230155860525
B6,14.0,0.9679802955665024,0.9285163275019719,0.05774184921616487
B6,15.0,0.9655172413793104,0.9382564692241123,0.056362554751941706
B6,16.0,0.9630541871921182,0.9406478280065799,0.05824164083463758
B6,17.0,0.9630541871921182,0.962570772536706,0.05599845313497805
B6,18.0,0.9630541871921182,0.9182749700427955,0.05764503778891428
B6,19.0,0.9605911330049262,0.9235136121280889,0.057261936930526725
B6,20.0,0.958128078817734,0.9568479133609072,0.05743971458493354
B6,21.0,0.958128078817734,0.9374398784301807,0.058179921551561715
B6,22.0,0.9556650246305419,0.9271202077247578,0.056165064311270836
B6,23.0,0.9556650246305419,0.9382530590387248,0.0578107731053593
B6,24.0,0.9532019704433498,0.9503356310053213,0.05577302357796281
B6,25.0,0.9532019704433498,0.934778832300835,0.05578224435220862
B6,26.0,0.9507389162561576,0.9231091904318054,0.05826878614698579
B6,27.0,0.9507389162561576,0.9351040621904861,0.05645965436385814
B6,28.0,0.9482758620689655,0.9491937612992694,0.055982212958019355
B6,29.0,0.9482758620689655,0.9290200127423925,0.05647936015123603
B6,30.0,0.9482758620689655,0.9537316919576604,0.056332482402711166
B6,31.0,0.9458128078817734,0.9493366759875248,0.054222094240520755
B6,32.0,0.9482758620689655,0.9659794256218963,0.0535210823567382
B6,33.0,0.9458128078817734,0.9434975612262363,0.05603999946531212
B6,34.0,0.9433497536945813,0.9414958010695466,0.05352577599407761
B6,35.0,0.9458128078817734,0.9580552220583137,0.053689631684318874
B6,36.0,0.9433497536945813,0.9369785226628072,0.05286403185579322
B6,37.0,0.9433497536945813,0.9463069049976423,0.05494490842888528
B6,38.0,0.9433497536945813,0.9542568174318529,0.05347569814146991
B6,39.0,0.9408866995073891,0.9528517193227619,0.054320716163975165
B6,40.0,0.9408866995073891,0.9547505406510888,0.053300635304923585
B6,41.0,0.9408866995073891,0.9119235694833502,0.054471414436509595
B6,42.0,0.9408866995073891,0.9557828423091681,0.053195139993661184
B6,43.0,0.9384236453201971,0.9297345934019683,0.052449835127229456
B6,44.0,0.9384236453201971,0.9447836709361126,0.05342351978216609
B6,45.0,0.9384236453201971,0.9355924130806557,0.05173843051113665
B6,46.0,0.9384236453201971,0.9492800308725112,0.053199058543293674
B6,47.0,0.9359605911330049,0.9478092437554364,0.05055950319890153
B6,48.0,0.9359605911330049,0.9028939105445921,0.056252804406573605
B6,49.0,0.9359605911330049,0.8935078360420337,0.052501532365224
B6,50.0,0.9359605911330049,0.9348910608452574,0.05303816769819094
B6,51.0,0.9359605911330049,0.9128251668611046,0.053733129553507085
B6,52.0,0.9359605911330049,0.8561600635336678,0.05478317546512711
B6,53.0,0.9334975369458128,0.8850482888985511,0.056863075499624466
B6,54.0,0.9334975369458128,0.9036384161860442,0.05404956282791424
