channel,cycle,y_true,y_pred,y_std
A1,1.0,1.0,1.0007334190927637,0.004124694742469414
A1,2.0,0.995049504950495,0.9948802157581742,0.003617948482612452
A1,3.0,0.9876237623762376,0.9906536485714386,0.003421385901678291
A1,4.0,0.9826732673267327,0.9831528619907646,0.003282653269538141
A1,5.0,0.9777227722772277,0.9806364926225938,0.0033567431905980054
A1,6.0,0.9727722772277227,0.9755369078565042,0.0032949635062681963
A1,7.0,0.9702970297029703,0.9710938676144711,0.0031714181177954484
A1,8.0,0.9678217821782178,0.9688923444108559,0.00321969972833876
A1,9.0,0.9653465346534653,0.9662911849872664,0.003184909819066519
A1,10.0,0.9603960396039604,0.9638924831087784,0.003130989173185095
A1,11.0,0.9579207920792079,0.9607427799019175,0.003220235196919403
A1,12.0,0.9554455445544554,0.9577641402691479,0.003211756437301398
A1,13.0,0.9529702970297029,0.9575267860486525,0.003140394619469837
A1,14.0,0.9529702970297029,0.952888599420596,0.003017841566576588
A1,15.0,0.9504950495049505,0.9525291470945035,0.0031679847741775393
A1,16.0,0.948019801980198,0.9502528542619516,0.0032822411812656674
A1,17.0,0.9455445544554455,0.9477605974678798,0.0031574344168814523
A1,18.0,0.9405940594059405,0.9461085881882676,0.0032879222784045373
A1,19.0,0.9405940594059405,0.9446869124818036,0.003194610348332055
A1,20.0,0.9405940594059405,0.9417852295939826,0.003169409427156999
A1,21.0,0.9381188118811881,0.939305516641082,0.0029859047362739326
A1,22.0,0.9381188118811881,0.939570653810653,0.0030498266362471065
A1,23.0,0.9381188118811881,0.9357044938138743,0.0030165194395983894
A1,24.0,0.9356435643564357,0.9355187999193284,0.003069819751150446
A1,25.0,0.9356435643564357,0.9346377062244435,0.003093371067106499
A1,26.0,0.9331683168316832,0.9323785880249488,0.0030434711705825007
A1,27.0,0.9331683168316832,0.9320618308904257,0.0029568194487982
A1,28.0,0.9306930693069307,0.9309584502575858,0.003039178483851505
A1,29.0,0.9306930693069307,0.9284859397902349,0.0030451535968873166
A1,30.0,0.9306930693069307,0.9281073394476058,0.0030665638670020826
A1,31.0,0.9282178217821783,0.9269161562147642,0.0032121961450692162
A1,32.0,0.9282178217821783,0.9268156476315877,0.0030890776945077802
A1,33.0,0.9257425742574258,0.922023752679813,0.003030144209620538
A1,34.0,0.9257425742574258,0.9229969358411239,0.0030272509824562904
A1,35.0,0.9232673267326733,0.9209111691135208,0.003157371050084537
A1,36.0,0.9232673267326733,0.9212909913094223,0.003160915072781728
A1,37.0,0.9232673267326733,0.922012747921437,0.0031104459021263583
A1,38.0,0.9207920792079208,0.9204378608899138,0.0032370293171215528
A1,39.0,0.9207920792079208,0.9195801167804287,0.0031206875382539185
A1,40.0,0.9207920792079208,0.9144916600704859,0.0031252841888999897
A1,41.0,0.9183168316831684,0.9143244039997112,0.0031820742331584153
A1,42.0,0.9183168316831684,0.9147985395082747,0.0031812578819127597
A1,43.0,0.9158415841584159,0.9140631667953734,0.0031403693896825346
A1,44.0,0.9158415841584159,0.9139702365537002,0.003092657047729592
A1,45.0,0.9158415841584159,0.9128516738073695,0.0032285107510695186
A1,46.0,0.9158415841584159,0.9136855902609837,0.003130921498754991
A1,47.0,0.9133663366336634,0.9107771350962757,0.003164712555319884
A1,48.0,0.9108910891089109,0.9085588184245499,0.0032558261701328196
A1,49.0,0.9108910891089109,0.9084814585128498,0.003184448234575479
A1,50.0,0.9108910891089109,0.9071849242429376,0.003135131242929517
A1,51.0,0.9108910891089109,0.9058977548547056,0.0032005191211540297
A1,52.0,0.9108910891089109,0.9058339356368039,0.003172465792573108
A1,53.0,0.9084158415841584,0.9040156814668455,0.0032164269051458247
A1,54.0,0.9084158415841584,0.9049146361518109,0.0031383285982099452
A1,55.0,0.905940594059406,0.9023277839297423,0.003200027527390022
A1,56.0,0.9034653465346535,0.9035837241321376,0.0032661870564868315
A1,57.0,0.9034653465346535,0.9004843252411638,0.0033551439667293087
A1,58.0,0.9034653465346535,0.9003916445915374,0.00327937175580822
A1,59.0,0.9034653465346535,0.8988561222327975,0.0032134430870916423
A1,60.0,0.9034653465346535,0.8955642949309207,0.003371445144381118
A1,61.0,0.9034653465346535,0.8988470772970281,0.0031722124875861665
A1,62.0,0.900990099009901,0.8942847765632761,0.003326490754075322
A1,63.0,0.900990099009901,0.8952692703187068,0.003287129594547689
A1,64.0,0.900990099009901,0.8948556519178983,0.003213445667200679
A1,65.0,0.8985148514851485,0.8919476289036827,0.0033398659091612402
A1,66.0,0.8985148514851485,0.8949550827414857,0.0031367533576659064
A1,67.0,0.8960396039603961,0.8927024517327287,0.003218435352227983
A1,68.0,0.8960396039603961,0.8918699781607872,0.0031625245488393437
A1,69.0,0.8960396039603961,0.8897176890903129,0.003173848785661805
A1,70.0,0.8960396039603961,0.8885656506993143,0.0031773668479698116
A1,71.0,0.8935643564356436,0.8879900072377271,0.0032334954489141657
A1,72.0,0.8960396039603961,0.8883204646006657,0.003165330436571305
A1,73.0,0.8935643564356436,0.8867512127316075,0.003170608734769114
A1,74.0,0.8935643564356436,0.8852529021113427,0.0031908872547046496
A1,75.0,0.8910891089108911,0.8842710798406765,0.00312753559907736
A1,76.0,0.8910891089108911,0.8824132589017006,0.0031666918340504785
A1,77.0,0.8886138613861386,0.8827138991116912,0.0032142620649800164
A1,78.0,0.8886138613861386,0.8799446236778923,0.0034025453346934994
A1,79.0,0.8886138613861386,0.8795913732444535,0.0033150457479189685
A1,80.0,0.8861386138613861,0.8804993421194415,0.0032861760164538977
A1,81.0,0.8861386138613861,0.878336911974794,0.003312082437897149
A1,82.0,0.8861386138613861,0.8775707046804285,0.00335019489092177
A1,83.0,0.8861386138613861,0.8775159031316911,0.003216936119515062
A1,84.0,0.8836633663366337,0.8780387356643734,0.0033525931065538465
A1,85.0,0.8836633663366337,0.8762263968570547,0.003195170612360178
A1,86.0,0.8836633663366337,0.8747235083523914,0.003210229691316325
A1,87.0,0.8836633663366337,0.8734263827536517,0.0031833397602433946
A1,88.0,0.8811881188118812,0.8755515272249323,0.0032007081307316326
A1,89.0,0.8811881188118812,0.8738442075269428,0.0031147767270186867
A1,90.0,0.8811881188118812,0.8729327546174195,0.0031615779081392713
A1,91.0,0.8787128712871287,0.8700505744518905,0.003282892200220426
A1,92.0,0.8787128712871287,0.871055942750425,0.0031616674712518474
A1,93.0,0.8787128712871287,0.8694030186122648,0.003307159592305839
A1,94.0,0.8762376237623762,0.8659002995673195,0.00330505122849267
A1,95.0,0.8762376237623762,0.8689429437593552,0.003282064050283543
A1,96.0,0.8737623762376238,0.8671401505886353,0.003331765329976082
A1,97.0,0.8737623762376238,0.8668709700827022,0.0033708052292105704
A1,98.0,0.8737623762376238,0.8660773776587696,0.0031390901416906733
A1,99.0,0.8737623762376238,0.864896715888624,0.0031560176625776617
A1,100.0,0.8737623762376238,0.8647990596170143,0.0031065843379035796
A1,101.0,0.8737623762376238,0.8627692108404829,0.003095609258183048
A1,102.0,0.8712871287128713,0.8621516621664858,0.003116026428656016
A1,103.0,0.8712871287128713,0.8613130641054833,0.0030764612944596953
A1,104.0,0.8712871287128713,0.8616230846025399,0.003039268173632038
A1,105.0,0.8688118811881188,0.8618177724385241,0.003056122393933365
A1,106.0,0.8712871287128713,0.8590516135522335,0.0030082518306145272
A1,107.0,0.8663366336633663,0.8602185107568441,0.003042102956875532
A1,108.0,0.8688118811881188,0.8577976466235789,0.003119106681901405
A1,109.0,0.8663366336633663,0.8562856282060372,0.0032236352287300903
A1,110.0,0.8663366336633663,0.8580546171036825,0.003006288917568093
A1,111.0,0.8663366336633663,0.8566887931427047,0.0030419038149335532
A1,112.0,0.8638613861386139,0.8567588617079801,0.003014833519641885
A1,113.0,0.8638613861386139,0.8529077115702433,0.0031040648806392743
A1,114.0,0.8638613861386139,0.8540357536742773,0.0030193999112717355
A1,115.0,0.8638613861386139,0.8545236303011152,0.0030627205171237784
A1,116.0,0.8613861386138614,0.8538968268552335,0.0030281414837631643
A1,117.0,0.8613861386138614,0.8547615381390974,0.0030447039119195288
A1,118.0,0.8613861386138614,0.8509637138505863,0.0030233381073090848
A1,119.0,0.8589108910891089,0.8516372848507858,0.003034538102790109
A1,120.0,0.8589108910891089,0.8517329250950126,0.0029691507787693583
A1,121.0,0.8589108910891089,0.8492257982134126,0.0029602548942194084
A1,122.0,0.8589108910891089,0.8477095699287868,0.002993581914041357
A1,123.0,0.8564356435643564,0.8478891773961819,0.003007658702919304
A1,124.0,0.8564356435643564,0.8480530085781155,0.002978668323600226
A1,125.0,0.8589108910891089,0.846208147653306,0.002919619287116043
A1,126.0,0.8514851485148515,0.8444933452968397,0.003148834843548193
A1,127.0,0.8539603960396039,0.8430538604242266,0.0031184020490935974
A1,128.0,0.8539603960396039,0.8448509016113936,0.0029043869516618133
A1,129.0,0.8514851485148515,0.8442770028901103,0.0029702303280441686
A1,130.0,0.8514851485148515,0.8421680705427943,0.003037275439000983
A1,131.0,0.849009900990099,0.8385282270844616,0.003204391796215614
A1,132.0,0.8514851485148515,0.8422099683598613,0.00295388994016387
A1,133.0,0.8514851485148515,0.8410802646581169,0.0029289169371666452
A1,134.0,0.8514851485148515,0.8374294892956243,0.002979653872057534
A1,135.0,0.8465346534653465,0.8372367361058157,0.0031309925880766538
A1,136.0,0.8465346534653465,0.8357383341712254,0.003023268956178932
A1,137.0,0.8465346534653465,0.8373575522296676,0.0029474773019668933
A1,138.0,0.8465346534653465,0.8354138298608154,0.00297994764716003
A1,139.0,0.844059405940594,0.8338159193995793,0.0030463566381101134
A1,140.0,0.844059405940594,0.8336083109608319,0.0029771174667553553
A1,141.0,0.8415841584158416,0.8314645897829025,0.0031707880993901492
A1,142.0,0.8415841584158416,0.829289182490093,0.0031544602595017213
A1,143.0,0.8415841584158416,0.8282627414810584,0.00306756780361741
A1,144.0,0.8391089108910891,0.8287329144051194,0.0031288802212678145
A1,145.0,0.8391089108910891,0.8265062471150616,0.002977754883357902
A1,146.0,0.8366336633663366,0.8275053301700779,0.0030597381779277778
A1,147.0,0.8366336633663366,0.8253537220871184,0.0030096515436822367
A1,148.0,0.8341584158415841,0.824810793166669,0.003103720212108044
A1,149.0,0.8366336633663366,0.8247170482329655,0.003018927821037812
A1,150.0,0.8366336633663366,0.8208935310679425,0.0029569218872574753
A1,151.0,0.8366336633663366,0.8204929245966239,0.0029877859149800745
A1,152.0,0.8341584158415841,0.8177988652919225,0.0030080108512950117
A1,153.0,0.8341584158415841,0.818422294631361,0.002935728649506592
A1,154.0,0.8316831683168316,0.8160421078597944,0.002967923347243492
A1,155.0,0.8292079207920792,0.8156036980193553,0.002991550038537501
A1,156.0,0.8292079207920792,0.8135696766638285,0.0029916288189852937
A1,157.0,0.8292079207920792,0.8124619395721582,0.003016734786088273
A1,158.0,0.8267326732673267,0.8117838617730663,0.0030766992679603406
A1,159.0,0.8267326732673267,0.8100874808203402,0.0031280978752274034
A1,160.0,0.8242574257425742,0.8118043082801037,0.0030480891343048523
A1,161.0,0.8242574257425742,0.8056329481127421,0.003040433305989614
A1,162.0,0.8242574257425742,0.8058808184652391,0.0031313850018444512
A1,163.0,0.8217821782178217,0.8060811602604077,0.0031182578969871848
A1,164.0,0.8168316831683168,0.8033817098502404,0.0030964359400785205
A1,165.0,0.8168316831683168,0.8032553773365934,0.003050117639030417
A1,166.0,0.8168316831683168,0.8021841047065217,0.00308385186321482
A1,167.0,0.8143564356435643,0.8018003233442852,0.0031200056525848043
A1,168.0,0.8118811881188119,0.7982398911023458,0.0030813694053412567
A1,169.0,0.8118811881188119,0.796155170194238,0.003187720574055662
A1,170.0,0.8094059405940595,0.793063870835087,0.0030983984901156334
A1,171.0,0.806930693069307,0.791626353818544,0.0030911442504703
A1,172.0,0.8044554455445545,0.7924665599469527,0.00327118890222508
A1,173.0,0.8044554455445545,0.7898673294350846,0.003098499654991336
A1,174.0,0.801980198019802,0.788857674992832,0.0031406000775377947
A1,175.0,0.801980198019802,0.7869340598893151,0.003099029098272933
A1,176.0,0.7995049504950495,0.7840898666007278,0.003131529790067581
A1,177.0,0.7995049504950495,0.7801916320113909,0.003108125514367334
A1,178.0,0.7970297029702971,0.7780253292427437,0.0031319429281237684
A1,179.0,0.7945544554455446,0.7785242951477167,0.003167194812126038
A1,180.0,0.7945544554455446,0.7749654157235019,0.003178577003207743
A1,181.0,0.7920792079207921,0.7741700507527332,0.0031716451176194943
A1,182.0,0.7896039603960396,0.770930159525782,0.003215821494698919
A1,183.0,0.7871287128712872,0.7697524015877143,0.0032248749953259098
A1,184.0,0.7846534653465347,0.7653927726707075,0.0032358580785169346
A1,185.0,0.7846534653465347,0.7603609786561278,0.003197943614635932
A1,186.0,0.7846534653465347,0.7599119412572262,0.0032925521935619033
A1,187.0,0.7772277227722773,0.7570238528958645,0.003273400917762364
A1,188.0,0.7772277227722773,0.7570606502013193,0.003407831575409879
A1,189.0,0.7772277227722773,0.75306757054048,0.003374142937652157
A1,190.0,0.7722772277227723,0.7496323089763085,0.0033920455524432407
A1,191.0,0.7722772277227723,0.7534603654615379,0.003599621668718715
A1,192.0,0.7698019801980198,0.7476934298867185,0.003689603836094355
A1,193.0,0.7673267326732673,0.7442153710227835,0.003529378303040513
A1,194.0,0.7623762376237624,0.740293662763121,0.0033208138437194165
A1,195.0,0.7623762376237624,0.7345997623263859,0.0034439459353019413
A1,196.0,0.7599009900990099,0.7350617277782061,0.0032615641562064954
A1,197.0,0.7574257425742574,0.7330009715160632,0.0034727671105755763
A1,198.0,0.754950495049505,0.7284910720600785,0.0035925483991620286
A1,199.0,0.754950495049505,0.7278537561901094,0.003965645676795959
A1,200.0,0.75,0.7257380574281058,0.003662105902296336
A1,201.0,0.7475247524752475,0.7213611495538684,0.003634817314034317
A1,202.0,0.7475247524752475,0.7215192568603921,0.003634838836988636
A1,203.0,0.7425742574257426,0.7128385961324415,0.003803555061856197
A1,204.0,0.7400990099009901,0.7088183517090555,0.003487554637893162
A1,205.0,0.7376237623762376,0.7070375660159177,0.0037860556200720254
A1,206.0,0.7351485148514851,0.7066963699709222,0.003518734261371355
A1,207.0,0.7277227722772277,0.7027890685249892,0.003745679843231376
A1,208.0,0.7301980198019802,0.6968462301533185,0.0038391333778608544
A1,209.0,0.7227722772277227,0.6961468735478193,0.0038824918266596267
A1,210.0,0.7277227722772277,0.6882662124312489,0.0038591400187592793
A1,211.0,0.7227722772277227,0.6876964542804399,0.004208100597329088
A1,212.0,0.7178217821782178,0.685197021194774,0.004127018913059632
A1,213.0,0.7128712871287128,0.6831529312540972,0.004115289388659986
A1,214.0,0.7153465346534653,0.6762337353558229,0.004100961106843464
A1,215.0,0.7079207920792079,0.6762459754901323,0.004096850957477234
A1,216.0,0.7079207920792079,0.6701594165302183,0.004343584554178105
A1,217.0,0.7029702970297029,0.671835357090983,0.004449497834125269
A1,218.0,0.7103960396039604,0.6654100830080989,0.004600624526603947
A1,219.0,0.7029702970297029,0.666456052095806,0.0043296219686269006
A1,220.0,0.7029702970297029,0.6643621568867949,0.004705534542516404
A1,221.0,0.7004950495049505,0.6603795933877802,0.004807787507284836
A1,222.0,0.698019801980198,0.6574536911429957,0.004442859587663178
A1,223.0,0.6955445544554455,0.6583603072391531,0.005332739696969935
A1,224.0,0.693069306930693,0.6541441744868459,0.005144241679347366
A1,225.0,0.6905940594059405,0.646968623753533,0.004902823630867861
A1,226.0,0.6905940594059405,0.6474307756094173,0.005263149101483637
A1,227.0,0.6856435643564357,0.6466836744461885,0.004938159551587861
A1,228.0,0.6856435643564357,0.6399114115759589,0.0054025469833801016
A1,229.0,0.6806930693069307,0.6376718883747968,0.005099763088386633
A1,230.0,0.6806930693069307,0.6350983958001073,0.005798559195014252
A1,231.0,0.6757425742574258,0.6298355114779973,0.005515201332426411
A1,232.0,0.6757425742574258,0.6268533502372498,0.005957571473957439
A1,233.0,0.6707920792079208,0.6306263646618134,0.006958706898374458
A1,234.0,0.6683168316831684,0.6248230814473169,0.005928259732835968
A1,235.0,0.6707920792079208,0.626983680228656,0.00722157997501661
A1,236.0,0.6633663366336634,0.6209545030990131,0.0060359947586253754
A1,237.0,0.6658415841584159,0.6161204734509843,0.006885719320358237
A1,238.0,0.6584158415841584,0.6103458876468517,0.007016688378980489
A1,239.0,0.655940594059406,0.600607349967288,0.007200212782245939
A1,240.0,0.650990099009901,0.5967976751107692,0.006554362031679954
A1,241.0,0.650990099009901,0.5938592652724043,0.006608951812399588
A1,242.0,0.6460396039603961,0.5891398662449986,0.007753919218466764
A1,243.0,0.6410891089108911,0.5855441623774036,0.007120190859359684
A1,244.0,0.6410891089108911,0.5799084368248927,0.007511112490326787
A1,245.0,0.6336633663366337,0.5775486772378688,0.007341322870961155
A1,246.0,0.6361386138613861,0.5759641036260607,0.007766441875531703
A1,247.0,0.6262376237623762,0.5677916483639116,0.007696713618986617
A1,248.0,0.6262376237623762,0.5594817119165691,0.008377967402062264
A1,249.0,0.6212871287128713,0.5572026836407292,0.008743626306477284
A1,250.0,0.6163366336633663,0.5474689771937038,0.008524412116492627
A1,251.0,0.6138613861386139,0.5464168926513062,0.009060029841288958
A1,252.0,0.6089108910891089,0.5393477357488596,0.009470082747484041
A1,253.0,0.6064356435643564,0.536195250860855,0.009888285320615312
A1,254.0,0.6014851485148515,0.529325930103965,0.009792144036872681
A1,255.0,0.6014851485148515,0.5231080953927372,0.010458411318645488
A1,256.0,0.5915841584158416,0.5200292914465314,0.010513568459775456
A1,257.0,0.5891089108910891,0.509877446917626,0.010347490557281703
A1,258.0,0.5816831683168316,0.500214283418002,0.01095158140534812
A1,259.0,0.5792079207920792,0.4935733369627451,0.011621693284389594
A1,260.0,0.5767326732673267,0.4827458578427255,0.011623496642375119
A1,261.0,0.5742574257425742,0.48288224249777273,0.01241140745363922
A1,262.0,0.5668316831683168,0.4753884680694707,0.01208149353434519
A1,263.0,0.5643564356435643,0.4655892218626409,0.013156548521864202
A1,264.0,0.556930693069307,0.4597502998973665,0.013228558889640626
A1,265.0,0.551980198019802,0.4536789712383745,0.013972099719400945
A1,266.0,0.5420792079207921,0.4419664732787201,0.01464073292957688
A1,267.0,0.5371287128712872,0.4294637555737117,0.0162842293160387
A2,1.0,1.0,0.9952160011998648,0.0037918395588296587
A2,2.0,0.9950372208436724,0.9906102824756686,0.0038395048913077968
A2,3.0,0.9875930521091811,0.9877274400630096,0.003526406321928773
A2,4.0,0.9826302729528535,0.9821320985150798,0.0034825783777721066
A2,5.0,0.9801488833746899,0.9762018402038489,0.0032804899839292663
A2,6.0,0.9751861042183623,0.9700590608110407,0.003549681138980374
A2,7.0,0.9702233250620348,0.9672938952274577,0.0034570503449536044
A2,8.0,0.967741935483871,0.965266864142774,0.0033174075852514494
A2,9.0,0.9652605459057072,0.9631018194911993,0.0034128525249992638
A2,10.0,0.9602977667493796,0.958223334546195,0.0034542293922350197
A2,11.0,0.9578163771712159,0.9540039816187172,0.003271928259688899
A2,12.0,0.9578163771712159,0.9526104031225135,0.0032865088938289475
A2,13.0,0.9553349875930521,0.9484511826707451,0.003598676676566858
A2,14.0,0.9528535980148883,0.9489316124796847,0.0035686395674754336
A2,15.0,0.9503722084367245,0.9420539383512253,0.0033990757416880626
A2,16.0,0.9478908188585607,0.9424093703771759,0.0034812536210161353
A2,17.0,0.9429280397022333,0.9400860519379839,0.003550490348971163
A2,18.0,0.9429280397022333,0.94023063810521,0.0036472027527854277
A2,19.0,0.9404466501240695,0.9368430522590663,0.003526997587710613
A2,20.0,0.9404466501240695,0.937829312438778,0.0034302663060332803
A2,21.0,0.9404466501240695,0.9392740901102321,0.0034827300875597054
A2,22.0,0.9379652605459057,0.9374284819836233,0.0036367084571785236
A2,23.0,0.9379652605459057,0.935603264567809,0.003851467447688511
A2,24.0,0.9354838709677419,0.9333125483982727,0.0034691532892172994
A2,25.0,0.9354838709677419,0.9300654248465212,0.0033674460547452054
A2,26.0,0.9330024813895782,0.9303982455066115,0.0035016784647605003
A2,27.0,0.9305210918114144,0.930377789745152,0.003534951159029739
A2,28.0,0.9305210918114144,0.9262029634816061,0.00340986274639717
A2,29.0,0.9305210918114144,0.9282064325333292,0.003782573913763623
A2,30.0,0.9305210918114144,0.9247875422411372,0.0036244711498967233
A2,31.0,0.9280397022332506,0.9231577022230364,0.0034232646477330196
A2,32.0,0.9255583126550868,0.922848854066949,0.0035092824048284297
A2,33.0,0.9255583126550868,0.9228129077264401,0.0034012162220029667
A2,34.0,0.9230769230769231,0.9231792797383271,0.0036778025124804044
A2,35.0,0.9230769230769231,0.9188632658629594,0.0035748867341131815
A2,36.0,0.9230769230769231,0.9169834421506967,0.003651511563149219
A2,37.0,0.9205955334987593,0.9166619766209394,0.0036881943973454388
A2,38.0,0.9205955334987593,0.9154585984950249,0.0036791847134772524
A2,39.0,0.9205955334987593,0.9150317152277436,0.00339457406175427
A2,40.0,0.9181141439205955,0.9144472965430062,0.0036969587685570645
A2,41.0,0.9181141439205955,0.9140321983984243,0.003628324097676677
A2,42.0,0.9156327543424317,0.9141187890593573,0.0035870007548493396
A2,43.0,0.9156327543424317,0.9103027971630264,0.0036452139068448063
A2,44.0,0.9156327543424317,0.9095197418540517,0.003673498446918707
A2,45.0,0.9156327543424317,0.9102145359183742,0.0034832348612969127
A2,46.0,0.913151364764268,0.9080156989853072,0.003470465394240017
A2,47.0,0.9106699751861043,0.9057636222288599,0.0036332584153224087
A2,48.0,0.9106699751861043,0.9064603986452286,0.0034930426650070933
A2,49.0,0.9106699751861043,0.9064977405469062,0.003437446556472635
A2,50.0,0.9106699751861043,0.9030032335387996,0.0036213422005537963
A2,51.0,0.9081885856079405,0.9015712766292445,0.00352492984450561
A2,52.0,0.9081885856079405,0.8999475165674913,0.003579053669229785
A2,53.0,0.9057071960297767,0.9001984588150685,0.0034572724394753124
A2,54.0,0.9057071960297767,0.8995357458167526,0.003509587409179043
A2,55.0,0.9032258064516129,0.898140405192281,0.0036291616291118075
A2,56.0,0.9032258064516129,0.8977377605607735,0.0034306742010851675
A2,57.0,0.9007444168734491,0.897213972404737,0.003477734180118448
A2,58.0,0.9032258064516129,0.895747528672696,0.003316522956047929
A2,59.0,0.9007444168734491,0.8940962308879261,0.0035742755959264324
A2,60.0,0.9007444168734491,0.8941011930632918,0.003620963750385858
A2,61.0,0.8982630272952854,0.8911989872011866,0.003548428562991654
A2,62.0,0.8982630272952854,0.8948937743458698,0.0035670946020512706
A2,63.0,0.8982630272952854,0.8912607914967391,0.003394619153077177
A2,64.0,0.8957816377171216,0.8908783140233671,0.0035538059527831767
A2,65.0,0.8982630272952854,0.8896150117228558,0.0032983734510012496
A2,66.0,0.8933002481389578,0.8866653980148357,0.0036219684317078007
A2,67.0,0.8933002481389578,0.8858395036928035,0.0034910587603511852
A2,68.0,0.8933002481389578,0.888370448415646,0.003293840010919566
A2,69.0,0.8933002481389578,0.8863756599840018,0.003254941420965185
A2,70.0,0.890818858560794,0.8858909076740248,0.003258171386664742
A2,71.0,0.8933002481389578,0.8857954114181875,0.00328506962218288
A2,72.0,0.890818858560794,0.8807705565731769,0.0035373489505133877
A2,73.0,0.8883374689826302,0.8806249522571679,0.0033385464908426
A2,74.0,0.8883374689826302,0.8803862840507835,0.0032477307040364085
A2,75.0,0.8883374689826302,0.8775318838472739,0.003239525825013029
A2,76.0,0.8858560794044665,0.8762400047249754,0.0032976430354839216
A2,77.0,0.8858560794044665,0.8792433026903158,0.0031844619314393917
A2,78.0,0.8858560794044665,0.8743332657342003,0.0032865844384033006
A2,79.0,0.8833746898263027,0.8776682844634275,0.0035385522222824398
A2,80.0,0.8833746898263027,0.8774218524060827,0.0035280855265192165
A2,81.0,0.8833746898263027,0.8757331217751512,0.00351001648100488
A2,82.0,0.8833746898263027,0.8735512494203816,0.0033646083591097236
A2,83.0,0.8808933002481389,0.8733808945485836,0.0031803195914084266
A2,84.0,0.8808933002481389,0.8727505058678746,0.003200147199248861
A2,85.0,0.8808933002481389,0.869090627175201,0.0032243683827714504
A2,86.0,0.8784119106699751,0.872040394892407,0.0032908247335987086
A2,87.0,0.8784119106699751,0.8698797191256706,0.0033006783973552863
A2,88.0,0.8759305210918115,0.8668027847221813,0.003302798729474831
A2,89.0,0.8759305210918115,0.8642288132602987,0.003264606467873138
A2,90.0,0.8759305210918115,0.8655305623775411,0.003221032592150131
A2,91.0,0.8759305210918115,0.8651955394449465,0.0032270898771695105
A2,92.0,0.8734491315136477,0.8615216451447172,0.003306660829635553
A2,93.0,0.8734491315136477,0.862353374307979,0.0035512159888347996
A2,94.0,0.8709677419354839,0.8612337497628809,0.00364999488712443
A2,95.0,0.8709677419354839,0.8589382868604524,0.003783010748292923
A2,96.0,0.8709677419354839,0.8613947049389743,0.0035985332393924404
A2,97.0,0.8734491315136477,0.8587046066055872,0.0031949095311895968
A2,98.0,0.8709677419354839,0.8618611383135852,0.0031808428532146384
A2,99.0,0.8684863523573201,0.8586050842506255,0.0032161432374532358
A2,100.0,0.8684863523573201,0.8578345396163759,0.003105122167490103
A2,101.0,0.8684863523573201,0.8587841352456568,0.0031193873217977867
A2,102.0,0.8684863523573201,0.8569379336229983,0.003051848795895539
A2,103.0,0.8660049627791563,0.8570012301853585,0.0032527314172146994
A2,104.0,0.8660049627791563,0.8536550865191772,0.0032489555851587084
A2,105.0,0.8660049627791563,0.8512418293213346,0.003170711772885958
A2,106.0,0.8635235732009926,0.8525383123687266,0.0031011706345103135
A2,107.0,0.8635235732009926,0.8489115660844693,0.0030663989552564947
A2,108.0,0.8610421836228288,0.850037414310699,0.0031359568239234833
A2,109.0,0.8635235732009926,0.8491320784487096,0.0030781356446860707
A2,110.0,0.8610421836228288,0.8483958650373805,0.003104338727217204
A2,111.0,0.8610421836228288,0.8483230809318882,0.0032439744387840366
A2,112.0,0.8610421836228288,0.8476427844110468,0.0031604571381888043
A2,113.0,0.858560794044665,0.8482126141280817,0.0032448650368972153
A2,114.0,0.858560794044665,0.8441395278537842,0.0033168200429208286
A2,115.0,0.858560794044665,0.8456347898534837,0.0031551898010718634
A2,116.0,0.8560794044665012,0.8429863429115345,0.003281186306005176
A2,117.0,0.8560794044665012,0.847067941940238,0.0032440532223219744
A2,118.0,0.8535980148883374,0.8444077140762126,0.003216317220344862
A2,119.0,0.8535980148883374,0.8437175995049873,0.0032998138550452104
A2,120.0,0.8535980148883374,0.8430154649439274,0.0031219823073710706
A2,121.0,0.8535980148883374,0.8414839642321442,0.0031363340947184086
A2,122.0,0.8511166253101737,0.8411001891391279,0.003115533495124549
A2,123.0,0.8511166253101737,0.8390846785259536,0.003116909210231813
A2,124.0,0.8511166253101737,0.8353267837234939,0.0031603289927402507
A2,125.0,0.8486352357320099,0.8366847538618143,0.003648107122794017
A2,126.0,0.8461538461538461,0.8367972855054145,0.003980507287205237
A2,127.0,0.8461538461538461,0.8371918502881243,0.0038347669702072777
A2,128.0,0.8486352357320099,0.8355609320927407,0.0032408273623557144
A2,129.0,0.8461538461538461,0.8325229955755342,0.003259764252828088
A2,130.0,0.8436724565756824,0.8330592382661702,0.0033747069544166728
A2,131.0,0.8461538461538461,0.8323757359005199,0.0034519945770702305
A2,132.0,0.8461538461538461,0.8276031783529835,0.003356146891562337
A2,133.0,0.8436724565756824,0.8300457401864041,0.0031958277623368456
A2,134.0,0.8411910669975186,0.8309328680183414,0.003586836551053981
A2,135.0,0.8411910669975186,0.8282705343580792,0.0034171356042269918
A2,136.0,0.8387096774193549,0.8318202846494411,0.0034553104660675245
A2,137.0,0.8387096774193549,0.8265057354453604,0.003490638715915516
A2,138.0,0.8387096774193549,0.8241613753012043,0.003400001927860509
A2,139.0,0.8362282878411911,0.8290494284852333,0.003462956878696431
A2,140.0,0.8362282878411911,0.8281210505538229,0.003367725791421643
A2,141.0,0.8337468982630273,0.8260969716116526,0.004475227222942787
A2,142.0,0.8362282878411911,0.8240308193872752,0.003421487912675135
A2,143.0,0.8362282878411911,0.8209325072462519,0.0035143551637379436
A2,144.0,0.8337468982630273,0.8167820826746641,0.0033641133198383803
A2,145.0,0.8312655086848635,0.8219664493485668,0.0034530235774319945
A2,146.0,0.8312655086848635,0.8206698440526861,0.003615306202889002
A2,147.0,0.8287841191066998,0.8162880855018788,0.0037443120317191114
A2,148.0,0.8287841191066998,0.8214513168713976,0.0035605027393867126
A2,149.0,0.8287841191066998,0.8156914247166318,0.003663522814451507
A2,150.0,0.8287841191066998,0.814930832245732,0.0037610350461192237
A2,151.0,0.826302729528536,0.8136559944849884,0.0037467347423123954
A2,152.0,0.826302729528536,0.8127255347370554,0.0036260885682114982
A2,153.0,0.8238213399503722,0.8103302250840635,0.003679430990629735
A2,154.0,0.8238213399503722,0.8089982658361006,0.00384697011004634
A2,155.0,0.8213399503722084,0.8068282816143546,0.0038283752208698265
A2,156.0,0.8213399503722084,0.8113496609992383,0.004039151690175598
A2,157.0,0.8213399503722084,0.8094904279541643,0.0037962892950271832
A2,158.0,0.8188585607940446,0.8116838535951048,0.0039654061595217685
A2,159.0,0.8163771712158809,0.8125140692425165,0.0037907080195472343
A2,160.0,0.8163771712158809,0.8080200779801123,0.004003404730351666
A2,161.0,0.8138957816377171,0.809468907735474,0.003929998683263621
A2,162.0,0.8138957816377171,0.809987236351319,0.00416884965164867
A2,163.0,0.8114143920595533,0.8069527061434336,0.004024584155888432
A2,164.0,0.8114143920595533,0.803128052881422,0.004150933455372177
A2,165.0,0.8089330024813896,0.8045453675604769,0.004128858655947999
A2,166.0,0.8064516129032258,0.8016430288138908,0.004307270618988451
A2,167.0,0.8064516129032258,0.8032461720383826,0.00407941592223087
A2,168.0,0.8039702233250621,0.8014297532161897,0.004069699723234293
A2,169.0,0.8014888337468983,0.7942929665766655,0.00450427275146154
A2,170.0,0.8014888337468983,0.7963700179967297,0.004209994946246159
A2,171.0,0.7990074441687345,0.7973022340741628,0.004387805929391606
A2,172.0,0.7965260545905707,0.795540460155684,0.00433492832493948
A2,173.0,0.7965260545905707,0.7907602396642749,0.004549652150658606
A2,174.0,0.794044665012407,0.7917717128285682,0.004630321768798631
A2,175.0,0.7915632754342432,0.7877247030870149,0.004650405795144587
A2,176.0,0.7915632754342432,0.7876674191400296,0.004613948209251936
A2,177.0,0.7890818858560794,0.7869402519886667,0.004672393321276013
A2,178.0,0.7866004962779156,0.7831174725956583,0.004980116895821509
A2,179.0,0.7866004962779156,0.7833840009587584,0.0052671729775248775
A2,180.0,0.7841191066997518,0.7799625478920216,0.0050813427474239795
A2,181.0,0.7816377171215881,0.7756969334989346,0.005052337496725516
A2,182.0,0.7791563275434243,0.7747695388041733,0.005164833334398777
A2,183.0,0.7766749379652605,0.7727775534282214,0.005311566231713561
A2,184.0,0.7741935483870968,0.7711834692314438,0.005353282127511536
A2,185.0,0.7741935483870968,0.7698251337401256,0.005536039615287735
A2,186.0,0.771712158808933,0.764631132927055,0.005815125774416512
A2,187.0,0.7667493796526055,0.7668605386847736,0.005347297890781749
A2,188.0,0.7642679900744417,0.763748993689102,0.0055891130173718545
A2,189.0,0.7617866004962779,0.7625395882421885,0.005882184831953042
A2,190.0,0.7593052109181141,0.7592361835423743,0.005697976509150808
A2,191.0,0.7568238213399504,0.7609465490537728,0.005977073423234003
A2,192.0,0.7568238213399504,0.7578765387148167,0.005909310997826878
A2,193.0,0.7518610421836228,0.7540173004734062,0.005931427911685606
A2,194.0,0.749379652605459,0.7519102132717373,0.006053920119051805
A2,195.0,0.749379652605459,0.7506834777163351,0.0062640572271101475
A2,196.0,0.7444168734491315,0.7488526421889689,0.006340517246522601
A2,197.0,0.7419354838709677,0.7427439277026718,0.006365261435780901
A2,198.0,0.739454094292804,0.741475126666424,0.006252906695002945
A2,199.0,0.7344913151364765,0.738758364814111,0.006580314962613351
A2,200.0,0.7320099255583127,0.7386430690265154,0.006561853398212561
A2,201.0,0.7295285359801489,0.7335917717874476,0.006541441526514551
A2,202.0,0.7270471464019851,0.7385062218913419,0.006881462217775217
A2,203.0,0.7245657568238213,0.7335216101481662,0.0071929743575017005
A2,204.0,0.7196029776674938,0.7317348394589795,0.007622813761705933
A2,205.0,0.71712158808933,0.7241806621696462,0.007376615919278194
A2,206.0,0.7121588089330024,0.7258201714552702,0.007919583673934822
A2,207.0,0.7146401985111662,0.7248287707296892,0.008267030253215988
A2,208.0,0.707196029776675,0.7182810929083064,0.0076050490714647595
A2,209.0,0.707196029776675,0.7169944090146448,0.007730846168256018
A2,210.0,0.6997518610421837,0.714890065454346,0.007784026138851617
A2,211.0,0.6972704714640199,0.7108485333389778,0.008241631094657326
A2,212.0,0.6923076923076923,0.708252991010987,0.008120811319814703
A2,213.0,0.6898263027295285,0.7027953516629177,0.008238892389811917
A2,214.0,0.6873449131513648,0.7031130445570819,0.008439655349428065
A2,215.0,0.684863523573201,0.6997515504160292,0.008321179606989675
A2,216.0,0.6823821339950372,0.6989315582515098,0.008050564483486658
A2,217.0,0.6823821339950372,0.695277032719278,0.008153825380995959
A2,218.0,0.6823821339950372,0.6962914632312449,0.008661147156940064
A2,219.0,0.6774193548387096,0.6945824193434911,0.008661963776087432
A2,220.0,0.674937965260546,0.6937412815920859,0.008491074777289678
A2,221.0,0.6724565756823822,0.6894229759750461,0.008660877326122304
A2,222.0,0.6699751861042184,0.6887416928896838,0.008714261400988299
A2,223.0,0.6674937965260546,0.677770120637239,0.008614401965465267
A2,224.0,0.6650124069478908,0.6845267299329919,0.00891428643662166
A2,225.0,0.6625310173697271,0.6813242374391645,0.008954308117573678
A2,226.0,0.6600496277915633,0.6793674475686671,0.008984395055413806
A2,227.0,0.6550868486352357,0.6765478567799822,0.009100402690082726
A2,228.0,0.6501240694789082,0.6762884292248131,0.009184427587872234
A2,229.0,0.6476426799007444,0.6717171138090836,0.009331157018843284
A2,230.0,0.6426799007444168,0.6705870204374518,0.009382451789302812
A2,231.0,0.6401985111662531,0.665991812837034,0.009537074250437608
A2,232.0,0.6377171215880894,0.6625322909592972,0.009643502381495295
A2,233.0,0.6327543424317618,0.6618551055450295,0.009479316587348055
A2,234.0,0.630272952853598,0.6514680398018005,0.00983118728219751
A2,235.0,0.6203473945409429,0.6542882828064552,0.010025453997205445
A2,236.0,0.6203473945409429,0.6549923928917846,0.010893758558442495
A2,237.0,0.6153846153846154,0.6494749526814534,0.010128792328448129
A2,238.0,0.607940446650124,0.6473587470575862,0.010931533373970733
A2,239.0,0.6029776674937966,0.6339588019838122,0.010431978747106345
A2,240.0,0.5955334987593052,0.640409316507035,0.011324147001594011
A2,241.0,0.5955334987593052,0.6347324974676297,0.011383987979107849
A2,242.0,0.5856079404466501,0.629655767150142,0.011546519678549623
A2,243.0,0.5831265508684863,0.6265477661771781,0.011538521550344896
A2,244.0,0.5732009925558312,0.62334097085706,0.012103446209763889
A2,245.0,0.5707196029776674,0.6197848474327576,0.011898890969182
A2,246.0,0.5583126550868487,0.6150872322809402,0.012639375244945947
A2,247.0,0.5558312655086849,0.6129868056883468,0.013346978652166715
A2,248.0,0.5459057071960298,0.5985395687064323,0.012951143173617142
A2,249.0,0.5359801488833746,0.6023045569331464,0.012943172253811825
A2,250.0,0.5359801488833746,0.5915187734673836,0.012717694642815207
A2,251.0,0.5260545905707196,0.5890080262778192,0.012711738902805306
A2,252.0,0.5210918114143921,0.5839057186325632,0.013179424099378854
A2,253.0,0.5161290322580645,0.5848915316145636,0.013688071351401283
A2,254.0,0.511166253101737,0.5764852795132656,0.014458355564325488
A2,255.0,0.4987593052109181,0.5805125859542145,0.014355181103527778
A2,256.0,0.49379652605459057,0.5735565267591646,0.013930320650068247
A2,257.0,0.48635235732009924,0.5676714408054117,0.013923457973417725
A2,258.0,0.4813895781637717,0.5604404036442263,0.013955754296752526
A2,259.0,0.47642679900744417,0.5584066791673079,0.014093299884016077
A2,260.0,0.46898263027295284,0.5520056953893843,0.014785375815937443
A2,261.0,0.46153846153846156,0.5571659460689155,0.015164565587005874
A2,262.0,0.456575682382134,0.5459180224894009,0.015295657733046827
A2,263.0,0.4491315136476427,0.5479050703333457,0.015946977896324092
A2,264.0,0.4441687344913151,0.5418875506794931,0.016035135789746663
A2,265.0,0.4292803970223325,0.5417892520786964,0.016953502961549155
A2,266.0,0.41935483870967744,0.5326537389455701,0.0174223878327145
A3,1.0,1.0,0.9596182479028283,0.009651132993320466
A3,2.0,0.9973753280839895,0.9536612543792036,0.009103634520871278
A3,3.0,0.994750656167979,0.9567030218370105,0.009205933136177123
A3,4.0,0.994750656167979,0.9527991655589123,0.009543170175469287
A3,5.0,0.9921259842519685,0.9530996639330769,0.00974020030495328
A3,6.0,0.9921259842519685,0.9544557245538552,0.009392155577296361
A3,7.0,0.989501312335958,0.9549075537545022,0.009596594892740873
A3,8.0,0.9868766404199475,0.9546180130809225,0.009902608131520784
A3,9.0,0.9868766404199475,0.9464619293022256,0.00990468839300472
A3,10.0,0.984251968503937,0.944842717521696,0.010170730316007922
A3,11.0,0.984251968503937,0.9472609362938125,0.009715739918713235
A3,12.0,0.9816272965879265,0.9409580380949518,0.010310598912772894
A3,13.0,0.9816272965879265,0.9439324617105873,0.01004827029923119
A3,14.0,0.9816272965879265,0.9437702611918027,0.010329563096320797
A3,15.0,0.979002624671916,0.9470953258859287,0.009948773031912104
A3,16.0,0.979002624671916,0.9451893115839365,0.00968562676887134
A3,17.0,0.9763779527559056,0.9383180825028805,0.009565149383045911
A3,18.0,0.973753280839895,0.9342932734340399,0.010327467252727667
A3,19.0,0.973753280839895,0.9348312191101902,0.010034706369194204
A3,20.0,0.973753280839895,0.9375512319215893,0.009232311413505435
A3,21.0,0.973753280839895,0.9388400652609342,0.009648407420682535
A3,22.0,0.973753280839895,0.9375668521099803,0.009248176805872477
A3,23.0,0.973753280839895,0.9402461694906478,0.009637398246877284
A3,24.0,0.9711286089238845,0.9413258362425859,0.009260346979995173
A3,25.0,0.9711286089238845,0.9346440383456476,0.009190078550777416
A3,26.0,0.968503937007874,0.9336349860742235,0.00947656984860592
A3,27.0,0.968503937007874,0.9352413944022322,0.009140076220376303
A3,28.0,0.9658792650918635,0.934927829622062,0.009297599029859178
A3,29.0,0.968503937007874,0.9327476826890326,0.010028733204684654
A3,30.0,0.9658792650918635,0.9383057826796481,0.009899290426985818
A3,31.0,0.9658792650918635,0.9402695169874105,0.009775790056015943
A3,32.0,0.963254593175853,0.9330347707593409,0.009167413435329968
A3,33.0,0.963254593175853,0.9296697234043894,0.009127870460121751
A3,34.0,0.9606299212598425,0.9232493300989562,0.009954621712740558
A3,35.0,0.963254593175853,0.9321029133783267,0.009360642776519058
A3,36.0,0.9606299212598425,0.9305347360780946,0.009932174877473736
A3,37.0,0.9606299212598425,0.9317216651441205,0.00939881848051886
A3,38.0,0.9606299212598425,0.924117152907038,0.00907413996407127
A3,39.0,0.958005249343832,0.9223656616942538,0.009588740048980098
A3,40.0,0.958005249343832,0.9206083318129477,0.009551492481224772
A3,41.0,0.958005249343832,0.9199587418976721,0.009557971257760223
A3,42.0,0.958005249343832,0.9254704270338118,0.009871929203377742
A3,43.0,0.9553805774278216,0.9290874552627675,0.009212650373787127
A3,44.0,0.9553805774278216,0.9240680327291879,0.00947342782117576
A3,45.0,0.952755905511811,0.9182272434148345,0.009157994858219465
A3,46.0,0.952755905511811,0.9179050636717878,0.009437667148390979
A3,47.0,0.952755905511811,0.9166803246456503,0.008976381674895197
A3,48.0,0.952755905511811,0.917059909509711,0.009571239502607666
A3,49.0,0.952755905511811,0.9196288687494624,0.010141671546134127
A3,50.0,0.952755905511811,0.9220881546348171,0.009781244984788074
A3,51.0,0.9501312335958005,0.9126195840539046,0.009461142957931556
A3,52.0,0.9501312335958005,0.911092321459898,0.00963492742912575
A3,53.0,0.94750656167979,0.9089118280063299,0.00974968020948208
A3,54.0,0.94750656167979,0.9076032021398047,0.009728280140793265
A3,55.0,0.94750656167979,0.9104866523252222,0.009265035801007135
A3,56.0,0.9422572178477691,0.9046530967697376,0.00933157014025907
A3,57.0,0.9448818897637795,0.9101120747839349,0.009385313903061769
A3,58.0,0.9448818897637795,0.9043575315910861,0.009467655178626432
A3,59.0,0.9448818897637795,0.9145893748066314,0.009149353177684413
A3,60.0,0.9422572178477691,0.9024789508782879,0.009512079046850764
A3,61.0,0.9422572178477691,0.9035559178885555,0.009068878317651123
A3,62.0,0.9422572178477691,0.905606313849572,0.009172018198884616
A3,63.0,0.9422572178477691,0.8996578126258665,0.009709707671309797
A3,64.0,0.9422572178477691,0.9079663109338889,0.00898843871714674
A3,65.0,0.9396325459317585,0.8974730167672422,0.009378311042684825
A3,66.0,0.9396325459317585,0.9065307128761585,0.009306633162884385
A3,67.0,0.937007874015748,0.9005909938820602,0.008962606165115603
A3,68.0,0.937007874015748,0.9081133253347597,0.008724970208747448
A3,69.0,0.937007874015748,0.9054215623861113,0.009165744649849162
A3,70.0,0.937007874015748,0.9018184363192494,0.008732903578197672
A3,71.0,0.9343832020997376,0.894791672473195,0.009274393912654944
A3,72.0,0.9343832020997376,0.9022735281031184,0.009384914763935012
A3,73.0,0.9343832020997376,0.9035893394020894,0.008846104570687737
A3,74.0,0.9343832020997376,0.9010663784808514,0.00943872706830353
A3,75.0,0.9343832020997376,0.9002392890218904,0.009196094135652354
A3,76.0,0.931758530183727,0.8991539642310236,0.009020467310311085
A3,77.0,0.931758530183727,0.8996270049069575,0.009092498928643545
A3,78.0,0.9291338582677166,0.8858569957081558,0.009603076516845195
A3,79.0,0.9291338582677166,0.8816632118246539,0.009973112058922156
A3,80.0,0.9291338582677166,0.886227653264586,0.0094069634644062
A3,81.0,0.9291338582677166,0.8947143888510556,0.009396459377861714
A3,82.0,0.9291338582677166,0.8971679027023478,0.009271324770426985
A3,83.0,0.926509186351706,0.8937357139639912,0.009369334272068765
A3,84.0,0.926509186351706,0.89376464508139,0.009327821615230221
A3,85.0,0.926509186351706,0.89406988288829,0.00942516653141269
A3,86.0,0.9238845144356955,0.8952445430316396,0.008859313366679786
A3,87.0,0.9238845144356955,0.8899416672733318,0.00936646996476329
A3,88.0,0.9212598425196851,0.8887676894020345,0.009840530745259047
A3,89.0,0.9212598425196851,0.891448152826664,0.009878146918033527
A3,90.0,0.9212598425196851,0.8914812363828737,0.009742445507383079
A3,91.0,0.9186351706036745,0.890221440578757,0.00978928198879918
A3,92.0,0.9186351706036745,0.8890159443474501,0.010452657892571288
A3,93.0,0.916010498687664,0.8673960524998925,0.011311760266192319
A3,94.0,0.9133858267716536,0.8697955615844206,0.011094999097310737
A3,95.0,0.9133858267716536,0.8653240774709308,0.011610355045058467
A3,96.0,0.916010498687664,0.8848982420432967,0.011020995644092136
A3,97.0,0.9133858267716536,0.88147225149675,0.0104877793321302
A3,98.0,0.910761154855643,0.8807403938345483,0.010234508429430352
A3,99.0,0.910761154855643,0.8806954504431355,0.010323452676266779
A3,100.0,0.910761154855643,0.8803209798502785,0.010459613868196948
A3,101.0,0.910761154855643,0.8817969223162346,0.010496816070735592
A3,102.0,0.9081364829396326,0.8809802172139376,0.010350975159624562
A3,103.0,0.9081364829396326,0.8796048036286236,0.010759764627777706
A3,104.0,0.9081364829396326,0.8778566961502842,0.01091178318609408
A3,105.0,0.905511811023622,0.8614547897465119,0.01147949857177505
A3,106.0,0.905511811023622,0.8761946016723974,0.010876300231283435
A3,107.0,0.9028871391076115,0.8644929061029607,0.011229189965349632
A3,108.0,0.905511811023622,0.8820095070122795,0.010638379085146423
A3,109.0,0.9028871391076115,0.8764520782695144,0.010569707022649082
A3,110.0,0.9028871391076115,0.8773317029930153,0.010618432790510668
A3,111.0,0.9028871391076115,0.8759228376829467,0.010779816954967885
A3,112.0,0.9002624671916011,0.8591122430424578,0.011610938721197952
A3,113.0,0.9002624671916011,0.8755673519499105,0.011221274438565031
A3,114.0,0.9002624671916011,0.8762950688236651,0.01058397136672757
A3,115.0,0.8976377952755905,0.8733337217371648,0.011126685081659619
A3,116.0,0.8976377952755905,0.8735071082839957,0.011039812632271412
A3,117.0,0.89501312335958,0.872144674955338,0.011009348825072637
A3,118.0,0.89501312335958,0.8713835614206392,0.011062867372241434
A3,119.0,0.89501312335958,0.8693683935513026,0.011106905905151643
A3,120.0,0.89501312335958,0.8750468276700443,0.010651317171213382
A3,121.0,0.89501312335958,0.8734825003777438,0.0111085269964856
A3,122.0,0.8923884514435696,0.8733387153149172,0.010602221019335568
A3,123.0,0.8923884514435696,0.8711815075356797,0.011252361028049405
A3,124.0,0.8923884514435696,0.8543681926370452,0.011969785041061354
A3,125.0,0.8871391076115486,0.8527330453975768,0.011792348513166592
A3,126.0,0.8871391076115486,0.8514681403055702,0.012320827964685675
A3,127.0,0.889763779527559,0.8705264023129464,0.011061245875411053
A3,128.0,0.8871391076115486,0.8658941947828169,0.011411397082648135
A3,129.0,0.884514435695538,0.8553939456149118,0.011285645554369474
A3,130.0,0.884514435695538,0.852505621586866,0.01161470386026563
A3,131.0,0.889763779527559,0.8711202458402708,0.010625476515110543
A3,132.0,0.8871391076115486,0.8548161955987402,0.01201059470200355
A3,133.0,0.884514435695538,0.8545832493010093,0.012025410538034817
A3,134.0,0.8818897637795275,0.843987418576179,0.012732261889276501
A3,135.0,0.8818897637795275,0.8618945362118433,0.011412981909929206
A3,136.0,0.8818897637795275,0.8667784618376828,0.01111621459266821
A3,137.0,0.8792650918635171,0.860934152680584,0.01107289903729984
A3,138.0,0.8792650918635171,0.8499122699834072,0.011924093315785322
A3,139.0,0.8792650918635171,0.8567562336306436,0.011684438527344541
A3,140.0,0.8792650918635171,0.8637648427422844,0.010810729783370178
A3,141.0,0.8792650918635171,0.8443535480301753,0.012707501782588667
A3,142.0,0.8818897637795275,0.8671678399074931,0.011640587239225581
A3,143.0,0.8766404199475065,0.8628545396317301,0.010907566684657454
A3,144.0,0.8766404199475065,0.8608161804330926,0.011436412410603843
A3,145.0,0.8766404199475065,0.8581268368439134,0.011313323111547206
A3,146.0,0.8740157480314961,0.865614196759488,0.011258313988854195
A3,147.0,0.8740157480314961,0.8594003421160565,0.010965581096930379
A3,148.0,0.8740157480314961,0.860411751018692,0.011220774879278292
A3,149.0,0.8740157480314961,0.8497557419428465,0.011663749632867109
A3,150.0,0.8713910761154856,0.8474379730847306,0.012092029090425897
A3,151.0,0.8713910761154856,0.8495398008270219,0.011690367291207869
A3,152.0,0.8713910761154856,0.8466527030646744,0.01209657711356306
A3,153.0,0.8713910761154856,0.8464121166948353,0.012378141773647423
A3,154.0,0.868766404199475,0.8485079916876278,0.01204141492776588
A3,155.0,0.868766404199475,0.8480384442317047,0.01197307590484963
A3,156.0,0.868766404199475,0.8510799057065633,0.011547837812922766
A3,157.0,0.868766404199475,0.8504441131684417,0.01155852382716003
A3,158.0,0.8661417322834646,0.841129251895693,0.007916611505937907
A3,159.0,0.863517060367454,0.838305948652572,0.00788501277689083
A3,160.0,0.863517060367454,0.8395989273319548,0.00817271862719734
A3,161.0,0.8661417322834646,0.8473111101727082,0.007517558116443133
A3,162.0,0.863517060367454,0.8365926471270052,0.008500769073067014
A3,163.0,0.8608923884514436,0.8388485840502206,0.008510627105692769
A3,164.0,0.8608923884514436,0.8380492637249137,0.008129408840977568
A3,165.0,0.8608923884514436,0.8355437185721792,0.008550928858469194
A3,166.0,0.8582677165354331,0.8363807507155072,0.008200223388906708
A3,167.0,0.8582677165354331,0.8361462581747547,0.007897785519627427
A3,168.0,0.8582677165354331,0.8429989830112585,0.007571203892503714
A3,169.0,0.8556430446194225,0.8337001438404846,0.008014206340460614
A3,170.0,0.8556430446194225,0.834768905392089,0.008303953101758028
A3,171.0,0.8556430446194225,0.8339835147270489,0.008751706939824551
A3,172.0,0.8530183727034121,0.8345513559106779,0.008505665732315454
A3,173.0,0.8530183727034121,0.8322662764544551,0.00873947296943263
A3,174.0,0.8503937007874016,0.8322388298677611,0.008494700132449167
A3,175.0,0.8503937007874016,0.8323852125477691,0.008374621876687863
A3,176.0,0.8503937007874016,0.8323323999309098,0.008249028576897107
A3,177.0,0.847769028871391,0.8299995563396627,0.00869056362160066
A3,178.0,0.847769028871391,0.8310271465802221,0.0085053436778503
A3,179.0,0.8451443569553806,0.8299840315380016,0.008928063275004207
A3,180.0,0.8451443569553806,0.8306186490050447,0.008555573345060734
A3,181.0,0.8451443569553806,0.8282746226902662,0.008509813005960105
A3,182.0,0.84251968503937,0.8261682203917965,0.008815209671014398
A3,183.0,0.84251968503937,0.8273334492109625,0.008904054958189501
A3,184.0,0.8398950131233596,0.8282828766778128,0.008772701547975091
A3,185.0,0.8398950131233596,0.8274793225598256,0.008754935261473433
A3,186.0,0.8372703412073491,0.8259017930407961,0.009245563844539124
A3,187.0,0.8372703412073491,0.8263037069401808,0.008820584788563188
A3,188.0,0.8372703412073491,0.8255618001424647,0.008804704879553595
A3,189.0,0.8346456692913385,0.8242755697738287,0.00872359988984897
A3,190.0,0.8346456692913385,0.8222451361242962,0.008822963845057277
A3,191.0,0.8320209973753281,0.8236072086206722,0.008737888066854207
A3,192.0,0.8320209973753281,0.8200537867180739,0.00901912083694074
A3,193.0,0.8320209973753281,0.8216366285976637,0.008829535755205923
A3,194.0,0.8293963254593176,0.8196211819929586,0.009015960477154488
A3,195.0,0.8267716535433071,0.8204461569754978,0.009134480473841938
A3,196.0,0.8267716535433071,0.8192334728466215,0.008925176372800575
A3,197.0,0.8267716535433071,0.8180711323017125,0.008726641276208986
A3,198.0,0.8241469816272966,0.8182060117748715,0.008633946984791663
A3,199.0,0.8241469816272966,0.8145781257214151,0.008852673908760867
A3,200.0,0.821522309711286,0.8146674597198049,0.008981717632465159
A3,201.0,0.821522309711286,0.8148646924583753,0.009131909170439252
A3,202.0,0.8188976377952756,0.8096238038306527,0.01025778456026529
A3,203.0,0.821522309711286,0.812066611955637,0.009819787604754542
A3,204.0,0.8136482939632546,0.8067441195743866,0.010999139990265774
A3,205.0,0.8162729658792651,0.8081067157903801,0.010246033570001702
A3,206.0,0.8110236220472441,0.8052183901160643,0.01044281360574396
A3,207.0,0.8162729658792651,0.802483990301964,0.010892332114109548
A3,208.0,0.8083989501312336,0.8121961310003433,0.009335588853718484
A3,209.0,0.8110236220472441,0.8008842106443519,0.010779017138115436
A3,210.0,0.8031496062992126,0.8017357720403029,0.010120923706927092
A3,211.0,0.8031496062992126,0.8007852699735932,0.011007338529715442
A3,212.0,0.800524934383202,0.8021401071448355,0.010770051975803833
A3,213.0,0.8031496062992126,0.8067658290118034,0.01033809810609806
A3,214.0,0.7979002624671916,0.7961246663005361,0.010460249881173157
A3,215.0,0.800524934383202,0.8034534309217146,0.009817398248177806
A3,216.0,0.7926509186351706,0.7966385619477365,0.01028639547977913
A3,217.0,0.7979002624671916,0.7962866780992077,0.010290221071692194
A3,218.0,0.7926509186351706,0.7917530582846414,0.010791788780650048
A3,219.0,0.7952755905511811,0.7985424866942274,0.009884852629604783
A3,220.0,0.7874015748031497,0.7922415939479874,0.010690582687323208
A3,221.0,0.7874015748031497,0.7944803762933353,0.010496874786892063
A3,222.0,0.7847769028871391,0.7907117790710719,0.010556646308763228
A3,223.0,0.7821522309711286,0.7922793598608322,0.010214913467182866
A3,224.0,0.7795275590551181,0.7864783573246793,0.010495818141955791
A3,225.0,0.7821522309711286,0.7956761464518984,0.009951680305472825
A3,226.0,0.7769028871391076,0.7849495653254253,0.010708405317537854
A3,227.0,0.7769028871391076,0.7928092875934847,0.009899012425392754
A3,228.0,0.7716535433070866,0.7847751572126542,0.010681438493121281
A3,229.0,0.7716535433070866,0.794299256869054,0.010149087016300224
A3,230.0,0.7664041994750657,0.7803327277957789,0.010726934952952068
A3,231.0,0.7664041994750657,0.7907180597823122,0.010174434254009018
A3,232.0,0.7611548556430446,0.7772934296454139,0.010901234919171025
A3,233.0,0.7611548556430446,0.780722312764948,0.010483490940318583
A3,234.0,0.7559055118110236,0.7774756622487389,0.010426999618913711
A3,235.0,0.7559055118110236,0.779479944043873,0.01080430581938107
A3,236.0,0.7506561679790026,0.7744122618586596,0.010834728863152863
A3,237.0,0.7480314960629921,0.7757667450259291,0.010780678119405208
A3,238.0,0.7427821522309711,0.7694405072351637,0.011242519415946471
A3,239.0,0.7427821522309711,0.7801402731677389,0.011131122326248093
A3,240.0,0.7349081364829396,0.7643741590213474,0.011736483150774434
A3,241.0,0.7349081364829396,0.7710835432558674,0.011668151553128015
A3,242.0,0.7296587926509186,0.7665179011216887,0.011052757079110017
A3,243.0,0.7296587926509186,0.7677204221487297,0.01152713520127038
A3,244.0,0.7217847769028871,0.7580090707094351,0.011931791933382528
A3,245.0,0.7217847769028871,0.7652852474988024,0.011980013915967024
A3,246.0,0.7139107611548556,0.7555516940290921,0.012060792394352276
A3,247.0,0.7139107611548556,0.754854273439966,0.012517594218366694
A3,248.0,0.7086614173228346,0.7562213649004749,0.012864179389708826
A3,249.0,0.7034120734908137,0.7459339786622637,0.011920285463514162
A3,250.0,0.7007874015748031,0.7523914396441844,0.012110764837066816
A3,251.0,0.6955380577427821,0.7461736829730536,0.01192584635471652
A3,252.0,0.6929133858267716,0.7588798660661761,0.011820924788670806
A3,253.0,0.6876640419947506,0.7399033606446649,0.012325577192520129
A3,254.0,0.6850393700787402,0.7422231383953999,0.013362538285712138
A3,255.0,0.6771653543307087,0.7331949265736827,0.012621563809472958
A3,256.0,0.6745406824146981,0.7490885505605377,0.012199784229040786
A3,257.0,0.6692913385826772,0.740320084764901,0.011714290056110827
A3,258.0,0.6666666666666666,0.7390338134400719,0.012401825523094736
A3,259.0,0.6614173228346457,0.7259726763889303,0.012381169809473735
A3,260.0,0.6587926509186351,0.728497388621081,0.012229623025426052
A3,261.0,0.6509186351706037,0.7153605336406889,0.01313696742882727
A3,262.0,0.6482939632545932,0.72344043380277,0.013040911099240575
A3,263.0,0.6430446194225722,0.7107986643852331,0.013359915313559364
A3,264.0,0.6404199475065617,0.710712712435149,0.014671576483661667
A3,265.0,0.6325459317585301,0.7184211163900699,0.013518765082120599
A3,266.0,0.6220472440944882,0.6973333827031968,0.014023560066664284
A4,1.0,1.0,1.0311228826750949,0.0108357180409564
A4,2.0,0.9925187032418953,1.0299334563662097,0.009097976711445676
A4,3.0,0.9875311720698254,1.0248573713469595,0.00779149956400493
A4,4.0,0.9825436408977556,1.0157224466402204,0.007057548598636389
A4,5.0,0.9775561097256857,1.016286084506891,0.006854551454943034
A4,6.0,0.972568578553616,1.015294244848012,0.006739869570084514
A4,7.0,0.9675810473815462,1.0121384825130861,0.006656574516949858
A4,8.0,0.9625935162094763,1.0113420222031195,0.006406644858933453
A4,9.0,0.9600997506234414,1.0081228184520212,0.006661401301335279
A4,10.0,0.9576059850374065,1.0040450107826198,0.006330661452064951
A4,11.0,0.9551122194513716,0.9969674123693959,0.006703559002409763
A4,12.0,0.9526184538653366,0.9976258261178758,0.006602929454975408
A4,13.0,0.9476309226932669,1.0000356844128762,0.0063967248972395556
A4,14.0,0.9476309226932669,0.9977710096249489,0.006259486508790297
A4,15.0,0.942643391521197,0.9967460054344092,0.006414916051015938
A4,16.0,0.942643391521197,0.9953777102930055,0.00648068321970955
A4,17.0,0.940149625935162,0.9948503784745808,0.006628125809073193
A4,18.0,0.940149625935162,0.9857229584011016,0.006593256571673284
A4,19.0,0.9376558603491272,0.9860771398896919,0.006660509893758487
A4,20.0,0.9351620947630923,0.9797825357975618,0.006638292787981286
A4,21.0,0.9351620947630923,0.9831647814224204,0.006245678113118322
A4,22.0,0.9326683291770573,0.9831699637667348,0.006040797327901823
A4,23.0,0.9326683291770573,0.9810895775569899,0.006123733187435033
A4,24.0,0.9301745635910225,0.9810248081429254,0.006153397341180047
A4,25.0,0.9276807980049875,0.9780847148803001,0.006080026100743607
A4,26.0,0.9276807980049875,0.972630422070099,0.0060946532031166
A4,27.0,0.9276807980049875,0.9669538716577374,0.006231560592282202
A4,28.0,0.9251870324189526,0.9678241258357639,0.006286633026631581
A4,29.0,0.9251870324189526,0.9729474113257321,0.005966245588191923
A4,30.0,0.9226932668329177,0.9705835858376746,0.006002116261686107
A4,31.0,0.9226932668329177,0.9719953240347892,0.00586560344046719
A4,32.0,0.9201995012468828,0.9706544772360097,0.00582810936123764
A4,33.0,0.9201995012468828,0.9654929149278587,0.005700806714112593
A4,34.0,0.9201995012468828,0.9597979754343291,0.006120158361015249
A4,35.0,0.9177057356608479,0.9614797071195769,0.005910035596687852
A4,36.0,0.9152119700748129,0.9644656281490827,0.005866263615245611
A4,37.0,0.9152119700748129,0.9633095353484274,0.005870837278937234
A4,38.0,0.9152119700748129,0.9629934371722404,0.005747588685037226
A4,39.0,0.912718204488778,0.9632726301944385,0.0056156413380623275
A4,40.0,0.9152119700748129,0.9540502566751208,0.005883486456502566
A4,41.0,0.912718204488778,0.9518325097798801,0.005920724681325153
A4,42.0,0.912718204488778,0.9519750011163048,0.005923103444617834
A4,43.0,0.9102244389027432,0.956531017241252,0.00561754512870467
A4,44.0,0.9077306733167082,0.9586507360353373,0.005686095572938308
A4,45.0,0.9077306733167082,0.9547286805739765,0.005536656463878891
A4,46.0,0.9077306733167082,0.9527765887396759,0.005703394423722234
A4,47.0,0.9077306733167082,0.9468128048826868,0.005680363178322457
A4,48.0,0.9077306733167082,0.9449112449789889,0.005568063271826897
A4,49.0,0.9052369077306733,0.9482081305097192,0.0054070510934672
A4,50.0,0.9052369077306733,0.9464900356591821,0.005453635268075916
A4,51.0,0.9027431421446384,0.9461640855137238,0.005438028887542996
A4,52.0,0.9027431421446384,0.9456845206359592,0.00539436839661269
A4,53.0,0.9027431421446384,0.9416249388101864,0.0052057513632934906
A4,54.0,0.9002493765586035,0.9453132067297438,0.0053355785691645025
A4,55.0,0.9002493765586035,0.9385100125481552,0.005443555195694504
A4,56.0,0.9002493765586035,0.9360790572829172,0.005293809168037487
A4,57.0,0.9002493765586035,0.9363930430395601,0.005282027842358534
A4,58.0,0.8977556109725686,0.9414752461351895,0.005082353465105442
A4,59.0,0.8952618453865336,0.9402157153245307,0.005361652098764437
A4,60.0,0.8977556109725686,0.9358382258782725,0.0050466738291185175
A4,61.0,0.8952618453865336,0.9364000017570147,0.005348006421810954
A4,62.0,0.8952618453865336,0.9308506072129574,0.005486538714461003
A4,63.0,0.8927680798004988,0.9344856344026664,0.005217686229904362
A4,64.0,0.8927680798004988,0.9294610433267161,0.0052583475126670885
A4,65.0,0.8902743142144638,0.9316460729333429,0.005131171040705748
A4,66.0,0.8902743142144638,0.9309246948802887,0.005316455667629173
A4,67.0,0.8902743142144638,0.9291477473931371,0.005057220685029738
A4,68.0,0.8877805486284289,0.9298348535027705,0.00511276109202304
A4,69.0,0.8877805486284289,0.9287611227342372,0.005078977106633785
A4,70.0,0.8877805486284289,0.9237404804784853,0.004891215285858229
A4,71.0,0.885286783042394,0.9250081182639996,0.005123704883449957
A4,72.0,0.885286783042394,0.9268092234557772,0.0051663908126020905
A4,73.0,0.885286783042394,0.9248353822377532,0.005092241777033461
A4,74.0,0.8827930174563591,0.9222345879889685,0.005059341874384158
A4,75.0,0.8827930174563591,0.9224881840718868,0.0052668340592505174
A4,76.0,0.8802992518703242,0.9219540761607725,0.005057158964597119
A4,77.0,0.8802992518703242,0.9180541746383489,0.005147633289195192
A4,78.0,0.8802992518703242,0.9155737198090503,0.004919782301705378
A4,79.0,0.8802992518703242,0.9063827338271404,0.0049683375778022945
A4,80.0,0.8802992518703242,0.9069651903386322,0.005048107195753366
A4,81.0,0.8778054862842892,0.907069031390864,0.004909191456257293
A4,82.0,0.8753117206982544,0.912856341464809,0.0049839544266488504
A4,83.0,0.8753117206982544,0.9116864253546555,0.0050175481455151565
A4,84.0,0.8728179551122195,0.9108217245054024,0.005003722053738516
A4,85.0,0.8728179551122195,0.9100916985939611,0.005136590646641693
A4,86.0,0.8728179551122195,0.907621349462002,0.005188508399296842
A4,87.0,0.8703241895261845,0.9066124765126152,0.005232709646833191
A4,88.0,0.8703241895261845,0.9048975289261736,0.005058935241527364
A4,89.0,0.8678304239401496,0.9038003451019436,0.005118862573608417
A4,90.0,0.8678304239401496,0.9028056742603703,0.005020915968125513
A4,91.0,0.8653366583541147,0.9032591189978416,0.005042992570773892
A4,92.0,0.8653366583541147,0.9020964883166668,0.005259766593202087
A4,93.0,0.8653366583541147,0.8958209384734421,0.005078408343752414
A4,94.0,0.8653366583541147,0.892773625852943,0.0052105107929331755
A4,95.0,0.8628428927680798,0.8882379337690219,0.005101787755805335
A4,96.0,0.8628428927680798,0.8954762050797254,0.005368939745732885
A4,97.0,0.8603491271820449,0.893139006667155,0.005384236672666364
A4,98.0,0.85785536159601,0.8921987518974996,0.00540074993394448
A4,99.0,0.85785536159601,0.8914549023264734,0.005367184394347346
A4,100.0,0.8553615960099751,0.8877052169999937,0.005415845464137958
A4,101.0,0.8553615960099751,0.8871433876630956,0.00545343009914453
A4,102.0,0.8528678304239401,0.8839372439280133,0.005221871540199294
A4,103.0,0.8528678304239401,0.8828978758017387,0.005549235974348107
A4,104.0,0.8503740648379052,0.8800138733430788,0.005626514380676295
A4,105.0,0.8503740648379052,0.8768204403676981,0.00596078405119396
A4,106.0,0.8503740648379052,0.8756693176736006,0.00557778051200079
A4,107.0,0.8478802992518704,0.8756676470348719,0.005903152033025753
A4,108.0,0.8478802992518704,0.8699215112525475,0.006000036960888615
A4,109.0,0.8428927680798005,0.8693078992012199,0.005962025097407428
A4,110.0,0.8428927680798005,0.8681455695484978,0.006013247287465286
A4,111.0,0.8428927680798005,0.8616760052001299,0.005997666447525374
A4,112.0,0.8379052369077307,0.8610353847188498,0.0063073095210464175
A4,113.0,0.8379052369077307,0.8576519165427532,0.006401036686300053
A4,114.0,0.8354114713216958,0.8524797741489806,0.006666349756742714
A4,115.0,0.8329177057356608,0.8535239381674666,0.006772827401045572
A4,116.0,0.830423940149626,0.8498200871047397,0.006828963799184583
A4,117.0,0.830423940149626,0.8456861688772799,0.0069261756271405735
A4,118.0,0.827930174563591,0.8435726457473296,0.006955009278671822
A4,119.0,0.8254364089775561,0.842833203760006,0.00706318536388984
A4,120.0,0.8254364089775561,0.839294211699212,0.006985648638551063
A4,121.0,0.8229426433915212,0.8350114110461107,0.007305506467150227
A4,122.0,0.8229426433915212,0.8336670200784582,0.007374786769971037
A4,123.0,0.8204488778054863,0.8320669335335901,0.007497917456868864
A4,124.0,0.8204488778054863,0.8285950615143479,0.007238647976439614
A4,125.0,0.8204488778054863,0.8247293352468626,0.007403712028727535
A4,126.0,0.8254364089775561,0.8150889133825745,0.0077760195509723315
A4,127.0,0.8179551122194514,0.8175861445921506,0.0074472547059688185
A4,128.0,0.8179551122194514,0.8149708237178981,0.007514473609829286
A4,129.0,0.8179551122194514,0.8145910150792387,0.007593706078848301
A4,130.0,0.8179551122194514,0.8092737208629273,0.0078017125866498725
A4,131.0,0.8179551122194514,0.8078711287385189,0.007799251883238208
A4,132.0,0.8129675810473815,0.8100766836772879,0.007874196005121807
A4,133.0,0.8104738154613467,0.8121877223929486,0.008151700734065752
A4,134.0,0.8079800498753117,0.8112576671241034,0.008480798080119346
A4,135.0,0.8129675810473815,0.799235402096749,0.007891977349221346
A4,136.0,0.8104738154613467,0.799831358836504,0.008042686478739222
A4,137.0,0.8054862842892768,0.8029581435956845,0.007770654771763951
A4,138.0,0.8054862842892768,0.8018199041196088,0.007823073896915306
A4,139.0,0.8054862842892768,0.7988764521796695,0.007660498859716521
A4,140.0,0.8029925187032418,0.7970446116804804,0.00751573942622486
A4,141.0,0.8104738154613467,0.7888414993730399,0.00793386202458864
A4,142.0,0.8054862842892768,0.7940756596515877,0.007910713899652817
A4,143.0,0.800498753117207,0.7933620314421899,0.0074618000563366396
A4,144.0,0.800498753117207,0.7899875979934989,0.007690581947707313
A4,145.0,0.800498753117207,0.7860528992868021,0.007400461795414185
A4,146.0,0.7980049875311721,0.7841321779975968,0.007686300347380734
A4,147.0,0.7980049875311721,0.7874506748474741,0.007650531275944365
A4,148.0,0.7980049875311721,0.7828960834365198,0.007804304630891017
A4,149.0,0.7955112219451371,0.7825961751530761,0.007569200207953131
A4,150.0,0.7930174563591023,0.7814891695462312,0.007500734126491817
A4,151.0,0.7930174563591023,0.779289116444229,0.007428264652114838
A4,152.0,0.7905236907730673,0.7812234246072838,0.007636921309083812
A4,153.0,0.7905236907730673,0.7776803738548043,0.007707513202415671
A4,154.0,0.7880299251870324,0.7771826609929013,0.007757716953279262
A4,155.0,0.7880299251870324,0.7755710381044385,0.007794128065251587
A4,156.0,0.7855361596009975,0.7732368586907205,0.0076098926735744836
A4,157.0,0.7855361596009975,0.7712722000662069,0.007642717152632
A4,158.0,0.7805486284289277,0.7715888130168955,0.008089903994239889
A4,159.0,0.7805486284289277,0.7697527588212096,0.007788589293644003
A4,160.0,0.7830423940149626,0.7621853106413449,0.00782353070150696
A4,161.0,0.7780548628428927,0.7633013347501385,0.007794343826488523
A4,162.0,0.7755610972568578,0.7647754575730552,0.008256263624520416
A4,163.0,0.7755610972568578,0.7608860615871869,0.007713508929102114
A4,164.0,0.773067331670823,0.7597811214058746,0.007886707939585654
A4,165.0,0.770573566084788,0.7576201669325883,0.00794422511993312
A4,166.0,0.770573566084788,0.7570230290498539,0.007830694618571336
A4,167.0,0.7680798004987531,0.755001131994431,0.007887222787032503
A4,168.0,0.7680798004987531,0.7561071417703442,0.007895985188412651
A4,169.0,0.7655860349127181,0.7532124089810269,0.008057732032408133
A4,170.0,0.7630922693266833,0.7489763318949655,0.0078420353297772
A4,171.0,0.7630922693266833,0.7458474282379894,0.00795880299592954
A4,172.0,0.7605985037406484,0.7441792262649861,0.007997904612554658
A4,173.0,0.7581047381546134,0.7452358611909623,0.00785777733702087
A4,174.0,0.7556109725685786,0.7443126886943086,0.008077623739184919
A4,175.0,0.7531172069825436,0.738467643606319,0.008091068525886164
A4,176.0,0.7531172069825436,0.7353578062313286,0.007990305565388886
A4,177.0,0.7506234413965087,0.7373678188597415,0.007984892991999185
A4,178.0,0.7481296758104738,0.7323471555332426,0.007997303729380964
A4,179.0,0.7481296758104738,0.7303419806745793,0.00806254256910448
A4,180.0,0.7456359102244389,0.725951144049894,0.008109318902607209
A4,181.0,0.743142144638404,0.7293428095892693,0.008204823507000686
A4,182.0,0.7406483790523691,0.7225502981108575,0.008202644799391697
A4,183.0,0.7381546134663342,0.723445282160593,0.008253461947742752
A4,184.0,0.7356608478802993,0.719182458667125,0.00824683500795113
A4,185.0,0.7331670822942643,0.7138880028423744,0.008376429322884387
A4,186.0,0.7306733167082294,0.7148268906499619,0.008357235970886225
A4,187.0,0.7306733167082294,0.7113755507445029,0.00836716059294475
A4,188.0,0.7281795511221946,0.7043948927641205,0.008482734521412828
A4,189.0,0.7256857855361596,0.7018740921491908,0.008465442186213725
A4,190.0,0.7231920199501247,0.7002600504155632,0.008545513745877484
A4,191.0,0.7206982543640897,0.7008374621703005,0.008646049494305775
A4,192.0,0.7182044887780549,0.6933801587917565,0.008553667488319735
A4,193.0,0.71571072319202,0.6901270690616031,0.008784719187191294
A4,194.0,0.713216957605985,0.6893103094095354,0.008741886846758973
A4,195.0,0.7107231920199502,0.6822340066679279,0.008736429508992602
A4,196.0,0.7082294264339152,0.6833057784333494,0.008994767267466551
A4,197.0,0.7057356608478803,0.6741711256943053,0.008885447140658585
A4,198.0,0.7007481296758105,0.6754385294529379,0.00924329980800303
A4,199.0,0.6982543640897756,0.6667009636292305,0.009273074160855262
A4,200.0,0.6957605985037406,0.6630142362019883,0.009159362392514712
A4,201.0,0.6907730673316709,0.6614440698695467,0.009779145197809255
A4,202.0,0.6907730673316709,0.6484964299908007,0.009835439509715166
A4,203.0,0.683291770573566,0.6509936794359507,0.010279579876456914
A4,204.0,0.683291770573566,0.632365753860227,0.012087569515643779
A4,205.0,0.6733167082294265,0.6413426542229487,0.01060963083292357
A4,206.0,0.6783042394014963,0.6318483715701302,0.01072303807579337
A4,207.0,0.6683291770573566,0.6304723964938014,0.010906567009292269
A4,208.0,0.6633416458852868,0.6062500849081457,0.013597700391654848
A4,209.0,0.6583541147132169,0.6165371311696849,0.011530110023578963
A4,210.0,0.6533665835411472,0.6156229118992655,0.011948890083847873
A4,211.0,0.6483790523690773,0.6088486980660955,0.012230227338828305
A4,212.0,0.6408977556109726,0.6018252472924117,0.012577794775351496
A4,213.0,0.6334164588528678,0.5876299252389467,0.01276788143177539
A4,214.0,0.6309226932668329,0.588912136666145,0.01322374922220969
A4,215.0,0.6259351620947631,0.5721145351776524,0.013422599497899696
A4,216.0,0.6184538653366584,0.5749184018272239,0.013913800218065042
A4,217.0,0.6159600997506235,0.5560031664074122,0.014703750285940507
A4,218.0,0.6059850374064838,0.5647725502510156,0.014781633471659056
A4,219.0,0.5985037406483791,0.5569852274004459,0.015501926907412035
A4,220.0,0.5935162094763092,0.5529774863710983,0.01597457798732471
A4,221.0,0.5860349127182045,0.5407330609728429,0.016679510223552158
A4,222.0,0.5810473815461347,0.5423623439723066,0.017566258649229068
A4,223.0,0.57356608478803,0.5292622266621717,0.017955324364419507
A4,224.0,0.5660847880299252,0.5260474378859135,0.019163227988762528
A4,225.0,0.5586034912718204,0.5185015148315644,0.019322207827185238
A4,226.0,0.5511221945137157,0.5217031386904691,0.02041495432448212
A4,227.0,0.543640897755611,0.5101746538289104,0.021417495681250464
A4,228.0,0.5361596009975063,0.5165937707849655,0.022609051114344986
A4,229.0,0.5286783042394015,0.4996240028024471,0.023587205939955207
A4,230.0,0.5211970074812967,0.512092819839761,0.025157849851193223
A4,231.0,0.5112219451371571,0.4931349956489084,0.025968417510093638
A4,232.0,0.5037406483790524,0.5029311340319886,0.02794276369608267
A4,233.0,0.49625935162094764,0.47645585887465797,0.028630509712478176
A4,234.0,0.4837905236907731,0.4873544711399913,0.030853322195789578
A4,235.0,0.4763092269326683,0.4712564881843295,0.033790868552527185
A4,236.0,0.46633416458852867,0.48931352581525034,0.03592257738567191
A4,237.0,0.45885286783042395,0.48574643735947953,0.03981181455148811
A4,238.0,0.4463840399002494,0.4553418250422217,0.04123084928930931
A4,239.0,0.43640897755610975,0.4904609864942079,0.04697976298712787
A4,240.0,0.42643391521197005,0.4815168037013902,0.05125116292133755
A4,241.0,0.4164588528678304,0.49528191302342583,0.057355089479697134
A4,242.0,0.40399002493765584,0.406195153310204,0.058836688386099005
A4,243.0,0.39650872817955113,0.5192689892596525,0.07491936923303165
A4,244.0,0.3865336658354115,0.4082879551099369,0.06683359775909366
A4,245.0,0.3765586034912718,0.5277543721449223,0.08730621323159656
A4,246.0,0.36658354114713215,0.41380257668785647,0.07585591710001079
A4,247.0,0.3566084788029925,0.5404925523740636,0.103025692608776
A4,248.0,0.3491271820448878,0.41605305430551054,0.0864876035263876
A4,249.0,0.33915211970074816,0.561767006677769,0.11980527998075585
A4,250.0,0.3316708229426434,0.5368218598350852,0.12019662833975356
A4,251.0,0.32418952618453867,0.5354177914028668,0.1224545617252933
A4,252.0,0.3167082294264339,0.5336952008049889,0.1299967492639327
A4,253.0,0.30673316708229426,0.5458188736833093,0.13862043102956337
A4,254.0,0.30174563591022446,0.43394331312384116,0.12011952082146497
A4,255.0,0.2942643391521197,0.5561812493362405,0.15394027984676
A4,256.0,0.286783042394015,0.5870951987431299,0.17831627727286717
A4,257.0,0.2793017456359102,0.46009194609312354,0.14232339273314765
A4,258.0,0.2743142144638404,0.5658803174687193,0.17979329354369492
A4,259.0,0.26683291770573564,0.5666768569675135,0.18388062040624534
A4,260.0,0.26433915211970077,0.46446883114219256,0.153328114811092
A4,261.0,0.26184538653366585,0.5836910299146817,0.20003533902536758
A4,262.0,0.256857855361596,0.5652848185115431,0.1956599232584453
A4,263.0,0.2518703241895262,0.5824295229602865,0.2085299121364158
A4,264.0,0.24788029925187033,0.48564696303551047,0.1761357922924432
A4,265.0,0.24463840399002493,0.5676785712986744,0.21424456785050047
A4,266.0,0.24064837905236908,0.583630670667204,0.22734673169600098
A4,267.0,0.23541147132169576,0.5759895078156707,0.2293487701632615
A4,268.0,0.053865336658354114,0.5545882407160226,0.23678591137393454
A4,269.0,0.04937655860349127,0.5487258100068779,0.2385005728011974
A5,1.0,1.0,0.9659943584938587,0.005961041520180265
A5,2.0,0.9973890339425587,0.9615716025009278,0.005873351576140064
A5,3.0,0.9947780678851175,0.9592358694905732,0.005645461267657274
A5,4.0,0.9921671018276762,0.9486854117826231,0.005414714874769755
A5,5.0,0.9921671018276762,0.9378194154052952,0.005857420421854109
A5,6.0,0.9895561357702349,0.9356257539368023,0.005839113900615128
A5,7.0,0.9843342036553525,0.9473894182638725,0.005345198480477457
A5,8.0,0.9843342036553525,0.9442023408520197,0.005292908467176734
A5,9.0,0.9817232375979112,0.9475166222682698,0.006071914216548392
A5,10.0,0.97911227154047,0.9452745531029182,0.006661563351175153
A5,11.0,0.97911227154047,0.9343000992119057,0.006988598107520851
A5,12.0,0.9765013054830287,0.9251068400555861,0.007281947458780481
A5,13.0,0.9738903394255874,0.9258639557167754,0.00686894035155881
A5,14.0,0.9712793733681462,0.9380494193198992,0.007132159906698834
A5,15.0,0.9712793733681462,0.9353778844614331,0.00727640049300605
A5,16.0,0.9686684073107049,0.9369554937455216,0.006739474723778472
A5,17.0,0.9660574412532638,0.9374945210408316,0.007167920675802131
A5,18.0,0.9660574412532638,0.9325328874399855,0.007418003940675723
A5,19.0,0.9660574412532638,0.9170173753853123,0.0071203161288390234
A5,20.0,0.9634464751958225,0.9133568970411108,0.007880325171418763
A5,21.0,0.9634464751958225,0.9105816354246395,0.007868290675091077
A5,22.0,0.9634464751958225,0.910235953548599,0.008575271016175919
A5,23.0,0.9608355091383812,0.923074856605361,0.007416388761659651
A5,24.0,0.95822454308094,0.9229828098846332,0.00788916880054116
A5,25.0,0.95822454308094,0.9252178846226861,0.008236882534178784
A5,26.0,0.9556135770234987,0.9230610104315655,0.007062715112614063
A5,27.0,0.9556135770234987,0.9113906712856781,0.007100521974416361
A5,28.0,0.9556135770234987,0.9015405810742694,0.008081215960310506
A5,29.0,0.9530026109660574,0.9035929946805387,0.007258911727514195
A5,30.0,0.9530026109660574,0.9125742242710778,0.0071920403259365965
A5,31.0,0.9503916449086162,0.9176077320288756,0.00791329877050019
A5,32.0,0.9477806788511749,0.9138119926842847,0.007214625599008093
A5,33.0,0.9477806788511749,0.9140720415321999,0.007703304494887675
A5,34.0,0.9477806788511749,0.9037081952249679,0.006657730190942353
A5,35.0,0.9477806788511749,0.8954081558733868,0.0077083066402439905
A5,36.0,0.9451697127937336,0.8954900062542359,0.0074335582171244
A5,37.0,0.9425587467362925,0.9061897478596654,0.007107160545395034
A5,38.0,0.9425587467362925,0.9065771253418604,0.007589762079521185
A5,39.0,0.9399477806788512,0.9067967291988759,0.008031931968744008
A5,40.0,0.9399477806788512,0.9045730229213562,0.007914581841554719
A5,41.0,0.9399477806788512,0.8880421507491234,0.007898384403556705
A5,42.0,0.9399477806788512,0.8882488607965376,0.007759678861843915
A5,43.0,0.9373368146214099,0.8881035918919795,0.007970570564673604
A5,44.0,0.9347258485639687,0.8974820169708951,0.00703747090872024
A5,45.0,0.9347258485639687,0.8991384719054784,0.00735862246514954
A5,46.0,0.9321148825065274,0.8979636620370819,0.007875875883598199
A5,47.0,0.9321148825065274,0.8890199479687436,0.006496257709770487
A5,48.0,0.9321148825065274,0.8814901081985652,0.006751262074679077
A5,49.0,0.9321148825065274,0.8810436851438351,0.007639965688268144
A5,50.0,0.9295039164490861,0.8901083304430231,0.007875259553696345
A5,51.0,0.9295039164490861,0.8870331185814025,0.007306116543834034
A5,52.0,0.9268929503916449,0.8897277003412641,0.007946347085554953
A5,53.0,0.9242819843342036,0.8874346894342313,0.007509951350982122
A5,54.0,0.9268929503916449,0.8786512298741826,0.006450797473772985
A5,55.0,0.9216710182767625,0.888309207077194,0.008169617429502566
A5,56.0,0.9242819843342036,0.8749369319135663,0.007655228858446366
A5,57.0,0.9190600522193212,0.8779145187341013,0.007363090007324992
A5,58.0,0.9216710182767625,0.8707946705399496,0.007210103244932715
A5,59.0,0.9190600522193212,0.8774735508717856,0.007132460789181444
A5,60.0,0.9164490861618799,0.8779214557166879,0.007924261320848698
A5,61.0,0.9190600522193212,0.8725670043414848,0.006697366747188597
A5,62.0,0.9138381201044387,0.8760842005655287,0.007458013707491801
A5,63.0,0.9164490861618799,0.8641994903995351,0.00661891898171975
A5,64.0,0.9138381201044387,0.8709718331591434,0.007621790085149462
A5,65.0,0.9138381201044387,0.8645452587715519,0.007378597913071438
A5,66.0,0.9112271540469974,0.8689078842776757,0.00806462222933419
A5,67.0,0.9086161879895561,0.8666398810738175,0.007977065308822499
A5,68.0,0.9086161879895561,0.866990837594187,0.007542760506262766
A5,69.0,0.9060052219321149,0.8672526846129613,0.007926985697573889
A5,70.0,0.9060052219321149,0.8633311901897598,0.007743661826842568
A5,71.0,0.9060052219321149,0.8601502517933926,0.007626215062726157
A5,72.0,0.9033942558746736,0.8573305916346834,0.007210572650420846
A5,73.0,0.9033942558746736,0.8517406985241556,0.0074197606475636035
A5,74.0,0.9033942558746736,0.8520756890487144,0.006685610365079971
A5,75.0,0.9007832898172323,0.8527728324053474,0.007251483439553622
A5,76.0,0.9007832898172323,0.8516949516726082,0.007717444473024915
A5,77.0,0.8955613577023499,0.8538239043964289,0.007878946465472145
A5,78.0,0.8981723237597912,0.8480957707891112,0.0071187914380340875
A5,79.0,0.8955613577023499,0.8477374347394531,0.007255838841150855
A5,80.0,0.8955613577023499,0.8424612380600418,0.0068965542539238065
A5,81.0,0.8929503916449086,0.8442803367982903,0.008214860257604206
A5,82.0,0.8929503916449086,0.8400798234619204,0.006403766845615194
A5,83.0,0.8903394255874674,0.8400732987231802,0.007544366582258599
A5,84.0,0.8903394255874674,0.8363707488373728,0.006796206142735525
A5,85.0,0.8877284595300261,0.8352585615635577,0.007261548717819672
A5,86.0,0.8851174934725848,0.8341385575580991,0.007654438874849632
A5,87.0,0.8851174934725848,0.8329453635481379,0.006654453983104305
A5,88.0,0.8825065274151436,0.831495402439767,0.00684660882680677
A5,89.0,0.8798955613577023,0.8287574684398851,0.00739172914012811
A5,90.0,0.8798955613577023,0.8261832928236286,0.007261615791833383
A5,91.0,0.8772845953002611,0.8240451089039671,0.007320910885059768
A5,92.0,0.8720626631853786,0.8249815622892276,0.007511963534734637
A5,93.0,0.8720626631853786,0.8212869559822277,0.007560421131569722
A5,94.0,0.8694516971279374,0.8183761196773958,0.007328427263015624
A5,95.0,0.8694516971279374,0.813794483382677,0.006514364228578688
A5,96.0,0.8668407310704961,0.8138362090731803,0.0070470917523027385
A5,97.0,0.8642297650130548,0.8106584154781075,0.007045447279096944
A5,98.0,0.8616187989556136,0.8109198274517112,0.007139917744917304
A5,99.0,0.8590078328981723,0.8079164611594983,0.0071266721032443164
A5,100.0,0.856396866840731,0.8076511840053514,0.007521058046409714
A5,101.0,0.8537859007832899,0.804649431239146,0.007959441703251816
A5,102.0,0.8511749347258486,0.8001106658139193,0.007777816963168792
A5,103.0,0.8485639686684073,0.8007190448482024,0.008051369950039496
A5,104.0,0.8459530026109661,0.7979663493444082,0.008118976708145334
A5,105.0,0.8433420365535248,0.7979121418181058,0.008775535647149238
A5,106.0,0.8407310704960835,0.8055729496432967,0.011277952589584164
A5,107.0,0.835509138381201,0.78842248672539,0.008048176434433077
A5,108.0,0.8328981723237598,0.7873908175535114,0.009178984942605738
A5,109.0,0.8302872062663186,0.7898739137615067,0.00998079638363352
A5,110.0,0.8276762402088773,0.7816507313626478,0.009749989339645554
A5,111.0,0.825065274151436,0.7813177514406973,0.009817027994755445
A5,112.0,0.8198433420365535,0.770916212223375,0.008701007808031683
A5,113.0,0.8198433420365535,0.7661148118717025,0.008667895545125901
A5,114.0,0.8172323759791122,0.7621119061255369,0.008430255125050889
A5,115.0,0.8120104438642297,0.7560132938380596,0.008163634910912711
A5,116.0,0.804177545691906,0.752035012616053,0.008481431252155872
A5,117.0,0.804177545691906,0.7473702013512025,0.008259636975347663
A5,118.0,0.7989556135770235,0.7424757040818032,0.008059905546669683
A5,119.0,0.7963446475195822,0.7388758977952194,0.007790312608060839
A5,120.0,0.7911227154046997,0.7372642753893012,0.008913330571041652
A5,121.0,0.7859007832898173,0.7309551799058972,0.008806801841857087
A5,122.0,0.7859007832898173,0.7296072968240237,0.008734485267195221
A5,123.0,0.7806788511749347,0.7225953986499536,0.008641996127671048
A5,124.0,0.7780678851174935,0.7126625272954226,0.009883490480243513
A5,125.0,0.7728459530026109,0.7167199887483767,0.009279580953198868
A5,126.0,0.7702349869451697,0.707566826993459,0.008929471713674393
A5,127.0,0.7650130548302873,0.7047087196781325,0.009180382608689124
A5,128.0,0.762402088772846,0.7014248408094412,0.012008429770991395
A5,129.0,0.7571801566579635,0.6952363406488415,0.011785970328509827
A5,130.0,0.7545691906005222,0.6931090597382885,0.0101159462724627
A5,131.0,0.7493472584856397,0.6866836616434437,0.011303161652878573
A5,132.0,0.7493472584856397,0.6788386773406595,0.012200543443104733
A5,133.0,0.7441253263707572,0.6741673122951026,0.012265437508892668
A5,134.0,0.7389033942558747,0.6696624226704252,0.010349413127389568
A5,135.0,0.7336814621409922,0.6663513180045312,0.011999118165362005
A5,136.0,0.7284595300261096,0.6571727157067699,0.01165003922035395
A5,137.0,0.7258485639686684,0.6555467540337601,0.011645095130265145
A5,138.0,0.7180156657963447,0.6433859252365309,0.013231566880125976
A5,139.0,0.7154046997389034,0.6436015088936397,0.012869777292548496
A5,140.0,0.7101827676240209,0.6374814025092488,0.01176582127801535
A5,141.0,0.6997389033942559,0.6308058391803613,0.011736535747791179
A5,142.0,0.6945169712793734,0.6098372106200934,0.01247154742936272
A5,143.0,0.6892950391644909,0.6155688967025451,0.013513882123433423
A5,144.0,0.6840731070496083,0.5973573271179082,0.01322786835158088
A5,145.0,0.6788511749347258,0.6015206012307409,0.013020892378119108
A5,146.0,0.6710182767624021,0.5824981956261747,0.013095942862028509
A5,147.0,0.6684073107049608,0.5888557975494735,0.014834625631274448
A5,148.0,0.660574412532637,0.5677557084573219,0.013652487137514062
A5,149.0,0.6579634464751958,0.5593847742204581,0.01623436421866868
A5,150.0,0.6527415143603134,0.5505037020362082,0.01655079987416026
A5,151.0,0.6475195822454308,0.5423565974369506,0.016434145516799104
A5,152.0,0.6422976501305483,0.5324509130426069,0.01628563278088999
A5,153.0,0.6344647519582245,0.5227140505522263,0.016392042332660228
A5,154.0,0.6292428198433421,0.519149670576808,0.017352580227794234
A5,155.0,0.6240208877284595,0.5093962227976236,0.016598876606826463
A5,156.0,0.618798955613577,0.5005591277331145,0.017955843252732476
A5,157.0,0.6135770234986945,0.49696575395081877,0.018034723829038757
A5,158.0,0.608355091383812,0.4927198081360613,0.0179619037046228
A5,159.0,0.6005221932114883,0.48546112818643383,0.01769499140715831
A5,160.0,0.5953002610966057,0.48627644113170904,0.017778798405769635
A5,161.0,0.5900783289817232,0.4782002631714032,0.017113698503064552
A5,162.0,0.5848563968668408,0.46840476558669447,0.018978219435833842
A5,163.0,0.5796344647519582,0.4578285147560757,0.018164093473025406
A5,164.0,0.5718015665796344,0.4541651112123464,0.01801049211369505
A5,165.0,0.5639686684073107,0.45050730998717287,0.01735140732351807
A5,166.0,0.5587467362924282,0.4462044112216117,0.017957345097403814
A5,167.0,0.5535248041775457,0.4377628143840268,0.018488972916116037
A5,168.0,0.5456919060052219,0.42533332243677874,0.01866705913367243
A5,169.0,0.5404699738903395,0.42471317102165534,0.01845936542815368
A5,170.0,0.5326370757180157,0.41485558247050913,0.018757152804857877
A5,171.0,0.5274151436031331,0.40909255099825803,0.018824066191976713
A5,172.0,0.5195822454308094,0.4005235724893961,0.018834604442944755
A5,173.0,0.5143603133159269,0.39099053841222126,0.019635208046476085
A5,174.0,0.5065274151436031,0.38383029042922007,0.020259549933263656
A5,175.0,0.5013054830287206,0.37500047214290094,0.020176335458474276
A5,176.0,0.4934725848563969,0.36975536903450806,0.020225643452678355
A5,177.0,0.4856396866840731,0.3641415484547681,0.021619936993738806
A5,178.0,0.4804177545691906,0.3572059510004961,0.02175628992093649
A5,179.0,0.4725848563968668,0.3460502453295,0.023423919738090805
A5,180.0,0.46475195822454307,0.3383847389167756,0.023820924868471295
A5,181.0,0.45691906005221933,0.3278368370378643,0.023817775006811547
A5,182.0,0.4490861618798956,0.319208172240172,0.023186250750789675
A5,183.0,0.4412532637075718,0.309993799021536,0.025193529683425968
A5,184.0,0.43342036553524804,0.303724238066991,0.0264326372282144
A5,185.0,0.4255874673629243,0.29852275153201047,0.027469599764335415
A5,186.0,0.4177545691906005,0.2871646962743621,0.026682247082467855
A5,187.0,0.40992167101827676,0.28253841340606217,0.026979901277364937
A5,188.0,0.402088772845953,0.27537328868377137,0.028976955803490627
A5,189.0,0.391644908616188,0.2651264226450048,0.027602501876194053
A5,190.0,0.3838120104438642,0.2557342101729091,0.027928010033755595
A5,191.0,0.37597911227154046,0.2484102873953365,0.028936785858678184
A5,192.0,0.36553524804177545,0.23892610325767794,0.02961038130330335
A5,193.0,0.3577023498694517,0.2300303093399068,0.02908530628152885
A5,194.0,0.34986945169712796,0.22529688638450468,0.029587510632338884
A5,195.0,0.3394255874673629,0.21022236243169212,0.0295837272099813
A5,196.0,0.33159268929503916,0.21094087634292902,0.02927210679133628
A5,197.0,0.3237597911227154,0.204662482902371,0.02883069297234217
A5,198.0,0.3185378590078329,0.20380406368193343,0.030860281910388955
A5,199.0,0.30809399477806787,0.1860263443365311,0.030745861532268916
A5,200.0,0.3002610966057441,0.1721495408852448,0.031636685708118374
A5,201.0,0.2924281984334204,0.11911442679460882,0.03542594088065204
A5,202.0,0.2845953002610966,0.21182601290437297,0.029827032801073242
A5,203.0,0.2741514360313316,0.09539392194147323,0.03687971965376024
A5,204.0,0.26370757180156656,0.09652823594784365,0.039373415267063276
A5,205.0,0.06318537859007833,0.06012475049815469,0.02644546176339017
A5,206.0,0.05796344647519582,0.05668661662562713,0.027874356478971633
A5,207.0,0.056657963446475196,0.0645392618679449,0.030256822789112268
A5,208.0,0.05456919060052219,0.0631476234863192,0.029366198290270182
A5,209.0,0.053263707571801565,0.0535208412002075,0.02914214570759423
A5,210.0,0.05221932114882506,0.052943338218015334,0.02854664211658452
A5,211.0,0.05039164490861619,0.05439006485232889,0.029283288405911864
A5,212.0,0.04882506527415144,0.05388592155461447,0.02943856353558465
A5,213.0,0.04699738903394256,0.05093401706620715,0.026966375385036843
A5,214.0,0.04490861618798955,0.05085601030162423,0.028320251086759746
A5,215.0,0.042819843342036555,0.049883505031577347,0.02777327392708105
A5,216.0,0.0412532637075718,0.048982130096778764,0.027830246556109207
A5,217.0,0.04203655352480418,0.047766777948656136,0.02760348403424449
A5,218.0,0.04308093994778068,0.050324410934573405,0.027976065749195114
A5,219.0,0.04203655352480418,0.046070161936857756,0.027188155485133054
A5,220.0,0.0433420365535248,0.0470764492564858,0.027619268966266045
A5,221.0,0.04255874673629243,0.04933303425118529,0.02814888799328873
A5,222.0,0.042819843342036555,0.04901028342385305,0.027444397690863497
A5,223.0,0.04151436031331593,0.04919311378184332,0.027962823365429417
A5,224.0,0.0402088772845953,0.04878361920366092,0.028237734496778334
A5,225.0,0.038903394255874676,0.046412721841111115,0.028176549541205
A5,226.0,0.038642297650130546,0.04802343023673583,0.02866115734071285
A5,227.0,0.03759791122715405,0.04501545803113838,0.027406021868672876
A5,228.0,0.037075718015665796,0.04350804367212435,0.027239722314885167
A5,229.0,0.03733681462140992,0.04701633587421816,0.028802626066394332
A5,230.0,0.0381201044386423,0.04427970844036988,0.028358467367383264
A5,231.0,0.0381201044386423,0.0450109049660572,0.02834313676304183
A5,232.0,0.038642297650130546,0.046105020764590554,0.028536043476719966
A5,233.0,0.03838120104438642,0.04752574267508991,0.028586598026309917
A5,234.0,0.037859007832898174,0.04642710291925889,0.029029855974891168
A5,235.0,0.03733681462140992,0.04871414477404479,0.02976751966301884
A5,236.0,0.03681462140992167,0.042958845058553075,0.028378452509645782
A5,237.0,0.03629242819843342,0.044042769749432775,0.028126525355865493
A5,238.0,0.03629242819843342,0.04561780763846068,0.03018841445253694
A5,239.0,0.03577023498694517,0.04574680870561543,0.02910476589456686
A5,240.0,0.03498694516971279,0.043400983795265136,0.02873025833007205
A5,241.0,0.03472584856396867,0.04467905172410391,0.0299725987525207
A5,242.0,0.03446475195822454,0.04465004473246126,0.029615303474773466
A5,243.0,0.03420365535248042,0.04192558234334087,0.029104317419465193
A5,244.0,0.03446475195822454,0.043619324588548336,0.03032461292796403
A5,245.0,0.03446475195822454,0.044761420513739436,0.02940632128508755
A5,246.0,0.03420365535248042,0.04413170424327584,0.030629479085489363
A5,247.0,0.03420365535248042,0.04566640328205551,0.03170255685472912
A5,248.0,0.033681462140992165,0.04208178576383392,0.029050361864118527
A5,249.0,0.03315926892950392,0.04004440576478485,0.029141994940813945
A5,250.0,0.03315926892950392,0.044558657811896385,0.03155144722036157
A5,251.0,0.03263707571801567,0.04079529690307393,0.029634081513067134
A5,252.0,0.032114882506527415,0.039962083066034326,0.03100002013556348
A5,253.0,0.03185378590078329,0.04483334727470245,0.03247364868780771
A5,254.0,0.03080939947780679,0.04160362165468745,0.031916512335371315
A5,255.0,0.030287206266318537,0.03916309265497819,0.03103180594685231
A5,256.0,0.029503916449086162,0.0393472225100544,0.032952118784268326
A5,257.0,0.029242819843342035,0.03878069241585558,0.03363074465163306
A5,258.0,0.028720626631853787,0.037491382253419414,0.03283047905992167
A5,259.0,0.02845953002610966,0.037042703948169664,0.03472831867617221
A5,260.0,0.02845953002610966,0.03700293888320472,0.03409555321637831
A5,261.0,0.02793733681462141,0.03677825409910329,0.03386703423958084
A5,262.0,0.027676240208877285,0.03529333079430674,0.03582746878112604
A5,263.0,0.02741514360313316,0.03460063234356803,0.035685818305400116
A5,264.0,0.027154046997389034,0.03416355757604639,0.034989298235670686
A5,265.0,0.02689295039164491,0.033933302354584916,0.037361764493609104
A5,266.0,0.026631853785900782,0.034251458707762916,0.036595953164075816
A5,267.0,0.02600522193211488,0.03330067078669807,0.03571210899854862
A5,268.0,0.02600522193211488,0.032674007134799954,0.035493184885042356
A5,269.0,0.025900783289817233,0.03232048927238074,0.03713254975482298
A5,270.0,0.025926892950391644,0.03296553000901248,0.036899247030913324
A5,271.0,0.025822454308093996,0.032292997607648144,0.03750522382786105
A5,272.0,0.025822454308093996,0.03284703081606455,0.03856442361656518
A5,273.0,0.02563968668407311,0.034424971276903804,0.038798295764071046
A5,274.0,0.025744125326370756,0.03336696105113146,0.03794105662914498
A5,275.0,0.025691906005221934,0.034181637687655475,0.038420069218978004
A5,276.0,0.02485639686684073,0.03258258530851421,0.03892834449405905
A5,277.0,0.02472584856396867,0.030452108309304893,0.0381439647822912
A5,278.0,0.02451697127937337,0.03226173774797858,0.04108460856136272
A5,279.0,0.024334203655352483,0.03129894488533036,0.04076954180119912
A5,280.0,0.02381201044386423,0.029464008758051108,0.040533260318916936
A5,281.0,0.024073107049608355,0.030269744257383047,0.04224508311389335
A5,282.0,0.023864229765013057,0.029596070985230538,0.04124533408262633
A5,283.0,0.023968668407310705,0.031001982422036334,0.041475215748885665
A5,284.0,0.024099216710182766,0.02945743204248996,0.040928235505307574
A5,285.0,0.024360313315926894,0.029884761718515507,0.04051322658566448
A5,286.0,0.024151436031331592,0.03041931019606503,0.04142014960781153
A5,287.0,0.024281984334203654,0.030081319765761894,0.040814415338825176
A5,288.0,0.02412532637075718,0.03261798742326438,0.042466785019634384
A5,289.0,0.02360313315926893,0.030181896625226412,0.041320171766488
A5,290.0,0.023446475195822453,0.02946661768370218,0.04245105366918999
A5,291.0,0.023342036553524806,0.030437729341456943,0.0443486934468208
A5,292.0,0.023080939947780682,0.031251294165943744,0.04402203600692651
A5,293.0,0.022872062663185377,0.030651236976053098,0.04492406884979768
A5,294.0,0.022689295039164493,0.02958730521617814,0.04368287909118496
A5,295.0,0.022637075718015667,0.02955731622984792,0.04380924971278856
A5,296.0,0.022715404699738904,0.030944774433786626,0.046110124980649904
A5,297.0,0.022140992167101827,0.029027622817770937,0.04589598431618274
A5,298.0,0.02240208877284595,0.03066362639034581,0.04560890740523417
A6,1.0,1.0,1.0026708607665125,0.0041458040262680245
A6,2.0,0.995049504950495,0.9983406073834381,0.0038842169214913518
A6,3.0,0.9925742574257426,0.9895824873628438,0.0031831237274311244
A6,4.0,0.9900990099009901,0.9830867798061529,0.0032055847983754773
A6,5.0,0.9851485148514851,0.9839580897567722,0.003154682284734861
A6,6.0,0.9801980198019802,0.9802273067354269,0.0032162753907695263
A6,7.0,0.9777227722772277,0.9788301114465913,0.003315181803996371
A6,8.0,0.9752475247524752,0.9757807326010502,0.0031929934288787726
A6,9.0,0.9727722772277227,0.9705777888516951,0.0030443524361227553
A6,10.0,0.9702970297029703,0.9651172414449083,0.003159244526678776
A6,11.0,0.9678217821782178,0.9629950269429943,0.0030727598418193295
A6,12.0,0.9653465346534653,0.9655138858762176,0.003096377508507466
A6,13.0,0.9628712871287128,0.9641223775260936,0.0030697371545632475
A6,14.0,0.9603960396039604,0.9636826196611408,0.0031321226554124307
A6,15.0,0.9579207920792079,0.9614768491533685,0.003131658408606491
A6,16.0,0.9579207920792079,0.9602902248643581,0.0030211071030783526
A6,17.0,0.9579207920792079,0.9541895929242561,0.0029832622223129514
A6,18.0,0.9554455445544554,0.9527051282883363,0.003053528613362748
A6,19.0,0.9529702970297029,0.9515021280722085,0.003076917770474059
A6,20.0,0.9504950495049505,0.9524239192127084,0.003029692274280704
A6,21.0,0.9504950495049505,0.9490065201432434,0.0030287450813970144
A6,22.0,0.9504950495049505,0.9489784417175022,0.0031132862183268677
A6,23.0,0.948019801980198,0.948285933251753,0.003126333542800066
A6,24.0,0.948019801980198,0.9465278842357034,0.003069475412160763
A6,25.0,0.9455445544554455,0.9435443861255912,0.0032542249251826163
A6,26.0,0.9455445544554455,0.9403899524986871,0.003284640275115267
A6,27.0,0.9455445544554455,0.9387100976467825,0.003235438995205653
A6,28.0,0.943069306930693,0.9403675314452807,0.0031541965983334307
A6,29.0,0.943069306930693,0.9390493335846333,0.003227187517741472
A6,30.0,0.9405940594059405,0.9398563964397331,0.00314862646622801
A6,31.0,0.9405940594059405,0.9389329651560285,0.0032068445804112468
A6,32.0,0.9405940594059405,0.9370702096308517,0.0032165275186240598
A6,33.0,0.9381188118811881,0.9331721072300357,0.0031955823193590745
A6,34.0,0.9381188118811881,0.9357440362027452,0.0030608010281325563
A6,35.0,0.9356435643564357,0.9361248587439257,0.003206751457397716
A6,36.0,0.9356435643564357,0.9355516056520263,0.0032112392069587425
A6,37.0,0.9356435643564357,0.9367734490349942,0.0032266792595389074
A6,38.0,0.9356435643564357,0.9347573003031928,0.003302700572673607
A6,39.0,0.9356435643564357,0.9294900415101977,0.0035303534488814836
A6,40.0,0.9331683168316832,0.9290148954443413,0.0034572150803093937
A6,41.0,0.9331683168316832,0.9275454155878653,0.003613072141911051
A6,42.0,0.9331683168316832,0.9294572349816956,0.0033499145411060964
A6,43.0,0.9306930693069307,0.9312784655579596,0.0033789027885795346
A6,44.0,0.9306930693069307,0.9295031605782584,0.0032817281156512427
A6,45.0,0.9306930693069307,0.9300626466191291,0.0033191344799892593
A6,46.0,0.9306930693069307,0.9253503186789905,0.00361709708122031
A6,47.0,0.9306930693069307,0.9241391874602685,0.003567857374244421
A6,48.0,0.9282178217821783,0.9253809706968423,0.0033501067423666953
A6,49.0,0.9282178217821783,0.9255384839585639,0.003426290804881836
A6,50.0,0.9282178217821783,0.9263992501117886,0.003409980846083301
A6,51.0,0.9257425742574258,0.9258735879731846,0.003500603281219776
A6,52.0,0.9282178217821783,0.9224556750508897,0.0034233125446793476
A6,53.0,0.9257425742574258,0.9257804508136795,0.0034673614632119453
A6,54.0,0.9257425742574258,0.9193691552607401,0.0036198447202056613
A6,55.0,0.9257425742574258,0.9230329033588801,0.0033258273501523884
A6,56.0,0.9257425742574258,0.9203495947193852,0.003563302212866554
A6,57.0,0.9232673267326733,0.921911503471375,0.0033705355142981093
A6,58.0,0.9232673267326733,0.9206483009464441,0.0034132187156332445
A6,59.0,0.9232673267326733,0.9183006404435878,0.003484732306253582
A6,60.0,0.9232673267326733,0.9195977967419317,0.0034405302153488384
A6,61.0,0.9232673267326733,0.915439666978135,0.0037924775260244742
A6,62.0,0.9207920792079208,0.920361265834065,0.0035553536849842696
A6,63.0,0.9207920792079208,0.9151869901739977,0.0036691109831165913
A6,64.0,0.9207920792079208,0.9189758173878272,0.0033854036174590227
A6,65.0,0.9183168316831684,0.9188799490473369,0.0035246675526256076
A6,66.0,0.9207920792079208,0.9157524685112444,0.0033932248376291885
A6,67.0,0.9183168316831684,0.9162037455234833,0.0035122219128787663
A6,68.0,0.9183168316831684,0.9180842357177688,0.003512426557107991
A6,69.0,0.9183168316831684,0.9160564451096005,0.003503509477301005
A6,70.0,0.9183168316831684,0.9141912088508997,0.0035852648631506077
A6,71.0,0.9158415841584159,0.9161249316670589,0.0036532526091001454
A6,72.0,0.9183168316831684,0.9117666993332566,0.0035174803657617862
A6,73.0,0.9158415841584159,0.91637996642876,0.003565374428870985
A6,74.0,0.9158415841584159,0.9137549482371918,0.003547331825252286
A6,75.0,0.9158415841584159,0.915917885677564,0.003591320832951374
A6,76.0,0.9158415841584159,0.912383315918943,0.0035123958058544684
A6,77.0,0.9158415841584159,0.9159819354594808,0.0036315530491194616
A6,78.0,0.9158415841584159,0.9089570754334351,0.003738036421847493
A6,79.0,0.9158415841584159,0.9078783371955683,0.003855293918665527
A6,80.0,0.9158415841584159,0.9078111915050009,0.0038650479461603457
A6,81.0,0.9133663366336634,0.9105796488501279,0.0036614297496008804
A6,82.0,0.9133663366336634,0.9117894298427798,0.00379667828088123
A6,83.0,0.9133663366336634,0.9117650460856818,0.0036510021883403953
A6,84.0,0.9133663366336634,0.9123310671821707,0.003697826657550992
A6,85.0,0.9133663366336634,0.9126132832443594,0.0038010676837263403
A6,86.0,0.9108910891089109,0.9097139982570768,0.003674594899944169
A6,87.0,0.9108910891089109,0.9100079879537359,0.0036859982752515978
A6,88.0,0.9108910891089109,0.9106888230539617,0.0036978366645087383
A6,89.0,0.9108910891089109,0.9092860130427267,0.003743319717214095
A6,90.0,0.9108910891089109,0.9116046264181263,0.0037187561063676752
A6,91.0,0.9108910891089109,0.9097955531375164,0.003692115226348179
A6,92.0,0.9108910891089109,0.9102259015317868,0.003751843629411489
A6,93.0,0.9108910891089109,0.9036817470274923,0.0037478202525215156
A6,94.0,0.9084158415841584,0.9028454944884245,0.0037434245078253508
A6,95.0,0.9084158415841584,0.9091839264370702,0.0036555212786224616
A6,96.0,0.905940594059406,0.9106236200707178,0.003800859085001747
A6,97.0,0.9084158415841584,0.910954945563349,0.0037770542682094062
A6,98.0,0.9084158415841584,0.9083110542754853,0.003691441916398967
A6,99.0,0.9084158415841584,0.9073048616800936,0.003707015148388203
A6,100.0,0.905940594059406,0.9083020874625856,0.00376388663767236
A6,101.0,0.905940594059406,0.9079548089752909,0.003771801202455459
A6,102.0,0.905940594059406,0.9084655046986057,0.003801446503356949
A6,103.0,0.905940594059406,0.9070384447463042,0.0038552596118529964
A6,104.0,0.905940594059406,0.9065191090093094,0.003824004473210883
A6,105.0,0.905940594059406,0.9076540677758228,0.003882499026079688
A6,106.0,0.905940594059406,0.9084650886277064,0.0038354315509551446
A6,107.0,0.905940594059406,0.903558004777807,0.0036699829970931793
A6,108.0,0.9034653465346535,0.9062802832667579,0.0039049166364487848
A6,109.0,0.9034653465346535,0.9047022618574935,0.003857583803181302
A6,110.0,0.9034653465346535,0.9039992387809166,0.0038561874259699066
A6,111.0,0.9034653465346535,0.9038713983792241,0.0038941743281625174
A6,112.0,0.905940594059406,0.9017420723318661,0.0038098567914591395
A6,113.0,0.9034653465346535,0.9045666517708617,0.0039626195039425575
A6,114.0,0.9034653465346535,0.9035583601586625,0.003917281986874794
A6,115.0,0.9034653465346535,0.9020461095138368,0.003914799967286707
A6,116.0,0.9034653465346535,0.9013446850357655,0.003918477784677588
A6,117.0,0.9034653465346535,0.9027663096508753,0.003963605611763984
A6,118.0,0.900990099009901,0.9023463868838224,0.0040415393240878375
A6,119.0,0.900990099009901,0.9012388295401639,0.0040259745843019
A6,120.0,0.900990099009901,0.902937052634107,0.004123861188321836
A6,121.0,0.900990099009901,0.9007071387524895,0.004076550828170402
A6,122.0,0.900990099009901,0.900184107811395,0.00402099510221885
A6,123.0,0.900990099009901,0.8953502288287803,0.003989554343113864
A6,124.0,0.8985148514851485,0.9025109841437087,0.00423071733311405
A6,125.0,0.900990099009901,0.8966596468977107,0.003912655505175955
A6,126.0,0.900990099009901,0.900167605176486,0.004100005092831399
A6,127.0,0.8985148514851485,0.898473162165889,0.004177577394518084
A6,128.0,0.8985148514851485,0.8979624958217463,0.0041587091112655905
A6,129.0,0.900990099009901,0.8949733899364986,0.003997640826103237
A6,130.0,0.8985148514851485,0.8966184249648521,0.00424656364893507
A6,131.0,0.8985148514851485,0.8986814142208922,0.0043246498850558045
A6,132.0,0.8985148514851485,0.9004584328948135,0.004350040137664678
A6,133.0,0.8985148514851485,0.8982457117175893,0.004243380397272442
A6,134.0,0.900990099009901,0.8962219564610758,0.004182854716844006
A6,135.0,0.8985148514851485,0.8945880412250453,0.004195649192649106
A6,136.0,0.8960396039603961,0.8973915159858561,0.0042894889734269494
A6,137.0,0.8985148514851485,0.8957465679837061,0.00429866797007292
A6,138.0,0.8985148514851485,0.8900875564917651,0.004235278662123934
A6,139.0,0.8985148514851485,0.8930963588206414,0.004285724140075168
A6,140.0,0.8985148514851485,0.8937002091055171,0.004262039841247835
A6,141.0,0.8960396039603961,0.894687484351242,0.00432888552327379
A6,142.0,0.8960396039603961,0.8958649705406581,0.004492040165419105
A6,143.0,0.8960396039603961,0.895275401350493,0.0043567603095324425
A6,144.0,0.8960396039603961,0.8933819817165363,0.004391674407469349
A6,145.0,0.8960396039603961,0.8940564309501152,0.004403659818463163
A6,146.0,0.8935643564356436,0.8929701855478578,0.004319678115666635
A6,147.0,0.8960396039603961,0.8918622167650474,0.004428885436470071
A6,148.0,0.8935643564356436,0.8914715991500133,0.004464888380607862
A6,149.0,0.8935643564356436,0.8937857061485572,0.004429053365620953
A6,150.0,0.8935643564356436,0.8937273181281417,0.004435167434784789
A6,151.0,0.8935643564356436,0.8941954479020572,0.00446444350201051
A6,152.0,0.8935643564356436,0.8945003830176457,0.004499629487439176
A6,153.0,0.8935643564356436,0.8937399130727799,0.004440422986418501
A6,154.0,0.8935643564356436,0.8929706648538229,0.004463085959425554
A6,155.0,0.8910891089108911,0.8927271498328936,0.004479098167945843
A6,156.0,0.8935643564356436,0.8911601657982411,0.004430664164789122
A6,157.0,0.8935643564356436,0.8881046027227483,0.004338564089285184
A6,158.0,0.8935643564356436,0.8835412998395309,0.004313606369029739
A6,159.0,0.8935643564356436,0.8854881389610391,0.004249155958853345
A6,160.0,0.8910891089108911,0.888944975934972,0.004447850764329179
A6,161.0,0.8910891089108911,0.8906714765832845,0.004515616783026977
A6,162.0,0.8935643564356436,0.8849613449747514,0.004447705808421687
A6,163.0,0.8910891089108911,0.8856714396711322,0.004368407870198379
A6,164.0,0.8910891089108911,0.8871051204159693,0.0043794446776200795
A6,165.0,0.8910891089108911,0.8864136687000838,0.004393554469463094
A6,166.0,0.8910891089108911,0.8850498074204971,0.004530244533761692
A6,167.0,0.8886138613861386,0.8887911640511195,0.004502099979271267
A6,168.0,0.8886138613861386,0.8885362746337482,0.004545603918747592
A6,169.0,0.8910891089108911,0.8841582338751978,0.004466595165817106
A6,170.0,0.8910891089108911,0.8850574861649964,0.004529326066505081
A6,171.0,0.8910891089108911,0.8841596376619492,0.004527666796790682
A6,172.0,0.8886138613861386,0.8843825270471866,0.004569478149691258
A6,173.0,0.8886138613861386,0.8845541339197691,0.004547037626991527
A6,174.0,0.8886138613861386,0.8843620290765185,0.00451722763930514
A6,175.0,0.8886138613861386,0.8836765168793985,0.004588897166190967
A6,176.0,0.8886138613861386,0.8830271827521847,0.0045465595872137
A6,177.0,0.8886138613861386,0.8826346453959241,0.004609733818648545
A6,178.0,0.8886138613861386,0.8818917375748767,0.0045514524989533145
A6,179.0,0.8886138613861386,0.883645876949604,0.004644354793029493
A6,180.0,0.8886138613861386,0.881808426271578,0.004582599665671039
A6,181.0,0.8861386138613861,0.8818378892819116,0.0045783150234265865
A6,182.0,0.8861386138613861,0.881624087109814,0.004526541534432162
A6,183.0,0.8861386138613861,0.8810083172963679,0.0045811130716270935
A6,184.0,0.8861386138613861,0.8801569609498632,0.004639263890641645
A6,185.0,0.8861386138613861,0.8795597003793816,0.00464009430214944
A6,186.0,0.8861386138613861,0.8808658167762449,0.004758678499096815
A6,187.0,0.8861386138613861,0.8802345679392942,0.0046594300275785054
A6,188.0,0.8861386138613861,0.8798877088545964,0.004760897016086555
A6,189.0,0.8861386138613861,0.8798423803567463,0.004666419996220221
A6,190.0,0.8861386138613861,0.8789729757679463,0.004629536583044895
A6,191.0,0.8836633663366337,0.8799489068213706,0.004752592323698907
A6,192.0,0.8836633663366337,0.8783810111233551,0.00478447125220246
A6,193.0,0.8836633663366337,0.879628641928418,0.004792418088969955
A6,194.0,0.8836633663366337,0.8786788074088825,0.004756965354674827
A6,195.0,0.8836633663366337,0.8779499559574827,0.004799351770685791
A6,196.0,0.8836633663366337,0.8780042087277371,0.004830946364893265
A6,197.0,0.8836633663366337,0.8759602832560495,0.0048089984495864125
A6,198.0,0.8836633663366337,0.8778987248199651,0.004886352853291732
A6,199.0,0.8836633663366337,0.8775309466624515,0.0049092770624580015
A6,200.0,0.8836633663366337,0.87641282947734,0.004761696312625275
A6,201.0,0.8836633663366337,0.8709796524413643,0.004883425384914698
A6,202.0,0.8811881188118812,0.8817828438481409,0.005091269721160881
A6,203.0,0.8836633663366337,0.8708176390379665,0.004959759016131345
A6,204.0,0.8836633663366337,0.8808972518045777,0.005092851532912373
A6,205.0,0.8836633663366337,0.8696633522599784,0.004838342006778193
A6,206.0,0.8811881188118812,0.8806260991271484,0.00519375172648969
A6,207.0,0.8836633663366337,0.8790348879276634,0.005110889255462154
A6,208.0,0.8811881188118812,0.8749113468414762,0.0050100592548812314
A6,209.0,0.8787128712871287,0.8810005587233565,0.005282336040409583
A6,210.0,0.8836633663366337,0.8720900923456487,0.005041918101477194
A6,211.0,0.8787128712871287,0.8809680555119277,0.005361789403438929
A6,212.0,0.8811881188118812,0.8802666703490193,0.0053265426546822555
A6,213.0,0.8811881188118812,0.8768293226117632,0.0051667488798765
A6,214.0,0.8787128712871287,0.879782159185315,0.005357339921347277
A6,215.0,0.8811881188118812,0.8784995559068617,0.005294728158495935
A6,216.0,0.8811881188118812,0.8649529894027393,0.00510043575838868
A6,217.0,0.8787128712871287,0.8787236505614064,0.005302001930208157
A6,218.0,0.8787128712871287,0.8797284284245042,0.005370672681343186
A6,219.0,0.8811881188118812,0.8761621165485844,0.0053112049814776525
A6,220.0,0.8787128712871287,0.8780519977748088,0.005429534783187321
A6,221.0,0.8787128712871287,0.8768943910431453,0.005379477221639368
A6,222.0,0.8787128712871287,0.8769404098866547,0.00538381229814803
A6,223.0,0.8762376237623762,0.8764058201406436,0.00539567575391281
A6,224.0,0.8787128712871287,0.8778995608993445,0.005501640380028377
A6,225.0,0.8787128712871287,0.8747109384316649,0.00535313506722433
A6,226.0,0.8787128712871287,0.8776507153308519,0.005423509823068723
A6,227.0,0.8787128712871287,0.8746278386825094,0.005360813391377109
A6,228.0,0.8762376237623762,0.8770813918925857,0.005497682867343606
A6,229.0,0.8787128712871287,0.8757103630063932,0.005407257781794177
A6,230.0,0.8762376237623762,0.875148617579795,0.005531215391261641
A6,231.0,0.8787128712871287,0.8734498355901893,0.005422627130873792
A6,232.0,0.8762376237623762,0.8747728741757254,0.005535971611848495
A6,233.0,0.8787128712871287,0.8739677931420187,0.005491755264236907
A6,234.0,0.8762376237623762,0.8746908589692727,0.005594819317907863
A6,235.0,0.8762376237623762,0.8733022232838031,0.005491444932454431
A6,236.0,0.8762376237623762,0.8752205865099913,0.00563817975014627
A6,237.0,0.8762376237623762,0.8734131525254546,0.005570924174827171
A6,238.0,0.8737623762376238,0.873941244070882,0.005589647887405957
A6,239.0,0.8762376237623762,0.8725048626218667,0.005606784051721817
A6,240.0,0.8762376237623762,0.8631286561521105,0.005474751841924567
A6,241.0,0.8762376237623762,0.8727876848735759,0.005682064222467836
A6,242.0,0.8762376237623762,0.8617138597823734,0.005439810611008955
A6,243.0,0.8762376237623762,0.8713916355696204,0.005697507497621425
A6,244.0,0.8762376237623762,0.8620418845035187,0.0054431255321835065
A6,245.0,0.8737623762376238,0.8725868976500092,0.0057437353876587756
A6,246.0,0.8762376237623762,0.8617320271230869,0.005376961790085833
A6,247.0,0.8712871287128713,0.873761572581649,0.00582139652914797
A6,248.0,0.8762376237623762,0.870805013757765,0.005864958550951607
A6,249.0,0.8762376237623762,0.8684100868782525,0.005776787888301452
A6,250.0,0.8737623762376238,0.8665519483791885,0.005558809063270505
A6,251.0,0.8737623762376238,0.8686844649244094,0.0057408141745129045
A6,252.0,0.8712871287128713,0.8718052747637529,0.005852303760838478
A6,253.0,0.8737623762376238,0.8630877089593195,0.005632874238683282
A6,254.0,0.8688118811881188,0.8738422584174931,0.006023920385894692
A6,255.0,0.8737623762376238,0.8693218111865387,0.005936584113659465
A6,256.0,0.8712871287128713,0.8689654518450449,0.005854968379569609
A6,257.0,0.8737623762376238,0.8650331472347237,0.005735278842804965
A6,258.0,0.8712871287128713,0.8624795112598164,0.005623826671136011
A6,259.0,0.8712871287128713,0.8622009782554025,0.005594812711249795
A6,260.0,0.8688118811881188,0.8709233697490769,0.006026221669262513
A6,261.0,0.8737623762376238,0.8684079681861173,0.00605250755848863
A6,262.0,0.8712871287128713,0.8564953295574912,0.005660908167626867
A6,263.0,0.8712871287128713,0.8694313387610528,0.006116458169147537
A6,264.0,0.8712871287128713,0.8551563210374096,0.005672552116385728
A6,265.0,0.8712871287128713,0.8675413923511257,0.0061348434917907375
A6,266.0,0.8712871287128713,0.8567409701737156,0.0057733439385758666
A7,1.0,1.0,1.0059757991861524,0.007424888014273026
A7,2.0,0.9925373134328358,1.006536335247282,0.006122759208261898
A7,3.0,0.9875621890547264,1.0018919235344168,0.005725971051812198
A7,4.0,0.9800995024875622,0.9894253593536653,0.006002634519203467
A7,5.0,0.9751243781094527,0.9841209955583213,0.005949751569647353
A7,6.0,0.9701492537313433,0.9775367283168295,0.005813427044018623
A7,7.0,0.9651741293532339,0.975457194228791,0.005713374405803087
A7,8.0,0.9626865671641791,0.9757736100931709,0.0054119121187987665
A7,9.0,0.9601990049751243,0.9718023597935742,0.005523970888373771
A7,10.0,0.9577114427860697,0.9718963163715029,0.005686660492951847
A7,11.0,0.9527363184079602,0.9622957430539218,0.005469980944947811
A7,12.0,0.9502487562189055,0.95792084508359,0.005199668553056198
A7,13.0,0.9477611940298507,0.9560349552328655,0.0057409592015988725
A7,14.0,0.945273631840796,0.9538038896881866,0.005279605367323328
A7,15.0,0.9427860696517413,0.947145280156356,0.005208524621675399
A7,16.0,0.9427860696517413,0.9533735174974003,0.0052931090042940745
A7,17.0,0.9378109452736318,0.9511800245303007,0.005436986424370261
A7,18.0,0.9378109452736318,0.9530634900599221,0.005109913955064593
A7,19.0,0.9328358208955224,0.9416612510611185,0.005057225544764813
A7,20.0,0.9328358208955224,0.9412342867936866,0.00530967395005306
A7,21.0,0.9303482587064676,0.9370182471863613,0.005467959772380302
A7,22.0,0.9303482587064676,0.9366509075567451,0.005188080282002616
A7,23.0,0.927860696517413,0.9340614682512113,0.005095467392754855
A7,24.0,0.927860696517413,0.9383352711210999,0.004715941415905312
A7,25.0,0.9253731343283582,0.9413079650537597,0.005182682531174981
A7,26.0,0.9228855721393034,0.9399768306013818,0.005301290734662933
A7,27.0,0.9203980099502488,0.9313693664781014,0.005103689527522246
A7,28.0,0.9203980099502488,0.9267202121115856,0.005059974506680802
A7,29.0,0.917910447761194,0.9268387868079835,0.004951293836093653
A7,30.0,0.917910447761194,0.9257338623784226,0.005055413602779648
A7,31.0,0.917910447761194,0.931157934895128,0.004869388077770651
A7,32.0,0.9154228855721394,0.9309844369134932,0.005050705230377341
A7,33.0,0.9129353233830846,0.9284288440581855,0.0048015238396863485
A7,34.0,0.9104477611940298,0.9177934884166131,0.005073283459928556
A7,35.0,0.9104477611940298,0.919582438811584,0.004828060888589326
A7,36.0,0.9079601990049752,0.9161305802256713,0.004659533411767523
A7,37.0,0.9079601990049752,0.9167362006455978,0.004620402469165816
A7,38.0,0.9079601990049752,0.9229627646810363,0.005054707013214317
A7,39.0,0.9054726368159204,0.9210588065195742,0.004628898663246591
A7,40.0,0.9054726368159204,0.918977931781404,0.004766485927469916
A7,41.0,0.9029850746268657,0.9101782496965,0.004411191674388533
A7,42.0,0.900497512437811,0.9102676158442051,0.004673957702640865
A7,43.0,0.900497512437811,0.9062868042160356,0.00470037164165237
A7,44.0,0.8980099502487562,0.9063263835972178,0.004405034317794994
A7,45.0,0.900497512437811,0.9129461580632229,0.004581613872898088
A7,46.0,0.8980099502487562,0.9124611080081444,0.0042184541501102185
A7,47.0,0.8955223880597015,0.90363217825345,0.004272796259912506
A7,48.0,0.8930348258706468,0.9054698393585262,0.00408765968347893
A7,49.0,0.8930348258706468,0.9008737347053536,0.0044389387208669615
A7,50.0,0.8930348258706468,0.9008990412117267,0.004380833337289325
A7,51.0,0.8930348258706468,0.9042595969578658,0.0040372248812433386
A7,52.0,0.8905472636815921,0.9067926189662989,0.004030341414240431
A7,53.0,0.8905472636815921,0.9063662130970642,0.004143500220932011
A7,54.0,0.8880597014925373,0.8969877372828181,0.004092942989045588
A7,55.0,0.8880597014925373,0.903275888648281,0.003971355054101308
A7,56.0,0.8830845771144279,0.894908862146997,0.003919548162531298
A7,57.0,0.8830845771144279,0.8928127272126904,0.004061690883577959
A7,58.0,0.8830845771144279,0.8979990333705653,0.0038249499831033086
A7,59.0,0.8805970149253731,0.8918416659500211,0.004006760748214412
A7,60.0,0.8830845771144279,0.8995756935739215,0.003944289307306859
A7,61.0,0.8805970149253731,0.8917198320573585,0.003767374066825425
A7,62.0,0.8805970149253731,0.8972931674038115,0.003736464950286894
A7,63.0,0.8756218905472637,0.8887524723753146,0.00376469783334293
A7,64.0,0.8756218905472637,0.8880987766155971,0.003996806353378124
A7,65.0,0.8756218905472637,0.8918690239874519,0.003400702688583001
A7,66.0,0.8731343283582089,0.8904519618358131,0.003496324953098653
A7,67.0,0.8706467661691543,0.8882555670436306,0.0035393079554724774
A7,68.0,0.8706467661691543,0.8864392198031272,0.003491408143204216
A7,69.0,0.8706467661691543,0.8889521479761187,0.0032905520155365824
A7,70.0,0.8681592039800995,0.8883102559716336,0.003323926230337711
A7,71.0,0.8681592039800995,0.8859390746751407,0.0033339601924219277
A7,72.0,0.8656716417910447,0.8834426905580764,0.0032189363791743216
A7,73.0,0.8656716417910447,0.88188395854823,0.0031780923132779487
A7,74.0,0.8631840796019901,0.8824344396304026,0.0032447454094347693
A7,75.0,0.8631840796019901,0.8799421730355226,0.0031064531983238126
A7,76.0,0.8606965174129353,0.8781787570322207,0.0030258709927401387
A7,77.0,0.8606965174129353,0.8811529895727961,0.0029937806129743546
A7,78.0,0.8582089552238806,0.8775679394290801,0.0029381041304760345
A7,79.0,0.8557213930348259,0.8737770663209704,0.0027278884896565166
A7,80.0,0.8507462686567164,0.8676395078017265,0.002899734979470782
A7,81.0,0.8482587064676617,0.8653724540841043,0.0028368993435320166
A7,82.0,0.845771144278607,0.8634588852195539,0.0028033643247750402
A7,83.0,0.8432835820895522,0.8633428630752181,0.002917138350293072
A7,84.0,0.8407960199004975,0.8610848061553513,0.0029295650479976153
A7,85.0,0.8383084577114428,0.8589357238889201,0.003102212271029334
A7,86.0,0.835820895522388,0.8564395232413511,0.003225017898321099
A7,87.0,0.8333333333333334,0.8547975101084888,0.0033251431824410245
A7,88.0,0.8283582089552238,0.8512560459683525,0.0033193391063037416
A7,89.0,0.8258706467661692,0.848106814513238,0.0035295858747872062
A7,90.0,0.8233830845771144,0.8471694934113552,0.003724613661466106
A7,91.0,0.818407960199005,0.8458354535468742,0.003918963889768553
A7,92.0,0.818407960199005,0.8393631346869269,0.004100548481851103
A7,93.0,0.8134328358208955,0.8399918999227034,0.004326629611649002
A7,94.0,0.8109452736318408,0.8363918798021313,0.004428606360201101
A7,95.0,0.8034825870646766,0.8309859753120794,0.004553516914589553
A7,96.0,0.8034825870646766,0.8300791300089234,0.006044942016829998
A7,97.0,0.8009950248756219,0.8296886590001482,0.005101263986067824
A7,98.0,0.7985074626865671,0.8296278762100092,0.004998662820017011
A7,99.0,0.7985074626865671,0.8270510896393262,0.004938396387537822
A7,100.0,0.7960199004975125,0.8256250540139595,0.005186029969629356
A7,101.0,0.7935323383084577,0.8240384405632041,0.005391271349482013
A7,102.0,0.7910447761194029,0.819510029523858,0.005522546061904006
A7,103.0,0.7885572139303483,0.8184872383003783,0.005535775225562243
A7,104.0,0.7860696517412935,0.8145663326397347,0.005533720097333746
A7,105.0,0.7810945273631841,0.8130098282488427,0.00727161535260118
A7,106.0,0.7835820895522388,0.8155189782113738,0.005685024963775664
A7,107.0,0.7835820895522388,0.809218475791698,0.005709789008442384
A7,108.0,0.7761194029850746,0.8091954751001755,0.006369001225892782
A7,109.0,0.7761194029850746,0.8080330168390627,0.00572027247860313
A7,110.0,0.7736318407960199,0.803945961347537,0.005837964105018804
A7,111.0,0.7711442786069652,0.8050278693411562,0.005938927171677782
A7,112.0,0.7711442786069652,0.7955907760209484,0.006049867181567007
A7,113.0,0.763681592039801,0.7963557538595918,0.006406369285237649
A7,114.0,0.763681592039801,0.7958772448757032,0.006007521261675579
A7,115.0,0.7611940298507462,0.7941204791638206,0.006322067327509022
A7,116.0,0.7587064676616916,0.7896760436425715,0.006145535572355441
A7,117.0,0.7562189054726368,0.7888240639096046,0.006039792858605016
A7,118.0,0.753731343283582,0.7879958770739743,0.006030669212877759
A7,119.0,0.7512437810945274,0.784330924782471,0.005917179006564901
A7,120.0,0.7487562189054726,0.783557164772692,0.006222202898974399
A7,121.0,0.746268656716418,0.7815113902711289,0.006176035007620827
A7,122.0,0.7437810945273632,0.776597894483499,0.006262327184811094
A7,123.0,0.7412935323383084,0.7743307606289195,0.0073308861518952525
A7,124.0,0.7437810945273632,0.7692353966092962,0.0066617620640766146
A7,125.0,0.736318407960199,0.7681975479273985,0.007165451448524446
A7,126.0,0.7313432835820896,0.764942532037713,0.007036736492062678
A7,127.0,0.7288557213930348,0.7596962628511607,0.0070281687394569
A7,128.0,0.7263681592039801,0.7570283164890755,0.0066986323251514435
A7,129.0,0.7263681592039801,0.7497124431028026,0.006739288426471197
A7,130.0,0.7213930348258707,0.7553020712714819,0.0070274960600128986
A7,131.0,0.7139303482587065,0.7465003612923867,0.0072042679886264
A7,132.0,0.7114427860696517,0.7404578261891044,0.00812565361241999
A7,133.0,0.7089552238805971,0.7381395922730442,0.008609184839235473
A7,134.0,0.7114427860696517,0.7410022323025827,0.008119289985272502
A7,135.0,0.7014925373134329,0.7260298003974706,0.007761762913801818
A7,136.0,0.6965174129353234,0.7267692472371484,0.007515899659675305
A7,137.0,0.6965174129353234,0.7241777036277625,0.007345749252112417
A7,138.0,0.6940298507462687,0.7154502583361244,0.0075345548791780894
A7,139.0,0.6890547263681592,0.7123656852373573,0.00752460050099046
A7,140.0,0.6865671641791045,0.7178705689561231,0.008121439391821904
A7,141.0,0.6766169154228856,0.7135467481791714,0.008143677629346074
A7,142.0,0.6716417910447762,0.703680875358006,0.00893286944977131
A7,143.0,0.6691542288557214,0.7018665095383395,0.008503747942344363
A7,144.0,0.664179104477612,0.6954159694498332,0.008375731412212255
A7,145.0,0.6592039800995025,0.6907922373486551,0.008753009241141115
A7,146.0,0.654228855721393,0.6849915330756031,0.00879201912388287
A7,147.0,0.6492537313432836,0.680831978693291,0.009109860169323677
A7,148.0,0.6442786069651741,0.6755048138094504,0.008915781984020344
A7,149.0,0.6393034825870647,0.6674284792533581,0.00999044240890633
A7,150.0,0.6343283582089553,0.6633883109207779,0.01076565206520757
A7,151.0,0.6293532338308457,0.6559286360105829,0.010866128936433909
A7,152.0,0.6218905472636815,0.6474992572662439,0.01125653143097218
A7,153.0,0.6144278606965174,0.640701346959638,0.01150775609074993
A7,154.0,0.6094527363184079,0.6349287495019994,0.012293837629602929
A7,155.0,0.6044776119402985,0.6283238273859842,0.012229197386333917
A7,156.0,0.5970149253731343,0.6203296471494048,0.01264654711830956
A7,157.0,0.5920398009950248,0.6109368671061083,0.012708096399112447
A7,158.0,0.5845771144278606,0.6068287446154376,0.013262172031589364
A7,159.0,0.5771144278606966,0.5766439145995975,0.013011883935956715
A7,160.0,0.5671641791044776,0.5744246784650315,0.013029468416298946
A7,161.0,0.5597014925373134,0.5812835209942205,0.012820550050571325
A7,162.0,0.554726368159204,0.5718400694664373,0.013465620174220748
A7,163.0,0.5447761194029851,0.5483056254920808,0.014581108254946127
A7,164.0,0.5373134328358209,0.5404265006554263,0.014874439690153748
A7,165.0,0.5298507462686567,0.5321316948107446,0.015229161092113915
A7,166.0,0.5199004975124378,0.5261282953838048,0.01565272905816701
A7,167.0,0.5124378109452736,0.5177740043403869,0.016244847825432614
A7,168.0,0.5049751243781094,0.5353092569164588,0.016181983671517585
A7,169.0,0.4975124378109453,0.497490167455636,0.017500424561956718
A7,170.0,0.4900497512437811,0.49083193997041435,0.018650846411044503
A7,171.0,0.48009950248756217,0.49036791936430435,0.01859626198464717
A7,172.0,0.4701492537313433,0.47968738891378615,0.01984379768490606
A7,173.0,0.4601990049751244,0.4697873191410401,0.020544300004805293
A7,174.0,0.4527363184079602,0.4592384752767247,0.021415328824402124
A7,175.0,0.4427860696517413,0.4557058598209247,0.021620137648679785
A7,176.0,0.43532338308457713,0.4473929509869062,0.022773093225531366
A7,177.0,0.4253731343283582,0.4382030792600739,0.023155919103839774
A7,178.0,0.4154228855721393,0.427988114285646,0.02439008421603251
A7,179.0,0.4079601990049751,0.4211118779139324,0.025102049755064252
A7,180.0,0.39800995024875624,0.41329977639853227,0.02550771447795606
A7,181.0,0.3880597014925373,0.4091536119910936,0.026054652102019352
A7,182.0,0.3781094527363184,0.39791421983807956,0.026873878522306598
A7,183.0,0.3681592039800995,0.3908881111018099,0.028032964151919505
A7,184.0,0.36069651741293535,0.383635666945676,0.028193141033499385
A7,185.0,0.35074626865671643,0.3751693425451846,0.02836978813410172
A7,186.0,0.34328358208955223,0.3719191790401421,0.028761289934217945
A7,187.0,0.3358208955223881,0.3666750899926668,0.02931257067967598
A7,188.0,0.3283582089552239,0.35738946743770295,0.02984738692566805
A7,189.0,0.3208955223880597,0.3513837229711728,0.02960205016373767
A7,190.0,0.31343283582089554,0.34353860413978454,0.03030816402369361
A7,191.0,0.30597014925373134,0.33266189455162887,0.029748802184295185
A7,192.0,0.29850746268656714,0.3276485296930555,0.029535621482128675
A7,193.0,0.291044776119403,0.3144004994494495,0.031104879437263668
A7,194.0,0.2835820895522388,0.3060987231655443,0.030335254771915753
A7,195.0,0.27860696517412936,0.2931477317674294,0.030117729960677204
A7,196.0,0.27114427860696516,0.2811708891113445,0.03052887026744157
A7,197.0,0.26616915422885573,0.2707827207422776,0.03193472211545017
A7,198.0,0.25870646766169153,0.25183724180546824,0.03127086752473758
A7,199.0,0.24875621890547264,0.23700099762349802,0.03406690463143269
A7,200.0,0.04776119402985075,0.012501308001166556,0.02477262595755255
A7,201.0,0.04203980099502488,-0.0007398536799408939,0.022276535797393512
A7,202.0,0.03980099502487562,-0.006524740763528825,0.021999292664055536
A7,203.0,0.03805970149253731,-0.005808353853916759,0.02220276408303548
A7,204.0,0.03731343283582089,-0.013673881200430338,0.021499951070570258
A7,205.0,0.03631840796019901,-0.011643492300902447,0.02205662413100508
A7,206.0,0.036069651741293535,-0.016717159322656827,0.02196240768219692
A7,207.0,0.035323383084577116,-0.020386200813860333,0.021922034844343977
A7,208.0,0.03557213930348259,-0.02079166409755362,0.021841428909432085
A7,209.0,0.03582089552238806,-0.022312608003717926,0.02159219773469875
A7,210.0,0.03582089552238806,-0.022287497711508397,0.021135317527712135
A7,211.0,0.03507462686567164,-0.022914443178680965,0.021867103265332723
A7,212.0,0.03482587064676617,-0.024099505488160644,0.021601551787966727
A7,213.0,0.03407960199004975,-0.023103804589998278,0.021854134255238102
A7,214.0,0.03333333333333333,-0.02946734975601495,0.022013154811990277
A7,215.0,0.032587064676616914,-0.02416769763850868,0.022246119908704374
A7,216.0,0.031840796019900496,-0.02690318584281315,0.02141833492723021
A7,217.0,0.030845771144278607,-0.03381120449801778,0.02204290291553703
A7,218.0,0.03034825870646766,-0.034442453976642806,0.02281579452007913
A7,219.0,0.03034825870646766,-0.03434516434073431,0.02361894997361283
A7,220.0,0.030597014925373135,-0.031233227282749243,0.022763684109328317
A7,221.0,0.030845771144278607,-0.03549221742637798,0.022069560346265463
A7,222.0,0.030845771144278607,-0.03543837515212267,0.02230760340525297
A7,223.0,0.03109452736318408,-0.03631235399475419,0.02195011424132437
A7,224.0,0.030845771144278607,-0.03759450639097195,0.02282569363381532
A7,225.0,0.03009950248756219,-0.03276119301732783,0.022315479897218535
A7,226.0,0.029601990049751243,-0.036766718020251665,0.023097965126752752
A7,227.0,0.02935323383084577,-0.04070322568671536,0.023186109526587267
A7,228.0,0.029104477611940297,-0.0436784027511492,0.025066849640789684
A7,229.0,0.028358208955223882,-0.038035186132377,0.023631182474069687
A7,230.0,0.02810945273631841,-0.04597890307411123,0.02611601139140212
A7,231.0,0.027860696517412936,-0.04023730413942661,0.02443699123005392
A7,232.0,0.02810945273631841,-0.04123637676139924,0.023951564695518953
A7,233.0,0.028606965174129355,-0.04462084662067711,0.024134321482479265
A7,234.0,0.028606965174129355,-0.04832890116986999,0.024529939961446815
A7,235.0,0.028855721393034824,-0.04131478064272709,0.02328589466562999
A7,236.0,0.028606965174129355,-0.048968905509412464,0.024372597532142336
A7,237.0,0.02810945273631841,-0.049438204886838366,0.024217978339068667
A7,238.0,0.02810945273631841,-0.04388872609981087,0.024117020104785957
A7,239.0,0.027860696517412936,-0.05193255914037176,0.025413371772658996
A7,240.0,0.027611940298507463,-0.04760453387080921,0.02552622882122148
A7,241.0,0.02736318407960199,-0.04952133519908897,0.025526335611742654
A7,242.0,0.027114427860696518,-0.051384727917128226,0.02624875030418764
A7,243.0,0.026865671641791045,-0.05005572269504366,0.026770740355759763
A7,244.0,0.02661691542288557,-0.049897516614991866,0.026770247807859478
A7,245.0,0.02661691542288557,-0.051919476610061355,0.026875728412469296
A7,246.0,0.02661691542288557,-0.052271561254711996,0.027255207507700354
A7,247.0,0.02661691542288557,-0.05174381171886766,0.026366184215242987
A7,248.0,0.02661691542288557,-0.054017433180661434,0.027338382688534318
A7,249.0,0.02661691542288557,-0.05270483910569901,0.026338629757567785
A7,250.0,0.0263681592039801,-0.054186631086153625,0.02774575241332647
A7,251.0,0.026119402985074626,-0.052950484617640736,0.027940481076793346
A7,252.0,0.025870646766169153,-0.05174671063234759,0.02769166469852164
A7,253.0,0.02562189054726368,-0.05228454485005196,0.027796312516454615
A7,254.0,0.025373134328358207,-0.05704325409006694,0.029342582394624294
A7,255.0,0.025124378109452738,-0.052952606590347284,0.028877115747186734
A7,256.0,0.024626865671641792,-0.05342302850056313,0.029515116088032083
A7,257.0,0.024353233830845773,-0.05350778912626042,0.031543091409155906
A7,258.0,0.02390547263681592,-0.054367298900889094,0.032490467347672546
A7,259.0,0.023606965174129354,-0.052050535063602354,0.03143648361777452
A7,260.0,0.023407960199004974,-0.05513221481135144,0.03418946783639764
A7,261.0,0.02318407960199005,-0.052306164659133514,0.032863847752402815
A7,262.0,0.023109452736318408,-0.05131373209707091,0.0343287399095301
A7,263.0,0.022885572139303482,-0.05258351953508067,0.033686751555298086
A7,264.0,0.022711442786069652,-0.05111565813803676,0.033427526191652394
A7,265.0,0.022437810945273633,-0.04959787910608371,0.03387914323402828
A7,266.0,0.022338308457711443,-0.047481170159699215,0.036500263508051016
A7,267.0,0.02208955223880597,-0.04894651414749207,0.0349182367660333
A7,268.0,0.021940298507462687,-0.05027958557275958,0.03549225069925992
A7,269.0,0.02171641791044776,-0.04518551413281391,0.03792644564187413
A7,270.0,0.021592039800995024,-0.04824918432687009,0.0364007550681811
A7,271.0,0.021467661691542288,-0.045103203765600064,0.03661574570045927
A7,272.0,0.021517412935323384,-0.0451559927611318,0.03658802714389616
A7,273.0,0.02144278606965174,-0.0459045378392392,0.03677318491292132
A7,274.0,0.021318407960199005,-0.04113180816541884,0.03749075862986925
A7,275.0,0.021318407960199005,-0.040469590184144644,0.040147920916864775
A7,276.0,0.021218905472636815,-0.04326107180483807,0.03905013795131527
A7,277.0,0.021194029850746268,-0.04479895777879628,0.03715936936246572
A7,278.0,0.02082089552238806,-0.040450659897542374,0.04076198144810933
A7,279.0,0.02064676616915423,-0.038106771869812595,0.03927668388821283
A7,280.0,0.020522388059701493,-0.03449894853043456,0.04239179413594375
A7,281.0,0.020298507462686566,-0.03719615760135142,0.0400942187520735
A7,282.0,0.020099502487562187,-0.033204759816087615,0.04104840429223031
A7,283.0,0.02017412935323383,-0.03369726599767553,0.041104126018510274
A7,284.0,0.02017412935323383,-0.032927163774808865,0.0420509956551802
A7,285.0,0.01997512437810945,-0.030327077852770334,0.04235832794524437
A7,286.0,0.020074626865671644,-0.03410787020472106,0.04201811663850677
A7,287.0,0.020248756218905473,-0.03499435184603539,0.04236106420457742
A7,288.0,0.02019900497512438,-0.03502724053506179,0.042090602189527315
A7,289.0,0.020124378109452737,-0.03509381108535292,0.041665487374779285
A7,290.0,0.020149253731343283,-0.03481614037103142,0.040689965938118515
A7,291.0,0.019850746268656717,-0.03005561254680722,0.04127874436680295
A7,292.0,0.01962686567164179,-0.028675470051089058,0.04177913511482574
A7,293.0,0.0195273631840796,-0.02788816877024236,0.04246685428595178
A7,294.0,0.01945273631840796,-0.024594384332503827,0.04508452320258121
A7,295.0,0.019228855721393035,-0.023719904862724017,0.043899401882429086
A7,296.0,0.01912935323383085,-0.023169991177917737,0.04467436573447951
A7,297.0,0.019303482587064675,-0.02067049592300718,0.04646518222630264
A7,298.0,0.0191044776119403,-0.023262542535996356,0.04369784947140034
A7,299.0,0.018930348258706466,-0.02081286916322711,0.045070009439265445
A7,300.0,0.01917910447761194,-0.020529498121554135,0.04670632895913318
A8,1.0,1.0,0.9926420474940852,0.00296615498627926
A8,2.0,0.9950372208436724,0.9885343439473289,0.0029618590844749174
A8,3.0,0.9875930521091811,0.9838994597319388,0.0026915119113505963
A8,4.0,0.9851116625310173,0.9788879051792784,0.002689392976603623
A8,5.0,0.9801488833746899,0.9749362783273503,0.002733989297087088
A8,6.0,0.9751861042183623,0.9710124327823555,0.002646492231072299
A8,7.0,0.9727047146401985,0.9686966492139044,0.0027416872710314343
A8,8.0,0.9702233250620348,0.9690042277347155,0.0028847506765191425
A8,9.0,0.967741935483871,0.9649538373549347,0.0027813499474467784
A8,10.0,0.9627791563275434,0.9611822210872951,0.002524930976836259
A8,11.0,0.9602977667493796,0.9586046310216688,0.0025764228182215978
A8,12.0,0.9578163771712159,0.9557231321194278,0.0025224907372360505
A8,13.0,0.9578163771712159,0.954567259490628,0.0024856779081127507
A8,14.0,0.9553349875930521,0.9548092591525004,0.002599858837900335
A8,15.0,0.9528535980148883,0.9542346470125216,0.0027182367836007322
A8,16.0,0.9503722084367245,0.9539123176654818,0.002767228444879555
A8,17.0,0.9478908188585607,0.9517986732146013,0.0028434552334690062
A8,18.0,0.9478908188585607,0.9483427107647311,0.0026413198455252852
A8,19.0,0.9454094292803971,0.9452305733540443,0.002506725273659801
A8,20.0,0.9454094292803971,0.9438732898249101,0.0025079786881655806
A8,21.0,0.9429280397022333,0.941913527895205,0.0025343827978572707
A8,22.0,0.9429280397022333,0.9413507828989207,0.0024728323353939855
A8,23.0,0.9404466501240695,0.9422845469712291,0.0026195051928421197
A8,24.0,0.9404466501240695,0.9429415446409699,0.0026659463986494674
A8,25.0,0.9379652605459057,0.9420178193718475,0.0025848929060668458
A8,26.0,0.9354838709677419,0.9365947458979462,0.0025921829171780715
A8,27.0,0.9354838709677419,0.9369783827877791,0.0025308789063189677
A8,28.0,0.9330024813895782,0.9335583579758272,0.0025504125075628808
A8,29.0,0.9330024813895782,0.9321585629315587,0.00249820936777053
A8,30.0,0.9330024813895782,0.9351961761876655,0.0025805066808383356
A8,31.0,0.9330024813895782,0.9364108466358078,0.002726580825528227
A8,32.0,0.9305210918114144,0.9351047240881697,0.002625906612668522
A8,33.0,0.9280397022332506,0.9295929377814041,0.002639500278170484
A8,34.0,0.9280397022332506,0.9288936886684851,0.0026078297760934017
A8,35.0,0.9280397022332506,0.9285002680857981,0.0025585396671858247
A8,36.0,0.9255583126550868,0.9279620518211131,0.0025245060390639376
A8,37.0,0.9255583126550868,0.9313866218364566,0.0027086188634813163
A8,38.0,0.9255583126550868,0.9296749077520763,0.002656633203383073
A8,39.0,0.9255583126550868,0.9278748294227421,0.0026203148488760874
A8,40.0,0.9230769230769231,0.922527156379161,0.0025787660714464387
A8,41.0,0.9230769230769231,0.9213662326078144,0.0025086752598836907
A8,42.0,0.9205955334987593,0.9221794668995273,0.0025290850678229312
A8,43.0,0.9205955334987593,0.9213465561488241,0.0025420267387526356
A8,44.0,0.9205955334987593,0.9259625609892134,0.0026728454510601117
A8,45.0,0.9205955334987593,0.9266143525738946,0.002659512096207086
A8,46.0,0.9181141439205955,0.9202926261067685,0.002554785642653081
A8,47.0,0.9181141439205955,0.9205502777723036,0.00252961719441316
A8,48.0,0.9156327543424317,0.9168142018838266,0.0025544338995786243
A8,49.0,0.9156327543424317,0.9174862763373596,0.0025512484267130073
A8,50.0,0.9156327543424317,0.9208730107111325,0.002537959513208775
A8,51.0,0.9156327543424317,0.9217822381692958,0.002706472309627591
A8,52.0,0.9156327543424317,0.9226906018567089,0.002652279987260604
A8,53.0,0.913151364764268,0.9149068182602149,0.00248435729683962
A8,54.0,0.913151364764268,0.9184632251386857,0.002614303974152725
A8,55.0,0.913151364764268,0.9135696128794066,0.0025816468993273617
A8,56.0,0.9106699751861043,0.9143222224649645,0.0025398784004956455
A8,57.0,0.913151364764268,0.9149739410116419,0.002547074839346092
A8,58.0,0.9106699751861043,0.9118972332391087,0.0025189244969754518
A8,59.0,0.9106699751861043,0.9151443209023447,0.0026668935764631806
A8,60.0,0.9081885856079405,0.9107064216232086,0.0025197322745121173
A8,61.0,0.9106699751861043,0.9142122467625167,0.002616919546826828
A8,62.0,0.9081885856079405,0.9087177227334293,0.0025109158716096697
A8,63.0,0.9057071960297767,0.9061589459050672,0.002524723888548781
A8,64.0,0.9081885856079405,0.9100347310480724,0.002610033492716279
A8,65.0,0.9057071960297767,0.9062738893018478,0.002541862210633394
A8,66.0,0.9057071960297767,0.9096945918944708,0.002587452587398772
A8,67.0,0.9057071960297767,0.9104606054012205,0.002557166844773923
A8,68.0,0.9032258064516129,0.9057677678333665,0.002588504180022344
A8,69.0,0.9057071960297767,0.9091636390817299,0.002571072233333591
A8,70.0,0.9032258064516129,0.9085076327658037,0.0025018856897208964
A8,71.0,0.9032258064516129,0.9074109738868116,0.002546346537202924
A8,72.0,0.9007444168734491,0.9038788512436621,0.0025398728884405484
A8,73.0,0.9007444168734491,0.9028189413305572,0.0025710210148424594
A8,74.0,0.9007444168734491,0.9027360845128146,0.002600284061930633
A8,75.0,0.9007444168734491,0.9025425646119669,0.002614438675138138
A8,76.0,0.8982630272952854,0.9009921494531989,0.002668586027992517
A8,77.0,0.9007444168734491,0.9029190245075525,0.0026098236994940975
A8,78.0,0.8982630272952854,0.9001517832433135,0.002563561556140495
A8,79.0,0.8982630272952854,0.8999550150657476,0.0025417065869469237
A8,80.0,0.8957816377171216,0.8971473456774133,0.002594622467288048
A8,81.0,0.8957816377171216,0.8984777182383321,0.0026004724666940852
A8,82.0,0.8957816377171216,0.8974927389752168,0.002656857444157252
A8,83.0,0.8957816377171216,0.8960130710126897,0.002612200196153516
A8,84.0,0.8957816377171216,0.8964420098099963,0.0026133757114262597
A8,85.0,0.8933002481389578,0.8956355893081639,0.0026007569505124583
A8,86.0,0.8933002481389578,0.8944959691629718,0.002603507779903955
A8,87.0,0.8933002481389578,0.8941965152739813,0.002633542965449952
A8,88.0,0.8933002481389578,0.895122195984675,0.002643587597921334
A8,89.0,0.890818858560794,0.893935798411633,0.0026295321676602424
A8,90.0,0.890818858560794,0.8936279075683142,0.0026707385627198605
A8,91.0,0.890818858560794,0.8931405495778875,0.0027664242239579242
A8,92.0,0.890818858560794,0.892245920493207,0.0026943756468066665
A8,93.0,0.890818858560794,0.8929652807608133,0.002712938429089222
A8,94.0,0.8883374689826302,0.8926022867683632,0.002710102549670176
A8,95.0,0.8883374689826302,0.8895464240427915,0.00274271076803822
A8,96.0,0.8883374689826302,0.8892479906703333,0.0028199354239370014
A8,97.0,0.8883374689826302,0.8897487924837018,0.0027130981082896266
A8,98.0,0.8858560794044665,0.8902123600979924,0.002688590055243318
A8,99.0,0.8858560794044665,0.889231982804277,0.0027090071228465917
A8,100.0,0.8858560794044665,0.8885314799596385,0.0027237052290839236
A8,101.0,0.8858560794044665,0.887646585076089,0.0027453298483462304
A8,102.0,0.8833746898263027,0.8868438349636644,0.002755825660043139
A8,103.0,0.8833746898263027,0.8854294380743266,0.0027508189261774493
A8,104.0,0.8833746898263027,0.8856750655640775,0.0027446393759804335
A8,105.0,0.8833746898263027,0.8854737981647733,0.002897360906468765
A8,106.0,0.8833746898263027,0.8892409433732148,0.002722656145935053
A8,107.0,0.8808933002481389,0.8829061941250759,0.002856606769184279
A8,108.0,0.8808933002481389,0.8842581544382115,0.0028235343340888763
A8,109.0,0.8808933002481389,0.8838788934307085,0.0028046218693722476
A8,110.0,0.8808933002481389,0.8811235022512853,0.0027590133357671487
A8,111.0,0.8808933002481389,0.8884418822264124,0.002738355279215996
A8,112.0,0.8784119106699751,0.8811843695672026,0.0028502373887133764
A8,113.0,0.8784119106699751,0.8810064275748659,0.002779616026894064
A8,114.0,0.8784119106699751,0.8812314512591526,0.0028157243291518966
A8,115.0,0.8759305210918115,0.8798799634143587,0.0028170239034428046
A8,116.0,0.8759305210918115,0.8791122909524189,0.0027809585373686223
A8,117.0,0.8759305210918115,0.8790705800728801,0.0027629701178604814
A8,118.0,0.8759305210918115,0.8781062060204488,0.0027923393773150403
A8,119.0,0.8759305210918115,0.8788850943761558,0.002810811858638159
A8,120.0,0.8734491315136477,0.8774620337961299,0.0028381348571088474
A8,121.0,0.8734491315136477,0.8780887497567412,0.0028362998710551143
A8,122.0,0.8734491315136477,0.8755671176960667,0.002866097348254611
A8,123.0,0.8734491315136477,0.8777743727459562,0.002845711190013653
A8,124.0,0.8734491315136477,0.878124804834459,0.002936023046928934
A8,125.0,0.8734491315136477,0.8736514192881141,0.0029821424967012965
A8,126.0,0.8709677419354839,0.8729633582402094,0.003021131522606769
A8,127.0,0.8709677419354839,0.8734000013667105,0.002814737486605104
A8,128.0,0.8709677419354839,0.8733665272658383,0.002809898187133397
A8,129.0,0.8684863523573201,0.8728303779057046,0.0028391490103422735
A8,130.0,0.8684863523573201,0.8702760619004074,0.0029874222363793957
A8,131.0,0.8684863523573201,0.8729848060401534,0.002793765030159558
A8,132.0,0.8684863523573201,0.872466880326886,0.0029144550709635005
A8,133.0,0.8709677419354839,0.8780433467917828,0.0027942713257371747
A8,134.0,0.8684863523573201,0.8703679473723629,0.003141770684861539
A8,135.0,0.8660049627791563,0.8697542048747587,0.002784232466677959
A8,136.0,0.8660049627791563,0.8692425776163306,0.0027606307532842666
A8,137.0,0.8684863523573201,0.8720313997864462,0.0027194410767382425
A8,138.0,0.8684863523573201,0.8802886375054146,0.002833655051335942
A8,139.0,0.8660049627791563,0.8716145364995836,0.002771993008532541
A8,140.0,0.8635235732009926,0.8679254689372069,0.003101329718270802
A8,141.0,0.8635235732009926,0.8659442455646469,0.0030993208020595546
A8,142.0,0.8635235732009926,0.8659589791643121,0.003125262211496771
A8,143.0,0.8635235732009926,0.8674321396401464,0.0030054378680119884
A8,144.0,0.8610421836228288,0.8671064502675445,0.002879084414310817
A8,145.0,0.8610421836228288,0.8652376988481487,0.002967790911326966
A8,146.0,0.8610421836228288,0.8657296578010121,0.002889634641550236
A8,147.0,0.8610421836228288,0.8645854475811829,0.0028985881116952166
A8,148.0,0.8610421836228288,0.8747183232383929,0.0027522840090359684
A8,149.0,0.8610421836228288,0.8667469576953692,0.0028980930214296775
A8,150.0,0.8610421836228288,0.8646396580991763,0.002887789567850259
A8,151.0,0.858560794044665,0.8642586839622046,0.0028743823729248503
A8,152.0,0.858560794044665,0.863715344157356,0.002990180287315637
A8,153.0,0.858560794044665,0.86348123871834,0.0029861694608415944
A8,154.0,0.8560794044665012,0.8630723393678368,0.0030151870468442927
A8,155.0,0.8560794044665012,0.8630272413686948,0.0029552389081295293
A8,156.0,0.8560794044665012,0.8693432578423044,0.0027752016368975665
A8,157.0,0.8535980148883374,0.8579846066897188,0.003098991908592636
A8,158.0,0.8535980148883374,0.8603852439658501,0.003012932584207606
A8,159.0,0.8560794044665012,0.8672204302785577,0.002772976822714117
A8,160.0,0.8535980148883374,0.865352555828933,0.0027278959446533865
A8,161.0,0.8511166253101737,0.8604371362777622,0.002811166835821721
A8,162.0,0.8535980148883374,0.861418516293601,0.0029331459285323104
A8,163.0,0.8535980148883374,0.8639064738173362,0.0027774445394454965
A8,164.0,0.8511166253101737,0.8632533816012659,0.002767721845070201
A8,165.0,0.8511166253101737,0.865059491558601,0.002808148829557024
A8,166.0,0.8511166253101737,0.8641941125831814,0.0027766381030459343
A8,167.0,0.8511166253101737,0.8629325399709648,0.002774766248447693
A8,168.0,0.8486352357320099,0.856995604705704,0.002847146435781749
A8,169.0,0.8486352357320099,0.8620535511608689,0.002760888530599257
A8,170.0,0.8486352357320099,0.8622649726644799,0.002787790695345605
A8,171.0,0.8486352357320099,0.8616981250106156,0.0028205649650764114
A8,172.0,0.8461538461538461,0.8602664513452769,0.0028039992060377877
A8,173.0,0.8461538461538461,0.8602870804647866,0.0028698871006189023
A8,174.0,0.8461538461538461,0.8604569102337748,0.002832286492484824
A8,175.0,0.8436724565756824,0.8609777364427663,0.0028258239872538376
A8,176.0,0.8436724565756824,0.859643591888621,0.0028372863685640144
A8,177.0,0.8436724565756824,0.8589046417447577,0.0028434528237742266
A8,178.0,0.8436724565756824,0.858996321530255,0.002825188688553223
A8,179.0,0.8411910669975186,0.8571588127389675,0.0027722357678100044
A8,180.0,0.8411910669975186,0.8577689359840487,0.0028433871291409433
A8,181.0,0.8411910669975186,0.8571156687365448,0.002823199707413711
A8,182.0,0.8387096774193549,0.8558625212677023,0.0028065157399738607
A8,183.0,0.8387096774193549,0.8555394579607508,0.002819119758789756
A8,184.0,0.8387096774193549,0.8541527016847389,0.002843262400784939
A8,185.0,0.8387096774193549,0.8532797607266482,0.0027595009814995967
A8,186.0,0.8362282878411911,0.8539261305432378,0.0027702329158644156
A8,187.0,0.8362282878411911,0.8542365164880404,0.0028018272108041083
A8,188.0,0.8362282878411911,0.8535143215338548,0.002822512343485451
A8,189.0,0.8362282878411911,0.8520748809536244,0.0028130503343782214
A8,190.0,0.8337468982630273,0.8528472548358064,0.002831070573058238
A8,191.0,0.8337468982630273,0.8504522381487845,0.00282240699900755
A8,192.0,0.8337468982630273,0.8508317447950422,0.002928740930790785
A8,193.0,0.8312655086848635,0.8486917246444976,0.0028996493344316666
A8,194.0,0.8312655086848635,0.8484568637389267,0.0028534589022922866
A8,195.0,0.8312655086848635,0.8471701522351835,0.00283313771880215
A8,196.0,0.8287841191066998,0.8473370259698111,0.0028564588706781386
A8,197.0,0.8287841191066998,0.846289562889165,0.0028215389997865094
A8,198.0,0.8287841191066998,0.8442649188990257,0.0028128303517473046
A8,199.0,0.8287841191066998,0.8433218102177855,0.0027692387994456055
A8,200.0,0.826302729528536,0.8427713968596953,0.0028085923575316353
A8,201.0,0.826302729528536,0.8409048392194975,0.002843132996783344
A8,202.0,0.826302729528536,0.8376395923843608,0.00329761219259898
A8,203.0,0.8238213399503722,0.8366749239906563,0.0030932358823941835
A8,204.0,0.8238213399503722,0.8360331939849105,0.003104100736494788
A8,205.0,0.8213399503722084,0.833353136469023,0.0031199677638162207
A8,206.0,0.8238213399503722,0.8317464633233794,0.003319598701949487
A8,207.0,0.8188585607940446,0.8298847771419592,0.003035866105002596
A8,208.0,0.8188585607940446,0.8334408274116596,0.002865016087561258
A8,209.0,0.8163771712158809,0.8274987058706387,0.0031774924823001548
A8,210.0,0.8188585607940446,0.833399172366214,0.002908247121923646
A8,211.0,0.8138957816377171,0.8339868554050998,0.002759086009185899
A8,212.0,0.8163771712158809,0.832696580984226,0.002928890683111947
A8,213.0,0.8163771712158809,0.8312263081658233,0.0030395362328120364
A8,214.0,0.8114143920595533,0.8283143965036356,0.0027943503639090736
A8,215.0,0.8138957816377171,0.8314766701050655,0.003230460812265613
A8,216.0,0.8114143920595533,0.8267580099525013,0.0028561958968963672
A8,217.0,0.8138957816377171,0.8237917964988836,0.003032675798646698
A8,218.0,0.8114143920595533,0.8283954545810535,0.003208765051824818
A8,219.0,0.8114143920595533,0.8231974494415916,0.0030553244111288973
A8,220.0,0.8064516129032258,0.8264324197038427,0.0031657939177209414
A8,221.0,0.8064516129032258,0.8272897602818601,0.0031835254792450833
A8,222.0,0.8039702233250621,0.8221666305910251,0.0029278182946703107
A8,223.0,0.8039702233250621,0.818141226657362,0.0029525608982190307
A8,224.0,0.8014888337468983,0.8187715756675664,0.002937060149833835
A8,225.0,0.8014888337468983,0.8203285995192775,0.003220760085132575
A8,226.0,0.7965260545905707,0.8125393337063141,0.002885995224006754
A8,227.0,0.7990074441687345,0.8197231472420097,0.003297154711915583
A8,228.0,0.7965260545905707,0.8124866268808308,0.002907630354391512
A8,229.0,0.7965260545905707,0.8153092450038603,0.003355229393737449
A8,230.0,0.7915632754342432,0.8088690535561118,0.00286869916805495
A8,231.0,0.7915632754342432,0.8135041901095796,0.00340668099025372
A8,232.0,0.7890818858560794,0.808171882118373,0.002837795077281593
A8,233.0,0.7890818858560794,0.8050278286200976,0.0030174773826924374
A8,234.0,0.7866004962779156,0.800689246439323,0.002933071563782724
A8,235.0,0.7841191066997518,0.798872391614163,0.003055826554529937
A8,236.0,0.7841191066997518,0.8045828855108375,0.0030953919945272456
A8,237.0,0.7791563275434243,0.8001140258544649,0.0029709977923089662
A8,238.0,0.7791563275434243,0.7965258401493112,0.0031513148526440115
A8,239.0,0.7741935483870968,0.7922774526484171,0.003029232193437292
A8,240.0,0.771712158808933,0.793303912402443,0.003094018399713905
A8,241.0,0.7692307692307693,0.789263658219026,0.002992574627409903
A8,242.0,0.7692307692307693,0.7930362067701262,0.0030538277615320976
A8,243.0,0.7642679900744417,0.7878936828788301,0.0030287698760916586
A8,244.0,0.7642679900744417,0.7883838726901958,0.003194023985707736
A8,245.0,0.7617866004962779,0.7827884842941889,0.003036026237727398
A8,246.0,0.7593052109181141,0.7856215280628929,0.00315691205941568
A8,247.0,0.7568238213399504,0.7845962435580802,0.003047889416467766
A8,248.0,0.7543424317617866,0.7796869792647696,0.0032209493350817686
A8,249.0,0.7543424317617866,0.7757468440168309,0.003686749626116271
A8,250.0,0.7518610421836228,0.7841758051887098,0.003429765678133579
A8,251.0,0.749379652605459,0.7723179667933627,0.003148773367275089
A8,252.0,0.7468982630272953,0.7763309190736533,0.003127351539658231
A8,253.0,0.7419354838709677,0.7677303225805586,0.0031863869811348928
A8,254.0,0.7419354838709677,0.767067779276189,0.0037341234338778345
A8,255.0,0.7419354838709677,0.7717456282697474,0.003602382614863393
A8,256.0,0.7369727047146402,0.764736132408912,0.00297346083784077
A8,257.0,0.7344913151364765,0.7637896453318644,0.0030169664860046123
A8,258.0,0.7320099255583127,0.7569298883207409,0.002988039449844176
A8,259.0,0.7295285359801489,0.7611595653627325,0.003146995787531035
A8,260.0,0.7270471464019851,0.7547279424783497,0.0031285497737327593
A8,261.0,0.7270471464019851,0.7582752084543783,0.003535584921299852
A8,262.0,0.7220843672456576,0.7495147389039049,0.0031847105483247262
A8,263.0,0.7220843672456576,0.7521627666051889,0.0034788445962259437
A8,264.0,0.7196029776674938,0.7401829186424804,0.003200124785397705
A8,265.0,0.71712158808933,0.745133501266152,0.0032473711062669676
A8,266.0,0.7121588089330024,0.7387424252252957,0.003262239685192961
B1,1.0,1.0,0.9500090311159846,0.11936143012606998
B1,2.0,1.019672131147541,0.9202791642982684,0.10487116313163912
B1,3.0,1.0295081967213116,0.940679400953603,0.09945022695900631
B1,4.0,1.0360655737704918,0.9468295792453226,0.10631668873501854
B1,5.0,1.039344262295082,0.9560461074678159,0.11225591853781053
B1,6.0,1.0262295081967212,0.9515936437889885,0.11375127207518748
B1,7.0,0.9934426229508196,0.9315455348000113,0.09839155326719412
B1,8.0,0.9704918032786886,0.9117058340951274,0.08021787422111148
B1,9.0,0.9540983606557377,0.890265185604092,0.07146576044714933
B1,10.0,0.9311475409836065,0.8706864102653549,0.06834589340611079
B1,11.0,0.9114754098360656,0.8481464797147551,0.06831148895184404
B1,12.0,0.8885245901639345,0.8358600974964803,0.06672198188450683
B1,13.0,0.8622950819672132,0.7927231066193017,0.07271128689782948
B1,14.0,0.839344262295082,0.8004080050468766,0.06307256103391987
B1,15.0,0.8163934426229508,0.785812456098889,0.061423620492067635
B1,16.0,0.7934426229508197,0.7697485249364958,0.0582788800711177
B1,17.0,0.7737704918032787,0.7542705532980004,0.05749846890062613
B1,18.0,0.7540983606557377,0.7367252901451349,0.05813531522998814
B1,19.0,0.7344262295081967,0.7113142313184472,0.06504145982641395
B1,20.0,0.7081967213114754,0.6019055924287434,0.12483844189095254
B1,21.0,0.6754098360655738,0.5811268180176632,0.10313123035022892
B1,22.0,0.6557377049180327,0.5261238795159193,0.11979917911103032
B1,23.0,0.6459016393442623,0.5792366960032391,0.12642773977809668
B1,24.0,0.6327868852459017,0.5328794497836378,0.12305135847647626
B1,25.0,0.6196721311475409,0.5103877889364186,0.129202036050839
B1,26.0,0.6131147540983607,0.5258662209775807,0.14014737848505338
B1,27.0,0.5934426229508196,0.4993458329798727,0.1323192739146812
B1,28.0,0.5672131147540984,0.5273655956613709,0.11196814909630513
B1,29.0,0.5540983606557377,0.5015289060187954,0.14855524271034068
B1,30.0,0.5344262295081967,0.533440937319633,0.12685946523465252
B1,31.0,0.5147540983606558,0.5332522208992267,0.17279601100867714
B1,32.0,0.5114754098360655,0.5195699834195179,0.1450763692737082
B1,33.0,0.49508196721311476,0.534853853499883,0.151313984956137
B1,34.0,0.47540983606557374,0.5692350811697088,0.18604479672567953
B1,35.0,0.4426229508196721,0.5338770802486749,0.23698063181276677
B1,36.0,0.4491803278688525,0.4907964573038768,0.2021895933895682
B1,37.0,0.4426229508196721,0.4431360878438021,0.18314892942344713
B1,38.0,0.4131147540983607,0.4197501486902602,0.20383150643330686
B1,39.0,0.35737704918032787,0.49054552454519773,0.24470566251346068
B1,40.0,0.39672131147540984,0.42516139898119093,0.2169391541462479
B1,41.0,0.36721311475409835,0.4479156096902372,0.22956824310526117
B1,42.0,0.3442622950819672,0.5561603548954861,0.2887924441408989
B1,43.0,0.3639344262295082,0.41255643220492266,0.207653020323533
B1,44.0,0.35737704918032787,0.44854138370403085,0.2411910591598497
B1,45.0,0.3475409836065574,0.43438344753130853,0.23851294281134916
B1,46.0,0.3377049180327869,0.4704845025740129,0.25327710605247433
B1,47.0,0.3118032786885246,0.5243976724424927,0.28366829898406226
B1,48.0,0.30885245901639347,0.49273283720026595,0.2710750253361121
B1,49.0,0.2862295081967213,0.5368663727048265,0.28924814846172126
B1,50.0,0.28688524590163933,0.551986672908442,0.2957028459814032
B1,51.0,0.2839344262295082,0.5046426475589916,0.27995834672463765
B1,52.0,0.28918032786885245,0.4500958715466236,0.2573525782049436
B1,53.0,0.2537704918032787,0.5795146540028395,0.30356879879851756
B1,54.0,0.259672131147541,0.5838114235218422,0.3054076711003606
B1,55.0,0.2698360655737705,0.5109128545771874,0.28127617084497747
B1,56.0,0.2659016393442623,0.49871370334919884,0.27085693887203627
B1,57.0,0.25934426229508195,0.4999937062407338,0.2726423229940237
B1,58.0,0.2498360655737705,0.5415036371576057,0.29259804961786234
B1,59.0,0.24721311475409835,0.44932921437354717,0.2531180333635673
B1,60.0,0.23737704918032787,0.516067012163744,0.27780067814773834
B1,61.0,0.23344262295081966,0.4975975230415163,0.27560031667155244
B1,62.0,0.21868852459016394,0.6242812049889258,0.31303039251584924
B1,63.0,0.2,0.666892663256955,0.3181455436838701
B1,64.0,0.20688524590163934,0.6560077569794464,0.3171910596227561
B1,65.0,0.18754098360655738,0.6761475361779709,0.31873887832221975
B1,66.0,0.18754098360655738,0.6824669247391097,0.3189815310274188
B1,67.0,0.14163934426229507,0.6884476186945503,0.3191047214181099
B1,68.0,0.20655737704918034,0.5190627777068566,0.2787145257021449
B1,69.0,0.18918032786885247,0.6276112973472208,0.3137635705637345
B1,70.0,0.2022950819672131,0.4633594100726807,0.2705651122382997
B1,71.0,0.14557377049180328,0.6629964474112932,0.31781882394906
B1,72.0,0.18786885245901638,0.5853415780771668,0.30762830100592814
B1,73.0,0.17245901639344263,0.5881954141612944,0.3074524659912613
B1,74.0,0.13409836065573771,0.6869858488821716,0.3190926760087693
B1,75.0,0.1921311475409836,0.3149168223962881,0.1775455943270876
B1,76.0,0.14426229508196722,0.682599635592994,0.3190118302945335
B1,77.0,0.17901639344262296,0.6316347623272859,0.31440980746224256
B1,78.0,0.15934426229508197,0.6726027871102969,0.31864950461443337
B1,79.0,0.17934426229508196,0.34898769708252086,0.23932642531607734
B1,80.0,0.15377049180327867,0.6849712713834485,0.31906378656258566
B1,81.0,0.17573770491803278,0.29089141597224,0.20776848076653182
B1,82.0,0.16459016393442624,0.6332460751751443,0.31486905691255335
B1,83.0,0.17278688524590163,0.21440176216645712,0.11489830277475725
B1,84.0,0.1678688524590164,0.28202878894350597,0.2045671992557402
B1,85.0,0.12918032786885245,0.6842130977936985,0.3190557052002592
B1,86.0,0.16262295081967212,0.29295721238286176,0.21586653700324412
B1,87.0,0.12819672131147541,0.6879834103366104,0.3191043960111549
B1,88.0,0.16131147540983606,0.33194904055936936,0.233511020754245
B1,89.0,0.08885245901639344,0.5780844046486249,0.3065121778113235
B1,90.0,0.07901639344262296,0.6887039626306581,0.3191088907119293
B1,91.0,0.15770491803278688,0.19138182505853418,0.10888735863482034
B1,92.0,0.14524590163934425,0.6539123725746333,0.31736467312736366
B1,93.0,0.1557377049180328,0.188967111362076,0.10442817134344552
B1,94.0,0.15147540983606558,0.24481363903229642,0.1898047605254863
B1,95.0,0.14622950819672131,0.419510636843448,0.2703915416673483
B1,96.0,0.09377049180327869,0.6896966215524025,0.31911145362318494
B1,97.0,0.14622950819672131,0.24546723055470815,0.18403838888284915
B1,98.0,0.12360655737704918,0.6792404086638678,0.3188860675959715
B1,99.0,0.14065573770491804,0.42101421986360565,0.2699508700012239
B1,100.0,0.08459016393442623,0.6886376734747228,0.31910830956278996
B1,101.0,0.1360655737704918,0.6778593596129627,0.3189233078318636
B1,102.0,0.14295081967213114,0.16783275328404657,0.10418747585507547
B2,1.0,1.0,0.9691554152163008,0.18121889586910195
B2,2.0,0.9801324503311258,0.9038410015421324,0.1554065305161132
B2,3.0,0.9701986754966887,0.8879980492690512,0.14870501917927068
B2,4.0,0.9602649006622517,0.8855885672214596,0.13048112369199863
B2,5.0,0.9470198675496688,0.8861986285574736,0.11999119935397194
B2,6.0,0.9271523178807947,0.8789617322964405,0.11240291651243635
B2,7.0,0.9139072847682119,0.8648611462179678,0.10714791509603133
B2,8.0,0.8940397350993378,0.8710834929463779,0.09621384159578987
B2,9.0,0.8774834437086093,0.8548808960082719,0.09244323627700522
B2,10.0,0.8576158940397351,0.8401317834010371,0.10362825241090873
B2,11.0,0.8377483443708609,0.835641016743692,0.08624405877992442
B2,12.0,0.8178807947019867,0.8221061788920074,0.08353453465068793
B2,13.0,0.8013245033112583,0.8111448565217694,0.08549633469301848
B2,14.0,0.7814569536423841,0.7914426441824706,0.11477209019636395
B2,15.0,0.7682119205298014,0.7814819421637799,0.11332348706814521
B2,16.0,0.7516556291390728,0.7735360001586418,0.095113572661771
B2,17.0,0.7350993377483444,0.7591244625368833,0.08015077726828833
B2,18.0,0.7185430463576159,0.7471845857550604,0.10612340103104849
B2,19.0,0.7019867549668874,0.727830119098633,0.09119790100324764
B2,20.0,0.6854304635761589,0.7123059663443243,0.10574733689066407
B2,21.0,0.6688741721854304,0.6992983370833367,0.10717584069319123
B2,22.0,0.652317880794702,0.6828094860961594,0.1018502225424985
B2,23.0,0.6357615894039735,0.6782311423983639,0.1268356287936565
B2,24.0,0.6158940397350994,0.6577157572206664,0.1084825361045085
B2,25.0,0.5993377483443708,0.6528772491004695,0.1145562187816529
B2,26.0,0.5827814569536424,0.6376243549261952,0.1303393067123446
B2,27.0,0.5629139072847682,0.6302185043482418,0.12202301353827152
B2,28.0,0.5463576158940397,0.6254464651864239,0.1318191797197589
B2,29.0,0.5264900662251656,0.6154983785062768,0.13214720451404646
B2,30.0,0.5033112582781457,0.6066184007551952,0.13449801493255575
B2,31.0,0.4867549668874172,0.6052396065090774,0.14827232829319648
B2,32.0,0.46357615894039733,0.5782941927793543,0.13837211252168782
B2,33.0,0.4470198675496689,0.5737863040602095,0.1421048089255526
B2,34.0,0.4271523178807947,0.5130135160073457,0.12323827170468021
B2,35.0,0.40728476821192056,0.4771051668966356,0.11801470226730171
B2,36.0,0.38741721854304634,0.5146788811088902,0.13446395405651773
B2,37.0,0.3675496688741722,0.4242022626412849,0.09580030582898436
B2,38.0,0.3543046357615894,0.46156424572477794,0.13478577592831448
B2,39.0,0.33774834437086093,0.4261275803376534,0.11537447451709626
B2,40.0,0.3211920529801324,0.4085033351619777,0.11848683102018245
B2,41.0,0.30993377483443707,0.41816121904881753,0.13750605104837266
B2,42.0,0.2933774834437086,0.3368133333283162,0.12182596478236866
B2,43.0,0.2854304635761589,0.3437124745631819,0.11541557965377261
B2,44.0,0.2705298013245033,0.3506954243460481,0.11613707989865683
B2,45.0,0.2589403973509934,0.3414004353167858,0.12743040464749597
B2,46.0,0.2509933774834437,0.3273152185807813,0.12803822982257526
B2,47.0,0.23973509933774834,0.30410616671613494,0.14617852959772765
B2,48.0,0.23112582781456953,0.31968973451283356,0.18473090480943508
B2,49.0,0.22748344370860926,0.28720465555993113,0.141240242399089
B2,50.0,0.21456953642384105,0.2965345860330919,0.18943981391234374
B2,51.0,0.20794701986754968,0.2847107150592445,0.1916190497390597
B2,52.0,0.2052980132450331,0.24317469947161552,0.13207290264463978
B2,53.0,0.19602649006622516,0.2391123555584171,0.16727457765167095
B2,54.0,0.1890728476821192,0.21220783509206498,0.1493253022010885
B2,55.0,0.18443708609271522,0.2008333691377795,0.1407947916212893
B2,56.0,0.17913907284768213,0.18895394269366594,0.10945989090635928
B2,57.0,0.17516556291390728,0.18117266609631055,0.11335592324424787
B2,58.0,0.1728476821192053,0.186175379206597,0.13097923814574078
B2,59.0,0.17019867549668874,0.18525386237337282,0.1113224545672417
B2,60.0,0.16225165562913907,0.16951481615812236,0.12379392196298764
B2,61.0,0.15894039735099338,0.1790018703736861,0.116571010725776
B2,62.0,0.15894039735099338,0.17142106259403922,0.10943819008747264
B2,63.0,0.15264900662251657,0.17383896505302443,0.11693443423695228
B2,64.0,0.1533112582781457,0.1769135449394742,0.11761703307863616
B2,65.0,0.147682119205298,0.16732883728999504,0.11737865656766956
B2,66.0,0.14437086092715232,0.16300760043581464,0.11759149183696316
B2,67.0,0.1423841059602649,0.1620901810945511,0.11697447137357783
B2,68.0,0.13940397350993378,0.17312822707171638,0.12456477433358153
B2,69.0,0.13841059602649006,0.168705439693411,0.12725274218030147
B2,70.0,0.13543046357615893,0.1639019168244743,0.12734987087748825
B2,71.0,0.1317880794701987,0.15752318309800661,0.12673477686357232
B2,72.0,0.12980132450331125,0.17786097853892036,0.1304214703551891
B2,73.0,0.12980132450331125,0.158534148570171,0.12880122148605944
B2,74.0,0.12582781456953643,0.15865450971195771,0.13590146556849594
B2,75.0,0.123841059602649,0.1568769862821504,0.14021195642490478
B2,76.0,0.12251655629139073,0.1632123226793305,0.14455590770824928
B2,77.0,0.12417218543046357,0.19470233999687647,0.14335419561526477
B2,78.0,0.12086092715231789,0.17412349718739917,0.1450783264938996
B2,79.0,0.12019867549668874,0.16480031351639257,0.15909822795449274
B2,80.0,0.1195364238410596,0.17761285210110356,0.1637292827072669
B2,81.0,0.1162251655629139,0.18063550519510152,0.15246879429809138
B2,82.0,0.11390728476821192,0.16770225739293088,0.15585695112971606
B2,83.0,0.11390728476821192,0.1861738391832103,0.18338284826398907
B2,84.0,0.1119205298013245,0.17418037124802488,0.17968175107999246
B2,85.0,0.11059602649006622,0.18482723660584244,0.19515013523248298
B2,86.0,0.10894039735099338,0.1931800663840222,0.19507437802544883
B2,87.0,0.10927152317880795,0.20510989290822174,0.20638950624378677
B2,88.0,0.10662251655629139,0.18163201376277227,0.1877981327827495
B2,89.0,0.10629139072847682,0.20355812922256944,0.2109777930492514
B2,90.0,0.10529801324503311,0.18081204672034257,0.17777280904482173
B2,91.0,0.10397350993377484,0.18506916462952072,0.18613901310545336
B2,92.0,0.10529801324503311,0.20898235933130627,0.21043334812881434
B2,93.0,0.10231788079470198,0.20314768073169298,0.1899901074676323
B2,94.0,0.10132450331125828,0.20843873126602258,0.2111798671919474
B2,95.0,0.10066225165562914,0.22395802150215133,0.22249973362824496
B2,96.0,0.09900662251655629,0.2068526490157328,0.19340384424181156
B2,97.0,0.09834437086092715,0.20087374278429782,0.19734787854100408
B2,98.0,0.09768211920529801,0.21129380231061928,0.207502080773753
B2,99.0,0.09668874172185431,0.224475470107249,0.22000224287768022
B2,100.0,0.09503311258278145,0.21206546560928186,0.20789560342205948
B2,101.0,0.09437086092715231,0.21241469809704766,0.20552291585093252
B2,102.0,0.09470198675496688,0.21506608321965592,0.2023504721294663
B2,103.0,0.09370860927152318,0.24156557095426184,0.22596093713362847
B2,104.0,0.09370860927152318,0.2264534495942891,0.21517321811344942
B2,105.0,0.0923841059602649,0.22697295901805709,0.2162998743287214
B2,106.0,0.09172185430463577,0.23792750168662624,0.2222632541980699
B2,107.0,0.09205298013245033,0.23891426133937788,0.2135776252732576
B2,108.0,0.0913907284768212,0.22803523070559323,0.20794203890965385
B2,109.0,0.09105960264900662,0.24648384214653102,0.22403403925090992
B2,110.0,0.08940397350993377,0.2562823460300729,0.22865929108603963
B2,111.0,0.08841059602649007,0.2509486867300125,0.2242108275174217
B2,112.0,0.0880794701986755,0.24199243719711772,0.2171561278336397
B2,113.0,0.08741721854304636,0.24741697165465742,0.22039381937987304
B2,114.0,0.08675496688741721,0.2433080190879202,0.21813050340660234
B2,115.0,0.08642384105960264,0.25092067849208655,0.2214870240081289
B3,1.0,1.0,0.9936420417199854,0.11382834529352656
B3,2.0,1.0161290322580645,1.0736323839545314,0.08968732536906979
B3,3.0,1.0258064516129033,1.0826743331924762,0.09717344130103066
B3,4.0,1.032258064516129,1.0351894585412853,0.12067403012518983
B3,5.0,1.0354838709677419,1.0172147263358018,0.13011359572877676
B3,6.0,1.032258064516129,0.997989455879988,0.13739031020783124
B3,7.0,1.0064516129032257,0.955340924630616,0.13895224001825443
B3,8.0,0.9838709677419355,0.9115766075692527,0.1316570172135311
B3,9.0,0.964516129032258,0.8944535181448996,0.123376290951056
B3,10.0,0.9483870967741935,0.8935679810663484,0.10398536416971328
B3,11.0,0.9290322580645162,0.8678377515474628,0.1091928615691334
B3,12.0,0.9096774193548387,0.8519495338174831,0.10980225437668037
B3,13.0,0.8935483870967742,0.8349371523152199,0.10932639762972174
B3,14.0,0.8741935483870967,0.8164278049265304,0.11059463014308399
B3,15.0,0.8548387096774194,0.8015311850931093,0.10870107938268544
B3,16.0,0.8387096774193549,0.7834557094257918,0.1060443941008179
B3,17.0,0.8258064516129032,0.758280689315806,0.10893710509454911
B3,18.0,0.8032258064516129,0.7539737344807694,0.11611162881999194
B3,19.0,0.7870967741935484,0.7411334654259063,0.11863389763113759
B3,20.0,0.7741935483870968,0.745754286133364,0.08638022170414886
B3,21.0,0.7580645161290323,0.7120824883444262,0.11974850630353728
B3,22.0,0.7451612903225806,0.7280723452371937,0.07184975472504113
B3,23.0,0.7290322580645161,0.7212715318709663,0.07699462684538189
B3,24.0,0.7161290322580646,0.6890211806380856,0.11377983712873853
B3,25.0,0.5903225806451613,0.6340046489058473,0.13312390941558716
B3,26.0,0.5387096774193548,0.6172428332409599,0.11518892410554629
B3,27.0,0.5129032258064516,0.6005029979043093,0.11268055941995268
B3,28.0,0.5096774193548387,0.5820055253843116,0.10753092150724347
B3,29.0,0.5419354838709678,0.5732086651810395,0.10458508450121567
B3,30.0,0.4161290322580645,0.3956760300058498,0.09025002547063465
B3,31.0,0.3935483870967742,0.3849252793164927,0.09726895939072197
B3,32.0,0.3741935483870968,0.3711955325976033,0.1275743258831478
B3,33.0,0.3548387096774194,0.3582373462240964,0.10495351058035948
B3,34.0,0.33225806451612905,0.3423902478286003,0.11402804828154006
B3,35.0,0.31,0.3355230634012815,0.12669183772693487
B3,36.0,0.2880645161290323,0.32047659385198685,0.1461731907708931
B3,37.0,0.27064516129032257,0.3181746840326922,0.1591111000902771
B3,38.0,0.2461290322580645,0.31675035964487963,0.17075826571073122
B3,39.0,0.22806451612903225,0.310225348653432,0.18166048029706197
B3,40.0,0.2103225806451613,0.3080242620103019,0.16179420984153228
B3,41.0,0.1967741935483871,0.3098339757548233,0.15861790842219858
B3,42.0,0.18419354838709678,0.29100393006162173,0.17016880717618024
B3,43.0,0.1735483870967742,0.29987768099502216,0.19182179543530084
B3,44.0,0.16741935483870968,0.26642379733762445,0.19472123026828192
B3,45.0,0.15645161290322582,0.2680006871527607,0.2015018088575917
B3,46.0,0.14806451612903226,0.19982964995540792,0.18917651174518563
B3,47.0,0.14225806451612905,0.25510845060748183,0.20775781520383677
B3,48.0,0.13709677419354838,0.21465519467953337,0.20082969296640543
B3,49.0,0.13096774193548388,0.2813727292228079,0.220856779659868
B3,50.0,0.12612903225806452,0.29675951731288375,0.22680920399525162
B3,51.0,0.12225806451612903,0.2874691288848353,0.22449571026800477
B3,52.0,0.11806451612903225,0.3663431132848923,0.24759170100798295
B3,53.0,0.11451612903225807,0.3921719279105812,0.2525597579221809
B3,54.0,0.11064516129032258,0.3970780637864067,0.2459379457420514
B3,55.0,0.10774193548387097,0.4336448343009031,0.2495485461322156
B3,56.0,0.10516129032258065,0.4359722659013847,0.26022935157877264
B3,57.0,0.10290322580645161,0.43592418715134107,0.25895507521628064
B3,58.0,0.10161290322580645,0.4411530634093269,0.25982250522794237
B3,59.0,0.09806451612903226,0.44577686458481086,0.26084864530805874
B3,60.0,0.0964516129032258,0.45479215720428956,0.26062332151537143
B3,61.0,0.09451612903225806,0.45882133865336927,0.2627434802385831
B3,62.0,0.09225806451612903,0.46738959530923996,0.254153208045812
B3,63.0,0.09064516129032259,0.45766338517145494,0.26240877931921536
B3,64.0,0.09,0.45553649068222524,0.26115941222023514
B3,65.0,0.0867741935483871,0.4773202412479678,0.2644004919730369
B3,66.0,0.08612903225806452,0.4831941127073668,0.26786683713347487
B3,67.0,0.08354838709677419,0.4836731309160937,0.26660081248180323
B3,68.0,0.08258064516129032,0.49152457633096885,0.26765387500438664
B3,69.0,0.08064516129032258,0.47310399421861205,0.2602895170867784
B3,70.0,0.08,0.49882114048482273,0.26835921824194636
B3,71.0,0.07935483870967742,0.5010142571132721,0.26759805670040715
B3,72.0,0.07903225806451612,0.5013310773612698,0.2684270013805834
B3,73.0,0.07838709677419355,0.5131368650755733,0.27008528681693095
B3,74.0,0.07612903225806451,0.5223844072080901,0.2706849239370141
B3,75.0,0.07516129032258065,0.4789897035968118,0.26284585133897764
B3,76.0,0.0732258064516129,0.5245207762720285,0.27079497226182453
B3,77.0,0.07258064516129033,0.5218705982764796,0.27013543567841397
B3,78.0,0.07258064516129033,0.5282376481685261,0.27119163094076826
B3,79.0,0.07064516129032258,0.5335239797207512,0.2718265652588413
B3,80.0,0.07,0.5006276271275014,0.26887230214357655
B3,81.0,0.06806451612903226,0.5100426838962965,0.2690159636870758
B3,82.0,0.06741935483870967,0.5518954542173959,0.27424878155366456
B3,83.0,0.06806451612903226,0.5464288361507343,0.27373443430211875
B3,84.0,0.0667741935483871,0.5087799870954983,0.26942888779839125
B3,85.0,0.06548387096774194,0.5348045990493725,0.273302910148794
B3,86.0,0.06451612903225806,0.5445782784097751,0.27405144296544814
B3,87.0,0.06516129032258064,0.5765537501912292,0.277955687708919
B3,88.0,0.0635483870967742,0.5650817261047663,0.27649425372731107
B3,89.0,0.06483870967741935,0.5742660133138399,0.2777512742070443
B3,90.0,0.06322580645161291,0.5783379583707395,0.2783967489738212
B3,91.0,0.0635483870967742,0.5766724290512649,0.2784097547943753
B3,92.0,0.06193548387096774,0.5799236520774458,0.2787883117933896
B3,93.0,0.06129032258064516,0.5914472181514611,0.2802486702430195
B3,94.0,0.06129032258064516,0.5930011053478843,0.280514511938413
B3,95.0,0.06129032258064516,0.5987750693607667,0.2812845633028573
B3,96.0,0.05967741935483871,0.6004921519385052,0.28152242913739894
B3,97.0,0.06,0.5998372306795885,0.28160379945896835
B3,98.0,0.05838709677419355,0.6115665543486559,0.28291720658074804
B3,99.0,0.05870967741935484,0.6088511576023067,0.2827096190771791
B3,100.0,0.059032258064516126,0.614137955524474,0.2833078955858048
B3,101.0,0.059032258064516126,0.6236648446754526,0.2843135023253961
B3,102.0,0.05838709677419355,0.6327798508258378,0.28528382429982974
B3,103.0,0.057741935483870965,0.6274599422150647,0.2847613259350932
B3,104.0,0.05709677419354839,0.6326970039631705,0.28530242194730615
B3,105.0,0.056451612903225805,0.6291001825398667,0.28475190110538434
B3,106.0,0.05548387096774193,0.6436630208287405,0.28633219704411406
B3,107.0,0.05419354838709677,0.6348961675733996,0.2855806761454116
B3,108.0,0.05548387096774193,0.6411547641420677,0.2861446929433371
B3,109.0,0.054838709677419356,0.6447847781774957,0.286454782405141
B3,110.0,0.05451612903225807,0.652455417785081,0.2869703819828786
B3,111.0,0.052258064516129035,0.6474328285814966,0.28671018288489575
B3,112.0,0.053548387096774196,0.6592576904940876,0.2875784624734248
B3,113.0,0.0532258064516129,0.6538543528478724,0.2872005357020295
B3,114.0,0.0532258064516129,0.653852969597917,0.28720625804887023
B3,115.0,0.05290322580645161,0.6555770947552795,0.28733165388303344
B3,116.0,0.0532258064516129,0.6620271336050086,0.287769438035648
B3,117.0,0.052258064516129035,0.6616590533120413,0.28775439543524745
B3,118.0,0.05161290322580645,0.6619511429871955,0.28777430641497975
B3,119.0,0.05193548387096774,0.6651813788528576,0.2879317555092135
B3,120.0,0.05161290322580645,0.6734937977594578,0.2884318698333651
B3,121.0,0.05064516129032258,0.6817829239982516,0.2888324924585478
B3,122.0,0.04903225806451613,0.6725505499297997,0.28837664078843095
B3,123.0,0.048709677419354835,0.6664357919278304,0.2880459147953876
B3,124.0,0.04967741935483871,0.6714261558303082,0.2883206733217291
B3,125.0,0.04935483870967742,0.672463713071352,0.28837593906427267
B3,126.0,0.04903225806451613,0.67391714285316,0.2884430936977375
B3,127.0,0.04935483870967742,0.6756176705694922,0.2885291113583988
B4,1.0,1.0,0.8189286777670746,0.24480941580752247
B4,2.0,1.0163398692810457,0.7915762100561666,0.23867202045548674
B4,3.0,1.0294117647058822,0.8277060869987647,0.2195105814744259
B4,4.0,1.0359477124183007,0.8288919925077249,0.2200973486069273
B4,5.0,1.0392156862745099,0.8293045604373925,0.22178975245073665
B4,6.0,1.0196078431372548,0.8245923419580564,0.21752549110779426
B4,7.0,0.9836601307189542,0.8298739078453273,0.2165302360990352
B4,8.0,0.9640522875816994,0.8432391043934666,0.2108970511313584
B4,9.0,0.9444444444444444,0.8460712542021102,0.21097196827823558
B4,10.0,0.9215686274509803,0.841919921818477,0.21215094195059564
B4,11.0,0.8954248366013072,0.8250881259372886,0.22034055953566523
B4,12.0,0.869281045751634,0.8373796103003088,0.20915927854369065
B4,13.0,0.8431372549019608,0.7990723580964082,0.22767306823130298
B4,14.0,0.8169934640522876,0.789498339815046,0.22490100621250303
B4,15.0,0.7941176470588235,0.8057719021086011,0.2107671440124964
B4,16.0,0.7712418300653595,0.7904547219950805,0.21132644913802248
B4,17.0,0.7516339869281046,0.7623846858776193,0.21903210793743336
B4,18.0,0.7320261437908496,0.7628765428066664,0.21366667260573327
B4,19.0,0.7091503267973857,0.6534971544255614,0.23217157951814824
B4,20.0,0.6111111111111112,0.5583905429953994,0.24562411459188144
B4,21.0,0.565359477124183,0.522140835876565,0.23010977457584952
B4,22.0,0.5392156862745098,0.5224340890145411,0.23340024155814865
B4,23.0,0.49019607843137253,0.5393869090975614,0.24330164072174107
B4,24.0,0.5196078431372549,0.5589148816491107,0.24113111279061678
B4,25.0,0.4803921568627451,0.5697295402018043,0.24632747701254204
B4,26.0,0.38235294117647056,0.5125665652665875,0.24649599415531112
B4,27.0,0.3627450980392157,0.4936019932758643,0.24409130220905725
B4,28.0,0.3431372549019608,0.48613289121246683,0.245526461942126
B4,29.0,0.3209150326797386,0.47763277759864864,0.2450391567087265
B4,30.0,0.3,0.47878010065304566,0.24656204207675386
B4,31.0,0.2803921568627451,0.444573204691022,0.23820422628629823
B4,32.0,0.26176470588235295,0.4408011828414519,0.23888781368036882
B4,33.0,0.24444444444444444,0.4195454735651223,0.2305870367580779
B4,34.0,0.2284313725490196,0.4050848566789017,0.2264076576739999
B4,35.0,0.21535947712418302,0.3958090136153647,0.22486019700257182
B4,36.0,0.20294117647058824,0.3870596244758154,0.2239103029418561
B4,37.0,0.19183006535947714,0.3813430878073463,0.22364100330196324
B4,38.0,0.1830065359477124,0.3919401040391679,0.2260447913475088
B4,39.0,0.17483660130718953,0.3790174366666695,0.22288575483793657
B4,40.0,0.1676470588235294,0.3815550893061012,0.2203416527899896
B4,41.0,0.16013071895424835,0.38876937349946,0.22273364802185733
B4,42.0,0.15522875816993464,0.37715372617806797,0.21977922610655723
B4,43.0,0.14967320261437908,0.38263630589267783,0.2202995959646385
B4,44.0,0.1450980392156863,0.3786894563388524,0.22146927829997906
B4,45.0,0.14183006535947712,0.3781260963459394,0.22353507084764956
B4,46.0,0.13725490196078433,0.3935660412794927,0.23613420590192669
B4,47.0,0.1323529411764706,0.3861640853426579,0.23471052012705781
B4,48.0,0.12941176470588237,0.37883651802026536,0.22789463104916127
B4,49.0,0.12581699346405228,0.38060762130961895,0.23070124167027825
B4,50.0,0.12450980392156863,0.37782927298654345,0.2336072154863863
B4,51.0,0.12156862745098039,0.3870909085989141,0.24183389752118445
B4,52.0,0.11797385620915032,0.3726955907613679,0.23535399727363568
B4,53.0,0.11633986928104575,0.3729916851242392,0.23775044545555699
B4,54.0,0.11339869281045752,0.42018085791686643,0.251570964638674
B4,55.0,0.11176470588235295,0.4089635715719908,0.24996165634183645
B4,56.0,0.11013071895424836,0.3873879942832364,0.24616829779645363
B4,57.0,0.10718954248366012,0.40717291373567743,0.25113665000516683
B4,58.0,0.10588235294117647,0.40573444356716515,0.25101936668916963
B4,59.0,0.1042483660130719,0.4867739205324757,0.267084040220465
B4,60.0,0.1022875816993464,0.40093398065732244,0.2510944258138719
B4,61.0,0.10098039215686275,0.4199428549117886,0.2553314546694581
B4,62.0,0.09934640522875816,0.4695656307181483,0.26467522977657143
B4,63.0,0.0977124183006536,0.4980040701169228,0.268706711532755
B4,64.0,0.09673202614379085,0.4923742838610533,0.26796799356109813
B4,65.0,0.09542483660130718,0.40917749236063283,0.2546324257127475
B4,66.0,0.09444444444444444,0.4955874645963493,0.2676640363133885
B4,67.0,0.09313725490196079,0.40263314963521596,0.25349785698798877
B4,68.0,0.09215686274509804,0.43369865747666125,0.2607182428797378
B4,69.0,0.09117647058823529,0.40929384203871927,0.25534606287003303
B4,70.0,0.0915032679738562,0.4622872392296709,0.2664671441046909
B4,71.0,0.08888888888888889,0.417666707921873,0.2568388523825293
B4,72.0,0.08823529411764706,0.41841943154234723,0.25732116677700284
B4,73.0,0.08823529411764706,0.4377105189372207,0.2600233783835978
B4,74.0,0.08594771241830065,0.4666931241235875,0.2652684519204873
B4,75.0,0.08496732026143791,0.43246886613424024,0.2607292178521321
B4,76.0,0.08398692810457517,0.474368019153252,0.26630180312641183
B4,77.0,0.08366013071895424,0.4505296759435317,0.2618066056239947
B4,78.0,0.08333333333333333,0.43042676488299114,0.25955538263444927
B4,79.0,0.08202614379084967,0.5072434212550309,0.27044921530798194
B4,80.0,0.08104575163398693,0.44495063753462744,0.2627227183804728
B4,81.0,0.0803921568627451,0.45585472478041733,0.2627203631769964
B4,82.0,0.08006535947712418,0.43915423744663973,0.26207465359783677
B4,83.0,0.07941176470588235,0.45872001698930787,0.2625690236622645
B4,84.0,0.07908496732026143,0.47917923221513503,0.2672201835919933
B4,85.0,0.07745098039215687,0.44353156929900706,0.26138351919942865
B4,86.0,0.07712418300653595,0.4462287545511335,0.2612401628603971
B4,87.0,0.07647058823529412,0.4571448422547387,0.26303841731610195
B4,88.0,0.07647058823529412,0.49062026962996885,0.27039653512393325
B4,89.0,0.07483660130718954,0.5186540132499541,0.2726878257772894
B4,90.0,0.0738562091503268,0.4518868532700434,0.26290379559658233
B4,91.0,0.0738562091503268,0.4553228469923254,0.26249923771764966
B4,92.0,0.0738562091503268,0.5059098944559705,0.2722313864429569
B4,93.0,0.07254901960784314,0.5110744441638405,0.27196336935986587
B4,94.0,0.07222222222222222,0.45784279650174287,0.26341641335641663
B4,95.0,0.0718954248366013,0.5255260776490253,0.2743796887355929
B4,96.0,0.07091503267973856,0.4654923486240252,0.2631893156856063
B4,97.0,0.07091503267973856,0.5051706885332334,0.27164545885204616
B4,98.0,0.07058823529411765,0.4603005765878412,0.2623738070828676
B4,99.0,0.06993464052287582,0.47329169966328805,0.2644952683458892
B4,100.0,0.06993464052287582,0.4725800227458775,0.2639785366572958
B4,101.0,0.06928104575163399,0.5125260845149975,0.27302059507910037
B4,102.0,0.06862745098039216,0.4777403925494705,0.2665285566617027
B4,103.0,0.06797385620915032,0.46835417308311555,0.263164156983316
B4,104.0,0.06830065359477124,0.4858542765617032,0.2657238033331892
B4,105.0,0.06797385620915032,0.4825696192380537,0.2647426106470859
B4,106.0,0.06699346405228758,0.5031866440404202,0.2716823851879167
B4,107.0,0.06666666666666667,0.535760265224547,0.27633072001873815
B4,108.0,0.06601307189542484,0.5139946395093307,0.2734421353727687
B4,109.0,0.06568627450980392,0.5121904898987575,0.2731087940652584
B4,110.0,0.06601307189542484,0.47766119563816567,0.26377634627438007
B4,111.0,0.06535947712418301,0.503697728948991,0.27161175110450486
B4,112.0,0.0650326797385621,0.47331381332315936,0.2632327687313175
B4,113.0,0.06535947712418301,0.4733934983800344,0.26316101235419526
B4,114.0,0.06405228758169934,0.5354647038024203,0.27575934100794347
B4,115.0,0.06339869281045751,0.5296203083068771,0.2752418544624507
B4,116.0,0.0630718954248366,0.4800884430184684,0.2638818325160321
B4,117.0,0.0630718954248366,0.5170414284295746,0.27332528544325224
B4,118.0,0.06274509803921569,0.5369673668707694,0.2759198084315849
B4,119.0,0.06143790849673202,0.5204733100248408,0.2737996676467838
B4,120.0,0.06143790849673202,0.5107075971320563,0.2723344382680481
B4,121.0,0.06143790849673202,0.509109451332478,0.27211434549740443
B4,122.0,0.060784313725490195,0.4833468092710246,0.26389090277672667
B4,123.0,0.061764705882352944,0.4915482731809476,0.2646288011306939
B4,124.0,0.06143790849673202,0.5119103253560827,0.27235136138821914
B4,125.0,0.060784313725490195,0.47919123314884005,0.2638347615883964
B4,126.0,0.06045751633986928,0.49377013259118296,0.265310180139169
B4,127.0,0.060784313725490195,0.4844726984992527,0.26511439284918964
B4,128.0,0.06045751633986928,0.4860913615142727,0.2636724610742131
B4,129.0,0.059803921568627454,0.5256458532876179,0.2740189523338832
B4,130.0,0.058823529411764705,0.5374626221057686,0.27575698049171676
B4,131.0,0.05849673202614379,0.5141124850137504,0.2725592901629538
B4,132.0,0.05816993464052288,0.5085061552172172,0.27165444319320003
B4,133.0,0.05784313725490196,0.54208378231578,0.2764072657928959
B4,134.0,0.05784313725490196,0.5170783966834047,0.2728964318613076
B4,135.0,0.05718954248366013,0.5133245427665597,0.2723181234102555
B5,1.0,1.0,1.001796913161894,0.015365466389724691
B5,2.0,0.995049504950495,0.9824188137624769,0.016207629774337977
B5,3.0,0.995049504950495,1.0129599838630194,0.011441537916327496
B5,4.0,0.9900990099009901,1.011598685829397,0.01198892928219163
B5,5.0,0.9876237623762376,0.9895610233801773,0.013310214333048142
B5,6.0,0.9851485148514851,0.9899897297445779,0.01553417643722967
B5,7.0,0.9826732673267327,0.9842361988888138,0.015468484200816783
B5,8.0,0.9801980198019802,0.9986200028024541,0.011158999108844995
B5,9.0,0.9777227722772277,0.9822418076015065,0.012512913269441563
B5,10.0,0.9752475247524752,0.986819543973264,0.012306410724208607
B5,11.0,0.9752475247524752,0.9898437976381693,0.0109264386071348
B5,12.0,0.9727722772277227,0.9908646812328161,0.012581931720583573
B5,13.0,0.9702970297029703,0.9602595073221132,0.015215046808342394
B5,14.0,0.9702970297029703,0.9698718239365354,0.013842894837741041
B5,15.0,0.9678217821782178,0.97876214610414,0.01169057401371243
B5,16.0,0.9653465346534653,0.9739065403471707,0.013472885036613284
B5,17.0,0.9628712871287128,0.9869219578647512,0.011666292752415207
B5,18.0,0.9628712871287128,0.9484864456606549,0.015609647490236122
B5,19.0,0.9603960396039604,0.9726834209095795,0.011693754308984582
B5,20.0,0.9603960396039604,0.9731469875108405,0.012155179422263369
B5,21.0,0.9579207920792079,0.9864793073273094,0.010748694142563813
B5,22.0,0.9579207920792079,0.9662245195076111,0.01205916799100936
B5,23.0,0.9579207920792079,0.965785430595337,0.015131709448730752
B5,24.0,0.9554455445544554,0.9640639588994462,0.012283013800048799
B5,25.0,0.9529702970297029,0.970623228554208,0.012982926334922896
B5,26.0,0.9554455445544554,0.9468600083406906,0.014474089409212711
B5,27.0,0.9529702970297029,0.9734847474250291,0.011239697782228142
B5,28.0,0.9504950495049505,0.9530912983122162,0.014855927895523396
B5,29.0,0.9504950495049505,0.9472749293573884,0.015907573000067114
B5,30.0,0.948019801980198,0.9609714892187886,0.013334666721096492
B5,31.0,0.948019801980198,0.9475697832328716,0.015030884170542875
B5,32.0,0.948019801980198,0.9680654042501503,0.013091031615877831
B5,33.0,0.948019801980198,0.9503076338108287,0.01339865398144994
B5,34.0,0.9455445544554455,0.9448683781506759,0.01569736753056922
B5,35.0,0.9455445544554455,0.9318645080084307,0.016564549071006126
B5,36.0,0.9455445544554455,0.9402140024242993,0.015380775687891651
B5,37.0,0.943069306930693,0.9554012472814015,0.013427452221628547
B5,38.0,0.943069306930693,0.9592583128687747,0.011891949733280316
B5,39.0,0.943069306930693,0.9615056590153777,0.012544465595771517
B5,40.0,0.9405940594059405,0.9305924797477351,0.01655914692140965
B5,41.0,0.9405940594059405,0.9628741629459094,0.011924196236306065
B5,42.0,0.9405940594059405,0.9390200861950916,0.015036488021333262
B5,43.0,0.9405940594059405,0.9276571551428225,0.015624005612951916
B5,44.0,0.9405940594059405,0.9276596325434711,0.016391579602601392
B5,45.0,0.9405940594059405,0.941119160616399,0.014601152208103272
B5,46.0,0.9381188118811881,0.9513556746807179,0.01157731200798547
B5,47.0,0.9381188118811881,0.9536476781360683,0.012868284083670883
B5,48.0,0.9381188118811881,0.921551681869668,0.016136627135405295
B5,49.0,0.9381188118811881,0.9314969369520524,0.015713665958245828
B5,50.0,0.9381188118811881,0.9476119230084757,0.013318874791319681
B5,51.0,0.9356435643564357,0.9338100360706518,0.01349688686545362
B5,52.0,0.9381188118811881,0.9334364615137243,0.015294171239602746
B5,53.0,0.9356435643564357,0.9145487259752365,0.017537713161816015
B5,54.0,0.9356435643564357,0.9408894830962777,0.013965199300638121
B6,1.0,1.0,1.0367293572126215,0.01105144110174787
B6,2.0,0.9950738916256158,1.0315325883180755,0.009977014155610704
B6,3.0,0.9926108374384236,1.0216269934866482,0.008486758316457801
B6,4.0,0.9901477832512315,1.0104706243307855,0.007284354441641595
B6,5.0,0.9876847290640394,1.0078630525006913,0.008568840399352769
B6,6.0,0.9852216748768473,1.0068166469345003,0.008453016408558306
B6,7.0,0.9827586206896551,0.9932730524559301,0.0072002877138991235
B6,8.0,0.9802955665024631,0.9938496818199047,0.008139517453122361
B6,9.0,0.9778325123152709,0.9942384403047739,0.006899382422187698
B6,10.0,0.9753694581280788,0.9884549513000753,0.006794614254425748
B6,11.0,0.9729064039408867,0.987068031173251,0.007202515081724696
B6,12.0,0.9704433497536946,0.9787221216735762,0.007157187657453534
B6,13.0,0.9704433497536946,0.9854341310629944,0.006935661747263585
B6,14.0,0.9679802955665024,0.976383728352139,0.007367035386613667
B6,15.0,0.9655172413793104,0.9826065124490573,0.007590509082750262
B6,16.0,0.9630541871921182,0.9778275971115636,0.0068822789036056264
B6,17.0,0.9630541871921182,0.9729646034231598,0.006844886820098697
B6,18.0,0.9630541871921182,0.9721020665610578,0.007040668919692776
B6,19.0,0.9605911330049262,0.970374413953764,0.006675428864093372
B6,20.0,0.958128078817734,0.9738078400707117,0.007422381601095342
B6,21.0,0.958128078817734,0.9736051415164515,0.007171088880681512
B6,22.0,0.9556650246305419,0.9629238134227966,0.006585118404268551
B6,23.0,0.9556650246305419,0.9714820404725959,0.00754646437183886
B6,24.0,0.9532019704433498,0.9674435543501398,0.0074106263092561745
B6,25.0,0.9532019704433498,0.9673311194766551,0.007507999767854779
B6,26.0,0.9507389162561576,0.9635078575474283,0.006327342762347847
B6,27.0,0.9507389162561576,0.9657196969785715,0.007458343226667005
B6,28.0,0.9482758620689655,0.9592979576492869,0.006388330697898853
B6,29.0,0.9482758620689655,0.9655240219683502,0.007732730575524531
B6,30.0,0.9482758620689655,0.9659388323957561,0.007805737024292893
B6,31.0,0.9458128078817734,0.9682252315985611,0.007309129636178669
B6,32.0,0.9482758620689655,0.9613859422168463,0.006596004625334124
B6,33.0,0.9458128078817734,0.960427840908045,0.006742974357312682
B6,34.0,0.9433497536945813,0.9626438087437957,0.006851140100556803
B6,35.0,0.9458128078817734,0.9572286708758551,0.006857099163907393
B6,36.0,0.9433497536945813,0.9527660524449764,0.006772443345054449
B6,37.0,0.9433497536945813,0.9609029438804303,0.007541333111259865
B6,38.0,0.9433497536945813,0.9524213026019838,0.007035588282083527
B6,39.0,0.9408866995073891,0.9578549059909849,0.0072946138060148704
B6,40.0,0.9408866995073891,0.9531605410948116,0.006913723302143295
B6,41.0,0.9408866995073891,0.9549915886808946,0.0068375127275357205
B6,42.0,0.9408866995073891,0.9520718191994725,0.007029229768646759
B6,43.0,0.9384236453201971,0.9528950963310471,0.00765939538204104
B6,44.0,0.9384236453201971,0.946379371213504,0.006870957070341198
B6,45.0,0.9384236453201971,0.9480234118846967,0.006369698575362906
B6,46.0,0.9384236453201971,0.9489638267288674,0.00632543141006518
B6,47.0,0.9359605911330049,0.9436560237055498,0.006811009250945742
B6,48.0,0.9359605911330049,0.9434995171919156,0.007606363575093135
B6,49.0,0.9359605911330049,0.9424180048702968,0.007318168751213549
B6,50.0,0.9359605911330049,0.9472384626896794,0.006942587538971062
B6,51.0,0.9359605911330049,0.945428666678389,0.007434719153061698
B6,52.0,0.9359605911330049,0.9385113457432454,0.006497113059581494
B6,53.0,0.9334975369458128,0.9444254500306175,0.0074570011052138355
B6,54.0,0.9334975369458128,0.9422274290405941,0.006930555171990891
