channel,cycle,y_true,y_pred,y_std
A1,1.0,1.0,0.9957620200070888,0.007304693842287804
A1,2.0,0.995049504950495,0.9903644187737904,0.006425968273477439
A1,3.0,0.9876237623762376,0.9871993110696725,0.005598468695293874
A1,4.0,0.9826732673267327,0.9794611103975881,0.004845503166371986
A1,5.0,0.9777227722772277,0.976091318574731,0.004864222129091574
A1,6.0,0.9727722772277227,0.9713569045844824,0.004724193209154058
A1,7.0,0.9702970297029703,0.9701773905745958,0.004834252481137563
A1,8.0,0.9678217821782178,0.9687773170830017,0.004832692018142364
A1,9.0,0.9653465346534653,0.9658491932535204,0.004567744078481973
A1,10.0,0.9603960396039604,0.9620954827322257,0.004238877311986825
A1,11.0,0.9579207920792079,0.9605662163377527,0.003981794024755428
A1,12.0,0.9554455445544554,0.9566809362919209,0.003954203957032176
A1,13.0,0.9529702970297029,0.9552920680333771,0.0038650905043789577
A1,14.0,0.9529702970297029,0.953929694232066,0.0036739882692351984
A1,15.0,0.9504950495049505,0.9544647426313418,0.004143227045625506
A1,16.0,0.948019801980198,0.9522270440087197,0.00390483482041468
A1,17.0,0.9455445544554455,0.9491978928839796,0.0038983389922654867
A1,18.0,0.9405940594059405,0.9458787484262043,0.004284163236821529
A1,19.0,0.9405940594059405,0.9437647067212482,0.004025560683956735
A1,20.0,0.9405940594059405,0.942868427503825,0.00380246948423899
A1,21.0,0.9381188118811881,0.9424637836337295,0.003294946492773487
A1,22.0,0.9381188118811881,0.9409394042598836,0.003739525350861589
A1,23.0,0.9381188118811881,0.9397972524251937,0.0033483557079224463
A1,24.0,0.9356435643564357,0.9393066642975713,0.003476879602576239
A1,25.0,0.9356435643564357,0.9383414747050932,0.003562119891207096
A1,26.0,0.9331683168316832,0.9357197071494033,0.0036052517178257124
A1,27.0,0.9331683168316832,0.9350767946837709,0.003507968325235306
A1,28.0,0.9306930693069307,0.9340679878419773,0.003530210757705237
A1,29.0,0.9306930693069307,0.9323573476021414,0.003453739637284475
A1,30.0,0.9306930693069307,0.9330900711608671,0.0036450161930949745
A1,31.0,0.9282178217821783,0.9328156736173321,0.003670208733428472
A1,32.0,0.9282178217821783,0.9311114475173292,0.0036708700677161622
A1,33.0,0.9257425742574258,0.9286597744162617,0.003428230978794048
A1,34.0,0.9257425742574258,0.9277978963348775,0.0033015983685142605
A1,35.0,0.9232673267326733,0.9259123681633037,0.0037435581335664653
A1,36.0,0.9232673267326733,0.925059925804317,0.003641364587385333
A1,37.0,0.9232673267326733,0.9262437477267029,0.003427834564208274
A1,38.0,0.9207920792079208,0.9243443849115037,0.0034809327964990147
A1,39.0,0.9207920792079208,0.9235824920066559,0.003604238735768067
A1,40.0,0.9207920792079208,0.9207947751160314,0.0037109950876055065
A1,41.0,0.9183168316831684,0.9208167222764096,0.003908984083302131
A1,42.0,0.9183168316831684,0.9206265526731447,0.003616863339733192
A1,43.0,0.9158415841584159,0.9184073436170838,0.0038248607222518775
A1,44.0,0.9158415841584159,0.919248206477981,0.003683844808982557
A1,45.0,0.9158415841584159,0.9180184440568664,0.003530731423730405
A1,46.0,0.9158415841584159,0.9172117641800349,0.0036374327213278533
A1,47.0,0.9133663366336634,0.9149312725341769,0.0037334288931315093
A1,48.0,0.9108910891089109,0.9144854050861422,0.003778697401322112
A1,49.0,0.9108910891089109,0.913054614791563,0.0037484532295679997
A1,50.0,0.9108910891089109,0.912920278380217,0.0034622926987423323
A1,51.0,0.9108910891089109,0.9109365458985972,0.00370328003015717
A1,52.0,0.9108910891089109,0.9110382498740515,0.0037452464684145275
A1,53.0,0.9084158415841584,0.9089882028270785,0.003731520376570081
A1,54.0,0.9084158415841584,0.9088084891500396,0.0036815570184047628
A1,55.0,0.905940594059406,0.9065559242919043,0.00400362464356779
A1,56.0,0.9034653465346535,0.905772562320981,0.004078497534305446
A1,57.0,0.9034653465346535,0.905279976899537,0.004039055300871566
A1,58.0,0.9034653465346535,0.9053897658022378,0.0038488620650732564
A1,59.0,0.9034653465346535,0.903984611022817,0.0036815735769674318
A1,60.0,0.9034653465346535,0.9025121760946467,0.0038611758123746555
A1,61.0,0.9034653465346535,0.9031578782246529,0.0036700406262036396
A1,62.0,0.900990099009901,0.9002653168175238,0.0037983931180720723
A1,63.0,0.900990099009901,0.8997900563622852,0.004294789812145505
A1,64.0,0.900990099009901,0.8997539032052706,0.0038088716027572
A1,65.0,0.8985148514851485,0.897335605124879,0.004134148061797831
A1,66.0,0.8985148514851485,0.8969416164052303,0.0037169088166058312
A1,67.0,0.8960396039603961,0.8970379591019857,0.003660192450628693
A1,68.0,0.8960396039603961,0.89538924511106,0.0036568165694867718
A1,69.0,0.8960396039603961,0.8933998624190806,0.0036039266277428364
A1,70.0,0.8960396039603961,0.8933235420757527,0.0036127283993436466
A1,71.0,0.8935643564356436,0.8923861210198378,0.0036827589564575906
A1,72.0,0.8960396039603961,0.8917564820954084,0.0036734589895297464
A1,73.0,0.8935643564356436,0.8916639566860737,0.003588541681813351
A1,74.0,0.8935643564356436,0.890162000965577,0.003607028245274403
A1,75.0,0.8910891089108911,0.8896082804374037,0.0036014347709534536
A1,76.0,0.8910891089108911,0.8869715831665493,0.0037582260796945968
A1,77.0,0.8886138613861386,0.887236100991036,0.00375634111260004
A1,78.0,0.8886138613861386,0.8857577673610217,0.004068806148318217
A1,79.0,0.8886138613861386,0.882998151953488,0.004110753816001542
A1,80.0,0.8861386138613861,0.8837733365640066,0.0042936888304797895
A1,81.0,0.8861386138613861,0.8803690972937592,0.0041870127351466965
A1,82.0,0.8861386138613861,0.8811188794333029,0.004202376148856361
A1,83.0,0.8861386138613861,0.8806956047217027,0.003756768667378589
A1,84.0,0.8836633663366337,0.8801346581256873,0.00418050268240535
A1,85.0,0.8836633663366337,0.8802266128346387,0.003715113293669575
A1,86.0,0.8836633663366337,0.877689348250684,0.0038928856278723813
A1,87.0,0.8836633663366337,0.8772190270359688,0.003905831893187018
A1,88.0,0.8811881188118812,0.8778165258763189,0.003933105625212431
A1,89.0,0.8811881188118812,0.8768288708176722,0.003631855188038416
A1,90.0,0.8811881188118812,0.8751973082529256,0.0038582421334412646
A1,91.0,0.8787128712871287,0.8748419932654737,0.004294952904659966
A1,92.0,0.8787128712871287,0.8737372027915927,0.0038375910702932105
A1,93.0,0.8787128712871287,0.8742139739007838,0.004190926845180144
A1,94.0,0.8762376237623762,0.8720591427810749,0.004058506824372884
A1,95.0,0.8762376237623762,0.8708215628815549,0.0042321578359117455
A1,96.0,0.8737623762376238,0.8686675755386337,0.004268894678707252
A1,97.0,0.8737623762376238,0.868037783636794,0.004370132802314772
A1,98.0,0.8737623762376238,0.8678715367561285,0.0037638715392216988
A1,99.0,0.8737623762376238,0.8666406782310799,0.0036837760409991734
A1,100.0,0.8737623762376238,0.8672387240775776,0.0036866685388381266
A1,101.0,0.8737623762376238,0.8662871600505132,0.0036746726571750253
A1,102.0,0.8712871287128713,0.8651374730865453,0.0036236290417690233
A1,103.0,0.8712871287128713,0.8648498824547132,0.0035779427250978582
A1,104.0,0.8712871287128713,0.8637296682229009,0.003515895075358623
A1,105.0,0.8688118811881188,0.8633583842971466,0.003597520301470833
A1,106.0,0.8712871287128713,0.8610059939672435,0.00348978370094266
A1,107.0,0.8663366336633663,0.8613910326509039,0.0033983180732208816
A1,108.0,0.8688118811881188,0.8593871367979459,0.0038084886874420643
A1,109.0,0.8663366336633663,0.8586554795196272,0.0038433200344516276
A1,110.0,0.8663366336633663,0.858788072996779,0.0033907968176903535
A1,111.0,0.8663366336633663,0.8569964263888581,0.003527934013106154
A1,112.0,0.8638613861386139,0.8589220325688277,0.0034374163020086898
A1,113.0,0.8638613861386139,0.8557680021266085,0.0037495950265191797
A1,114.0,0.8638613861386139,0.8545430696050961,0.0035153032846016305
A1,115.0,0.8638613861386139,0.8525562164693146,0.003631439015128279
A1,116.0,0.8613861386138614,0.8521769247365668,0.0035444299669611795
A1,117.0,0.8613861386138614,0.8523263334553515,0.0036679671561139896
A1,118.0,0.8613861386138614,0.8508507309835918,0.003481515168777657
A1,119.0,0.8589108910891089,0.8513384467806001,0.0034351804349525427
A1,120.0,0.8589108910891089,0.850195673290439,0.0034014599922647447
A1,121.0,0.8589108910891089,0.8477460997218208,0.003436631557412393
A1,122.0,0.8589108910891089,0.8472751031420593,0.003428887769678326
A1,123.0,0.8564356435643564,0.8469823150636381,0.003343184873935593
A1,124.0,0.8564356435643564,0.8468786025444002,0.003453430429326345
A1,125.0,0.8589108910891089,0.8450020607806121,0.0034894719773583497
A1,126.0,0.8514851485148515,0.8461502435855345,0.004010988325118139
A1,127.0,0.8539603960396039,0.8440819321147219,0.0038054667146763753
A1,128.0,0.8539603960396039,0.8436342796197956,0.003310260063276806
A1,129.0,0.8514851485148515,0.8427700590916416,0.0035224144380099328
A1,130.0,0.8514851485148515,0.8445119658735655,0.00351479733603151
A1,131.0,0.849009900990099,0.8408935507476271,0.0037851369052737255
A1,132.0,0.8514851485148515,0.8391247051769015,0.0035461879162755347
A1,133.0,0.8514851485148515,0.8378660626104363,0.0035092764783266244
A1,134.0,0.8514851485148515,0.8360748027466921,0.003527195907228201
A1,135.0,0.8465346534653465,0.8375314762493942,0.003996089066777179
A1,136.0,0.8465346534653465,0.8357388324701188,0.0035549639697672777
A1,137.0,0.8465346534653465,0.8352526317155631,0.003518376523259013
A1,138.0,0.8465346534653465,0.8351280161989635,0.0035235727679850588
A1,139.0,0.844059405940594,0.8347039482443557,0.003693931856903675
A1,140.0,0.844059405940594,0.832170413305813,0.003650394137332649
A1,141.0,0.8415841584158416,0.8319480347587214,0.003859671536900558
A1,142.0,0.8415841584158416,0.8304912210692186,0.003908272690622027
A1,143.0,0.8415841584158416,0.8267611445044122,0.0038578334833764974
A1,144.0,0.8391089108910891,0.8249293376063006,0.004064641125837128
A1,145.0,0.8391089108910891,0.8266646640116195,0.0037381251921348503
A1,146.0,0.8366336633663366,0.8247802543894014,0.00414493844788029
A1,147.0,0.8366336633663366,0.8222136454155805,0.0038331049079028613
A1,148.0,0.8341584158415841,0.8237483962099507,0.0038988557870248126
A1,149.0,0.8366336633663366,0.8221954022280734,0.0037973896359690396
A1,150.0,0.8366336633663366,0.8189245017383254,0.003827690732852222
A1,151.0,0.8366336633663366,0.8188904124971254,0.00372943905404837
A1,152.0,0.8341584158415841,0.8201016663579345,0.003786080756207567
A1,153.0,0.8341584158415841,0.8151833867878212,0.0039347177105511265
A1,154.0,0.8316831683168316,0.8153427236643082,0.003922261855182439
A1,155.0,0.8292079207920792,0.8121628712510899,0.00396308434437044
A1,156.0,0.8292079207920792,0.8127339074558679,0.004037996906926889
A1,157.0,0.8292079207920792,0.8111506499549769,0.004082918903589081
A1,158.0,0.8267326732673267,0.8135121704202128,0.004199941085193603
A1,159.0,0.8267326732673267,0.8095570174968469,0.004311825968217942
A1,160.0,0.8242574257425742,0.8123280941827389,0.00409317986459051
A1,161.0,0.8242574257425742,0.8089815341574675,0.0040727259855096514
A1,162.0,0.8242574257425742,0.8042246210866474,0.004580681315458392
A1,163.0,0.8217821782178217,0.8043872394484942,0.00458240221988552
A1,164.0,0.8168316831683168,0.8037526331864433,0.004418698749816614
A1,165.0,0.8168316831683168,0.8028507560531982,0.00444207134244279
A1,166.0,0.8168316831683168,0.7996296375240605,0.004471184137601448
A1,167.0,0.8143564356435643,0.7981241146700698,0.004534991665172708
A1,168.0,0.8118811881188119,0.7961383000141922,0.004387251620579039
A1,169.0,0.8118811881188119,0.7964923925335715,0.004495363124377162
A1,170.0,0.8094059405940595,0.7916332980931761,0.00462050960032402
A1,171.0,0.806930693069307,0.7893312918307753,0.004705603204104124
A1,172.0,0.8044554455445545,0.7878678277561123,0.005052298941249058
A1,173.0,0.8044554455445545,0.787098255222479,0.004817137009895824
A1,174.0,0.801980198019802,0.7864180069078732,0.004858202192890026
A1,175.0,0.801980198019802,0.7795882025211761,0.005029425131799751
A1,176.0,0.7995049504950495,0.7823179692633583,0.00501298699963643
A1,177.0,0.7995049504950495,0.7758546686793201,0.004915986608186463
A1,178.0,0.7970297029702971,0.7767096374953535,0.005027597324950857
A1,179.0,0.7945544554455446,0.7761008830765115,0.004991957898852421
A1,180.0,0.7945544554455446,0.7744506506478317,0.0050060491320266815
A1,181.0,0.7920792079207921,0.7698131787883293,0.005292314142052585
A1,182.0,0.7896039603960396,0.7689955668454195,0.0053108383228351805
A1,183.0,0.7871287128712872,0.7694623441813615,0.005355483744514777
A1,184.0,0.7846534653465347,0.7652043295144648,0.005603080225588363
A1,185.0,0.7846534653465347,0.7637779791383768,0.005170300698938219
A1,186.0,0.7846534653465347,0.7612631749755712,0.005526781828939488
A1,187.0,0.7772277227722773,0.7591016550219378,0.005789982444427605
A1,188.0,0.7772277227722773,0.757293477052673,0.0060017521362946
A1,189.0,0.7772277227722773,0.7563413950889997,0.005967662199478811
A1,190.0,0.7722772277227723,0.7545541793331323,0.005930361421769671
A1,191.0,0.7722772277227723,0.7567007001833416,0.006315887694362339
A1,192.0,0.7698019801980198,0.7545920921101472,0.006393861185296228
A1,193.0,0.7673267326732673,0.7512870161976772,0.006437067878797016
A1,194.0,0.7623762376237624,0.7449758097755518,0.006297073897065758
A1,195.0,0.7623762376237624,0.7424796783183392,0.006603135109384632
A1,196.0,0.7599009900990099,0.735668121416449,0.006462998531656729
A1,197.0,0.7574257425742574,0.7383850626158734,0.006865735934019958
A1,198.0,0.754950495049505,0.7373032319319495,0.007060914036970955
A1,199.0,0.754950495049505,0.7380031727397901,0.00769585214997485
A1,200.0,0.75,0.7303256038715555,0.00762629914655495
A1,201.0,0.7475247524752475,0.7300826793724325,0.007628256428210369
A1,202.0,0.7475247524752475,0.7189399520064323,0.00788903206200231
A1,203.0,0.7425742574257426,0.7257171438715212,0.007557587000113748
A1,204.0,0.7400990099009901,0.7290865013361619,0.008701222360822885
A1,205.0,0.7376237623762376,0.7261820176726671,0.008619797216171655
A1,206.0,0.7351485148514851,0.722195174786375,0.00869912145895158
A1,207.0,0.7277227722772277,0.7286002232966934,0.009179078703239621
A1,208.0,0.7301980198019802,0.7198703119390754,0.010442925163786358
A1,209.0,0.7227722772277227,0.7274254209318325,0.009777807176872554
A1,210.0,0.7277227722772277,0.7344322522641659,0.01110820025305945
A1,211.0,0.7227722772277227,0.7212799803734541,0.011096290018974289
A1,212.0,0.7178217821782178,0.7413582896625758,0.012502272981634257
A1,213.0,0.7128712871287128,0.736564644454958,0.011681699514651946
A1,214.0,0.7153465346534653,0.7325481277236292,0.012348210774549815
A1,215.0,0.7079207920792079,0.7377736194145081,0.01273779701351017
A1,216.0,0.7079207920792079,0.7256908147075549,0.013113601301950687
A1,217.0,0.7029702970297029,0.7372355284461404,0.0131323309977364
A1,218.0,0.7103960396039604,0.7226199695611172,0.013370891257565236
A1,219.0,0.7029702970297029,0.7302016966880158,0.012380399445905734
A1,220.0,0.7029702970297029,0.7174469655966801,0.013696501517240006
A1,221.0,0.7004950495049505,0.7243974925805319,0.014618113133772946
A1,222.0,0.698019801980198,0.7361333624121105,0.014585085017878164
A1,223.0,0.6955445544554455,0.7070246955956229,0.016258896844078486
A1,224.0,0.693069306930693,0.7175305758850167,0.01565410149926636
A1,225.0,0.6905940594059405,0.7300937008950594,0.015600678403416418
A1,226.0,0.6905940594059405,0.718213540661373,0.01697546247888418
A1,227.0,0.6856435643564357,0.7298704837688597,0.01613543622301776
A1,228.0,0.6856435643564357,0.7197316455750937,0.018172395540722575
A1,229.0,0.6806930693069307,0.734948474231597,0.017594780140366962
A1,230.0,0.6806930693069307,0.7270900373397596,0.019161528018380107
A1,231.0,0.6757425742574258,0.7392860856596251,0.019155029077665284
A1,232.0,0.6757425742574258,0.7183689496742652,0.01997842587552938
A1,233.0,0.6707920792079208,0.6997845722984961,0.021527143585640198
A1,234.0,0.6683168316831684,0.7339526214929116,0.01966888100947719
A1,235.0,0.6707920792079208,0.6960705733036556,0.023536862582613182
A1,236.0,0.6633663366336634,0.7376562717183717,0.020231308501814045
A1,237.0,0.6658415841584159,0.702411284312985,0.024079038544608782
A1,238.0,0.6584158415841584,0.708445461644228,0.025716921653326768
A1,239.0,0.655940594059406,0.7057407517082546,0.0273459752930336
A1,240.0,0.650990099009901,0.7471282221991584,0.02594829142080769
A1,241.0,0.650990099009901,0.7503729018840288,0.029032197030534272
A1,242.0,0.6460396039603961,0.7108336511069125,0.030773789376486643
A1,243.0,0.6410891089108911,0.7533795800909304,0.031877479597796514
A1,244.0,0.6410891089108911,0.7288833782048016,0.03143536949151107
A1,245.0,0.6336633663366337,0.7498279054521327,0.03283107374416522
A1,246.0,0.6361386138613861,0.7306396057947476,0.03444257744923288
A1,247.0,0.6262376237623762,0.7513632530595967,0.03599957843722615
A1,248.0,0.6262376237623762,0.7477579253987978,0.04284894648307606
A1,249.0,0.6212871287128713,0.7447723294125097,0.04326034486245492
A1,250.0,0.6163366336633663,0.74026410409967,0.04055932982100307
A1,251.0,0.6138613861386139,0.7166531722345852,0.040146452704466054
A1,252.0,0.6089108910891089,0.7347278019963351,0.046671292928524656
A1,253.0,0.6064356435643564,0.6995449190199502,0.04338161292769947
A1,254.0,0.6014851485148515,0.7271289098328215,0.04963100841146259
A1,255.0,0.6014851485148515,0.7212210026603545,0.05193998919910724
A1,256.0,0.5915841584158416,0.7236981003132087,0.05023564807037894
A1,257.0,0.5891089108910891,0.7067577337692005,0.051863290522246364
A1,258.0,0.5816831683168316,0.6939764478737326,0.05513812677205667
A1,259.0,0.5792079207920792,0.6888250849419947,0.05594550728663924
A1,260.0,0.5767326732673267,0.6877432644824679,0.055057842602885695
A1,261.0,0.5742574257425742,0.6755993118581626,0.05906173753120127
A1,262.0,0.5668316831683168,0.670162688486378,0.058185739573974035
A1,263.0,0.5643564356435643,0.6545645397392644,0.06125231215855744
A1,264.0,0.556930693069307,0.6532847216447168,0.061617619297837635
A1,265.0,0.551980198019802,0.6322175570790166,0.06546414767410368
A1,266.0,0.5420792079207921,0.6128963713762299,0.06655192105999355
A1,267.0,0.5371287128712872,0.5854617852547015,0.06840492145322284
A2,1.0,1.0,1.0068063238805682,0.00616858497468103
A2,2.0,0.9950372208436724,0.9974071985738197,0.006049338164931795
A2,3.0,0.9875930521091811,0.9929156997675606,0.00534729566834217
A2,4.0,0.9826302729528535,0.9825993263676484,0.005387717772487784
A2,5.0,0.9801488833746899,0.9764848610980019,0.004912125516106781
A2,6.0,0.9751861042183623,0.9693559649236785,0.005206516241937843
A2,7.0,0.9702233250620348,0.964815936470383,0.005093154612090345
A2,8.0,0.967741935483871,0.9658018725805882,0.004888287686400359
A2,9.0,0.9652605459057072,0.9606221132093716,0.004806454063775414
A2,10.0,0.9602977667493796,0.9560277383128984,0.005056992243310192
A2,11.0,0.9578163771712159,0.9503236150179217,0.004850658541099951
A2,12.0,0.9578163771712159,0.949467001817039,0.004756530805997353
A2,13.0,0.9553349875930521,0.9434746758562382,0.0051097019639530636
A2,14.0,0.9528535980148883,0.9428196035042473,0.005052829172642632
A2,15.0,0.9503722084367245,0.9414872634440895,0.00479965531769412
A2,16.0,0.9478908188585607,0.9408468705124295,0.0047756832453726816
A2,17.0,0.9429280397022333,0.9421691976309889,0.005141377848432191
A2,18.0,0.9429280397022333,0.9383416524728179,0.005027690829170877
A2,19.0,0.9404466501240695,0.9333664785435153,0.0049594125563575675
A2,20.0,0.9404466501240695,0.9276684436401759,0.005128339734852137
A2,21.0,0.9404466501240695,0.9251405209989602,0.005255398217861179
A2,22.0,0.9379652605459057,0.923304644116487,0.005277264192334354
A2,23.0,0.9379652605459057,0.9214654828346971,0.00536883760642339
A2,24.0,0.9354838709677419,0.9200510902095594,0.004861635643043861
A2,25.0,0.9354838709677419,0.9204489903595771,0.004843522331605727
A2,26.0,0.9330024813895782,0.9200443621865658,0.005125608372307502
A2,27.0,0.9305210918114144,0.9191932633008213,0.0050141230418145576
A2,28.0,0.9305210918114144,0.9164549333030294,0.005002207185138091
A2,29.0,0.9305210918114144,0.9151842545017546,0.005364017644342526
A2,30.0,0.9305210918114144,0.9130460368352332,0.00526218999652012
A2,31.0,0.9280397022332506,0.911689369611821,0.005045614661914206
A2,32.0,0.9255583126550868,0.9110555409841051,0.00525778922668877
A2,33.0,0.9255583126550868,0.9117519063414004,0.00514689758048195
A2,34.0,0.9230769230769231,0.9080888088031996,0.0052172690873722675
A2,35.0,0.9230769230769231,0.9099972934341487,0.005470625712700217
A2,36.0,0.9230769230769231,0.9025141858860485,0.005167096996415218
A2,37.0,0.9205955334987593,0.8995153635773487,0.005239131220071845
A2,38.0,0.9205955334987593,0.8999597205489818,0.0052941538014430215
A2,39.0,0.9205955334987593,0.9026163706648265,0.005165814913956963
A2,40.0,0.9181141439205955,0.9007890613518703,0.00542796975474021
A2,41.0,0.9181141439205955,0.8989460209204226,0.005245569441313752
A2,42.0,0.9156327543424317,0.901381796588163,0.0054055468226072425
A2,43.0,0.9156327543424317,0.8960489904289592,0.005265709559765213
A2,44.0,0.9156327543424317,0.8953768367905253,0.005278241745641221
A2,45.0,0.9156327543424317,0.8922226085302232,0.005087262674346368
A2,46.0,0.913151364764268,0.896285812204834,0.005155779910828368
A2,47.0,0.9106699751861043,0.8968173101927106,0.005420364632272213
A2,48.0,0.9106699751861043,0.8931473624041988,0.0052367190146964246
A2,49.0,0.9106699751861043,0.8901316474872314,0.005091620308482068
A2,50.0,0.9106699751861043,0.8861181152488111,0.005188191031590481
A2,51.0,0.9081885856079405,0.8851927801012799,0.005160645006519427
A2,52.0,0.9081885856079405,0.8880326044159719,0.0052771767414890244
A2,53.0,0.9057071960297767,0.8877788853483856,0.005351909660611457
A2,54.0,0.9057071960297767,0.8861618962198548,0.005535037016118774
A2,55.0,0.9032258064516129,0.88582272074657,0.0056521113075896825
A2,56.0,0.9032258064516129,0.8861299236203402,0.005125661469627188
A2,57.0,0.9007444168734491,0.8867317621478269,0.005518851488233058
A2,58.0,0.9032258064516129,0.8784889702440161,0.004895459788917103
A2,59.0,0.9007444168734491,0.8811931599931266,0.005367273521389236
A2,60.0,0.9007444168734491,0.8742701272728157,0.005089135334967031
A2,61.0,0.8982630272952854,0.878473432705106,0.005165403273692967
A2,62.0,0.8982630272952854,0.8793187109197004,0.0055281455433661445
A2,63.0,0.8982630272952854,0.8735518388402566,0.004976259726352604
A2,64.0,0.8957816377171216,0.8769697951154367,0.005763325107589242
A2,65.0,0.8982630272952854,0.8691144663815709,0.004949248024146346
A2,66.0,0.8933002481389578,0.8764369760019108,0.0052606098917336724
A2,67.0,0.8933002481389578,0.8723945445692325,0.005277632763387637
A2,68.0,0.8933002481389578,0.8703044381723856,0.0050412675853534605
A2,69.0,0.8933002481389578,0.8702591014138851,0.005012206319126305
A2,70.0,0.890818858560794,0.8675404919616586,0.004984965765019777
A2,71.0,0.8933002481389578,0.8640241266362862,0.00492605315259382
A2,72.0,0.890818858560794,0.8685372198489555,0.005444594329059663
A2,73.0,0.8883374689826302,0.8642372054138919,0.004989131815211305
A2,74.0,0.8883374689826302,0.8643393706568977,0.0049544263389972145
A2,75.0,0.8883374689826302,0.8629172561139905,0.004902154380645646
A2,76.0,0.8858560794044665,0.8628774055628765,0.004965836157965834
A2,77.0,0.8858560794044665,0.8635651291964915,0.0049769398840999474
A2,78.0,0.8858560794044665,0.8614244712326903,0.005265333296479352
A2,79.0,0.8833746898263027,0.8636290904819125,0.005409397246585679
A2,80.0,0.8833746898263027,0.8601109493565957,0.005586057269791932
A2,81.0,0.8833746898263027,0.8589962888257917,0.005500685077647738
A2,82.0,0.8833746898263027,0.8530420979363164,0.004809861390578154
A2,83.0,0.8808933002481389,0.8555503800761576,0.004805205762192307
A2,84.0,0.8808933002481389,0.8528266016406267,0.004845989173794868
A2,85.0,0.8808933002481389,0.8520647275878604,0.00493441676411829
A2,86.0,0.8784119106699751,0.8543805548412217,0.004948063955695782
A2,87.0,0.8784119106699751,0.8540667816402351,0.0050893982292948585
A2,88.0,0.8759305210918115,0.85174969325486,0.005026005123278125
A2,89.0,0.8759305210918115,0.8493501430432452,0.004909461924099
A2,90.0,0.8759305210918115,0.8493651101188625,0.004905963660341723
A2,91.0,0.8759305210918115,0.8481017777797387,0.004877406611847694
A2,92.0,0.8734491315136477,0.8461159777269185,0.004903114126737141
A2,93.0,0.8734491315136477,0.8463770695289136,0.0051457753771153155
A2,94.0,0.8709677419354839,0.8473122100427286,0.00562636098504363
A2,95.0,0.8709677419354839,0.8468018651543212,0.005689372428630832
A2,96.0,0.8709677419354839,0.8467712749521399,0.005571631510290362
A2,97.0,0.8734491315136477,0.8371594958947298,0.004679255076573795
A2,98.0,0.8709677419354839,0.8363062992588393,0.004512558606560778
A2,99.0,0.8684863523573201,0.8346424975371465,0.004497585349644652
A2,100.0,0.8684863523573201,0.8339759582783435,0.004563274707315684
A2,101.0,0.8684863523573201,0.8343524080899583,0.004533584319808615
A2,102.0,0.8684863523573201,0.8324290457053767,0.004617811891461237
A2,103.0,0.8660049627791563,0.8311791461256206,0.004538840239635369
A2,104.0,0.8660049627791563,0.8295284572445792,0.004545339547457326
A2,105.0,0.8660049627791563,0.8297355397260481,0.0046566906648072325
A2,106.0,0.8635235732009926,0.8293097991125494,0.004620154730490881
A2,107.0,0.8635235732009926,0.8277299944523573,0.004600870470140766
A2,108.0,0.8610421836228288,0.8297260123404848,0.004736388529250335
A2,109.0,0.8635235732009926,0.8249775069545882,0.004597026366320446
A2,110.0,0.8610421836228288,0.8234898422861398,0.004508172902058696
A2,111.0,0.8610421836228288,0.8232337003796675,0.004509180378970686
A2,112.0,0.8610421836228288,0.8240053909881639,0.004509989800030277
A2,113.0,0.858560794044665,0.8252920892065967,0.004837207708111261
A2,114.0,0.858560794044665,0.8196159147477159,0.00453806598126324
A2,115.0,0.858560794044665,0.8198764079723206,0.004653474599142089
A2,116.0,0.8560794044665012,0.8180383905837936,0.004626414170473623
A2,117.0,0.8560794044665012,0.8198423078899867,0.004634496039972658
A2,118.0,0.8535980148883374,0.818476927018237,0.004635913838307508
A2,119.0,0.8535980148883374,0.8176858356916572,0.0045918252459224195
A2,120.0,0.8535980148883374,0.8153186399478917,0.004591442819612394
A2,121.0,0.8535980148883374,0.815484222434428,0.004715166082763598
A2,122.0,0.8511166253101737,0.815371369050403,0.004595822780564189
A2,123.0,0.8511166253101737,0.8118153004380013,0.004605545235380184
A2,124.0,0.8511166253101737,0.8102513001692366,0.004707434924895736
A2,125.0,0.8486352357320099,0.8180433157422748,0.005392172921711692
A2,126.0,0.8461538461538461,0.8168157400013453,0.00587205022017214
A2,127.0,0.8461538461538461,0.8165146609099696,0.005916518668582902
A2,128.0,0.8486352357320099,0.8092475307535345,0.004687462213220569
A2,129.0,0.8461538461538461,0.80676716338455,0.0047211390951441695
A2,130.0,0.8436724565756824,0.8097411102146047,0.004836231656914043
A2,131.0,0.8461538461538461,0.8081615517208989,0.004915712892933208
A2,132.0,0.8461538461538461,0.8033839651057502,0.00471604472670265
A2,133.0,0.8436724565756824,0.8029491305563323,0.004728536797541072
A2,134.0,0.8411910669975186,0.8079245737673446,0.005402727035806939
A2,135.0,0.8411910669975186,0.8044969924347583,0.005250530951561507
A2,136.0,0.8387096774193549,0.8061664259395201,0.005287543650002004
A2,137.0,0.8387096774193549,0.7996813432564355,0.0049865415549600845
A2,138.0,0.8387096774193549,0.7993143913280849,0.005109664699761165
A2,139.0,0.8362282878411911,0.8037625009482624,0.005406227213232899
A2,140.0,0.8362282878411911,0.8004767079053001,0.005201998781335868
A2,141.0,0.8337468982630273,0.8048262548964612,0.006732810739385433
A2,142.0,0.8362282878411911,0.7975378640652946,0.00519059293242065
A2,143.0,0.8362282878411911,0.7918173707497037,0.0051171763628456695
A2,144.0,0.8337468982630273,0.7920737625466129,0.005203955781155337
A2,145.0,0.8312655086848635,0.7925892346972921,0.005171035885587605
A2,146.0,0.8312655086848635,0.7919836784654326,0.00544081971245521
A2,147.0,0.8287841191066998,0.7911757147939231,0.0054180100704571835
A2,148.0,0.8287841191066998,0.7903922214423921,0.005461502481642093
A2,149.0,0.8287841191066998,0.7886740625613603,0.005445531343302506
A2,150.0,0.8287841191066998,0.7879798763277973,0.005390752312766015
A2,151.0,0.826302729528536,0.7862094044056327,0.005406976364665101
A2,152.0,0.826302729528536,0.7842659624338839,0.005563271823687493
A2,153.0,0.8238213399503722,0.7845442758438983,0.005794741441298607
A2,154.0,0.8238213399503722,0.7845874369376705,0.005783563050956283
A2,155.0,0.8213399503722084,0.7835212265321276,0.005804611376506016
A2,156.0,0.8213399503722084,0.7807882501420493,0.0058596781203853416
A2,157.0,0.8213399503722084,0.7797432974832468,0.006002983574459564
A2,158.0,0.8188585607940446,0.791863377266898,0.0043096481689889835
A2,159.0,0.8163771712158809,0.7937471314697644,0.004406116432500613
A2,160.0,0.8163771712158809,0.7927878535333921,0.004645763921417225
A2,161.0,0.8138957816377171,0.7925617555541604,0.004622229804833222
A2,162.0,0.8138957816377171,0.7892565384804741,0.0047143625028667644
A2,163.0,0.8114143920595533,0.7872696877822678,0.00463504139372281
A2,164.0,0.8114143920595533,0.7878388831729062,0.00472310268017475
A2,165.0,0.8089330024813896,0.7871343647507173,0.005130135640594969
A2,166.0,0.8064516129032258,0.7851925633589121,0.005059459402310118
A2,167.0,0.8064516129032258,0.7847765455751431,0.005107109493067896
A2,168.0,0.8039702233250621,0.7835741316490096,0.005216475145058104
A2,169.0,0.8014888337468983,0.7824722005814014,0.005092679624023431
A2,170.0,0.8014888337468983,0.7790685996118658,0.005231517198212185
A2,171.0,0.7990074441687345,0.778896642808232,0.005666207199275868
A2,172.0,0.7965260545905707,0.7780549272013919,0.005412584243856281
A2,173.0,0.7965260545905707,0.7763101754710311,0.005589585748779097
A2,174.0,0.794044665012407,0.7731805267530265,0.005680332076090385
A2,175.0,0.7915632754342432,0.7717445627014765,0.005702609935279494
A2,176.0,0.7915632754342432,0.7703250694166076,0.006013244853078241
A2,177.0,0.7890818858560794,0.768727122190522,0.006150917566373417
A2,178.0,0.7866004962779156,0.7690529219951036,0.006037710986296675
A2,179.0,0.7866004962779156,0.7675250791178596,0.006710032961521016
A2,180.0,0.7841191066997518,0.7639167400902849,0.006630063992882028
A2,181.0,0.7816377171215881,0.761810670993149,0.006588022076309509
A2,182.0,0.7791563275434243,0.7603792345214709,0.006805966448364178
A2,183.0,0.7766749379652605,0.7601239784125662,0.007270344429473162
A2,184.0,0.7741935483870968,0.7583456732851502,0.006914471250967627
A2,185.0,0.7741935483870968,0.7536599841452198,0.006885744147272033
A2,186.0,0.771712158808933,0.7511596765898151,0.007551112083956723
A2,187.0,0.7667493796526055,0.7500211966461409,0.007763057782349867
A2,188.0,0.7642679900744417,0.7507017756971089,0.007700360320407692
A2,189.0,0.7617866004962779,0.748438708152863,0.007675454447363904
A2,190.0,0.7593052109181141,0.7474159345346547,0.008346685294916254
A2,191.0,0.7568238213399504,0.7436760436950877,0.008251379437559544
A2,192.0,0.7568238213399504,0.7428366070838294,0.008303056001872903
A2,193.0,0.7518610421836228,0.7414829283427123,0.008288005055328007
A2,194.0,0.749379652605459,0.7379949590868335,0.00836488726563165
A2,195.0,0.749379652605459,0.7365696354452742,0.008468979768556234
A2,196.0,0.7444168734491315,0.7382833578945515,0.009133130849673722
A2,197.0,0.7419354838709677,0.731912048321058,0.008730468464654867
A2,198.0,0.739454094292804,0.732555097234423,0.008673723103952024
A2,199.0,0.7344913151364765,0.7312358764060376,0.009262327224793853
A2,200.0,0.7320099255583127,0.7298957577697447,0.008885351774273036
A2,201.0,0.7295285359801489,0.7258313437610758,0.008959873714734218
A2,202.0,0.7270471464019851,0.7238116592199387,0.008612963556573731
A2,203.0,0.7245657568238213,0.7245135930082406,0.008321229420380959
A2,204.0,0.7196029776674938,0.7166918005925643,0.008394688804229345
A2,205.0,0.71712158808933,0.7186408419108927,0.007767295102380627
A2,206.0,0.7121588089330024,0.7126738314799516,0.007879586729024845
A2,207.0,0.7146401985111662,0.7145607863093123,0.007906904829083763
A2,208.0,0.707196029776675,0.7036705990538734,0.009068197786882034
A2,209.0,0.707196029776675,0.7049333524334046,0.007655680127677135
A2,210.0,0.6997518610421837,0.7025896024120436,0.007890771147336715
A2,211.0,0.6972704714640199,0.6998891506040971,0.008290714636033526
A2,212.0,0.6923076923076923,0.6969774985096386,0.008909185031111662
A2,213.0,0.6898263027295285,0.6897315278657113,0.008346353941263008
A2,214.0,0.6873449131513648,0.692108123192756,0.008643059106170489
A2,215.0,0.684863523573201,0.6861549274814452,0.00851284187956266
A2,216.0,0.6823821339950372,0.6862828678818388,0.00828365120738797
A2,217.0,0.6823821339950372,0.6837526765673031,0.008388962593546656
A2,218.0,0.6823821339950372,0.6856616786991222,0.008560533317411717
A2,219.0,0.6774193548387096,0.6838706925812048,0.009490344391677064
A2,220.0,0.674937965260546,0.6855279880593119,0.009294434277292417
A2,221.0,0.6724565756823822,0.6823750920311457,0.009424425374824066
A2,222.0,0.6699751861042184,0.6797260638041281,0.00906809611516044
A2,223.0,0.6674937965260546,0.6814190869617697,0.010921187572039354
A2,224.0,0.6650124069478908,0.6786228691754386,0.009799693853327678
A2,225.0,0.6625310173697271,0.675154181340057,0.010097422804014352
A2,226.0,0.6600496277915633,0.6728789265765039,0.009241712234509125
A2,227.0,0.6550868486352357,0.6758174259307209,0.011164997872598819
A2,228.0,0.6501240694789082,0.6716593482710139,0.010097283987364002
A2,229.0,0.6476426799007444,0.6665063278445527,0.010439994865228834
A2,230.0,0.6426799007444168,0.6662905877466364,0.010191843900297195
A2,231.0,0.6401985111662531,0.6623075394445744,0.010717315768563919
A2,232.0,0.6377171215880894,0.6591857746218472,0.010001347528213085
A2,233.0,0.6327543424317618,0.658443300682016,0.010099143513781087
A2,234.0,0.630272952853598,0.6609221394366659,0.011360769291888886
A2,235.0,0.6203473945409429,0.651614345319512,0.010302072151768807
A2,236.0,0.6203473945409429,0.6504201300016713,0.010391859709048738
A2,237.0,0.6153846153846154,0.6461471805168228,0.010640072756354148
A2,238.0,0.607940446650124,0.6440290834253921,0.011036075390112903
A2,239.0,0.6029776674937966,0.646014150506819,0.011577619924212279
A2,240.0,0.5955334987593052,0.6363173321856838,0.01066189899961196
A2,241.0,0.5955334987593052,0.6335354702764842,0.011136270243432589
A2,242.0,0.5856079404466501,0.6310910459947214,0.011214061908805183
A2,243.0,0.5831265508684863,0.6261281258001439,0.010586745104192205
A2,244.0,0.5732009925558312,0.6216368482577637,0.011299409868398209
A2,245.0,0.5707196029776674,0.6192165071569593,0.011160417711346465
A2,246.0,0.5583126550868487,0.6151592272138072,0.011650263975589912
A2,247.0,0.5558312655086849,0.6111576579600206,0.01129907954640086
A2,248.0,0.5459057071960298,0.6000093101326403,0.012300638328257193
A2,249.0,0.5359801488833746,0.5994316341912518,0.01127077251756128
A2,250.0,0.5359801488833746,0.5973344971187518,0.011926463100436475
A2,251.0,0.5260545905707196,0.5936438907061786,0.011833415291986032
A2,252.0,0.5210918114143921,0.5861311398839504,0.011927406121160668
A2,253.0,0.5161290322580645,0.5849492368764283,0.011359079190940567
A2,254.0,0.511166253101737,0.5801090028071788,0.014021868694621874
A2,255.0,0.4987593052109181,0.5790323420654938,0.012212194772953423
A2,256.0,0.49379652605459057,0.5763248351584382,0.011766918920657059
A2,257.0,0.48635235732009924,0.5678095763432363,0.01209454956522434
A2,258.0,0.4813895781637717,0.563473071044969,0.01202714832268297
A2,259.0,0.47642679900744417,0.5593118476446616,0.012440370464706172
A2,260.0,0.46898263027295284,0.5506764487244704,0.012447193455514281
A2,261.0,0.46153846153846156,0.554237973182216,0.012720696502727401
A2,262.0,0.456575682382134,0.5432731958715792,0.012882711389576255
A2,263.0,0.4491315136476427,0.5419716318636217,0.01354921515101245
A2,264.0,0.4441687344913151,0.5354901942508824,0.013302275024247873
A2,265.0,0.4292803970223325,0.5302932765077953,0.01404520273283614
A2,266.0,0.41935483870967744,0.5205100222651745,0.01553012480324345
A3,1.0,1.0,0.9687870517768951,0.012337181204224223
A3,2.0,0.9973753280839895,0.9740631436094793,0.010891634873532013
A3,3.0,0.994750656167979,0.9717498729002073,0.01137964482927462
A3,4.0,0.994750656167979,0.9712486874117455,0.011476856682787221
A3,5.0,0.9921259842519685,0.9687547339012681,0.011449662775118484
A3,6.0,0.9921259842519685,0.9669506214261765,0.01120139216312275
A3,7.0,0.989501312335958,0.9598365225401083,0.012115066056633261
A3,8.0,0.9868766404199475,0.959265167744226,0.012461245866273991
A3,9.0,0.9868766404199475,0.9608136856374665,0.011142913983914295
A3,10.0,0.984251968503937,0.959841203457784,0.011037472991320706
A3,11.0,0.984251968503937,0.9565693368562892,0.011798506044689966
A3,12.0,0.9816272965879265,0.9576964061335499,0.011594745743194143
A3,13.0,0.9816272965879265,0.9566651374863607,0.01167369556512378
A3,14.0,0.9816272965879265,0.9513867921009294,0.012505724771239783
A3,15.0,0.979002624671916,0.9531282974309198,0.01234747704263692
A3,16.0,0.979002624671916,0.9497507205976804,0.011870358181596896
A3,17.0,0.9763779527559056,0.9560137242309333,0.011328683984325823
A3,18.0,0.973753280839895,0.9562169194643225,0.011647881623760821
A3,19.0,0.973753280839895,0.9529236423998009,0.011668402370015315
A3,20.0,0.973753280839895,0.9507085486272066,0.010475379218214804
A3,21.0,0.973753280839895,0.9397485937416878,0.011432636224556312
A3,22.0,0.973753280839895,0.9377712754397612,0.010727005402752742
A3,23.0,0.973753280839895,0.9338907299167731,0.011742809740330578
A3,24.0,0.9711286089238845,0.9332371108922445,0.012014728348277104
A3,25.0,0.9711286089238845,0.9376087409529358,0.010878748833631362
A3,26.0,0.968503937007874,0.9347836795158895,0.010201719203802157
A3,27.0,0.968503937007874,0.9333469516514796,0.010410566691732185
A3,28.0,0.9658792650918635,0.9330280861956043,0.009995822314307753
A3,29.0,0.968503937007874,0.9289480072625804,0.010957900316860721
A3,30.0,0.9658792650918635,0.9248080860073252,0.011961206578177924
A3,31.0,0.9658792650918635,0.9246516809021303,0.01201664979435846
A3,32.0,0.963254593175853,0.9278619088000103,0.010327993972269914
A3,33.0,0.963254593175853,0.9284733999561596,0.009976825177996043
A3,34.0,0.9606299212598425,0.9283661740135922,0.010160600857084492
A3,35.0,0.963254593175853,0.9196489274936972,0.010866847850017888
A3,36.0,0.9606299212598425,0.9223357730318206,0.010929126444704309
A3,37.0,0.9606299212598425,0.9209117899401322,0.011076866980380677
A3,38.0,0.9606299212598425,0.923549436524702,0.010229712937894866
A3,39.0,0.958005249343832,0.9178453186101405,0.009912176385818502
A3,40.0,0.958005249343832,0.9177275970536806,0.009668124147749597
A3,41.0,0.958005249343832,0.916984730051617,0.0099063525379375
A3,42.0,0.958005249343832,0.9150521053492414,0.011014714571798753
A3,43.0,0.9553805774278216,0.9135272130597387,0.011118615868381252
A3,44.0,0.9553805774278216,0.9138379291102368,0.010500047967824945
A3,45.0,0.952755905511811,0.9125811435364769,0.009364179756422359
A3,46.0,0.952755905511811,0.9125448751519333,0.009246471788706351
A3,47.0,0.952755905511811,0.9119359535517574,0.009005344358414808
A3,48.0,0.952755905511811,0.9100756919361342,0.00972449759622508
A3,49.0,0.952755905511811,0.9071506896138102,0.010471551488281815
A3,50.0,0.952755905511811,0.9066038872880058,0.010570199388877
A3,51.0,0.9501312335958005,0.9074478635671585,0.009441367426444278
A3,52.0,0.9501312335958005,0.9019353838311633,0.00918853355194382
A3,53.0,0.94750656167979,0.9015000010008071,0.009274532200045375
A3,54.0,0.94750656167979,0.9008339134857303,0.009388974608466502
A3,55.0,0.94750656167979,0.9005548935161052,0.008849850658407947
A3,56.0,0.9422572178477691,0.9001546467418462,0.009076526821937537
A3,57.0,0.9448818897637795,0.900988489437859,0.009162001683252294
A3,58.0,0.9448818897637795,0.8990246554030191,0.008667344802710362
A3,59.0,0.9448818897637795,0.8981217548157632,0.00960056962049506
A3,60.0,0.9422572178477691,0.8943622033373236,0.008711573361795887
A3,61.0,0.9422572178477691,0.8887272878732775,0.009073446040726147
A3,62.0,0.9422572178477691,0.8949058187264508,0.008677003506344075
A3,63.0,0.9422572178477691,0.8884732259956669,0.008835091051905102
A3,64.0,0.9422572178477691,0.8942033427983683,0.00893803176382796
A3,65.0,0.9396325459317585,0.8869270830632974,0.008904703703225155
A3,66.0,0.9396325459317585,0.8958456063143474,0.008979004732198504
A3,67.0,0.937007874015748,0.8874882284049596,0.008354736940304182
A3,68.0,0.937007874015748,0.891853010989486,0.008900810571105564
A3,69.0,0.937007874015748,0.8913151710304644,0.008846500696211094
A3,70.0,0.937007874015748,0.8872926571516108,0.008272779445209143
A3,71.0,0.9343832020997376,0.8831946230337845,0.008582316216637565
A3,72.0,0.9343832020997376,0.8871842020173919,0.008869590013386093
A3,73.0,0.9343832020997376,0.8860520785899897,0.009108352232508209
A3,74.0,0.9343832020997376,0.8862846903195928,0.008842878939856764
A3,75.0,0.9343832020997376,0.8850485016004103,0.008658296482725971
A3,76.0,0.931758530183727,0.8831050304812986,0.008456131621099209
A3,77.0,0.931758530183727,0.8845490321212061,0.008804899671645256
A3,78.0,0.9291338582677166,0.8722886240217471,0.009157474988240145
A3,79.0,0.9291338582677166,0.8696072375174695,0.00903544418955718
A3,80.0,0.9291338582677166,0.8693889751789053,0.008906718035491416
A3,81.0,0.9291338582677166,0.880878099801065,0.008831254350506709
A3,82.0,0.9291338582677166,0.8790976139200231,0.009163196425799951
A3,83.0,0.926509186351706,0.8784019083823248,0.00909956238948781
A3,84.0,0.926509186351706,0.8770030681706837,0.009032143275886152
A3,85.0,0.926509186351706,0.8762332945580102,0.00901663981462846
A3,86.0,0.9238845144356955,0.8761077933808539,0.008736302758722765
A3,87.0,0.9238845144356955,0.8729761296325803,0.00861092513602611
A3,88.0,0.9212598425196851,0.8662480728872968,0.009503778594558527
A3,89.0,0.9212598425196851,0.8677895830050103,0.010358499939451149
A3,90.0,0.9212598425196851,0.868335013538052,0.01018983927847833
A3,91.0,0.9186351706036745,0.8698821063032605,0.009985125574369709
A3,92.0,0.9186351706036745,0.8668186429333956,0.010503656272478522
A3,93.0,0.916010498687664,0.8465373511935953,0.01131479254773887
A3,94.0,0.9133858267716536,0.8434025719823133,0.01145588355936378
A3,95.0,0.9133858267716536,0.8421947125713701,0.011552067341192539
A3,96.0,0.916010498687664,0.8646525943819705,0.01083976509477782
A3,97.0,0.9133858267716536,0.8607449837235804,0.010548725431580395
A3,98.0,0.910761154855643,0.8579852868038547,0.010591333746751119
A3,99.0,0.910761154855643,0.8577538757143717,0.010513576783840246
A3,100.0,0.910761154855643,0.857007495340245,0.010664348665656439
A3,101.0,0.910761154855643,0.8569099356318547,0.010917473770081784
A3,102.0,0.9081364829396326,0.8544773029452977,0.010835957468380467
A3,103.0,0.9081364829396326,0.8530449658863412,0.01123716897383934
A3,104.0,0.9081364829396326,0.8548278111426778,0.01109450213898151
A3,105.0,0.905511811023622,0.8386471921727368,0.011267626902277976
A3,106.0,0.905511811023622,0.850885331953487,0.011144824697073659
A3,107.0,0.9028871391076115,0.8345773139524648,0.011435351196508427
A3,108.0,0.905511811023622,0.8531291065154545,0.01137416792375204
A3,109.0,0.9028871391076115,0.8501532977451028,0.011127538894179594
A3,110.0,0.9028871391076115,0.8485935384411273,0.010946556932670822
A3,111.0,0.9028871391076115,0.8481443461149547,0.010884873030990484
A3,112.0,0.9002624671916011,0.8330121618985551,0.011496481194726637
A3,113.0,0.9002624671916011,0.8507272447339299,0.011367566220178234
A3,114.0,0.9002624671916011,0.849964407825269,0.011134608389775593
A3,115.0,0.8976377952755905,0.846077621280213,0.011606950727554691
A3,116.0,0.8976377952755905,0.8445628577953272,0.011647714117943766
A3,117.0,0.89501312335958,0.8426123151482726,0.011487337165553507
A3,118.0,0.89501312335958,0.8404919005117024,0.011581987781405402
A3,119.0,0.89501312335958,0.8401194062601036,0.011698058621267566
A3,120.0,0.89501312335958,0.8412957629334297,0.011417760046577486
A3,121.0,0.89501312335958,0.843637535696627,0.011680404661439606
A3,122.0,0.8923884514435696,0.8400483949198567,0.011417924591022687
A3,123.0,0.8923884514435696,0.839814112930275,0.011565564371603904
A3,124.0,0.8923884514435696,0.825469542788302,0.012223703762355943
A3,125.0,0.8871391076115486,0.8186984603447923,0.012717213659136082
A3,126.0,0.8871391076115486,0.8216881561081351,0.012877238912303784
A3,127.0,0.889763779527559,0.8410866657930389,0.011743188592011624
A3,128.0,0.8871391076115486,0.8359907848940086,0.011288516725946041
A3,129.0,0.884514435695538,0.8210259037429224,0.011794510942010858
A3,130.0,0.884514435695538,0.8192762390497763,0.011743214339741289
A3,131.0,0.889763779527559,0.8393442126789127,0.011523555374774497
A3,132.0,0.8871391076115486,0.8238679878427051,0.011967328510290838
A3,133.0,0.884514435695538,0.8228932577631326,0.011985674931231998
A3,134.0,0.8818897637795275,0.813699769607291,0.013300661280141245
A3,135.0,0.8818897637795275,0.8277792342065973,0.011866483485246944
A3,136.0,0.8818897637795275,0.8320295199490768,0.0116251819592802
A3,137.0,0.8792650918635171,0.8264901954541296,0.011131521712695389
A3,138.0,0.8792650918635171,0.8182689470795469,0.011668428160946834
A3,139.0,0.8792650918635171,0.8202125658451688,0.011354811982709902
A3,140.0,0.8792650918635171,0.8250787074488636,0.011230434449726878
A3,141.0,0.8792650918635171,0.8097802554193892,0.013589580360973416
A3,142.0,0.8818897637795275,0.8347784376493055,0.011775367994330497
A3,143.0,0.8766404199475065,0.8271205922880782,0.01129696330090863
A3,144.0,0.8766404199475065,0.8274989499519537,0.011174057530432473
A3,145.0,0.8766404199475065,0.8233534535030641,0.011334359977730349
A3,146.0,0.8740157480314961,0.8282890096139178,0.011580236941031352
A3,147.0,0.8740157480314961,0.8242304459766838,0.011147936927958745
A3,148.0,0.8740157480314961,0.82510532592046,0.01136496859278257
A3,149.0,0.8740157480314961,0.8137381608106581,0.012099644390708602
A3,150.0,0.8713910761154856,0.8125229825859155,0.01198751631967924
A3,151.0,0.8713910761154856,0.8133459486218382,0.011802268636562757
A3,152.0,0.8713910761154856,0.8123108390779562,0.012008868285977829
A3,153.0,0.8713910761154856,0.81293226967501,0.012172469403591544
A3,154.0,0.868766404199475,0.8126669796070795,0.011861531062643666
A3,155.0,0.868766404199475,0.8120233075024039,0.012028952324261624
A3,156.0,0.868766404199475,0.813634045013072,0.011619998996327641
A3,157.0,0.868766404199475,0.811774099461292,0.011797431348220776
A3,158.0,0.8661417322834646,0.8213833608924758,0.006635145402731689
A3,159.0,0.863517060367454,0.8207186695484324,0.006550016175587917
A3,160.0,0.863517060367454,0.8216253028885343,0.006671591204284277
A3,161.0,0.8661417322834646,0.8281296378501369,0.0061439348070063005
A3,162.0,0.863517060367454,0.819883768098399,0.006705357086266132
A3,163.0,0.8608923884514436,0.821680569682674,0.006979183469643718
A3,164.0,0.8608923884514436,0.8200250646021165,0.00690172089565294
A3,165.0,0.8608923884514436,0.8191200820452028,0.006900581579097051
A3,166.0,0.8582677165354331,0.8187131388886643,0.0069450509245199896
A3,167.0,0.8582677165354331,0.8190308206439642,0.006756972878282683
A3,168.0,0.8582677165354331,0.8239230498849216,0.0060871575620405766
A3,169.0,0.8556430446194225,0.8160556895429062,0.006810933035852031
A3,170.0,0.8556430446194225,0.8161676257582752,0.00677009358757882
A3,171.0,0.8556430446194225,0.8165103920603011,0.006948497855140076
A3,172.0,0.8530183727034121,0.8163300671797731,0.007087359659714452
A3,173.0,0.8530183727034121,0.8161562389139431,0.006905545766412448
A3,174.0,0.8503937007874016,0.8157013799250765,0.006922627530694061
A3,175.0,0.8503937007874016,0.8160068728600203,0.006910314726811175
A3,176.0,0.8503937007874016,0.8132768377827434,0.007062262871435718
A3,177.0,0.847769028871391,0.8139508625852904,0.006817942825715938
A3,178.0,0.847769028871391,0.8134937685938795,0.006909842050834955
A3,179.0,0.8451443569553806,0.8130881766587369,0.007125718963787348
A3,180.0,0.8451443569553806,0.8131678622563739,0.007074970179932951
A3,181.0,0.8451443569553806,0.8132302880061161,0.007144040271792153
A3,182.0,0.84251968503937,0.8117570066257616,0.007143707852341343
A3,183.0,0.84251968503937,0.8107431080132772,0.007396965211330332
A3,184.0,0.8398950131233596,0.809532217675447,0.007367779821729362
A3,185.0,0.8398950131233596,0.8102459417785747,0.0074706604715001875
A3,186.0,0.8372703412073491,0.8107782029587554,0.0071956569787897705
A3,187.0,0.8372703412073491,0.80979684777283,0.007196980751845757
A3,188.0,0.8372703412073491,0.808443551362445,0.007276206413305578
A3,189.0,0.8346456692913385,0.8082291333364616,0.00736302906283781
A3,190.0,0.8346456692913385,0.808345015140625,0.007123493844051255
A3,191.0,0.8320209973753281,0.806759391892679,0.007024427839499355
A3,192.0,0.8320209973753281,0.8052346741508917,0.007411367409079427
A3,193.0,0.8320209973753281,0.8060375556928413,0.007003168943615832
A3,194.0,0.8293963254593176,0.8036434598730315,0.007319025717479827
A3,195.0,0.8267716535433071,0.8045401175826057,0.00712884890289255
A3,196.0,0.8267716535433071,0.8039543436559431,0.006952006648681755
A3,197.0,0.8267716535433071,0.8034401152202729,0.007005290764563479
A3,198.0,0.8241469816272966,0.8036243029660689,0.006953723142836923
A3,199.0,0.8241469816272966,0.8015832898339864,0.006826406512766549
A3,200.0,0.821522309711286,0.8003079696409855,0.007054344502723523
A3,201.0,0.821522309711286,0.8000689699113144,0.007098586106641902
A3,202.0,0.8188976377952756,0.7970302549293479,0.00830978016179563
A3,203.0,0.821522309711286,0.7995118253075664,0.007677064937940216
A3,204.0,0.8136482939632546,0.7956103782424976,0.008794776678696875
A3,205.0,0.8162729658792651,0.7983542480313524,0.007671082791274239
A3,206.0,0.8110236220472441,0.7948144077580281,0.008236560120021802
A3,207.0,0.8162729658792651,0.7922262584536861,0.008476343693867796
A3,208.0,0.8083989501312336,0.7975448885106342,0.00660741342048152
A3,209.0,0.8110236220472441,0.7911201216050925,0.008322795813732626
A3,210.0,0.8031496062992126,0.7885794746827182,0.007802392523802174
A3,211.0,0.8031496062992126,0.7897484152493912,0.008681448738928996
A3,212.0,0.800524934383202,0.7872530120428204,0.00905236301239258
A3,213.0,0.8031496062992126,0.7967880234580292,0.007375654503929122
A3,214.0,0.7979002624671916,0.7832894559031186,0.00810908276986479
A3,215.0,0.800524934383202,0.7933736924000889,0.007094271278340841
A3,216.0,0.7926509186351706,0.7832159821425041,0.007824587935115139
A3,217.0,0.7979002624671916,0.7865569347133016,0.0075188650221867815
A3,218.0,0.7926509186351706,0.7825197214397598,0.007600141348161938
A3,219.0,0.7952755905511811,0.792878473522088,0.006862357607901873
A3,220.0,0.7874015748031497,0.7812977470461513,0.00799985874153042
A3,221.0,0.7874015748031497,0.7848401316766696,0.007576367702441766
A3,222.0,0.7847769028871391,0.7780924231552874,0.007972264550451597
A3,223.0,0.7821522309711286,0.7810666057539577,0.007142414679265027
A3,224.0,0.7795275590551181,0.779112523396907,0.007586510076580837
A3,225.0,0.7821522309711286,0.7880975315083545,0.007330813900797629
A3,226.0,0.7769028871391076,0.7755265377292231,0.007771850334359976
A3,227.0,0.7769028871391076,0.78793633806237,0.007174829948559081
A3,228.0,0.7716535433070866,0.7741567557790207,0.008038011536710944
A3,229.0,0.7716535433070866,0.7854249018370103,0.007611199914777926
A3,230.0,0.7664041994750657,0.7714157554257689,0.008183402890721423
A3,231.0,0.7664041994750657,0.7864797838444499,0.00778520095422737
A3,232.0,0.7611548556430446,0.7689056901957246,0.007728209135102203
A3,233.0,0.7611548556430446,0.7744301236326384,0.00772308833308339
A3,234.0,0.7559055118110236,0.7709908406028756,0.00796123145086643
A3,235.0,0.7559055118110236,0.7757262330102855,0.008045032204259001
A3,236.0,0.7506561679790026,0.7655717732778132,0.008172492597702955
A3,237.0,0.7480314960629921,0.7698908362959216,0.00817383544673522
A3,238.0,0.7427821522309711,0.7618799018278889,0.008657318666128804
A3,239.0,0.7427821522309711,0.7771605959247583,0.00864103972984614
A3,240.0,0.7349081364829396,0.7578136854390748,0.009673808287081172
A3,241.0,0.7349081364829396,0.7690145968889049,0.009785492523889551
A3,242.0,0.7296587926509186,0.7636612717193525,0.009227691260037894
A3,243.0,0.7296587926509186,0.7655625854794055,0.010435496725792238
A3,244.0,0.7217847769028871,0.7536539607424534,0.010599017991436428
A3,245.0,0.7217847769028871,0.7646817952297101,0.010790227547035137
A3,246.0,0.7139107611548556,0.7500529985060032,0.011093993108234374
A3,247.0,0.7139107611548556,0.7531282488664561,0.01215031587833158
A3,248.0,0.7086614173228346,0.7561869845886915,0.012854416501886083
A3,249.0,0.7034120734908137,0.7423708401204797,0.01109211026056142
A3,250.0,0.7007874015748031,0.7519645491776812,0.012333556905905098
A3,251.0,0.6955380577427821,0.7460218704276291,0.011313017554852166
A3,252.0,0.6929133858267716,0.7605198929375097,0.011339724570799134
A3,253.0,0.6876640419947506,0.7387584133950539,0.01219808739655001
A3,254.0,0.6850393700787402,0.73711138764163,0.014805324622194544
A3,255.0,0.6771653543307087,0.730538230783614,0.013024212950964571
A3,256.0,0.6745406824146981,0.749908641756927,0.013227819743795322
A3,257.0,0.6692913385826772,0.7414993590559334,0.012024263510582901
A3,258.0,0.6666666666666666,0.7422347021890181,0.012330776163759086
A3,259.0,0.6614173228346457,0.726168110395741,0.012707882951397938
A3,260.0,0.6587926509186351,0.7301568645103529,0.013130757993737818
A3,261.0,0.6509186351706037,0.712570996402467,0.014346029768442303
A3,262.0,0.6482939632545932,0.7239908730159248,0.01438330146300784
A3,263.0,0.6430446194225722,0.7110120391039783,0.014815147254191426
A3,264.0,0.6404199475065617,0.7099997081549314,0.017152504390036797
A3,265.0,0.6325459317585301,0.7176580701854055,0.01600066511017119
A3,266.0,0.6220472440944882,0.6979295119447871,0.016428296461077845
A4,1.0,1.0,1.0092127201766743,0.01526860057042826
A4,2.0,0.9925187032418953,1.007125750248358,0.01382801281544998
A4,3.0,0.9875311720698254,1.0070812147109474,0.01268910997093813
A4,4.0,0.9825436408977556,1.012631083663383,0.01272212556360784
A4,5.0,0.9775561097256857,1.0115523704145801,0.012088260520829175
A4,6.0,0.972568578553616,1.003377226774956,0.010436272822089315
A4,7.0,0.9675810473815462,1.0009062669515658,0.01038718779005062
A4,8.0,0.9625935162094763,0.9953611284270857,0.01036936750697769
A4,9.0,0.9600997506234414,0.9961999135456224,0.010127694021419114
A4,10.0,0.9576059850374065,0.9973765117480949,0.010201414746933639
A4,11.0,0.9551122194513716,0.9956654874868969,0.011388577749873573
A4,12.0,0.9526184538653366,0.9954923203892384,0.011718202849524987
A4,13.0,0.9476309226932669,0.9892963851815639,0.009981842151183844
A4,14.0,0.9476309226932669,0.9873638307691472,0.00987704260384792
A4,15.0,0.942643391521197,0.9835273591544738,0.00994779397268547
A4,16.0,0.942643391521197,0.982197106479206,0.00981070985877378
A4,17.0,0.940149625935162,0.9801350729860198,0.010226798111367747
A4,18.0,0.940149625935162,0.985774261151026,0.011424593763326872
A4,19.0,0.9376558603491272,0.9846506550416714,0.011461099914348426
A4,20.0,0.9351620947630923,0.9801536405466097,0.01368517866972291
A4,21.0,0.9351620947630923,0.9744105437192001,0.012360685252283963
A4,22.0,0.9326683291770573,0.9727864999983167,0.012463362034129084
A4,23.0,0.9326683291770573,0.9718280405101483,0.012195467395111279
A4,24.0,0.9301745635910225,0.9687002947223421,0.012973846389014285
A4,25.0,0.9276807980049875,0.9671266254509102,0.01193085756019241
A4,26.0,0.9276807980049875,0.9675484542783112,0.012453130673613576
A4,27.0,0.9276807980049875,0.9690488754833758,0.014161900590093963
A4,28.0,0.9251870324189526,0.966879020861357,0.014275806220331769
A4,29.0,0.9251870324189526,0.9629459352275984,0.01262924234358668
A4,30.0,0.9226932668329177,0.96130079871122,0.013057237949315442
A4,31.0,0.9226932668329177,0.9594038149093301,0.01257991298915916
A4,32.0,0.9201995012468828,0.9587999938150994,0.012704711120635455
A4,33.0,0.9201995012468828,0.9609766305405691,0.012775311666807605
A4,34.0,0.9201995012468828,0.9612704021056289,0.01336287852138957
A4,35.0,0.9177057356608479,0.9603901459269423,0.01352203205549577
A4,36.0,0.9152119700748129,0.9559621286518395,0.012259859319149129
A4,37.0,0.9152119700748129,0.9525286701335919,0.012809498237711825
A4,38.0,0.9152119700748129,0.951212303364398,0.012990370817070803
A4,39.0,0.912718204488778,0.9497365644498978,0.013438244962968008
A4,40.0,0.9152119700748129,0.9530374595732384,0.014458114572539888
A4,41.0,0.912718204488778,0.9519809611819829,0.014621307254798212
A4,42.0,0.912718204488778,0.9513374127250505,0.013988180199646984
A4,43.0,0.9102244389027432,0.9473544895358081,0.013025868664267833
A4,44.0,0.9077306733167082,0.9440374720663581,0.013379508976671645
A4,45.0,0.9077306733167082,0.9433742116079001,0.01314527430669268
A4,46.0,0.9077306733167082,0.9411965285572019,0.013222097030019048
A4,47.0,0.9077306733167082,0.9452932557175245,0.013719228930233876
A4,48.0,0.9077306733167082,0.9429610322094799,0.014264790538983966
A4,49.0,0.9052369077306733,0.9400483248242144,0.013430821749600596
A4,50.0,0.9052369077306733,0.9379316670124557,0.012949495244075834
A4,51.0,0.9027431421446384,0.9340371819957245,0.013261877737730347
A4,52.0,0.9027431421446384,0.9340456238854116,0.013215846231835167
A4,53.0,0.9027431421446384,0.9377260996030186,0.012713137858605226
A4,54.0,0.9002493765586035,0.9303762210554739,0.013209352484737397
A4,55.0,0.9002493765586035,0.9373958508459378,0.013548107447631647
A4,56.0,0.9002493765586035,0.9357108812394558,0.013565830770122599
A4,57.0,0.9002493765586035,0.9357096889791597,0.013820147653219612
A4,58.0,0.8977556109725686,0.9294819100475686,0.013431671626890917
A4,59.0,0.8952618453865336,0.9246017610539141,0.013876697262951555
A4,60.0,0.8977556109725686,0.9291012079697424,0.013325799442886997
A4,61.0,0.8952618453865336,0.9220040178762919,0.013725093291542943
A4,62.0,0.8952618453865336,0.9300613693170708,0.014350478300992573
A4,63.0,0.8927680798004988,0.9217029476410301,0.01307624059319269
A4,64.0,0.8927680798004988,0.9268957301879066,0.01365144937922306
A4,65.0,0.8902743142144638,0.9183540326715078,0.012677126493732024
A4,66.0,0.8902743142144638,0.9157628911039097,0.013166218293985066
A4,67.0,0.8902743142144638,0.9193612041539245,0.013080069061691095
A4,68.0,0.8877805486284289,0.9148885536677174,0.013008503203213643
A4,69.0,0.8877805486284289,0.9138743099450836,0.012970777076298491
A4,70.0,0.8877805486284289,0.9164392599978503,0.013420839853624328
A4,71.0,0.885286783042394,0.9120366478926714,0.013308075858214918
A4,72.0,0.885286783042394,0.9090624448759229,0.013027775512039767
A4,73.0,0.885286783042394,0.9106670634993409,0.01288479086825757
A4,74.0,0.8827930174563591,0.9094909568296385,0.012579200753239587
A4,75.0,0.8827930174563591,0.9084770016549841,0.012432292471384991
A4,76.0,0.8802992518703242,0.9076803993387277,0.012570568728843216
A4,77.0,0.8802992518703242,0.9029086488717168,0.012768826546066012
A4,78.0,0.8802992518703242,0.9086358596212846,0.012774002708440375
A4,79.0,0.8802992518703242,0.9116524884735984,0.013743715378846895
A4,80.0,0.8802992518703242,0.9097454699136688,0.013960662124459372
A4,81.0,0.8778054862842892,0.909057661428044,0.013229685475492811
A4,82.0,0.8753117206982544,0.900579758447471,0.012862888482620157
A4,83.0,0.8753117206982544,0.8984354358887936,0.012357468189191942
A4,84.0,0.8728179551122195,0.8977536160628963,0.012014778528565523
A4,85.0,0.8728179551122195,0.8979007777788632,0.012349278746388777
A4,86.0,0.8728179551122195,0.8955862424298429,0.012319597164137476
A4,87.0,0.8703241895261845,0.8939096207734606,0.012137752374679511
A4,88.0,0.8703241895261845,0.8925178096177522,0.012118695313593116
A4,89.0,0.8678304239401496,0.8908219939753046,0.011917002020735068
A4,90.0,0.8678304239401496,0.8911027849972174,0.011712792387889729
A4,91.0,0.8653366583541147,0.8907607725663617,0.011256574480462703
A4,92.0,0.8653366583541147,0.8911998641485119,0.011341052538258317
A4,93.0,0.8653366583541147,0.8914125995045153,0.011073412345626182
A4,94.0,0.8653366583541147,0.8964343452573119,0.011700476743989904
A4,95.0,0.8628428927680798,0.8968005728743745,0.011948774190770079
A4,96.0,0.8628428927680798,0.8864904384981964,0.010530253983786025
A4,97.0,0.8603491271820449,0.8827530295346259,0.011077630141549314
A4,98.0,0.85785536159601,0.8839295972651534,0.010793214672648354
A4,99.0,0.85785536159601,0.8817296944591065,0.010835504871495082
A4,100.0,0.8553615960099751,0.8791797453893679,0.011032442966757558
A4,101.0,0.8553615960099751,0.8788370933313702,0.011003080045741924
A4,102.0,0.8528678304239401,0.8781460280692281,0.010438509561784682
A4,103.0,0.8528678304239401,0.8783286254546782,0.010932683736662053
A4,104.0,0.8503740648379052,0.8748276739125328,0.010745271705366606
A4,105.0,0.8503740648379052,0.8717399881897345,0.010741301002731374
A4,106.0,0.8503740648379052,0.8762533393848354,0.010211991293938906
A4,107.0,0.8478802992518704,0.8729047559476003,0.010207497630086096
A4,108.0,0.8478802992518704,0.8706971454261497,0.010668167302806559
A4,109.0,0.8428927680798005,0.8681776855912654,0.010577861944390457
A4,110.0,0.8428927680798005,0.8691667933416393,0.010172922140744948
A4,111.0,0.8428927680798005,0.867030171750287,0.010088478999467416
A4,112.0,0.8379052369077307,0.8642116404434352,0.010021896794283003
A4,113.0,0.8379052369077307,0.8646971692793963,0.009563451938545246
A4,114.0,0.8354114713216958,0.8597663335970468,0.009359833393541375
A4,115.0,0.8329177057356608,0.8581569209165245,0.009312238337138706
A4,116.0,0.830423940149626,0.8570115050591245,0.009304620856003892
A4,117.0,0.830423940149626,0.8545668493125017,0.00955699780439163
A4,118.0,0.827930174563591,0.8518218575179457,0.009079698894752138
A4,119.0,0.8254364089775561,0.8497822838710897,0.00905495016284952
A4,120.0,0.8254364089775561,0.849868802408706,0.009124658714135352
A4,121.0,0.8229426433915212,0.8445244260186922,0.00904611122642281
A4,122.0,0.8229426433915212,0.8393888372236344,0.008981163167619493
A4,123.0,0.8204488778054863,0.8396561506506268,0.00901524364018509
A4,124.0,0.8204488778054863,0.8391961452122234,0.009017928959469089
A4,125.0,0.8204488778054863,0.8330731799821827,0.009008196206313409
A4,126.0,0.8254364089775561,0.8384450230946142,0.0105450698204673
A4,127.0,0.8179551122194514,0.8359200496437501,0.010731164675297215
A4,128.0,0.8179551122194514,0.8327052552937647,0.010253905291863086
A4,129.0,0.8179551122194514,0.8329583903423722,0.010294486650531037
A4,130.0,0.8179551122194514,0.8253866068949076,0.01149016461403115
A4,131.0,0.8179551122194514,0.8238241059938175,0.011176150602309273
A4,132.0,0.8129675810473815,0.8160723414931131,0.00930846065597537
A4,133.0,0.8104738154613467,0.8134031986533301,0.009397767340828395
A4,134.0,0.8079800498753117,0.8081340804921663,0.010057859378200562
A4,135.0,0.8129675810473815,0.8141587081957181,0.011574003921024947
A4,136.0,0.8104738154613467,0.8161322513392056,0.011586830274041764
A4,137.0,0.8054862842892768,0.8061933837501174,0.01127673953100426
A4,138.0,0.8054862842892768,0.8050802872653129,0.010885605994947695
A4,139.0,0.8054862842892768,0.8019714160295099,0.0112321675192826
A4,140.0,0.8029925187032418,0.803038573059322,0.01161114445890658
A4,141.0,0.8104738154613467,0.8072833304455089,0.011361082240427936
A4,142.0,0.8054862842892768,0.7966517616805864,0.010203598789789974
A4,143.0,0.800498753117207,0.800697980520506,0.011233241039275366
A4,144.0,0.800498753117207,0.7991706882339716,0.011920413806583223
A4,145.0,0.800498753117207,0.796857080960856,0.011276991655813955
A4,146.0,0.7980049875311721,0.7911264709590137,0.012062481711656574
A4,147.0,0.7980049875311721,0.7897542547263426,0.01215684581933375
A4,148.0,0.7980049875311721,0.7921404542231181,0.013390686413625792
A4,149.0,0.7955112219451371,0.7796838005777221,0.011758621840366208
A4,150.0,0.7930174563591023,0.7776756591800432,0.011458715478951257
A4,151.0,0.7930174563591023,0.7780620857018434,0.011703909385853327
A4,152.0,0.7905236907730673,0.7761560231200013,0.011316856859678459
A4,153.0,0.7905236907730673,0.7739694693799456,0.011185364771406974
A4,154.0,0.7880299251870324,0.7720300250631466,0.01139943593417121
A4,155.0,0.7880299251870324,0.7681963605460042,0.01173328211333454
A4,156.0,0.7855361596009975,0.765084325147709,0.01230390677747634
A4,157.0,0.7855361596009975,0.762763048585876,0.012922520444026395
A4,158.0,0.7805486284289277,0.7580480083806715,0.014742911843203893
A4,159.0,0.7805486284289277,0.7620798866893653,0.01554161167164888
A4,160.0,0.7830423940149626,0.7575973454842574,0.016264604932900002
A4,161.0,0.7780548628428927,0.7574614632140871,0.016436897633172413
A4,162.0,0.7755610972568578,0.7520623346800189,0.01638411096323535
A4,163.0,0.7755610972568578,0.759680976879459,0.016696142047772426
A4,164.0,0.773067331670823,0.7505291012049258,0.01675000615160473
A4,165.0,0.770573566084788,0.7482317974869198,0.0174182617724682
A4,166.0,0.770573566084788,0.7473781512410848,0.017556810638057647
A4,167.0,0.7680798004987531,0.7448491725695664,0.01843058878762777
A4,168.0,0.7680798004987531,0.7452320023773119,0.018005653736403893
A4,169.0,0.7655860349127181,0.7405995178237957,0.01859242781045862
A4,170.0,0.7630922693266833,0.7407364517336559,0.018432899812831843
A4,171.0,0.7630922693266833,0.7360638995376138,0.018662348283635406
A4,172.0,0.7605985037406484,0.7357155480035191,0.018933718367530262
A4,173.0,0.7581047381546134,0.733604757902547,0.018602611116941663
A4,174.0,0.7556109725685786,0.7328172642954651,0.018462745438637407
A4,175.0,0.7531172069825436,0.7280817143425253,0.01947870274128172
A4,176.0,0.7531172069825436,0.727825101689939,0.01999814791254532
A4,177.0,0.7506234413965087,0.7264117093406339,0.019369018602659122
A4,178.0,0.7481296758104738,0.7231600751018064,0.019942418227378463
A4,179.0,0.7481296758104738,0.721311202083339,0.020196816349791893
A4,180.0,0.7456359102244389,0.716771284374369,0.02103681471175613
A4,181.0,0.743142144638404,0.715573239998702,0.020267072346818318
A4,182.0,0.7406483790523691,0.7128028321510326,0.020532600327043637
A4,183.0,0.7381546134663342,0.7102325181432814,0.020284230123772395
A4,184.0,0.7356608478802993,0.7095724751707307,0.021231990563596568
A4,185.0,0.7331670822942643,0.7057514410992161,0.021824999054223325
A4,186.0,0.7306733167082294,0.704154542572507,0.021299966861053437
A4,187.0,0.7306733167082294,0.7001044495867459,0.0226113803801451
A4,188.0,0.7281795511221946,0.7002916081532877,0.02371826546969783
A4,189.0,0.7256857855361596,0.6951438950526941,0.022537669630104708
A4,190.0,0.7231920199501247,0.6934757993361265,0.022826366589812047
A4,191.0,0.7206982543640897,0.6912032005306342,0.02288119849826811
A4,192.0,0.7182044887780549,0.6879075693674718,0.023102175793584145
A4,193.0,0.71571072319202,0.6862034518225699,0.024679294093366166
A4,194.0,0.713216957605985,0.6849733537261922,0.024298087940243008
A4,195.0,0.7107231920199502,0.6763008970076034,0.025181492104574873
A4,196.0,0.7082294264339152,0.6757708865742411,0.025328166110655206
A4,197.0,0.7057356608478803,0.6727443701757987,0.025776299205173433
A4,198.0,0.7007481296758105,0.6700005677944999,0.026708283057484183
A4,199.0,0.6982543640897756,0.6643014948736868,0.02716788607401263
A4,200.0,0.6957605985037406,0.6594563542556122,0.027086136570807592
A4,201.0,0.6907730673316709,0.6521763349996166,0.026602593257182502
A4,202.0,0.6907730673316709,0.6497596010164268,0.027404640889640758
A4,203.0,0.683291770573566,0.6449566979016187,0.02682838583790872
A4,204.0,0.683291770573566,0.6578790135024308,0.03458871409717062
A4,205.0,0.6733167082294265,0.6344468506844123,0.02881305053891055
A4,206.0,0.6783042394014963,0.6274114922761772,0.02879754690802302
A4,207.0,0.6683291770573566,0.6235686955690651,0.03050445668206462
A4,208.0,0.6633416458852868,0.642893098259397,0.0390967740938481
A4,209.0,0.6583541147132169,0.6152019534171892,0.030843415510118467
A4,210.0,0.6533665835411472,0.6123031319847919,0.03332724143678663
A4,211.0,0.6483790523690773,0.603825705532212,0.031586006212218416
A4,212.0,0.6408977556109726,0.5983082319167783,0.033114389172633076
A4,213.0,0.6334164588528678,0.5998809769677259,0.036148051595256074
A4,214.0,0.6309226932668329,0.5865493075366516,0.03459976488792278
A4,215.0,0.6259351620947631,0.5870342792761593,0.037858714432238996
A4,216.0,0.6184538653366584,0.5823967550369814,0.03753922834768713
A4,217.0,0.6159600997506235,0.5822404821981273,0.04050769129166786
A4,218.0,0.6059850374064838,0.5703949748032513,0.03934606103799774
A4,219.0,0.5985037406483791,0.56650152623972,0.04096420572071045
A4,220.0,0.5935162094763092,0.5631082420727807,0.04087631617450872
A4,221.0,0.5860349127182045,0.5592559442870639,0.043677907320883724
A4,222.0,0.5810473815461347,0.5513531237285252,0.04545055443807725
A4,223.0,0.57356608478803,0.5514175591768625,0.04627882079583846
A4,224.0,0.5660847880299252,0.5475665072122824,0.04717482625436276
A4,225.0,0.5586034912718204,0.5450365327315796,0.04914658305963896
A4,226.0,0.5511221945137157,0.5391162100705295,0.05038652543389183
A4,227.0,0.543640897755611,0.5352477746103663,0.053809693888284986
A4,228.0,0.5361596009975063,0.5314950949291696,0.053407206800503364
A4,229.0,0.5286783042394015,0.5270834248062807,0.05639451447525238
A4,230.0,0.5211970074812967,0.5216762705481551,0.0578058942515426
A4,231.0,0.5112219451371571,0.5185032945676016,0.06060023828361607
A4,232.0,0.5037406483790524,0.5151698117007395,0.06228859282322398
A4,233.0,0.49625935162094764,0.5129492560316187,0.06482153669883586
A4,234.0,0.4837905236907731,0.5054124603596288,0.06746532283501708
A4,235.0,0.4763092269326683,0.5002440938544208,0.07095624526211275
A4,236.0,0.46633416458852867,0.4934054627432518,0.07299648411802774
A4,237.0,0.45885286783042395,0.48805722535665197,0.07566900985194737
A4,238.0,0.4463840399002494,0.4858995717315201,0.07790816789716419
A4,239.0,0.43640897755610975,0.4787022326720521,0.08144850486647541
A4,240.0,0.42643391521197005,0.471577430005079,0.08470038585053588
A4,241.0,0.4164588528678304,0.46567058159247404,0.08666396852695328
A4,242.0,0.40399002493765584,0.4712542876373178,0.08799314965385087
A4,243.0,0.39650872817955113,0.4583303612659273,0.0917729574981703
A4,244.0,0.3865336658354115,0.4646787089360625,0.09046719975627145
A4,245.0,0.3765586034912718,0.4512778685733953,0.0937571216277281
A4,246.0,0.36658354114713215,0.4588435093611955,0.09254851011453774
A4,247.0,0.3566084788029925,0.4463281364785142,0.09491732953949772
A4,248.0,0.3491271820448878,0.45156180962863973,0.0940689713456305
A4,249.0,0.33915211970074816,0.4321765339046195,0.09562567359185387
A4,250.0,0.3316708229426434,0.4333201488083433,0.09570091220795236
A4,251.0,0.32418952618453867,0.42420122907525315,0.09580353728647498
A4,252.0,0.3167082294264339,0.4237105374606706,0.09588649314036135
A4,253.0,0.30673316708229426,0.41777339472563024,0.09597798922743127
A4,254.0,0.30174563591022446,0.4288135361790713,0.09582562154241792
A4,255.0,0.2942643391521197,0.40270632829433783,0.0960632181440252
A4,256.0,0.286783042394015,0.3908118515647235,0.09610478367326977
A4,257.0,0.2793017456359102,0.40723233335374676,0.09605374267553843
A4,258.0,0.2743142144638404,0.3832387713855079,0.0961100674592858
A4,259.0,0.26683291770573564,0.37830708923073403,0.09611213854985586
A4,260.0,0.26433915211970077,0.39259356243121385,0.09608766658073803
A4,261.0,0.26184538653366585,0.3622606153353773,0.09611637668840686
A4,262.0,0.256857855361596,0.36570579098378114,0.09611637688548076
A4,263.0,0.2518703241895262,0.3504741389161613,0.09611771276179579
A4,264.0,0.24788029925187033,0.37066939229845636,0.096113426097871
A4,265.0,0.24463840399002493,0.3400250700451232,0.09611816092630202
A4,266.0,0.24064837905236908,0.3287335255151503,0.09611832434901972
A4,267.0,0.23541147132169576,0.3224743343776323,0.09611835792907679
A4,268.0,0.053865336658354114,0.32270537129209476,0.09611838266884445
A4,269.0,0.04937655860349127,0.31888862951371333,0.09611838974091984
A5,1.0,1.0,0.9351516445934127,0.008827570270168322
A5,2.0,0.9973890339425587,0.9331118698703529,0.00856641444243142
A5,3.0,0.9947780678851175,0.9318409300268041,0.008483749704149775
A5,4.0,0.9921671018276762,0.9242025497076312,0.008240824312462149
A5,5.0,0.9921671018276762,0.9177418449657501,0.009152961607751482
A5,6.0,0.9895561357702349,0.9162775579876835,0.008859926902476705
A5,7.0,0.9843342036553525,0.9202206894606243,0.008606268862195302
A5,8.0,0.9843342036553525,0.9188996849875004,0.008517046260052475
A5,9.0,0.9817232375979112,0.9209922982378426,0.008255201077023998
A5,10.0,0.97911227154047,0.913932578694516,0.01099824084619957
A5,11.0,0.97911227154047,0.9066254727633792,0.013166752877766273
A5,12.0,0.9765013054830287,0.9049352159018992,0.012778155739974158
A5,13.0,0.9738903394255874,0.9046052308525673,0.012936875946725927
A5,14.0,0.9712793733681462,0.9085192049533879,0.013178407937901423
A5,15.0,0.9712793733681462,0.9074757855516083,0.013097075747901643
A5,16.0,0.9686684073107049,0.9097205425889436,0.01199149260821833
A5,17.0,0.9660574412532638,0.9079791141750613,0.012157346254103987
A5,18.0,0.9660574412532638,0.9036580543027561,0.013709279652740724
A5,19.0,0.9660574412532638,0.8979630501640671,0.012930758635998659
A5,20.0,0.9634464751958225,0.8949934605144966,0.01532259101542234
A5,21.0,0.9634464751958225,0.8939956157743666,0.01585422812755225
A5,22.0,0.9634464751958225,0.8936120525770442,0.015778000691766634
A5,23.0,0.9608355091383812,0.8995093865860654,0.013716249852626757
A5,24.0,0.95822454308094,0.8994475756443621,0.013596596451697512
A5,25.0,0.95822454308094,0.8984681976572193,0.014219896438937963
A5,26.0,0.9556135770234987,0.8976939865745845,0.014112902839988253
A5,27.0,0.9556135770234987,0.8922412056915177,0.014022194835242517
A5,28.0,0.9556135770234987,0.8882393224084245,0.01591373067928173
A5,29.0,0.9530026109660574,0.8876719852127939,0.01660290291758972
A5,30.0,0.9530026109660574,0.8947313269677967,0.014017606641461
A5,31.0,0.9503916449086162,0.8931651837006349,0.014690224642904448
A5,32.0,0.9477806788511749,0.8915964232314025,0.014476528497826746
A5,33.0,0.9477806788511749,0.8908958112092623,0.014754469366974584
A5,34.0,0.9477806788511749,0.8853133589166217,0.014333564394804736
A5,35.0,0.9477806788511749,0.8821311304480212,0.015847078363171316
A5,36.0,0.9451697127937336,0.8815870563545537,0.01564627189342247
A5,37.0,0.9425587467362925,0.886665015847499,0.013705942182381713
A5,38.0,0.9425587467362925,0.8855942699420363,0.014620250986449305
A5,39.0,0.9399477806788512,0.8854639211208238,0.01476465201846056
A5,40.0,0.9399477806788512,0.8843386603683653,0.015025445440023905
A5,41.0,0.9399477806788512,0.8784969147732276,0.01666430316834012
A5,42.0,0.9399477806788512,0.8774568772237374,0.016611590966034918
A5,43.0,0.9373368146214099,0.8769797476476887,0.016627253213581657
A5,44.0,0.9347258485639687,0.881235791998238,0.01425515528851749
A5,45.0,0.9347258485639687,0.880773302556421,0.01513912665128517
A5,46.0,0.9321148825065274,0.8783907177685198,0.015013779844171097
A5,47.0,0.9321148825065274,0.8745025234755713,0.014817839509574236
A5,48.0,0.9321148825065274,0.8720005082847332,0.016279318729540415
A5,49.0,0.9321148825065274,0.8719081910712108,0.016428428772029626
A5,50.0,0.9295039164490861,0.8755306346488668,0.014855493618257493
A5,51.0,0.9295039164490861,0.8747384296225109,0.014977652890382689
A5,52.0,0.9268929503916449,0.8739983344062973,0.015496981829681357
A5,53.0,0.9242819843342036,0.8728355767207648,0.0157912513051655
A5,54.0,0.9268929503916449,0.8688785411603693,0.01548904979545784
A5,55.0,0.9216710182767625,0.870605335488302,0.01595414988778823
A5,56.0,0.9242819843342036,0.8636198890130414,0.01633570859014274
A5,57.0,0.9190600522193212,0.8683425118332126,0.014816964172875433
A5,58.0,0.9216710182767625,0.8643944550149159,0.01669115447488449
A5,59.0,0.9190600522193212,0.8683100082146131,0.015291113719566924
A5,60.0,0.9164490861618799,0.8664475820150923,0.01580109109684833
A5,61.0,0.9190600522193212,0.8631062336269505,0.01612207225373198
A5,62.0,0.9138381201044387,0.8646086439537007,0.0163990634131995
A5,63.0,0.9164490861618799,0.86023338369055,0.017125318852169957
A5,64.0,0.9138381201044387,0.8624703882017628,0.015643126674432337
A5,65.0,0.9138381201044387,0.860415013675873,0.014807980724293356
A5,66.0,0.9112271540469974,0.8596772161691202,0.01503481302604866
A5,67.0,0.9086161879895561,0.857409041966817,0.016719437709817497
A5,68.0,0.9086161879895561,0.8590171488877387,0.015859317238106477
A5,69.0,0.9060052219321149,0.8580786596038088,0.01576093284124657
A5,70.0,0.9060052219321149,0.8568803469861047,0.01705858723650287
A5,71.0,0.9060052219321149,0.855828585966229,0.015537893423316448
A5,72.0,0.9033942558746736,0.855408897308637,0.016058308051493303
A5,73.0,0.9033942558746736,0.851122939367663,0.017455491342896232
A5,74.0,0.9033942558746736,0.8499676681753516,0.01810128642759497
A5,75.0,0.9007832898172323,0.8515244735022035,0.015406482632067973
A5,76.0,0.9007832898172323,0.8497698386099685,0.015159915595003157
A5,77.0,0.8955613577023499,0.8496714925897766,0.016307379383448357
A5,78.0,0.8981723237597912,0.84847915351429,0.01630802565506715
A5,79.0,0.8955613577023499,0.8476276522101556,0.01614179972636271
A5,80.0,0.8955613577023499,0.8456783807568594,0.017231111805746012
A5,81.0,0.8929503916449086,0.8463806507022675,0.015774654807668976
A5,82.0,0.8929503916449086,0.8461711791096133,0.015875530604086443
A5,83.0,0.8903394255874674,0.8449436651932225,0.01577981419965359
A5,84.0,0.8903394255874674,0.8422649993862098,0.015485365833865367
A5,85.0,0.8877284595300261,0.8417218733456137,0.015283366594589372
A5,86.0,0.8851174934725848,0.8411440810203409,0.015932426150034606
A5,87.0,0.8851174934725848,0.8382295248295767,0.015855417386817297
A5,88.0,0.8825065274151436,0.8386815902362976,0.015792781724509816
A5,89.0,0.8798955613577023,0.8377413711214483,0.016287346782385772
A5,90.0,0.8798955613577023,0.8359410241715298,0.015769587193339582
A5,91.0,0.8772845953002611,0.8342360230682007,0.016494577007098082
A5,92.0,0.8720626631853786,0.8355552636775555,0.016749909436319422
A5,93.0,0.8720626631853786,0.8306856674390233,0.01718727930212722
A5,94.0,0.8694516971279374,0.8313170957619369,0.014962124738164703
A5,95.0,0.8694516971279374,0.8247244915341517,0.01577672703352656
A5,96.0,0.8668407310704961,0.8247063696877205,0.016413307364584875
A5,97.0,0.8642297650130548,0.8263036291826396,0.01739385797656786
A5,98.0,0.8616187989556136,0.8244811168224041,0.017062744112934163
A5,99.0,0.8590078328981723,0.8265424249533767,0.017670579957335748
A5,100.0,0.856396866840731,0.8238050409021406,0.018526673894451732
A5,101.0,0.8537859007832899,0.8244328929549799,0.019159928435437856
A5,102.0,0.8511749347258486,0.8225804256547943,0.019209899036690237
A5,103.0,0.8485639686684073,0.8229250762471054,0.020059580638309062
A5,104.0,0.8459530026109661,0.8232846381130925,0.020696613318467002
A5,105.0,0.8433420365535248,0.8223438183515522,0.01793895054643822
A5,106.0,0.8407310704960835,0.8316533360307568,0.02242184885370756
A5,107.0,0.835509138381201,0.8176863017039251,0.021760021716464056
A5,108.0,0.8328981723237598,0.816908395257661,0.022232720382254382
A5,109.0,0.8302872062663186,0.8193439905905072,0.025114311067012916
A5,110.0,0.8276762402088773,0.8123324855969711,0.02327196486332975
A5,111.0,0.825065274151436,0.8155731161225138,0.021613961527564653
A5,112.0,0.8198433420365535,0.7976297419354106,0.017414632317636958
A5,113.0,0.8198433420365535,0.7885679613961722,0.019362808643781225
A5,114.0,0.8172323759791122,0.7866214108222058,0.017514737431665307
A5,115.0,0.8120104438642297,0.7805252989887023,0.01683550025814398
A5,116.0,0.804177545691906,0.778468397857798,0.017555944374180284
A5,117.0,0.804177545691906,0.773171057416685,0.017140827364850394
A5,118.0,0.7989556135770235,0.7667296425528314,0.01724554923309504
A5,119.0,0.7963446475195822,0.762276504883564,0.0142485254612291
A5,120.0,0.7911227154046997,0.7620803529220619,0.018355422152081552
A5,121.0,0.7859007832898173,0.7551720283402693,0.017438226076540636
A5,122.0,0.7859007832898173,0.7517496727246804,0.015849220643087473
A5,123.0,0.7806788511749347,0.7477254596546032,0.015816531531233163
A5,124.0,0.7780678851174935,0.738138372097047,0.014826696480860364
A5,125.0,0.7728459530026109,0.7305220595874646,0.01669375296028471
A5,126.0,0.7702349869451697,0.7266212336258371,0.015512262160566717
A5,127.0,0.7650130548302873,0.7327849524996021,0.019622984396456853
A5,128.0,0.762402088772846,0.7390907401251459,0.02062359843362463
A5,129.0,0.7571801566579635,0.7298737802642101,0.019611813178479414
A5,130.0,0.7545691906005222,0.7111448041392303,0.01930128764242114
A5,131.0,0.7493472584856397,0.7197044015516579,0.022208867211173235
A5,132.0,0.7493472584856397,0.7171171509101477,0.020929467903246738
A5,133.0,0.7441253263707572,0.7100864758852409,0.02107722177691757
A5,134.0,0.7389033942558747,0.6865601847910792,0.01715958730549269
A5,135.0,0.7336814621409922,0.6982597104866204,0.024841806507973168
A5,136.0,0.7284595300261096,0.6851012727263092,0.020779917063750375
A5,137.0,0.7258485639686684,0.6790940608143459,0.022468749846581426
A5,138.0,0.7180156657963447,0.6770631233580445,0.020965457618177464
A5,139.0,0.7154046997389034,0.6682079608166633,0.024498057011903614
A5,140.0,0.7101827676240209,0.6452324327251833,0.01721129700290461
A5,141.0,0.6997389033942559,0.6406368676175108,0.018170174424095718
A5,142.0,0.6945169712793734,0.6245064955733324,0.017306589921914417
A5,143.0,0.6892950391644909,0.6311427152992019,0.020607838978060847
A5,144.0,0.6840731070496083,0.6186065854028341,0.01828073703475324
A5,145.0,0.6788511749347258,0.6142494812973784,0.0217366999501062
A5,146.0,0.6710182767624021,0.5988537507844062,0.01782071145873454
A5,147.0,0.6684073107049608,0.5968404395934798,0.022877064660466236
A5,148.0,0.660574412532637,0.5829091533510429,0.016022390568467444
A5,149.0,0.6579634464751958,0.5724280093163738,0.02059545499440151
A5,150.0,0.6527415143603134,0.5640998560995593,0.020408515576546153
A5,151.0,0.6475195822454308,0.5537014205690374,0.020271740927560334
A5,152.0,0.6422976501305483,0.5443506110673776,0.01793423903157563
A5,153.0,0.6344647519582245,0.5325554697946416,0.018000965013426597
A5,154.0,0.6292428198433421,0.5263101098680036,0.018536878838767538
A5,155.0,0.6240208877284595,0.5188546030121957,0.01785511461537166
A5,156.0,0.618798955613577,0.5088408376249797,0.019057889826044325
A5,157.0,0.6135770234986945,0.5023764459997446,0.0195870266234636
A5,158.0,0.608355091383812,0.4970888619473065,0.019152240295453375
A5,159.0,0.6005221932114883,0.48438723868404887,0.02038776616147331
A5,160.0,0.5953002610966057,0.478246160712049,0.02031004750391027
A5,161.0,0.5900783289817232,0.4684653704781016,0.021760368002704727
A5,162.0,0.5848563968668408,0.4690366361895351,0.02098042259780854
A5,163.0,0.5796344647519582,0.4561923686861906,0.01904905203471887
A5,164.0,0.5718015665796344,0.4453443108984132,0.021257767902130617
A5,165.0,0.5639686684073107,0.4448896078965403,0.020003548196780175
A5,166.0,0.5587467362924282,0.4367360575416603,0.02034209706892871
A5,167.0,0.5535248041775457,0.42479777298614385,0.02218934992524721
A5,168.0,0.5456919060052219,0.4192895739325987,0.018899812115917708
A5,169.0,0.5404699738903395,0.4182468406437901,0.0212122971604931
A5,170.0,0.5326370757180157,0.4124195290256572,0.020907665498151196
A5,171.0,0.5274151436031331,0.39845807506574105,0.019087417222838323
A5,172.0,0.5195822454308094,0.3950041012537935,0.018617122713376774
A5,173.0,0.5143603133159269,0.38506407919605457,0.01922554463141267
A5,174.0,0.5065274151436031,0.37910416717967615,0.019487168047007265
A5,175.0,0.5013054830287206,0.37055325900957403,0.01979554816958948
A5,176.0,0.4934725848563969,0.36373464408647194,0.02031073617738393
A5,177.0,0.4856396866840731,0.35489927898585855,0.02087483793766928
A5,178.0,0.4804177545691906,0.3458663860695992,0.02171438069238346
A5,179.0,0.4725848563968668,0.3369251312265607,0.022479255829941404
A5,180.0,0.46475195822454307,0.3305392910445937,0.02215863979617446
A5,181.0,0.45691906005221933,0.3173013524058755,0.022411960483462383
A5,182.0,0.4490861618798956,0.3091679263369044,0.022599442009462296
A5,183.0,0.4412532637075718,0.298736666478451,0.02397614149834656
A5,184.0,0.43342036553524804,0.2922216311821679,0.024974466310713896
A5,185.0,0.4255874673629243,0.2839011571137876,0.02622782215933937
A5,186.0,0.4177545691906005,0.2749565280388771,0.02699643531711172
A5,187.0,0.40992167101827676,0.26705227391023284,0.027480659717411093
A5,188.0,0.402088772845953,0.2613695554909212,0.028807091823698183
A5,189.0,0.391644908616188,0.2495279804868623,0.028680590153443514
A5,190.0,0.3838120104438642,0.24080145892783172,0.02959686605746987
A5,191.0,0.37597911227154046,0.23207814029572735,0.030529915723013928
A5,192.0,0.36553524804177545,0.22033266761256048,0.031663670459523535
A5,193.0,0.3577023498694517,0.213578578292622,0.031062831876847236
A5,194.0,0.34986945169712796,0.2069625980971687,0.03162924558592535
A5,195.0,0.3394255874673629,0.19361296792783986,0.03169736640023618
A5,196.0,0.33159268929503916,0.19175544573307682,0.02967984533059903
A5,197.0,0.3237597911227154,0.18842267198292278,0.02982072660277688
A5,198.0,0.3185378590078329,0.18288099103909672,0.02963748252699059
A5,199.0,0.30809399477806787,0.16766937731224962,0.02922477385602066
A5,200.0,0.3002610966057441,0.15627629777725852,0.029891814885850444
A5,201.0,0.2924281984334204,0.08765906681151894,0.033349294525217094
A5,202.0,0.2845953002610966,0.194968801220272,0.022983895684045724
A5,203.0,0.2741514360313316,0.061052752038029,0.027056980762453046
A5,204.0,0.26370757180156656,0.059354284097773255,0.03070346715460431
A5,205.0,0.06318537859007833,0.04334319064833536,0.018421530928016204
A5,206.0,0.05796344647519582,0.041871158947089884,0.018862615912346108
A5,207.0,0.056657963446475196,0.044588796608298245,0.0205976556211856
A5,208.0,0.05456919060052219,0.04400752862951819,0.019580276470569202
A5,209.0,0.053263707571801565,0.038241553636523005,0.01808664252126801
A5,210.0,0.05221932114882506,0.03908783230834349,0.01944911509869935
A5,211.0,0.05039164490861619,0.038645778074154785,0.019532252002954848
A5,212.0,0.04882506527415144,0.03783368393928831,0.018713152163129243
A5,213.0,0.04699738903394256,0.0389980028073379,0.01626135761548682
A5,214.0,0.04490861618798955,0.04052705107057657,0.01862738960852791
A5,215.0,0.042819843342036555,0.03833803424897716,0.01667504360268551
A5,216.0,0.0412532637075718,0.03550229518721142,0.015959786313584294
A5,217.0,0.04203655352480418,0.03734934560470921,0.01627455722545456
A5,218.0,0.04308093994778068,0.03805118284404988,0.016738316747331485
A5,219.0,0.04203655352480418,0.0366867572979218,0.015755368821210335
A5,220.0,0.0433420365535248,0.036967814646217685,0.016534138129317724
A5,221.0,0.04255874673629243,0.03751902414551773,0.01771036803618096
A5,222.0,0.042819843342036555,0.03629260055138491,0.016342263747210112
A5,223.0,0.04151436031331593,0.03648393347333277,0.016369222797623997
A5,224.0,0.0402088772845953,0.03625668366698333,0.01737624083610579
A5,225.0,0.038903394255874676,0.033420150942693835,0.01645605823778349
A5,226.0,0.038642297650130546,0.03545197740040961,0.016183464314473404
A5,227.0,0.03759791122715405,0.035143205044626785,0.015306535180646381
A5,228.0,0.037075718015665796,0.03459863615627072,0.015099425063079876
A5,229.0,0.03733681462140992,0.03508479840525079,0.016385466901051204
A5,230.0,0.0381201044386423,0.03318324215179638,0.01750624497841528
A5,231.0,0.0381201044386423,0.03354111543254803,0.015443311334383513
A5,232.0,0.038642297650130546,0.0352415935810418,0.01665606148053706
A5,233.0,0.03838120104438642,0.0349863497115002,0.016473939685964504
A5,234.0,0.037859007832898174,0.033656566967685486,0.016956852719999214
A5,235.0,0.03733681462140992,0.033522553954889144,0.017372749886758136
A5,236.0,0.03681462140992167,0.03321742599678998,0.016713697561788216
A5,237.0,0.03629242819843342,0.03312908676896302,0.01543016859320172
A5,238.0,0.03629242819843342,0.03235132112869868,0.017488465159433943
A5,239.0,0.03577023498694517,0.032150265904957905,0.01725910681869225
A5,240.0,0.03498694516971279,0.032572485646347835,0.016091678003419117
A5,241.0,0.03472584856396867,0.031935213860727674,0.018012142791280113
A5,242.0,0.03446475195822454,0.03130660657187547,0.017664345688119077
A5,243.0,0.03420365535248042,0.03129030560375154,0.016581417955415224
A5,244.0,0.03446475195822454,0.031221323068927966,0.01818595874278031
A5,245.0,0.03446475195822454,0.03145463905747566,0.017894292756487545
A5,246.0,0.03420365535248042,0.031014802570328483,0.01811832130130736
A5,247.0,0.03420365535248042,0.030444896805267026,0.01995613445182847
A5,248.0,0.033681462140992165,0.030713514958918452,0.01601046030495526
A5,249.0,0.03315926892950392,0.03043937652801916,0.01671149151511805
A5,250.0,0.03315926892950392,0.02952766522470167,0.01818294595040786
A5,251.0,0.03263707571801567,0.029892282556989537,0.017137980448933356
A5,252.0,0.032114882506527415,0.029998494665592894,0.017617764520950197
A5,253.0,0.03185378590078329,0.027978153944867593,0.019158010508871167
A5,254.0,0.03080939947780679,0.028076550127717703,0.017896719184792936
A5,255.0,0.030287206266318537,0.028237578152449327,0.01661601540183581
A5,256.0,0.029503916449086162,0.02720140483953735,0.01799262152725655
A5,257.0,0.029242819843342035,0.02708103633399325,0.019375968739523762
A5,258.0,0.028720626631853787,0.027108716784458163,0.018007081137463698
A5,259.0,0.02845953002610966,0.02618545855881515,0.018898037617460665
A5,260.0,0.02845953002610966,0.025919284356849766,0.01874000348934178
A5,261.0,0.02793733681462141,0.026647767838878678,0.01837014383688986
A5,262.0,0.027676240208877285,0.0256219169423235,0.019073418185070724
A5,263.0,0.02741514360313316,0.025230977807128303,0.0187495339647075
A5,264.0,0.027154046997389034,0.02544574647088866,0.01847826541386424
A5,265.0,0.02689295039164491,0.024571946834288684,0.019293677887782135
A5,266.0,0.026631853785900782,0.024231362800445633,0.019760211817352043
A5,267.0,0.02600522193211488,0.024666852644397615,0.01842381790093831
A5,268.0,0.02600522193211488,0.02454103197231198,0.018101913949206308
A5,269.0,0.025900783289817233,0.024239875918286122,0.018960124400151875
A5,270.0,0.025926892950391644,0.024223358401370687,0.018720977437500758
A5,271.0,0.025822454308093996,0.023638047140523838,0.0193870366295796
A5,272.0,0.025822454308093996,0.0235774854464516,0.019218839135894797
A5,273.0,0.02563968668407311,0.022520935227406218,0.020017258711758266
A5,274.0,0.025744125326370756,0.02172728880270594,0.02015028606647023
A5,275.0,0.025691906005221934,0.021735869578471845,0.020344095057927884
A5,276.0,0.02485639686684073,0.02156228871570727,0.01954432134594126
A5,277.0,0.02472584856396867,0.021955234844486374,0.020029634402146154
A5,278.0,0.02451697127937337,0.0212477711522035,0.02069097253320568
A5,279.0,0.024334203655352483,0.02073668663142754,0.020230611322363222
A5,280.0,0.02381201044386423,0.021241743394118287,0.020086253004627654
A5,281.0,0.024073107049608355,0.020072336579769395,0.02052453811669542
A5,282.0,0.023864229765013057,0.020098952216419386,0.020061571151744836
A5,283.0,0.023968668407310705,0.019394793801510865,0.020746244892840684
A5,284.0,0.024099216710182766,0.019828087331060326,0.020244036794058576
A5,285.0,0.024360313315926894,0.019210367042294868,0.020488104966498645
A5,286.0,0.024151436031331592,0.0187483128518324,0.021163225617702397
A5,287.0,0.024281984334203654,0.018505214063621878,0.021178587975141612
A5,288.0,0.02412532637075718,0.017141447446666416,0.02193391046664019
A5,289.0,0.02360313315926893,0.018338700645950834,0.02062271886044564
A5,290.0,0.023446475195822453,0.0186073805878849,0.02046826035080114
A5,291.0,0.023342036553524806,0.016593604120199043,0.021681603513848593
A5,292.0,0.023080939947780682,0.016315275665746504,0.02141907701523656
A5,293.0,0.022872062663185377,0.015359156216336045,0.021925465878908295
A5,294.0,0.022689295039164493,0.016105832945303405,0.021525373703896886
A5,295.0,0.022637075718015667,0.0158216597451747,0.021517050761012936
A5,296.0,0.022715404699738904,0.014300100603852811,0.022406148652574506
A5,297.0,0.022140992167101827,0.014052529582479295,0.02254082511869282
A5,298.0,0.02240208877284595,0.013502556122779202,0.022104044269112486
A6,1.0,1.0,1.0017906047661473,0.005281722912471819
A6,2.0,0.995049504950495,0.9978020858971965,0.004370728322663216
A6,3.0,0.9925742574257426,0.988513384011799,0.0029213243202361357
A6,4.0,0.9900990099009901,0.9793666238212496,0.00271200135853241
A6,5.0,0.9851485148514851,0.9823843825648505,0.0028869578230749393
A6,6.0,0.9801980198019802,0.9799606141464658,0.0028898520946147132
A6,7.0,0.9777227722772277,0.9762811057594393,0.0031007239553349527
A6,8.0,0.9752475247524752,0.9738972034345943,0.003006486292118235
A6,9.0,0.9727722772277227,0.9677339665038533,0.0025580992634159252
A6,10.0,0.9702970297029703,0.9623022846623034,0.00258848137797716
A6,11.0,0.9678217821782178,0.9598503806861125,0.002475026804536273
A6,12.0,0.9653465346534653,0.9638158235875212,0.0028004903040123553
A6,13.0,0.9628712871287128,0.9610919070076058,0.0027734084288106114
A6,14.0,0.9603960396039604,0.9604932155567748,0.0028798848406276635
A6,15.0,0.9579207920792079,0.9599710224165376,0.0031017901947578428
A6,16.0,0.9579207920792079,0.9578742529027345,0.0028732987272869943
A6,17.0,0.9579207920792079,0.9509254020052428,0.002570124967921549
A6,18.0,0.9554455445544554,0.9486521690281224,0.0024714129738144437
A6,19.0,0.9529702970297029,0.9471831112036566,0.002724857207239728
A6,20.0,0.9504950495049505,0.948170565754343,0.002855994570206986
A6,21.0,0.9504950495049505,0.9472688958270471,0.002967546825233256
A6,22.0,0.9504950495049505,0.9452466660139918,0.003044176674000693
A6,23.0,0.948019801980198,0.9442011639718491,0.0033697128207675286
A6,24.0,0.948019801980198,0.9436400277770401,0.0033183480692569978
A6,25.0,0.9455445544554455,0.9396949439740818,0.003276782324737399
A6,26.0,0.9455445544554455,0.9366001749121202,0.003483152521437386
A6,27.0,0.9455445544554455,0.9346848016437433,0.0034472822428542787
A6,28.0,0.943069306930693,0.9372219583048028,0.00340457203486428
A6,29.0,0.943069306930693,0.9361526969492592,0.003261579115917826
A6,30.0,0.9405940594059405,0.9360750805311121,0.0038096280185014697
A6,31.0,0.9405940594059405,0.9352668599612948,0.0036464427965107746
A6,32.0,0.9405940594059405,0.9336145374044829,0.0033707917340011187
A6,33.0,0.9381188118811881,0.9301291124965594,0.003486648466629789
A6,34.0,0.9381188118811881,0.9338057298043595,0.0033507299952510268
A6,35.0,0.9356435643564357,0.9323372713704555,0.0033857838608974886
A6,36.0,0.9356435643564357,0.9325573952203868,0.003735562920401797
A6,37.0,0.9356435643564357,0.9320224800377253,0.003788301295038422
A6,38.0,0.9356435643564357,0.9307391447881156,0.004045319301896356
A6,39.0,0.9356435643564357,0.9251824046646031,0.004345600569919953
A6,40.0,0.9331683168316832,0.92512758202114,0.0043490476047840145
A6,41.0,0.9331683168316832,0.9245820718229175,0.00441860551942753
A6,42.0,0.9331683168316832,0.9260817846535745,0.004205092823302313
A6,43.0,0.9306930693069307,0.9265377035377885,0.0045890859053213055
A6,44.0,0.9306930693069307,0.9267112883477612,0.004369157853826435
A6,45.0,0.9306930693069307,0.9262748023831321,0.00415264440660018
A6,46.0,0.9306930693069307,0.9215141371797175,0.004345125406791282
A6,47.0,0.9306930693069307,0.9197963595009262,0.004262328399076515
A6,48.0,0.9282178217821783,0.9211701622810109,0.004234327821947613
A6,49.0,0.9282178217821783,0.9218378704301715,0.004619678030177092
A6,50.0,0.9282178217821783,0.9197452896474432,0.004948510610898731
A6,51.0,0.9257425742574258,0.9204020312223186,0.004839245848704439
A6,52.0,0.9282178217821783,0.9173065357136025,0.004297923650336956
A6,53.0,0.9257425742574258,0.919095693141382,0.004662083785821948
A6,54.0,0.9257425742574258,0.9150141406523914,0.004383455115612244
A6,55.0,0.9257425742574258,0.9190310190986953,0.004120663460431397
A6,56.0,0.9257425742574258,0.9152961910206966,0.004362995454782668
A6,57.0,0.9232673267326733,0.9171430299135076,0.0047120875869880235
A6,58.0,0.9232673267326733,0.9162165859566187,0.0049405572643733955
A6,59.0,0.9232673267326733,0.9142602816854596,0.004685162140742639
A6,60.0,0.9232673267326733,0.915694245469153,0.005010365365839764
A6,61.0,0.9232673267326733,0.9117788402381378,0.004952604325045582
A6,62.0,0.9207920792079208,0.9138159148867756,0.004927073787380164
A6,63.0,0.9207920792079208,0.9120033456566464,0.0051591906577503404
A6,64.0,0.9207920792079208,0.9148910897768492,0.004565297465139442
A6,65.0,0.9183168316831684,0.9153153936301964,0.00484652577382564
A6,66.0,0.9207920792079208,0.9127343645437102,0.004464667801967053
A6,67.0,0.9183168316831684,0.9127506263099257,0.004714128696327557
A6,68.0,0.9183168316831684,0.9130629358396058,0.004741905984824733
A6,69.0,0.9183168316831684,0.9125156327445171,0.004628072104316865
A6,70.0,0.9183168316831684,0.9111989196481871,0.0047940436950924354
A6,71.0,0.9158415841584159,0.9127533665735719,0.005445923921106759
A6,72.0,0.9183168316831684,0.9106232863328642,0.004580733295613094
A6,73.0,0.9158415841584159,0.9121530679494735,0.004801855034401357
A6,74.0,0.9158415841584159,0.9113166263967812,0.004781764655768833
A6,75.0,0.9158415841584159,0.9116147707312435,0.0048317735181841225
A6,76.0,0.9158415841584159,0.9101908906629184,0.004825894278434943
A6,77.0,0.9158415841584159,0.9104522502750924,0.0047346261102744125
A6,78.0,0.9158415841584159,0.9059512463525804,0.004715722127411524
A6,79.0,0.9158415841584159,0.9061328061162182,0.00486513445491376
A6,80.0,0.9158415841584159,0.9048668452444604,0.005123750306222477
A6,81.0,0.9133663366336634,0.9079795489337027,0.005026475213423929
A6,82.0,0.9133663366336634,0.907702016435551,0.005104709074515616
A6,83.0,0.9133663366336634,0.9084922277963061,0.0050796773113145005
A6,84.0,0.9133663366336634,0.9081635918927596,0.005092610250778475
A6,85.0,0.9133663366336634,0.9073393607707348,0.005089904664056549
A6,86.0,0.9108910891089109,0.9075285940866231,0.005179362306647913
A6,87.0,0.9108910891089109,0.9074686871448492,0.005164178884661328
A6,88.0,0.9108910891089109,0.9074669880386987,0.005440483250187902
A6,89.0,0.9108910891089109,0.9063902322538385,0.0051810219038360165
A6,90.0,0.9108910891089109,0.9064913633194307,0.005147877532138251
A6,91.0,0.9108910891089109,0.905694314331691,0.005067103993997525
A6,92.0,0.9108910891089109,0.9065613441549326,0.005174403106475695
A6,93.0,0.9108910891089109,0.9016449730370083,0.004805339796981533
A6,94.0,0.9084158415841584,0.9018284548001179,0.004657616674488279
A6,95.0,0.9084158415841584,0.9041637612023723,0.005020012507744942
A6,96.0,0.905940594059406,0.9062178865343213,0.005624130227165527
A6,97.0,0.9084158415841584,0.9056276180045474,0.005553700676396746
A6,98.0,0.9084158415841584,0.9024564882814199,0.005531472489710423
A6,99.0,0.9084158415841584,0.9012983183010101,0.005613812733456198
A6,100.0,0.905940594059406,0.9028040778620231,0.005779549746746872
A6,101.0,0.905940594059406,0.902366732540361,0.00571033729216203
A6,102.0,0.905940594059406,0.90397835906801,0.0058370808530201525
A6,103.0,0.905940594059406,0.90152230848876,0.005820614562352695
A6,104.0,0.905940594059406,0.9013901051829318,0.005900833183829514
A6,105.0,0.905940594059406,0.9021969905708407,0.006063957814318448
A6,106.0,0.905940594059406,0.9011732083692218,0.005680986540219815
A6,107.0,0.905940594059406,0.8992134168051286,0.0052468760835827225
A6,108.0,0.9034653465346535,0.9006052245320488,0.005950939693889036
A6,109.0,0.9034653465346535,0.8993133633567951,0.006034947108980672
A6,110.0,0.9034653465346535,0.8993870231063137,0.005996436554632402
A6,111.0,0.9034653465346535,0.8990267985647441,0.005707362451359309
A6,112.0,0.905940594059406,0.8970364239627786,0.005351936966013755
A6,113.0,0.9034653465346535,0.898718442867586,0.006103332337291471
A6,114.0,0.9034653465346535,0.8978901015644362,0.005938691489523552
A6,115.0,0.9034653465346535,0.8973287232724992,0.005928379855356422
A6,116.0,0.9034653465346535,0.8972021591672393,0.006011385160007895
A6,117.0,0.9034653465346535,0.8981358923689481,0.006302380138197991
A6,118.0,0.900990099009901,0.8966752278645856,0.006202833224452235
A6,119.0,0.900990099009901,0.8968190060982926,0.0063558156456686825
A6,120.0,0.900990099009901,0.896970588275071,0.006404516473013295
A6,121.0,0.900990099009901,0.896617579438099,0.006185490182366811
A6,122.0,0.900990099009901,0.8958414295995726,0.006298604632853956
A6,123.0,0.900990099009901,0.8930190944939596,0.0060628834131337805
A6,124.0,0.8985148514851485,0.8948841696057056,0.006352168667972253
A6,125.0,0.900990099009901,0.8922914257683793,0.005520195520243385
A6,126.0,0.900990099009901,0.8938437450556812,0.005756643919563354
A6,127.0,0.8985148514851485,0.894794187160535,0.006572956676166805
A6,128.0,0.8985148514851485,0.893716425076454,0.006633248623575784
A6,129.0,0.900990099009901,0.8917693471038015,0.005971206778715774
A6,130.0,0.8985148514851485,0.8926307108597715,0.0064199398295505805
A6,131.0,0.8985148514851485,0.8940710085095359,0.006919542511480557
A6,132.0,0.8985148514851485,0.8934410496108246,0.006861068516145195
A6,133.0,0.8985148514851485,0.8926103702913649,0.006821615944528065
A6,134.0,0.900990099009901,0.8903006399317682,0.006032941388204749
A6,135.0,0.8985148514851485,0.8915758360526516,0.006336279604994331
A6,136.0,0.8960396039603961,0.8917243783767883,0.006903455508050294
A6,137.0,0.8985148514851485,0.8909571817487892,0.006891669871352672
A6,138.0,0.8985148514851485,0.8887691284809033,0.006349845725880572
A6,139.0,0.8985148514851485,0.8891396758582205,0.006827973944986628
A6,140.0,0.8985148514851485,0.88903979529238,0.006424878923035365
A6,141.0,0.8960396039603961,0.88967774880534,0.006645782090097865
A6,142.0,0.8960396039603961,0.890483532537536,0.0070846408303803
A6,143.0,0.8960396039603961,0.8902571020587117,0.006846856272773539
A6,144.0,0.8960396039603961,0.8895763915867888,0.006931821122267701
A6,145.0,0.8960396039603961,0.8893982277548497,0.007001889953341121
A6,146.0,0.8935643564356436,0.8893900636208988,0.0069025572426952096
A6,147.0,0.8960396039603961,0.8880514384082898,0.007168322787785981
A6,148.0,0.8935643564356436,0.888170543347053,0.007150917208047575
A6,149.0,0.8935643564356436,0.8887142950927898,0.0075747694960989495
A6,150.0,0.8935643564356436,0.8885980904941846,0.007568188850558301
A6,151.0,0.8935643564356436,0.8882538125665642,0.007622538716856038
A6,152.0,0.8935643564356436,0.8883931467349946,0.007621033090686438
A6,153.0,0.8935643564356436,0.888246940355627,0.007608566625438035
A6,154.0,0.8935643564356436,0.8886329718833071,0.007488242178298662
A6,155.0,0.8910891089108911,0.8876076231505053,0.007431902656684365
A6,156.0,0.8935643564356436,0.8871446691273718,0.007669299664155737
A6,157.0,0.8935643564356436,0.8825326380893579,0.006929250296937682
A6,158.0,0.8935643564356436,0.8794640974975708,0.006534762576918449
A6,159.0,0.8935643564356436,0.8814405405384459,0.0067633575373943836
A6,160.0,0.8910891089108911,0.8832572724132588,0.007334779027676144
A6,161.0,0.8910891089108911,0.8850956801473236,0.0073820357030467704
A6,162.0,0.8935643564356436,0.8796774287446679,0.0067315491641487275
A6,163.0,0.8910891089108911,0.8804245812498996,0.006952174185662044
A6,164.0,0.8910891089108911,0.8799514123559634,0.006840543804075766
A6,165.0,0.8910891089108911,0.8790945031248201,0.006896444741602181
A6,166.0,0.8910891089108911,0.8810740794615882,0.007227970898222908
A6,167.0,0.8886138613861386,0.8815391582942845,0.007654220228449122
A6,168.0,0.8886138613861386,0.881636123735319,0.007582131931104477
A6,169.0,0.8910891089108911,0.88034794401396,0.007187216284095394
A6,170.0,0.8910891089108911,0.8799392840329614,0.007200165143196099
A6,171.0,0.8910891089108911,0.8801513777779476,0.007197084468898895
A6,172.0,0.8886138613861386,0.8799689492720816,0.007291159982260856
A6,173.0,0.8886138613861386,0.8771823720555824,0.007010962665774811
A6,174.0,0.8886138613861386,0.878133211954137,0.007272693996432402
A6,175.0,0.8886138613861386,0.8787410727109191,0.0072475909876664624
A6,176.0,0.8886138613861386,0.878340381244805,0.0073264442047399824
A6,177.0,0.8886138613861386,0.8778079479094976,0.007282950299302557
A6,178.0,0.8886138613861386,0.8756820124999393,0.007186178294100745
A6,179.0,0.8886138613861386,0.8751983997092364,0.0071588093590791374
A6,180.0,0.8886138613861386,0.8755040714482523,0.00721414293180289
A6,181.0,0.8861386138613861,0.8741834386601641,0.007129460035708705
A6,182.0,0.8861386138613861,0.8749524406974105,0.007216426743440401
A6,183.0,0.8861386138613861,0.8736654560833432,0.007194235769134473
A6,184.0,0.8861386138613861,0.8731762459267735,0.007199661654241936
A6,185.0,0.8861386138613861,0.8737414429355506,0.00736314421568571
A6,186.0,0.8861386138613861,0.8727319420474994,0.007509867610669098
A6,187.0,0.8861386138613861,0.873232895945031,0.007533412503794479
A6,188.0,0.8861386138613861,0.8726074139430753,0.007500513375702768
A6,189.0,0.8861386138613861,0.8725748462999635,0.007432051301981794
A6,190.0,0.8861386138613861,0.8721561352869931,0.0073556886123417745
A6,191.0,0.8836633663366337,0.8719429294616698,0.0076338910682170755
A6,192.0,0.8836633663366337,0.8715532515953494,0.007507767429251412
A6,193.0,0.8836633663366337,0.8717576941109035,0.0075497440980418756
A6,194.0,0.8836633663366337,0.871299754765257,0.007688959804546832
A6,195.0,0.8836633663366337,0.8716485408920353,0.007829906191110804
A6,196.0,0.8836633663366337,0.8714532231156307,0.007832133526062489
A6,197.0,0.8836633663366337,0.8698464731420865,0.007712948343235747
A6,198.0,0.8836633663366337,0.8703753076036741,0.00796595900502529
A6,199.0,0.8836633663366337,0.870146417529331,0.007873016913815634
A6,200.0,0.8836633663366337,0.8696895684367083,0.007680777595891335
A6,201.0,0.8836633663366337,0.8668534495526534,0.007656447568115385
A6,202.0,0.8811881188118812,0.8715761646402089,0.00831004572538085
A6,203.0,0.8836633663366337,0.8657311323605892,0.007666561628167258
A6,204.0,0.8836633663366337,0.8692829574965606,0.008086412216550801
A6,205.0,0.8836633663366337,0.8657036152944668,0.00782618934181293
A6,206.0,0.8811881188118812,0.8699645114325432,0.00840653735037756
A6,207.0,0.8836633663366337,0.8692133615619013,0.008501930161227942
A6,208.0,0.8811881188118812,0.8683636965939157,0.008410260395658288
A6,209.0,0.8787128712871287,0.8711394877592983,0.00889143574996085
A6,210.0,0.8836633663366337,0.8657739986022166,0.008127490287417109
A6,211.0,0.8787128712871287,0.8710962163974849,0.008965533832992608
A6,212.0,0.8811881188118812,0.8670162006969057,0.00830912662225046
A6,213.0,0.8811881188118812,0.8666457633862147,0.008204502734301622
A6,214.0,0.8787128712871287,0.8686896995560054,0.008775872794017963
A6,215.0,0.8811881188118812,0.8674292083672885,0.00884734444381886
A6,216.0,0.8811881188118812,0.8627526473236005,0.008467849444368937
A6,217.0,0.8787128712871287,0.8683673615789712,0.009103412894173792
A6,218.0,0.8787128712871287,0.8678364811749609,0.009045547330593475
A6,219.0,0.8811881188118812,0.8659055767828059,0.008556511611689917
A6,220.0,0.8787128712871287,0.8670165246049526,0.00894841554948432
A6,221.0,0.8787128712871287,0.8666895711553767,0.00884205579639588
A6,222.0,0.8787128712871287,0.8679143898439274,0.009113403079444953
A6,223.0,0.8762376237623762,0.8688941416134407,0.009429044361652612
A6,224.0,0.8787128712871287,0.8677347808556551,0.00945082017612741
A6,225.0,0.8787128712871287,0.8649576514110737,0.009069527332326681
A6,226.0,0.8787128712871287,0.8678703258837062,0.009489003511667803
A6,227.0,0.8787128712871287,0.8651647548198541,0.009214090167924273
A6,228.0,0.8762376237623762,0.8673900009464294,0.00947447199213876
A6,229.0,0.8787128712871287,0.8649961326352427,0.009383450526735797
A6,230.0,0.8762376237623762,0.8659072769888382,0.009507908179933397
A6,231.0,0.8787128712871287,0.8634027787387528,0.009297993201851885
A6,232.0,0.8762376237623762,0.865079949363847,0.00948732171103221
A6,233.0,0.8787128712871287,0.864403107822359,0.0094795545636762
A6,234.0,0.8762376237623762,0.8649856294320064,0.00965897289840872
A6,235.0,0.8762376237623762,0.8627100931364385,0.00948138804146528
A6,236.0,0.8762376237623762,0.865018590683662,0.009833536968984742
A6,237.0,0.8762376237623762,0.8620586717058313,0.009528951719190814
A6,238.0,0.8737623762376238,0.8638189354276735,0.009595143446611791
A6,239.0,0.8762376237623762,0.8599851617868861,0.009369648979844967
A6,240.0,0.8762376237623762,0.8552304864166723,0.008626356328359416
A6,241.0,0.8762376237623762,0.8583182137305063,0.009178984317191354
A6,242.0,0.8762376237623762,0.8558414462216759,0.00881973194958656
A6,243.0,0.8762376237623762,0.8576627404404891,0.009278927929998326
A6,244.0,0.8762376237623762,0.853891605639169,0.008708470912145218
A6,245.0,0.8737623762376238,0.8568996679195354,0.009255028371777408
A6,246.0,0.8762376237623762,0.8532831863377978,0.009019745658903575
A6,247.0,0.8712871287128713,0.8590746911003246,0.009516879120727812
A6,248.0,0.8762376237623762,0.8534560794852392,0.009205480613384297
A6,249.0,0.8762376237623762,0.853052459215814,0.009249182083990675
A6,250.0,0.8737623762376238,0.8537850294494016,0.009212310622517058
A6,251.0,0.8737623762376238,0.8550471576538299,0.00951651599130848
A6,252.0,0.8712871287128713,0.8552124361619033,0.00931986818699793
A6,253.0,0.8737623762376238,0.8510503075091175,0.009122343218339258
A6,254.0,0.8688118811881188,0.8581144269540292,0.009811432215711225
A6,255.0,0.8737623762376238,0.8493625274451093,0.009285439820895731
A6,256.0,0.8712871287128713,0.8528299053637258,0.009541150914061559
A6,257.0,0.8737623762376238,0.8518703654219205,0.009242246017981445
A6,258.0,0.8712871287128713,0.8508454402663194,0.009330389640109049
A6,259.0,0.8712871287128713,0.8499425289162481,0.009246727716591763
A6,260.0,0.8688118811881188,0.8552209754906456,0.00998068910531636
A6,261.0,0.8737623762376238,0.8484810647557991,0.009555831447062216
A6,262.0,0.8712871287128713,0.8469496509778849,0.009338099036864696
A6,263.0,0.8712871287128713,0.8495267113227457,0.009647253123924587
A6,264.0,0.8712871287128713,0.8465568484388037,0.009358754044141082
A6,265.0,0.8712871287128713,0.8491088414992009,0.009745716342650423
A6,266.0,0.8712871287128713,0.8455498842733116,0.00937656554374707
A7,1.0,1.0,1.0198676680733214,0.013580325319352847
A7,2.0,0.9925373134328358,1.019190595606459,0.012139784072984527
A7,3.0,0.9875621890547264,1.0137906063115258,0.012402401605038936
A7,4.0,0.9800995024875622,1.0042285232737433,0.010829129638684373
A7,5.0,0.9751243781094527,1.0001076335236208,0.010782535028481135
A7,6.0,0.9701492537313433,0.9928165730813632,0.010388600835984649
A7,7.0,0.9651741293532339,0.9896735953187341,0.010287419449999429
A7,8.0,0.9626865671641791,0.9931320001086629,0.01075439508703268
A7,9.0,0.9601990049751243,0.9883356517908876,0.010149507605556999
A7,10.0,0.9577114427860697,0.9903733461996366,0.010805231614609131
A7,11.0,0.9527363184079602,0.978067994394845,0.009374853568269595
A7,12.0,0.9502487562189055,0.9762049153866542,0.00868245953738334
A7,13.0,0.9477611940298507,0.9807077799433187,0.010256957026820376
A7,14.0,0.945273631840796,0.9687344363236772,0.008465299408976338
A7,15.0,0.9427860696517413,0.9669675647219251,0.008542055758421948
A7,16.0,0.9427860696517413,0.9763280460716118,0.009983170111591848
A7,17.0,0.9378109452736318,0.9739696883469932,0.009878022627936512
A7,18.0,0.9378109452736318,0.9729162115263938,0.009851209649275347
A7,19.0,0.9328358208955224,0.9611833429333337,0.008581836356603407
A7,20.0,0.9328358208955224,0.9674285100390054,0.009357369816010302
A7,21.0,0.9303482587064676,0.9635492713889703,0.009653433469513875
A7,22.0,0.9303482587064676,0.9640283419007217,0.00941610288268508
A7,23.0,0.927860696517413,0.9622793162223993,0.009405949820752053
A7,24.0,0.927860696517413,0.9649555045246805,0.008128275604722254
A7,25.0,0.9253731343283582,0.9676178675457434,0.009531047371973453
A7,26.0,0.9228855721393034,0.9657634161163986,0.009420129868146481
A7,27.0,0.9203980099502488,0.9625995756825169,0.008659966631807145
A7,28.0,0.9203980099502488,0.9535853021952554,0.00789093625907251
A7,29.0,0.917910447761194,0.9603990930110243,0.008723933896839054
A7,30.0,0.917910447761194,0.959138415169036,0.008746651802017455
A7,31.0,0.917910447761194,0.9582123084965539,0.00950288676651501
A7,32.0,0.9154228855721394,0.9630440660106683,0.009739949989295307
A7,33.0,0.9129353233830846,0.953015010848389,0.008678246128761426
A7,34.0,0.9104477611940298,0.951412167328459,0.009031624415519844
A7,35.0,0.9104477611940298,0.9505223855980229,0.008225615374033202
A7,36.0,0.9079601990049752,0.9395658647050834,0.007578559806338883
A7,37.0,0.9079601990049752,0.9469675944508996,0.007502892659504765
A7,38.0,0.9079601990049752,0.954878525406792,0.009056943481282418
A7,39.0,0.9054726368159204,0.9505791168212135,0.008812111044437736
A7,40.0,0.9054726368159204,0.9503602200761706,0.008786288576564263
A7,41.0,0.9029850746268657,0.943032979919956,0.007603712196437263
A7,42.0,0.900497512437811,0.9399016139993358,0.007917444408614898
A7,43.0,0.900497512437811,0.9384127305910264,0.0077661376705247046
A7,44.0,0.8980099502487562,0.935162085635203,0.00663711164415538
A7,45.0,0.900497512437811,0.9420639502154873,0.007741898454254524
A7,46.0,0.8980099502487562,0.9414426041344115,0.007556112878466753
A7,47.0,0.8955223880597015,0.9338382172704748,0.006548808038571651
A7,48.0,0.8930348258706468,0.9328526461342235,0.006606865835709283
A7,49.0,0.8930348258706468,0.9299215716774272,0.0069270386238493705
A7,50.0,0.8930348258706468,0.9282653227545238,0.007062606621379539
A7,51.0,0.8930348258706468,0.9291660050409741,0.005770467839092279
A7,52.0,0.8905472636815921,0.9317472773271852,0.006532549261140895
A7,53.0,0.8905472636815921,0.9297407298827173,0.006608705204222941
A7,54.0,0.8880597014925373,0.9220664697394063,0.005920109918047762
A7,55.0,0.8880597014925373,0.9266359327783321,0.006247892391580142
A7,56.0,0.8830845771144279,0.9205527545667029,0.006075239995875858
A7,57.0,0.8830845771144279,0.9185856600865918,0.006232656098526962
A7,58.0,0.8830845771144279,0.9180819997521427,0.005036866350771373
A7,59.0,0.8805970149253731,0.9159453504983932,0.005441658926530354
A7,60.0,0.8830845771144279,0.9202858532936935,0.005675539385941547
A7,61.0,0.8805970149253731,0.9144243256139726,0.005297774678334063
A7,62.0,0.8805970149253731,0.9170540110750234,0.005396949211295137
A7,63.0,0.8756218905472637,0.9130399687179617,0.005501713259890189
A7,64.0,0.8756218905472637,0.9102820320156809,0.0059437942546425575
A7,65.0,0.8756218905472637,0.9105379258210156,0.0045139442142637575
A7,66.0,0.8731343283582089,0.908758805682518,0.004593900285284177
A7,67.0,0.8706467661691543,0.9084342904948078,0.004468558958666709
A7,68.0,0.8706467661691543,0.9072077087333987,0.00453038049326329
A7,69.0,0.8706467661691543,0.9035787626466039,0.004022819117551728
A7,70.0,0.8681592039800995,0.9044490564034539,0.0039241587143343925
A7,71.0,0.8681592039800995,0.9029540464076685,0.004103341329314001
A7,72.0,0.8656716417910447,0.8929899940297984,0.003977599992186058
A7,73.0,0.8656716417910447,0.8979428640189854,0.0037665859145093296
A7,74.0,0.8631840796019901,0.8900462405041167,0.0036501248281358735
A7,75.0,0.8631840796019901,0.8872699411154008,0.003711517634526126
A7,76.0,0.8606965174129353,0.8856863510476168,0.003305814612997616
A7,77.0,0.8606965174129353,0.886186528737571,0.003337790731446314
A7,78.0,0.8582089552238806,0.8842171008528651,0.0030165516322743224
A7,79.0,0.8557213930348259,0.8806605529400506,0.00301047971676655
A7,80.0,0.8507462686567164,0.8722747319923053,0.003680209056888121
A7,81.0,0.8482587064676617,0.8729958082126029,0.003570806272029755
A7,82.0,0.845771144278607,0.8676212173611704,0.0036244996373045457
A7,83.0,0.8432835820895522,0.8668436876115156,0.004102582507135087
A7,84.0,0.8407960199004975,0.8617212027165846,0.004382082337670279
A7,85.0,0.8383084577114428,0.8539315744692009,0.0043688184622192126
A7,86.0,0.835820895522388,0.851884968950656,0.004794891615315304
A7,87.0,0.8333333333333334,0.8480530727632174,0.004962301800207961
A7,88.0,0.8283582089552238,0.8411023687578669,0.005328995075346787
A7,89.0,0.8258706467661692,0.8394619879925145,0.006207341922966918
A7,90.0,0.8233830845771144,0.8325284043057405,0.00660554628076947
A7,91.0,0.818407960199005,0.8276469516933654,0.007440575824765737
A7,92.0,0.818407960199005,0.8258265324547652,0.006488516255070699
A7,93.0,0.8134328358208955,0.8170945257962243,0.007392089830901565
A7,94.0,0.8109452736318408,0.8141137118057864,0.007732118129307312
A7,95.0,0.8034825870646766,0.8098018874239323,0.007235936980483978
A7,96.0,0.8034825870646766,0.7937140645841976,0.013396612398828308
A7,97.0,0.8009950248756219,0.7987037674593415,0.010130094610982066
A7,98.0,0.7985074626865671,0.7936038908563139,0.009610811772459005
A7,99.0,0.7985074626865671,0.7908909176544923,0.009652642688195386
A7,100.0,0.7960199004975125,0.7888564722623029,0.01026082906702033
A7,101.0,0.7935323383084577,0.7849020196659904,0.010479984730208697
A7,102.0,0.7910447761194029,0.7816470260435397,0.010322686767610006
A7,103.0,0.7885572139303483,0.7802490753978831,0.010780301345698734
A7,104.0,0.7860696517412935,0.7780412318558174,0.01046547062306675
A7,105.0,0.7810945273631841,0.7723717927012383,0.014076640398297405
A7,106.0,0.7835820895522388,0.7734091017018996,0.01068629862399283
A7,107.0,0.7835820895522388,0.7719871654478546,0.008929173976525064
A7,108.0,0.7761194029850746,0.7684337424369072,0.012074953983268214
A7,109.0,0.7761194029850746,0.7660004737091006,0.010474094982162355
A7,110.0,0.7736318407960199,0.763553205782641,0.01003244497278371
A7,111.0,0.7711442786069652,0.7617262499172952,0.010413274864208313
A7,112.0,0.7711442786069652,0.7588376702392147,0.009246352852906497
A7,113.0,0.763681592039801,0.7560838322251049,0.011423421198513792
A7,114.0,0.763681592039801,0.756832792642719,0.01015871893893783
A7,115.0,0.7611940298507462,0.7564184182278726,0.010421658369175893
A7,116.0,0.7587064676616916,0.7553698729125651,0.010355986546514631
A7,117.0,0.7562189054726368,0.7526087232633409,0.009816415547056026
A7,118.0,0.753731343283582,0.7523200282309666,0.00962057967529928
A7,119.0,0.7512437810945274,0.7502928916301238,0.009642629340942649
A7,120.0,0.7487562189054726,0.7484887897426202,0.009595559654086547
A7,121.0,0.746268656716418,0.7479294967054537,0.009506512789700907
A7,122.0,0.7437810945273632,0.7453260554535436,0.009622183772435849
A7,123.0,0.7412935323383084,0.7477215108511416,0.011023569619323504
A7,124.0,0.7437810945273632,0.7347397955154054,0.009267387125915027
A7,125.0,0.736318407960199,0.746906689386183,0.010625263132578687
A7,126.0,0.7313432835820896,0.7356125506479392,0.01005698495455955
A7,127.0,0.7288557213930348,0.7380840599955348,0.009995734558727924
A7,128.0,0.7263681592039801,0.7357943389693954,0.008913822983252766
A7,129.0,0.7263681592039801,0.717313449017532,0.008504257109460834
A7,130.0,0.7213930348258707,0.7340961856953242,0.009377457391776998
A7,131.0,0.7139303482587065,0.7264277428128784,0.009800407214147827
A7,132.0,0.7114427860696517,0.7264928708119849,0.011842783701693425
A7,133.0,0.7089552238805971,0.7234672432428453,0.012557016108028339
A7,134.0,0.7114427860696517,0.7234580408662192,0.010838729552680016
A7,135.0,0.7014925373134329,0.7006391853538597,0.009510736406209752
A7,136.0,0.6965174129353234,0.7113542774071168,0.009680101530360514
A7,137.0,0.6965174129353234,0.7024753167670617,0.009361098385051081
A7,138.0,0.6940298507462687,0.6936404774342204,0.009314752316681555
A7,139.0,0.6890547263681592,0.6807284610117582,0.00887898563081553
A7,140.0,0.6865671641791045,0.6964307747035314,0.010253617923428467
A7,141.0,0.6766169154228856,0.6894943716706885,0.01063993743245546
A7,142.0,0.6716417910447762,0.6860579176320809,0.013170272650515973
A7,143.0,0.6691542288557214,0.6742469880743647,0.011190984510533568
A7,144.0,0.664179104477612,0.6679054106728094,0.010577797961696455
A7,145.0,0.6592039800995025,0.662543143352364,0.010830321269611268
A7,146.0,0.654228855721393,0.6511129250805412,0.010640569790585756
A7,147.0,0.6492537313432836,0.6469688950226777,0.010680724484448999
A7,148.0,0.6442786069651741,0.6388769835059096,0.010269245468528029
A7,149.0,0.6393034825870647,0.6375639260193346,0.012051413495293038
A7,150.0,0.6343283582089553,0.6297964570948005,0.012179839297777745
A7,151.0,0.6293532338308457,0.619126432582337,0.012320440839953213
A7,152.0,0.6218905472636815,0.6133710830112127,0.012239634596360002
A7,153.0,0.6144278606965174,0.6080849540365806,0.012175161161428446
A7,154.0,0.6094527363184079,0.5936514067850532,0.011972581243053752
A7,155.0,0.6044776119402985,0.5877448051175637,0.011738598661565043
A7,156.0,0.5970149253731343,0.5804350628067595,0.0113088180517834
A7,157.0,0.5920398009950248,0.5755897049778492,0.010854117654210765
A7,158.0,0.5845771144278606,0.5700368788623453,0.011182723980745782
A7,159.0,0.5771144278606966,0.5294352991369069,0.012467172496611707
A7,160.0,0.5671641791044776,0.5368911443049084,0.013001037830949311
A7,161.0,0.5597014925373134,0.5470490250046889,0.010570025707197318
A7,162.0,0.554726368159204,0.5324075063603484,0.01091821695216947
A7,163.0,0.5447761194029851,0.5062232857141086,0.013360345350784841
A7,164.0,0.5373134328358209,0.5018277956933657,0.0139295046748243
A7,165.0,0.5298507462686567,0.49873323441558925,0.014502986644346667
A7,166.0,0.5199004975124378,0.4958933122147183,0.0147627805614167
A7,167.0,0.5124378109452736,0.4944793553468492,0.016180901098080295
A7,168.0,0.5049751243781094,0.5207316950230934,0.01122321237948084
A7,169.0,0.4975124378109453,0.4909761584095041,0.01892757171934991
A7,170.0,0.4900497512437811,0.49293270246138277,0.020792330921018874
A7,171.0,0.48009950248756217,0.4959781035374974,0.022227070226156543
A7,172.0,0.4701492537313433,0.4973402848249691,0.02565545383949491
A7,173.0,0.4601990049751244,0.5022556446138019,0.026863304400778304
A7,174.0,0.4527363184079602,0.506094211917432,0.028862821194723325
A7,175.0,0.4427860696517413,0.5044131905122075,0.03056828896587199
A7,176.0,0.43532338308457713,0.5055484967230679,0.03172331864037393
A7,177.0,0.4253731343283582,0.49714282479451993,0.03530376255189168
A7,178.0,0.4154228855721393,0.49692628135640826,0.03638481623555265
A7,179.0,0.4079601990049751,0.4891734491868904,0.03713340843468087
A7,180.0,0.39800995024875624,0.48615535328806275,0.036847489014145925
A7,181.0,0.3880597014925373,0.4758328749522824,0.0368319966038427
A7,182.0,0.3781094527363184,0.46566229180870394,0.037187024823516567
A7,183.0,0.3681592039800995,0.45386758296511726,0.03726722705022333
A7,184.0,0.36069651741293535,0.4414293420100261,0.03776870199211156
A7,185.0,0.35074626865671643,0.4331418236904587,0.036784698189657454
A7,186.0,0.34328358208955223,0.424803136414307,0.038063632766004794
A7,187.0,0.3358208955223881,0.4161976817190919,0.037542402456982885
A7,188.0,0.3283582089552239,0.4042793914112708,0.0377270510427142
A7,189.0,0.3208955223880597,0.3911467749824122,0.03619315734581422
A7,190.0,0.31343283582089554,0.3831078728772398,0.03543936985424822
A7,191.0,0.30597014925373134,0.36829336145442715,0.03370340786089228
A7,192.0,0.29850746268656714,0.3570486845498835,0.034944722493840785
A7,193.0,0.291044776119403,0.34336578354600633,0.03407097223730809
A7,194.0,0.2835820895522388,0.33451858301794873,0.030888488813347766
A7,195.0,0.27860696517412936,0.32186645060389635,0.02816168382564034
A7,196.0,0.27114427860696516,0.3113375023174239,0.025994286905722957
A7,197.0,0.26616915422885573,0.2990507398273874,0.023864680569210713
A7,198.0,0.25870646766169153,0.26763188898780904,0.02606706689353511
A7,199.0,0.24875621890547264,0.24633660000845448,0.028371547125405565
A7,200.0,0.04776119402985075,0.012799514230366127,0.01731519385330456
A7,201.0,0.04203980099502488,0.014023309815494017,0.01540040904050684
A7,202.0,0.03980099502487562,0.004247285882903601,0.016371528981939398
A7,203.0,0.03805970149253731,-0.0021706979023681516,0.01800512718231079
A7,204.0,0.03731343283582089,0.021510709706822465,0.014585396790129912
A7,205.0,0.03631840796019901,0.012017452411183766,0.01602595115773095
A7,206.0,0.036069651741293535,0.029313583666005477,0.014187731837157477
A7,207.0,0.035323383084577116,0.02526020840387684,0.014313462547649553
A7,208.0,0.03557213930348259,0.02212943300615111,0.014255821738247703
A7,209.0,0.03582089552238806,0.01864425466937615,0.014432805778507224
A7,210.0,0.03582089552238806,0.020795487194628162,0.013677600703887571
A7,211.0,0.03507462686567164,0.026355691598274375,0.013763808348362437
A7,212.0,0.03482587064676617,0.026132082710830132,0.01400439662268724
A7,213.0,0.03407960199004975,0.026691192228056784,0.013295437302708716
A7,214.0,0.03333333333333333,0.02531371578348783,0.014885243549963711
A7,215.0,0.032587064676616914,0.01928229746486232,0.016483352927351057
A7,216.0,0.031840796019900496,0.02149781302996484,0.01582921790755025
A7,217.0,0.030845771144278607,0.027508383946331025,0.01623484258483569
A7,218.0,0.03034825870646766,0.030297919403766527,0.015613156990453512
A7,219.0,0.03034825870646766,0.032869725106746614,0.015110331706428226
A7,220.0,0.030597014925373135,0.025270328320119287,0.016674718663739013
A7,221.0,0.030845771144278607,0.028517759051924302,0.014876017194933894
A7,222.0,0.030845771144278607,0.027514325677030008,0.014620511909959196
A7,223.0,0.03109452736318408,0.024280150345073248,0.015478949545748438
A7,224.0,0.030845771144278607,0.030408043500402063,0.014548477641560914
A7,225.0,0.03009950248756219,0.02579649712058331,0.016237773330210193
A7,226.0,0.029601990049751243,0.027238310066503485,0.0166594459195341
A7,227.0,0.02935323383084577,0.030393945638759884,0.015316680785440264
A7,228.0,0.029104477611940297,0.03197890495438645,0.014318449098917984
A7,229.0,0.028358208955223882,0.03036656921114242,0.016229000664508858
A7,230.0,0.02810945273631841,0.03337498230856254,0.01481192009592718
A7,231.0,0.027860696517412936,0.0319774004910344,0.016026751307229005
A7,232.0,0.02810945273631841,0.029177478252444017,0.01651329429472348
A7,233.0,0.028606965174129355,0.0308918578294596,0.015938064473307863
A7,234.0,0.028606965174129355,0.032988587865427646,0.014362405544616371
A7,235.0,0.028855721393034824,0.027469395323127657,0.016015498272317828
A7,236.0,0.028606965174129355,0.031233671917660806,0.015335767425301381
A7,237.0,0.02810945273631841,0.03178378941798368,0.0145202404906586
A7,238.0,0.02810945273631841,0.0298272471677669,0.016363642173865545
A7,239.0,0.027860696517412936,0.03179394345342759,0.015573667636353122
A7,240.0,0.027611940298507463,0.03229561437532637,0.01544214057167595
A7,241.0,0.02736318407960199,0.029696754952600893,0.01685108721846627
A7,242.0,0.027114427860696518,0.03175992544739434,0.016063998108949287
A7,243.0,0.026865671641791045,0.0320297543185592,0.015722308169506354
A7,244.0,0.02661691542288557,0.029907877553489552,0.016720355107748042
A7,245.0,0.02661691542288557,0.03176776280369986,0.015651019396373235
A7,246.0,0.02661691542288557,0.031394879984389196,0.016129536418608773
A7,247.0,0.02661691542288557,0.029035501207501403,0.016462015313976223
A7,248.0,0.02661691542288557,0.030791015682496595,0.015870675692786603
A7,249.0,0.02661691542288557,0.028749196884197713,0.016850399264014364
A7,250.0,0.0263681592039801,0.03232948990928275,0.01561075763527361
A7,251.0,0.026119402985074626,0.030894848611130888,0.01510418328024452
A7,252.0,0.025870646766169153,0.02867020706698662,0.01739114817040769
A7,253.0,0.02562189054726368,0.02815073364721392,0.017364520519240218
A7,254.0,0.025373134328358207,0.02993177144892205,0.015664552358235922
A7,255.0,0.025124378109452738,0.030066329243357958,0.01506885345998167
A7,256.0,0.024626865671641792,0.027911136201314628,0.017396693418005434
A7,257.0,0.024353233830845773,0.02903870029392826,0.01491377081176827
A7,258.0,0.02390547263681592,0.028324055494529723,0.015337863929685808
A7,259.0,0.023606965174129354,0.02702483810730462,0.01787009064126024
A7,260.0,0.023407960199004974,0.027500382203439883,0.015483446097795391
A7,261.0,0.02318407960199005,0.02649366876486126,0.01741450877546104
A7,262.0,0.023109452736318408,0.026619159119747042,0.015424830857420205
A7,263.0,0.022885572139303482,0.025620577893100252,0.01703883765835257
A7,264.0,0.022711442786069652,0.025245465584469207,0.01724161641349627
A7,265.0,0.022437810945273633,0.024515125489181475,0.017069482649905838
A7,266.0,0.022338308457711443,0.024698119371750035,0.01556342912113109
A7,267.0,0.02208955223880597,0.02353602039116382,0.01748260156609886
A7,268.0,0.021940298507462687,0.023508008520418323,0.01789676221006085
A7,269.0,0.02171641791044776,0.023528989251232233,0.016017809441478695
A7,270.0,0.021592039800995024,0.02251147075504892,0.017712503180607003
A7,271.0,0.021467661691542288,0.02253096956483484,0.017461922257163174
A7,272.0,0.021517412935323384,0.022625172749501227,0.016550117133328813
A7,273.0,0.02144278606965174,0.020851059947859952,0.01807039021284994
A7,274.0,0.021318407960199005,0.020808764403308703,0.01777533559893844
A7,275.0,0.021318407960199005,0.02245416528900736,0.016360209059058432
A7,276.0,0.021218905472636815,0.02181633519852806,0.01588560829051657
A7,277.0,0.021194029850746268,0.02060960657649248,0.01710424524504488
A7,278.0,0.02082089552238806,0.021349029800975857,0.01718688919963258
A7,279.0,0.02064676616915423,0.019175064120800354,0.01853470525428902
A7,280.0,0.020522388059701493,0.020450743457827575,0.018700893209602613
A7,281.0,0.020298507462686566,0.019218958157673972,0.018454982170373748
A7,282.0,0.020099502487562187,0.01837695400538144,0.020632643820540243
A7,283.0,0.02017412935323383,0.017666251554117704,0.020338086212075147
A7,284.0,0.02017412935323383,0.01983333731964547,0.018152558068577615
A7,285.0,0.01997512437810945,0.01894778106605234,0.01976635961181441
A7,286.0,0.020074626865671644,0.019868538810437673,0.017452411712492476
A7,287.0,0.020248756218905473,0.01912098780844132,0.01777797314811897
A7,288.0,0.02019900497512438,0.019186730041881428,0.01731740987997293
A7,289.0,0.020124378109452737,0.01882774531955069,0.017833918160404073
A7,290.0,0.020149253731343283,0.0169395737601042,0.018574808675346024
A7,291.0,0.019850746268656717,0.01657768158475751,0.019645250927892006
A7,292.0,0.01962686567164179,0.01569089019239321,0.02061386765911683
A7,293.0,0.0195273631840796,0.01669815147844217,0.0206118320504018
A7,294.0,0.01945273631840796,0.01853440859345795,0.021745947626730523
A7,295.0,0.019228855721393035,0.015576473668847124,0.02225938643172976
A7,296.0,0.01912935323383085,0.0164205171962018,0.02282329144938952
A7,297.0,0.019303482587064675,0.01808075593525786,0.022781056273428472
A7,298.0,0.0191044776119403,0.014693039201732469,0.02288583320952084
A7,299.0,0.018930348258706466,0.01396699837719445,0.02390691526263107
A7,300.0,0.01917910447761194,0.016797853833531315,0.023129002018808176
A8,1.0,1.0,1.000850249677851,0.004174956381726111
A8,2.0,0.9950372208436724,0.9999983365396422,0.0044244835318861435
A8,3.0,0.9875930521091811,0.9863836656474382,0.0034204855063827296
A8,4.0,0.9851116625310173,0.982051188386987,0.003456727264579183
A8,5.0,0.9801488833746899,0.9731059221701002,0.003627048107657524
A8,6.0,0.9751861042183623,0.9719446692667996,0.0034601631287873797
A8,7.0,0.9727047146401985,0.9787431307256078,0.003586325930802427
A8,8.0,0.9702233250620348,0.9797236828062669,0.0041369127770091016
A8,9.0,0.967741935483871,0.9765352149933569,0.0039029734020222116
A8,10.0,0.9627791563275434,0.9631886460654638,0.0022515789120727417
A8,11.0,0.9602977667493796,0.9614168412620772,0.00235237062944379
A8,12.0,0.9578163771712159,0.955865444793652,0.0024089885203311396
A8,13.0,0.9578163771712159,0.9555972014417391,0.002391346057780191
A8,14.0,0.9553349875930521,0.9606466094386382,0.0024582384735344176
A8,15.0,0.9528535980148883,0.9601263057223094,0.0027862378282286163
A8,16.0,0.9503722084367245,0.9585712372157048,0.002854592061983503
A8,17.0,0.9478908188585607,0.9579654467203607,0.002750557289914621
A8,18.0,0.9478908188585607,0.950081313308799,0.0026237371130670988
A8,19.0,0.9454094292803971,0.9457364917118243,0.002589156793817202
A8,20.0,0.9454094292803971,0.9459953115443461,0.0024750575722439746
A8,21.0,0.9429280397022333,0.9426701887096903,0.0026109518846582145
A8,22.0,0.9429280397022333,0.9435415656400329,0.0024280232077014937
A8,23.0,0.9404466501240695,0.9477722628012856,0.0024804855896187247
A8,24.0,0.9404466501240695,0.9482355715094141,0.0026725607454992114
A8,25.0,0.9379652605459057,0.9466039651741276,0.002574576536655353
A8,26.0,0.9354838709677419,0.9411297662918675,0.002589642913136983
A8,27.0,0.9354838709677419,0.9406306146988852,0.002514339844105546
A8,28.0,0.9330024813895782,0.9359187081270643,0.002565976412725931
A8,29.0,0.9330024813895782,0.936186565540237,0.00248683240282427
A8,30.0,0.9330024813895782,0.9403094272265993,0.0026791294264739913
A8,31.0,0.9330024813895782,0.940329023673412,0.0026829540958482694
A8,32.0,0.9305210918114144,0.9391940357343733,0.002741176393190947
A8,33.0,0.9280397022332506,0.9348352528127594,0.002617811322969603
A8,34.0,0.9280397022332506,0.9304743951499357,0.0027442111839732965
A8,35.0,0.9280397022332506,0.9315323573547581,0.002553869195311128
A8,36.0,0.9255583126550868,0.9306186928040356,0.0025507759298131214
A8,37.0,0.9255583126550868,0.9353043234472339,0.002697960022243233
A8,38.0,0.9255583126550868,0.934012431174703,0.0026445566452677496
A8,39.0,0.9255583126550868,0.9331854203966049,0.00259720009939997
A8,40.0,0.9230769230769231,0.9283251155563549,0.0025903571239217793
A8,41.0,0.9230769230769231,0.9248181871134022,0.0026262024152037336
A8,42.0,0.9205955334987593,0.9255291939056137,0.0025020258508826605
A8,43.0,0.9205955334987593,0.9244071062533687,0.0025390109702215706
A8,44.0,0.9205955334987593,0.9298104405703641,0.00264527714900518
A8,45.0,0.9205955334987593,0.9288831337016052,0.002759947379863849
A8,46.0,0.9181141439205955,0.9240723283444876,0.0026462501283948917
A8,47.0,0.9181141439205955,0.9238246847741146,0.0026152672465158612
A8,48.0,0.9156327543424317,0.9208307688700795,0.0027197510585719726
A8,49.0,0.9156327543424317,0.9209038437317778,0.002642551125310893
A8,50.0,0.9156327543424317,0.9234208354910625,0.0024860392923227214
A8,51.0,0.9156327543424317,0.9236811443500696,0.0027295122391199408
A8,52.0,0.9156327543424317,0.923538725988718,0.0026604437517346756
A8,53.0,0.913151364764268,0.9190616742913457,0.00268430376985638
A8,54.0,0.913151364764268,0.9212140484037612,0.002659168990304817
A8,55.0,0.913151364764268,0.9180248390885901,0.0027072278466313275
A8,56.0,0.9106699751861043,0.9158037473882307,0.0028330473023942247
A8,57.0,0.913151364764268,0.9189829803481375,0.002555565129227908
A8,58.0,0.9106699751861043,0.9149249513721729,0.0027824475712275366
A8,59.0,0.9106699751861043,0.9172449783318443,0.0028017366870464002
A8,60.0,0.9081885856079405,0.915203742948427,0.002786048158977073
A8,61.0,0.9106699751861043,0.9174703238481118,0.00274569343431842
A8,62.0,0.9081885856079405,0.9128045029735194,0.002715707916167973
A8,63.0,0.9057071960297767,0.9105751781735415,0.0029177513417253916
A8,64.0,0.9081885856079405,0.9141718007400753,0.002693832986528745
A8,65.0,0.9057071960297767,0.9090386077028018,0.002859682858906044
A8,66.0,0.9057071960297767,0.9121529287123143,0.002781180749064354
A8,67.0,0.9057071960297767,0.9138101201499127,0.0026918461634716684
A8,68.0,0.9032258064516129,0.9084158562390899,0.003105913767519142
A8,69.0,0.9057071960297767,0.9115366738785936,0.002908414766578888
A8,70.0,0.9032258064516129,0.9114487852451628,0.0028588563721798224
A8,71.0,0.9032258064516129,0.9092726444922056,0.0028944445575190725
A8,72.0,0.9007444168734491,0.9063988943064768,0.003160909393187615
A8,73.0,0.9007444168734491,0.9050826224154831,0.0031912862864179525
A8,74.0,0.9007444168734491,0.9042154272100242,0.003294686083844215
A8,75.0,0.9007444168734491,0.9035676041627786,0.0032883060367978494
A8,76.0,0.8982630272952854,0.9036331803302072,0.0033715644680633425
A8,77.0,0.9007444168734491,0.9036723468077559,0.0032188919709927348
A8,78.0,0.8982630272952854,0.9031586204521023,0.0031803608081535655
A8,79.0,0.8982630272952854,0.9027869548493864,0.0031180797215337223
A8,80.0,0.8957816377171216,0.9005626955034447,0.003460912997717725
A8,81.0,0.8957816377171216,0.9009966090448747,0.0033680262258004505
A8,82.0,0.8957816377171216,0.9002095859608189,0.0034228033031398135
A8,83.0,0.8957816377171216,0.8996105187039396,0.0034963854048129872
A8,84.0,0.8957816377171216,0.8995157980655774,0.0036339277835572164
A8,85.0,0.8933002481389578,0.8980865224606582,0.0035477557449830333
A8,86.0,0.8933002481389578,0.8971834158002047,0.0036354238910744803
A8,87.0,0.8933002481389578,0.8969129376247206,0.003694519294928736
A8,88.0,0.8933002481389578,0.896629096491584,0.003598031553178809
A8,89.0,0.890818858560794,0.8948343443169496,0.0036299492889599458
A8,90.0,0.890818858560794,0.8941828619616845,0.00380123310755356
A8,91.0,0.890818858560794,0.8944691849523259,0.003977984262958453
A8,92.0,0.890818858560794,0.8940883404198182,0.003635671707107401
A8,93.0,0.890818858560794,0.8942745640392274,0.003920129315985713
A8,94.0,0.8883374689826302,0.8950220526569143,0.003909468218685775
A8,95.0,0.8883374689826302,0.8910193894251418,0.004319279866696355
A8,96.0,0.8883374689826302,0.8888952689178278,0.004566907481551165
A8,97.0,0.8883374689826302,0.8908832002627673,0.004214339482816749
A8,98.0,0.8858560794044665,0.8908403172710866,0.004217342490026071
A8,99.0,0.8858560794044665,0.8905453375633074,0.0042140168103393235
A8,100.0,0.8858560794044665,0.8890954973534958,0.004301887889337832
A8,101.0,0.8858560794044665,0.8885687257064879,0.004409052603580737
A8,102.0,0.8833746898263027,0.8887466255017016,0.004469471467237529
A8,103.0,0.8833746898263027,0.8878623904987666,0.004343194530895488
A8,104.0,0.8833746898263027,0.8874006437287595,0.004446387924100399
A8,105.0,0.8833746898263027,0.8852878826204735,0.0045301424711981335
A8,106.0,0.8833746898263027,0.8902744522459203,0.003971979960158068
A8,107.0,0.8808933002481389,0.8830680463718495,0.004694420150226916
A8,108.0,0.8808933002481389,0.8847189822942445,0.004539776442121545
A8,109.0,0.8808933002481389,0.8847119194240168,0.004417734062652187
A8,110.0,0.8808933002481389,0.8824029452755346,0.004610431980659621
A8,111.0,0.8808933002481389,0.888790305001727,0.003969291716141399
A8,112.0,0.8784119106699751,0.8811450587006312,0.004926743772725652
A8,113.0,0.8784119106699751,0.8818732525394415,0.00470550328815511
A8,114.0,0.8784119106699751,0.8827258602463447,0.005062415371184406
A8,115.0,0.8759305210918115,0.8811417523347479,0.004770630416343681
A8,116.0,0.8759305210918115,0.8810506684380021,0.005077037134497143
A8,117.0,0.8759305210918115,0.8809471924902214,0.004968942833733807
A8,118.0,0.8759305210918115,0.8791498627055543,0.004848915278729241
A8,119.0,0.8759305210918115,0.8802157163673905,0.004848261253004597
A8,120.0,0.8734491315136477,0.8785734859545509,0.005001535747578013
A8,121.0,0.8734491315136477,0.8782681182790097,0.004993729320522557
A8,122.0,0.8734491315136477,0.8774341426515204,0.005223684916727814
A8,123.0,0.8734491315136477,0.878121524412609,0.004980337385433518
A8,124.0,0.8734491315136477,0.8777850960146595,0.005037359255038915
A8,125.0,0.8734491315136477,0.8735770676177694,0.005752503984242445
A8,126.0,0.8709677419354839,0.8739709511370825,0.005944277801437542
A8,127.0,0.8709677419354839,0.8757335677548709,0.005252949135473726
A8,128.0,0.8709677419354839,0.8756566451733093,0.005190820958981247
A8,129.0,0.8684863523573201,0.8747992079283343,0.00546912111037534
A8,130.0,0.8684863523573201,0.8738561108901461,0.005980571712644184
A8,131.0,0.8684863523573201,0.8762773674936255,0.005415578916191731
A8,132.0,0.8684863523573201,0.8729160729563161,0.005495775833948523
A8,133.0,0.8709677419354839,0.877729065708378,0.004901187167531316
A8,134.0,0.8684863523573201,0.8701534905376033,0.006019568454269286
A8,135.0,0.8660049627791563,0.8724028777889494,0.005767780266962832
A8,136.0,0.8660049627791563,0.8720162391756603,0.005585573062959271
A8,137.0,0.8684863523573201,0.8743581376357727,0.00501093887239175
A8,138.0,0.8684863523573201,0.8795038106652953,0.004803590102040965
A8,139.0,0.8660049627791563,0.8743638044182329,0.004921995170681447
A8,140.0,0.8635235732009926,0.8684158195405959,0.006482770523467115
A8,141.0,0.8635235732009926,0.8684359030734432,0.006619214563420307
A8,142.0,0.8635235732009926,0.8686879664263816,0.006711508552775549
A8,143.0,0.8635235732009926,0.8685799966086544,0.006192122993728976
A8,144.0,0.8610421836228288,0.8687470805358896,0.005877673860406489
A8,145.0,0.8610421836228288,0.86817855193914,0.00628040739948298
A8,146.0,0.8610421836228288,0.8677271999030419,0.0059457883400513495
A8,147.0,0.8610421836228288,0.8674809429715413,0.00603529763457964
A8,148.0,0.8610421836228288,0.8757431388238271,0.004624986555618822
A8,149.0,0.8610421836228288,0.8679258711126397,0.005624967013102843
A8,150.0,0.8610421836228288,0.8664609888236463,0.005832121938533307
A8,151.0,0.858560794044665,0.8660470674374201,0.005865454466503803
A8,152.0,0.858560794044665,0.8659826821467079,0.006170961411656936
A8,153.0,0.858560794044665,0.8664763216966754,0.006110425037464005
A8,154.0,0.8560794044665012,0.8651592459803003,0.006722405834208295
A8,155.0,0.8560794044665012,0.8653297884103521,0.006445965725658622
A8,156.0,0.8560794044665012,0.871808704100651,0.004993886884533171
A8,157.0,0.8535980148883374,0.8622229687087621,0.005711621972072562
A8,158.0,0.8535980148883374,0.8637062638808822,0.0054035768110394025
A8,159.0,0.8560794044665012,0.8694565619825433,0.004189780469524132
A8,160.0,0.8535980148883374,0.8685552449161501,0.004254059079381705
A8,161.0,0.8511166253101737,0.8645143672089717,0.00475821120860789
A8,162.0,0.8535980148883374,0.8626700745556073,0.005124531365559993
A8,163.0,0.8535980148883374,0.8670272654729367,0.0042951163214562426
A8,164.0,0.8511166253101737,0.865322808064192,0.004157928343514655
A8,165.0,0.8511166253101737,0.8649779262395818,0.004127133168757351
A8,166.0,0.8511166253101737,0.8648743165524199,0.004015897455121078
A8,167.0,0.8511166253101737,0.8653412288983978,0.004061787528962527
A8,168.0,0.8486352357320099,0.8605015043840328,0.004760740874467671
A8,169.0,0.8486352357320099,0.8644183894431576,0.004053537478530821
A8,170.0,0.8486352357320099,0.8626155915032627,0.004078769129759751
A8,171.0,0.8486352357320099,0.862561225985835,0.004069135242528057
A8,172.0,0.8461538461538461,0.8614282326038477,0.0042197490636122015
A8,173.0,0.8461538461538461,0.861823541978155,0.004171124760122005
A8,174.0,0.8461538461538461,0.8620922655167101,0.004330923579676914
A8,175.0,0.8436724565756824,0.8610908092388097,0.004203044468676551
A8,176.0,0.8436724565756824,0.8609484482919961,0.004271606294489804
A8,177.0,0.8436724565756824,0.8613023987901864,0.004468151736673984
A8,178.0,0.8436724565756824,0.86063572941707,0.004241083160568654
A8,179.0,0.8411910669975186,0.8588819694129024,0.004215780079962491
A8,180.0,0.8411910669975186,0.8587807119703108,0.004343611485634848
A8,181.0,0.8411910669975186,0.8581787675341375,0.00428707260386821
A8,182.0,0.8387096774193549,0.8572524319770483,0.004361271407316645
A8,183.0,0.8387096774193549,0.8565369022288514,0.004426014679672288
A8,184.0,0.8387096774193549,0.8559165379172868,0.004436822683296963
A8,185.0,0.8387096774193549,0.8560035585132431,0.0043796759040712445
A8,186.0,0.8362282878411911,0.8564829415401028,0.00425369138488434
A8,187.0,0.8362282878411911,0.8554725091755593,0.004376056318283494
A8,188.0,0.8362282878411911,0.855690210803606,0.0043742096635718325
A8,189.0,0.8362282878411911,0.8553918559878843,0.004547899779814991
A8,190.0,0.8337468982630273,0.855449553573425,0.004545128784838268
A8,191.0,0.8337468982630273,0.8536700945426484,0.004524852084625607
A8,192.0,0.8337468982630273,0.8538501251174263,0.004559579178353236
A8,193.0,0.8312655086848635,0.8538588513783844,0.004622803458222815
A8,194.0,0.8312655086848635,0.8519394795431416,0.004689755469523645
A8,195.0,0.8312655086848635,0.8514862744812204,0.004566332601979378
A8,196.0,0.8287841191066998,0.8511679880064996,0.004639570802189232
A8,197.0,0.8287841191066998,0.8497077949445462,0.004473625380137483
A8,198.0,0.8287841191066998,0.8496919611590628,0.004394715156741658
A8,199.0,0.8287841191066998,0.8487934665500915,0.0043980905450873966
A8,200.0,0.826302729528536,0.846974837990468,0.0044662048392687045
A8,201.0,0.826302729528536,0.8462629921299389,0.004740937076462862
A8,202.0,0.826302729528536,0.8430937502358222,0.006173636839991942
A8,203.0,0.8238213399503722,0.8430130467533653,0.005966519234879697
A8,204.0,0.8238213399503722,0.8418332403324478,0.005699612191841602
A8,205.0,0.8213399503722084,0.8396554068016412,0.005850851369914261
A8,206.0,0.8238213399503722,0.8388863081154094,0.006560742253299697
A8,207.0,0.8188585607940446,0.8393177148246092,0.005994882476305256
A8,208.0,0.8188585607940446,0.8422176473952239,0.005158767264032555
A8,209.0,0.8163771712158809,0.8365586686441592,0.006745999699375205
A8,210.0,0.8188585607940446,0.8401815302404184,0.005141679525388447
A8,211.0,0.8138957816377171,0.8412605401187095,0.004663833365931227
A8,212.0,0.8163771712158809,0.8405766807296805,0.005498817683826311
A8,213.0,0.8163771712158809,0.8384091416971768,0.005642226215879253
A8,214.0,0.8114143920595533,0.8374395493232021,0.005183185933118835
A8,215.0,0.8138957816377171,0.8356054582861819,0.0060693073527831615
A8,216.0,0.8114143920595533,0.834874055026237,0.005355718441875867
A8,217.0,0.8138957816377171,0.8313405191225597,0.005470191160233023
A8,218.0,0.8114143920595533,0.8331551328036422,0.006066910351479314
A8,219.0,0.8114143920595533,0.832099418589488,0.005767365323994253
A8,220.0,0.8064516129032258,0.8324923420364557,0.0061699437587792085
A8,221.0,0.8064516129032258,0.831883603597196,0.006370929736739697
A8,222.0,0.8039702233250621,0.8308125325977024,0.005710661445700999
A8,223.0,0.8039702233250621,0.8302086510556917,0.005915476211595386
A8,224.0,0.8014888337468983,0.828842672669935,0.00569840299382691
A8,225.0,0.8014888337468983,0.8254314714533911,0.006488802977491841
A8,226.0,0.7965260545905707,0.8242204315818643,0.006388063045091954
A8,227.0,0.7990074441687345,0.8239280116945144,0.006856142728700254
A8,228.0,0.7965260545905707,0.8241968901547411,0.006023879902640699
A8,229.0,0.7965260545905707,0.8226347258215978,0.007281785249691428
A8,230.0,0.7915632754342432,0.8217871551246143,0.005769080719402133
A8,231.0,0.7915632754342432,0.8182476152368634,0.0072255690758784435
A8,232.0,0.7890818858560794,0.8208335374465547,0.005818602992229129
A8,233.0,0.7890818858560794,0.8163913437567457,0.006658246974762562
A8,234.0,0.7866004962779156,0.8158447128488713,0.00662347666808166
A8,235.0,0.7841191066997518,0.815376240795753,0.007510923227876152
A8,236.0,0.7841191066997518,0.8148214251688081,0.006649007945061151
A8,237.0,0.7791563275434243,0.8152538788250866,0.006707850660089506
A8,238.0,0.7791563275434243,0.8102540933368232,0.0077529174496748345
A8,239.0,0.7741935483870968,0.8094228655591323,0.00763944812739211
A8,240.0,0.771712158808933,0.8087310850762938,0.007803740123490495
A8,241.0,0.7692307692307693,0.8082817916699357,0.007619039766515854
A8,242.0,0.7692307692307693,0.8074126308283183,0.007269059143051628
A8,243.0,0.7642679900744417,0.8031376192277786,0.0077934034218823285
A8,244.0,0.7642679900744417,0.8016832504036202,0.00817429936573857
A8,245.0,0.7617866004962779,0.8004336356623913,0.008213274823425746
A8,246.0,0.7593052109181141,0.8000791816158983,0.008311064553479169
A8,247.0,0.7568238213399504,0.7996552492921982,0.007509171139057421
A8,248.0,0.7543424317617866,0.7941569902443376,0.008759215424719859
A8,249.0,0.7543424317617866,0.7903794942717693,0.010169140041921081
A8,250.0,0.7518610421836228,0.7910716707055735,0.007848341058654425
A8,251.0,0.749379652605459,0.7923036810564091,0.008961112111925833
A8,252.0,0.7468982630272953,0.7885171506618979,0.008092640768579275
A8,253.0,0.7419354838709677,0.7868000484037425,0.009482193121369793
A8,254.0,0.7419354838709677,0.7815564899994051,0.011606165167608458
A8,255.0,0.7419354838709677,0.781781343581864,0.009792949196404149
A8,256.0,0.7369727047146402,0.7828474697786411,0.008081650958138255
A8,257.0,0.7344913151364765,0.779147366840939,0.008178386291781681
A8,258.0,0.7320099255583127,0.7761929841545131,0.009176337463235845
A8,259.0,0.7295285359801489,0.7729074564590316,0.008751589643779402
A8,260.0,0.7270471464019851,0.7728929969432992,0.010308313716597491
A8,261.0,0.7270471464019851,0.768586029937486,0.009716745505997541
A8,262.0,0.7220843672456576,0.7652213884711164,0.01060486250220263
A8,263.0,0.7220843672456576,0.7625250159474264,0.010925520083675167
A8,264.0,0.7196029776674938,0.759259121755531,0.010919164565020192
A8,265.0,0.71712158808933,0.755445282283551,0.010639360014891517
A8,266.0,0.7121588089330024,0.7526672817018276,0.011282118329356087
B1,1.0,1.0,1.0886031649238186,0.08507417838497165
B1,2.0,1.019672131147541,1.029969665785432,0.07912090097885122
B1,3.0,1.0295081967213116,1.0152545952158318,0.08084979974354008
B1,4.0,1.0360655737704918,1.0200797950712692,0.08103122456916823
B1,5.0,1.039344262295082,1.0187851721771113,0.08233350817130547
B1,6.0,1.0262295081967212,0.9914648204953989,0.08168254083376424
B1,7.0,0.9934426229508196,0.944770418040856,0.05790926123942948
B1,8.0,0.9704918032786886,0.9273984579534481,0.039227829250000006
B1,9.0,0.9540983606557377,0.9002509945322584,0.035918667434490396
B1,10.0,0.9311475409836065,0.8733026738019998,0.036446829423285775
B1,11.0,0.9114754098360656,0.8519357785118529,0.03764464584012454
B1,12.0,0.8885245901639345,0.8323606306001929,0.039153549155883524
B1,13.0,0.8622950819672132,0.8179974704320615,0.04288605330610865
B1,14.0,0.839344262295082,0.8047903902294968,0.03426699896354491
B1,15.0,0.8163934426229508,0.7922305829310372,0.03242629962809517
B1,16.0,0.7934426229508197,0.7742245944775715,0.03172560799684468
B1,17.0,0.7737704918032787,0.7577791113031549,0.03233006149045414
B1,18.0,0.7540983606557377,0.7442860683221886,0.03472709650739237
B1,19.0,0.7344262295081967,0.7130030916669301,0.04919510488887872
B1,20.0,0.7081967213114754,0.5869077633475803,0.08594928012193191
B1,21.0,0.6754098360655738,0.5947751214122078,0.08881877481343989
B1,22.0,0.6557377049180327,0.5128939379242294,0.07913594023658967
B1,23.0,0.6459016393442623,0.5624281900791486,0.09346331391052821
B1,24.0,0.6327868852459017,0.5491246482466625,0.0929912701023265
B1,25.0,0.6196721311475409,0.5428835070678976,0.08937421955571405
B1,26.0,0.6131147540983607,0.5335084230957837,0.0981728248112662
B1,27.0,0.5934426229508196,0.537963381996882,0.09834014677195478
B1,28.0,0.5672131147540984,0.5849549559893986,0.0788099627995987
B1,29.0,0.5540983606557377,0.5707835968722793,0.09840342558564162
B1,30.0,0.5344262295081967,0.5759962415203284,0.08379129812738272
B1,31.0,0.5147540983606558,0.5180570911572178,0.10911623943107114
B1,32.0,0.5114754098360655,0.5545047536029746,0.09994045834862977
B1,33.0,0.49508196721311476,0.5254258844729912,0.10714999263619929
B1,34.0,0.47540983606557374,0.44547776465386985,0.12453736111036558
B1,35.0,0.4426229508196721,0.4097769766835829,0.12524296282682795
B1,36.0,0.4491803278688525,0.4294960040478242,0.12300852938578588
B1,37.0,0.4426229508196721,0.41423038415905583,0.1158647384116012
B1,38.0,0.4131147540983607,0.36890846235093266,0.11648843880752488
B1,39.0,0.35737704918032787,0.28892790252676653,0.1260196258736114
B1,40.0,0.39672131147540984,0.343361273262941,0.12364345858063495
B1,41.0,0.36721311475409835,0.26961633569085725,0.12569097704684692
B1,42.0,0.3442622950819672,0.22084232432242,0.1264140060253683
B1,43.0,0.3639344262295082,0.31210490580843997,0.11312470475840998
B1,44.0,0.35737704918032787,0.27819217361071125,0.12579459434556342
B1,45.0,0.3475409836065574,0.2702504952596969,0.12493695187808838
B1,46.0,0.3377049180327869,0.2596714583184361,0.12616064421877887
B1,47.0,0.3118032786885246,0.18902535763551082,0.12638950960470893
B1,48.0,0.30885245901639347,0.21193762440436392,0.12636143260901775
B1,49.0,0.2862295081967213,0.14850252612156348,0.1263638474837787
B1,50.0,0.28688524590163933,0.11121177868316265,0.1264411151324607
B1,51.0,0.2839344262295082,0.17679808141052486,0.12637716633580076
B1,52.0,0.28918032786885245,0.16109780653388442,0.12585899958770655
B1,53.0,0.2537704918032787,0.08325977953808593,0.12645250616022555
B1,54.0,0.259672131147541,0.10927344502281841,0.1264531966516578
B1,55.0,0.2698360655737705,0.14063408068568525,0.12634147667865392
B1,56.0,0.2659016393442623,0.13831055415412263,0.1258533538302416
B1,57.0,0.25934426229508195,0.1242090069292984,0.12596344010063015
B1,58.0,0.2498360655737705,0.11164611721725413,0.12643539134522794
B1,59.0,0.24721311475409835,0.09656246745779178,0.1251460445859373
B1,60.0,0.23737704918032787,0.09432819085080302,0.12611904478067487
B1,61.0,0.23344262295081966,0.08488192055665686,0.1262822353458101
B1,62.0,0.21868852459016394,0.06977168190771266,0.1264535933729669
B1,63.0,0.2,0.01833872161388196,0.12645367400032637
B1,64.0,0.20688524590163934,0.010820257001268188,0.12645365689994803
B1,65.0,0.18754098360655738,0.0011399494094639325,0.12645367639286198
B1,66.0,0.18754098360655738,-0.041531090041338314,0.12645367668360408
B1,67.0,0.14163934426229507,-0.07745658144092579,0.12645367669216717
B1,68.0,0.20655737704918034,0.048133158442252355,0.1261531906509449
B1,69.0,0.18918032786885247,0.02318166620641014,0.12645337095127154
B1,70.0,0.2022950819672131,0.040544969827584765,0.1262666193994462
B1,71.0,0.14557377049180328,-0.06575836695386521,0.12645367415076972
B1,72.0,0.18786885245901638,0.0026514959488594656,0.12645222439559234
B1,73.0,0.17245901639344263,-0.032641198020121415,0.12645210795624368
B1,74.0,0.13409836065573771,-0.04088002798430292,0.12645367669215873
B1,75.0,0.1921311475409836,0.05301066597040948,0.10867839751167703
B1,76.0,0.14426229508196722,-0.08257337826926281,0.12645367669149052
B1,77.0,0.17901639344262296,0.007635277278610831,0.12645352035884286
B1,78.0,0.15934426229508197,-0.03227908726806408,0.12645367613841801
B1,79.0,0.17934426229508196,-0.01486866885464031,0.12206362713643988
B1,80.0,0.15377049180327867,-0.16185736803711645,0.1264536766920114
B1,81.0,0.17573770491803278,0.054178212248919534,0.09847553382664345
B1,82.0,0.16459016393442624,-0.010217339470045805,0.12645359592869895
B1,83.0,0.17278688524590163,0.13862995836916206,0.0666418333536836
B1,84.0,0.1678688524590164,0.012006771391003819,0.11360434333425755
B1,85.0,0.12918032786885245,-0.10148759717060016,0.12645367669200328
B1,86.0,0.16262295081967212,-0.007072247117266388,0.11765575738994853
B1,87.0,0.12819672131147541,-0.19760116485173673,0.1264536766921865
B1,88.0,0.16131147540983606,0.06007910920587716,0.10827972651058584
B1,89.0,0.08885245901639344,-0.04819790288064542,0.12645341820655584
B1,90.0,0.07901639344262296,-0.0786954491603114,0.1264536766921869
B1,91.0,0.15770491803278688,0.11367671175187245,0.06360124003467328
B1,92.0,0.14524590163934425,-0.012358236114021572,0.1264535014614145
B1,93.0,0.1557377049180328,0.17456327372856306,0.07109287172732003
B1,94.0,0.15147540983606558,0.07057768432918568,0.09311880057950342
B1,95.0,0.14622950819672131,-0.06519775316119056,0.12575723258490568
B1,96.0,0.09377049180327869,-0.16945324415196322,0.1264536766921871
B1,97.0,0.14622950819672131,0.016183658500087655,0.11073842828856313
B1,98.0,0.12360655737704918,-0.24835615270270928,0.12645367669148203
B1,99.0,0.14065573770491804,-0.06949369888446832,0.125611811494407
B1,100.0,0.08459016393442623,-0.12646071773975745,0.1264536766921871
B1,101.0,0.1360655737704918,-0.03231933872313552,0.12645367667786916
B1,102.0,0.14295081967213114,0.1267211020879772,0.06715288960193667
B2,1.0,1.0,1.1007512427316748,0.07524571409160491
B2,2.0,0.9801324503311258,1.025388002199753,0.07499740107807647
B2,3.0,0.9701986754966887,1.0186648091184012,0.07482002898438965
B2,4.0,0.9602649006622517,0.9833645083003816,0.07296767850632088
B2,5.0,0.9470198675496688,0.9601047760857836,0.06975752383435821
B2,6.0,0.9271523178807947,0.937018305586637,0.06614121420234685
B2,7.0,0.9139072847682119,0.9142485021706688,0.06270580889827479
B2,8.0,0.8940397350993378,0.903527040094578,0.05779809638193639
B2,9.0,0.8774834437086093,0.8840827699991948,0.05550378115119036
B2,10.0,0.8576158940397351,0.8772625464333867,0.0591147539355604
B2,11.0,0.8377483443708609,0.8553534004599451,0.05157728855476005
B2,12.0,0.8178807947019867,0.839910254153096,0.049994828798971644
B2,13.0,0.8013245033112583,0.8276633264847424,0.050111277857221116
B2,14.0,0.7814569536423841,0.8304954300652659,0.06609658361327643
B2,15.0,0.7682119205298014,0.8184904251859142,0.06631123720928826
B2,16.0,0.7516556291390728,0.8072292634961443,0.06238556163119295
B2,17.0,0.7350993377483444,0.7917692130698631,0.05353823977499009
B2,18.0,0.7185430463576159,0.7879522224976235,0.06778844342842216
B2,19.0,0.7019867549668874,0.7753955543947186,0.06570848196705906
B2,20.0,0.6854304635761589,0.7635684961779056,0.07097538528166128
B2,21.0,0.6688741721854304,0.7549418087864725,0.07256425203516771
B2,22.0,0.652317880794702,0.747795432698339,0.07316784336497703
B2,23.0,0.6357615894039735,0.734343492410247,0.07478386550148358
B2,24.0,0.6158940397350994,0.7128899583137402,0.07473240216039374
B2,25.0,0.5993377483443708,0.7050692229279139,0.07475809240508705
B2,26.0,0.5827814569536424,0.685374194768553,0.07452527937712344
B2,27.0,0.5629139072847682,0.6716207018373189,0.07370311812395161
B2,28.0,0.5463576158940397,0.6495145587576802,0.07367735294785517
B2,29.0,0.5264900662251656,0.6405747410830238,0.07342430549595017
B2,30.0,0.5033112582781457,0.6194512668652465,0.07367339341905006
B2,31.0,0.4867549668874172,0.5959062186750967,0.07432924426826504
B2,32.0,0.46357615894039733,0.5936032820183249,0.07440249254677511
B2,33.0,0.4470198675496689,0.575674477222299,0.07461997390449757
B2,34.0,0.4271523178807947,0.5636192483067687,0.07515794387476256
B2,35.0,0.40728476821192056,0.5477189205258682,0.07506444958856068
B2,36.0,0.38741721854304634,0.5227613916571998,0.07473334816119315
B2,37.0,0.3675496688741722,0.4772184128174714,0.06258425373788956
B2,38.0,0.3543046357615894,0.44989122456639913,0.06557206805883284
B2,39.0,0.33774834437086093,0.4418081106219961,0.06306523445196065
B2,40.0,0.3211920529801324,0.43658485490688126,0.06525757286076324
B2,41.0,0.30993377483443707,0.4197705188024138,0.06999281120525938
B2,42.0,0.2933774834437086,0.41011129273149227,0.0696106179849575
B2,43.0,0.2854304635761589,0.3926412866893754,0.06762955222183183
B2,44.0,0.2705298013245033,0.38577309707614205,0.06776842270514004
B2,45.0,0.2589403973509934,0.37361775130116365,0.07083278642418638
B2,46.0,0.2509933774834437,0.35773006953628095,0.07022464455092987
B2,47.0,0.23973509933774834,0.35301640259665046,0.07390114233195658
B2,48.0,0.23112582781456953,0.33928417464344635,0.07507729011785491
B2,49.0,0.22748344370860926,0.3229575065662183,0.07336177939733757
B2,50.0,0.21456953642384105,0.3221826303029127,0.07506654803268695
B2,51.0,0.20794701986754968,0.3092949654665055,0.07514587526161731
B2,52.0,0.2052980132450331,0.2946133795811473,0.07389080919177317
B2,53.0,0.19602649006622516,0.30061164662809836,0.07503227831130399
B2,54.0,0.1890728476821192,0.28750752372945687,0.07418534140764675
B2,55.0,0.18443708609271522,0.27572492440640517,0.07264536336308414
B2,56.0,0.17913907284768213,0.26767307856523803,0.06906355930223793
B2,57.0,0.17516556291390728,0.2550884712482943,0.0631093585248892
B2,58.0,0.1728476821192053,0.2333921392113768,0.06407370234421053
B2,59.0,0.17019867549668874,0.22110530645747492,0.052150054355710546
B2,60.0,0.16225165562913907,0.214210616411219,0.06405209989465205
B2,61.0,0.15894039735099338,0.20490492370536917,0.05697411930861221
B2,62.0,0.15894039735099338,0.1748469775791858,0.0516126001595907
B2,63.0,0.15264900662251657,0.2018185916273157,0.04313655820790419
B2,64.0,0.1533112582781457,0.17708273403847713,0.061984575463237074
B2,65.0,0.147682119205298,0.18894164460220764,0.04947477695730349
B2,66.0,0.14437086092715232,0.1903607285813423,0.05605470658047452
B2,67.0,0.1423841059602649,0.18338718899893713,0.0547900045375785
B2,68.0,0.13940397350993378,0.1968587679687763,0.06809819122939983
B2,69.0,0.13841059602649006,0.21061145406948256,0.06810295172728602
B2,70.0,0.13543046357615893,0.16790943120374596,0.05907192424093222
B2,71.0,0.1317880794701987,0.17748079994641078,0.05957600649519705
B2,72.0,0.12980132450331125,0.19210074892043524,0.0652621719703532
B2,73.0,0.12980132450331125,0.18053958576200127,0.07044349125044361
B2,74.0,0.12582781456953643,0.19062968925945376,0.07356173098529012
B2,75.0,0.123841059602649,0.19331739148347618,0.0737390290218458
B2,76.0,0.12251655629139073,0.193046826810095,0.0743838145953437
B2,77.0,0.12417218543046357,0.19001369451451158,0.07305357087982857
B2,78.0,0.12086092715231789,0.19280568930253167,0.07320815817156621
B2,79.0,0.12019867549668874,0.18861496333508274,0.0740204658218996
B2,80.0,0.1195364238410596,0.18418918061488473,0.07444411462274578
B2,81.0,0.1162251655629139,0.19260003423201924,0.0738673197278047
B2,82.0,0.11390728476821192,0.1930504592267644,0.07335814433051316
B2,83.0,0.11390728476821192,0.17943308027109747,0.07441424550753924
B2,84.0,0.1119205298013245,0.18320133594278748,0.07391475767733403
B2,85.0,0.11059602649006622,0.17826342136080436,0.07493046028571497
B2,86.0,0.10894039735099338,0.17441144273721398,0.07496155741324988
B2,87.0,0.10927152317880795,0.173483680901701,0.07515440600958737
B2,88.0,0.10662251655629139,0.17637011191461052,0.07475402584489878
B2,89.0,0.10629139072847682,0.1687262174295909,0.07521990431180606
B2,90.0,0.10529801324503311,0.17797558606044642,0.07394465808679077
B2,91.0,0.10397350993377484,0.17236538755281255,0.07455226635841343
B2,92.0,0.10529801324503311,0.1654741132267092,0.07522120668424388
B2,93.0,0.10231788079470198,0.17960196372475526,0.07470807821917466
B2,94.0,0.10132450331125828,0.16461674234534895,0.07523246173752167
B2,95.0,0.10066225165562914,0.15855869366263164,0.07523795717708326
B2,96.0,0.09900662251655629,0.16300552399617307,0.07458766341916763
B2,97.0,0.09834437086092715,0.16265188188126467,0.07500820655613899
B2,98.0,0.09768211920529801,0.1617032735621624,0.07517088536500045
B2,99.0,0.09668874172185431,0.1536258838139294,0.07522721293470722
B2,100.0,0.09503311258278145,0.15441542355118945,0.07506710149380551
B2,101.0,0.09437086092715231,0.1538734624993935,0.07500564119321645
B2,102.0,0.09470198675496688,0.15384206518569543,0.07467110588732637
B2,103.0,0.09370860927152318,0.14265383093376513,0.07520449967848118
B2,104.0,0.09370860927152318,0.15053008750753655,0.074919268524396
B2,105.0,0.0923841059602649,0.1494582693587769,0.07514798182067066
B2,106.0,0.09172185430463577,0.14294884341069566,0.07518715401759433
B2,107.0,0.09205298013245033,0.15504409812436445,0.07499961145501086
B2,108.0,0.0913907284768212,0.14369643957955827,0.07423735723584403
B2,109.0,0.09105960264900662,0.13517307686589242,0.07505851074060255
B2,110.0,0.08940397350993377,0.131113075635588,0.07513461122966965
B2,111.0,0.08841059602649007,0.13697816278430897,0.07500902018977582
B2,112.0,0.0880794701986755,0.1305778175961779,0.07437827105943612
B2,113.0,0.08741721854304636,0.13236011010228682,0.07470577510422927
B2,114.0,0.08675496688741721,0.13647180006350337,0.07469846644584974
B2,115.0,0.08642384105960264,0.13092020315134872,0.07478124840315273
B3,1.0,1.0,1.0304037851449643,0.07144446031695004
B3,2.0,1.0161290322580645,1.0577876868582778,0.06212629558205761
B3,3.0,1.0258064516129033,1.0652857726510652,0.06329817544437522
B3,4.0,1.032258064516129,1.0626944047985207,0.07190616925923356
B3,5.0,1.0354838709677419,1.0449174859821737,0.07419294701618287
B3,6.0,1.032258064516129,1.0277677597163728,0.07618428470266582
B3,7.0,1.0064516129032257,1.0212332331072769,0.08121956730676329
B3,8.0,0.9838709677419355,1.0014119973345474,0.07590927712079427
B3,9.0,0.964516129032258,0.9813092701353492,0.07216203955495457
B3,10.0,0.9483870967741935,0.9593428471187901,0.06632097315504637
B3,11.0,0.9290322580645162,0.9351444135275722,0.06835584175820697
B3,12.0,0.9096774193548387,0.9163650089940553,0.06832495080931371
B3,13.0,0.8935483870967742,0.897273228677292,0.06725065681396852
B3,14.0,0.8741935483870967,0.8747532689415312,0.06826191153819863
B3,15.0,0.8548387096774194,0.8559485310416783,0.06756508182748472
B3,16.0,0.8387096774193549,0.8340782219235137,0.06611623513648603
B3,17.0,0.8258064516129032,0.8038899202415009,0.06859840540829212
B3,18.0,0.8032258064516129,0.8108885913865874,0.07047088087967313
B3,19.0,0.7870967741935484,0.7973121512845696,0.0717319219030856
B3,20.0,0.7741935483870968,0.7925030085164824,0.05725448085063067
B3,21.0,0.7580645161290323,0.7634535881484302,0.07280123255443985
B3,22.0,0.7451612903225806,0.7616885003092071,0.04535335445996237
B3,23.0,0.7290322580645161,0.7420932596811782,0.046540372225227854
B3,24.0,0.7161290322580646,0.7015887896056834,0.07132961136569355
B3,25.0,0.5903225806451613,0.618617029455275,0.09844319789481058
B3,26.0,0.5387096774193548,0.6022230492019461,0.09064686465255002
B3,27.0,0.5129032258064516,0.5751119912356483,0.08750606050658757
B3,28.0,0.5096774193548387,0.5545771592534177,0.07688141005708411
B3,29.0,0.5419354838709678,0.5190418220577164,0.06945434347191456
B3,30.0,0.4161290322580645,0.3574065535631837,0.06897121521650426
B3,31.0,0.3935483870967742,0.31165933558759323,0.08233643105474565
B3,32.0,0.3741935483870968,0.30089270154041364,0.09429817758523726
B3,33.0,0.3548387096774194,0.2772384665644945,0.08654154273449403
B3,34.0,0.33225806451612905,0.24158095513487177,0.0945733609987199
B3,35.0,0.31,0.25407909535340345,0.09914073083876491
B3,36.0,0.2880645161290323,0.23837747300535736,0.1114848525936088
B3,37.0,0.27064516129032257,0.20453173624619958,0.11385524163824394
B3,38.0,0.2461290322580645,0.20309398006422702,0.11534932916936684
B3,39.0,0.22806451612903225,0.17577857706156994,0.11760449296269981
B3,40.0,0.2103225806451613,0.15534589356964834,0.1143231994278763
B3,41.0,0.1967741935483871,0.1619094180177171,0.11401619943791877
B3,42.0,0.18419354838709678,0.16394064057705918,0.1121653424833689
B3,43.0,0.1735483870967742,0.14878449316151915,0.11729516303279149
B3,44.0,0.16741935483870968,0.13243959475579611,0.11388254642758382
B3,45.0,0.15645161290322582,0.13491730955453737,0.11537360681972135
B3,46.0,0.14806451612903226,0.12169180662903645,0.10839544690997721
B3,47.0,0.14225806451612905,0.10808034424510393,0.11618344890667225
B3,48.0,0.13709677419354838,0.09421141212536954,0.11055052529977447
B3,49.0,0.13096774193548388,0.09817569424969894,0.12138769826210553
B3,50.0,0.12612903225806452,0.0958358758716859,0.12225259101402888
B3,51.0,0.12225806451612903,0.09055800713434242,0.12232261960512986
B3,52.0,0.11806451612903225,0.10043389673447242,0.12415237988607417
B3,53.0,0.11451612903225807,0.09289507384480766,0.12427145090208515
B3,54.0,0.11064516129032258,0.09364082660756673,0.12324919435470628
B3,55.0,0.10774193548387097,0.0828605983754317,0.12330182552994827
B3,56.0,0.10516129032258065,0.07361502415836553,0.12414425677259257
B3,57.0,0.10290322580645161,0.08541797363448282,0.12401478446015339
B3,58.0,0.10161290322580645,0.08639086886152114,0.12389918009233214
B3,59.0,0.09806451612903226,0.09897687505948076,0.12385411389162984
B3,60.0,0.0964516129032258,0.08858604175941916,0.1239092196224318
B3,61.0,0.09451612903225806,0.09100344467900952,0.12405879054824115
B3,62.0,0.09225806451612903,0.07587966506684914,0.12353198262704858
B3,63.0,0.09064516129032259,0.09526916654286677,0.12406881111999972
B3,64.0,0.09,0.10439912807254012,0.12397284715231277
B3,65.0,0.0867741935483871,0.09852391355554604,0.12413713935260537
B3,66.0,0.08612903225806452,0.11036981789457725,0.12420260803959923
B3,67.0,0.08354838709677419,0.11122782477508988,0.1241270948357397
B3,68.0,0.08258064516129032,0.10138362788775143,0.1241504687927638
B3,69.0,0.08064516129032258,0.08672134780688498,0.1238074185178297
B3,70.0,0.08,0.10072763088174978,0.1241738041413816
B3,71.0,0.07935483870967742,0.09021639147469589,0.12412669593756528
B3,72.0,0.07903225806451612,0.11711088877776571,0.12410881174025358
B3,73.0,0.07838709677419355,0.1216418975179381,0.12416278242374937
B3,74.0,0.07612903225806451,0.11140233185217414,0.12424918065249589
B3,75.0,0.07516129032258065,0.10386938145487357,0.12377523629725788
B3,76.0,0.0732258064516129,0.11374385115377504,0.12423538975613453
B3,77.0,0.07258064516129033,0.1248595965051312,0.12422721578930075
B3,78.0,0.07258064516129033,0.1321863633230979,0.12423945126773696
B3,79.0,0.07064516129032258,0.13543531141356221,0.12427583784133404
B3,80.0,0.07,0.11525535055180558,0.12398872515816801
B3,81.0,0.06806451612903226,0.12457879522953218,0.124198695205891
B3,82.0,0.06741935483870967,0.1205352537575344,0.12438590813728871
B3,83.0,0.06806451612903226,0.1304189269762294,0.12434525110799889
B3,84.0,0.0667741935483871,0.15299299088947318,0.12413451666535273
B3,85.0,0.06548387096774194,0.1307259069479476,0.12430135677502531
B3,86.0,0.06451612903225806,0.12056853222297292,0.12437492484878884
B3,87.0,0.06516129032258064,0.12230323952865715,0.12442817762405249
B3,88.0,0.0635483870967742,0.14932918445973678,0.12441325707096342
B3,89.0,0.06483870967741935,0.14950945738618965,0.1244266653623066
B3,90.0,0.06322580645161291,0.14776353730700184,0.12443156143824378
B3,91.0,0.0635483870967742,0.13253803797966354,0.12443422598618886
B3,92.0,0.06193548387096774,0.14622621754135368,0.12444508958305837
B3,93.0,0.06129032258064516,0.15046189316850092,0.12444913663188259
B3,94.0,0.06129032258064516,0.16191990923978483,0.12444860576327628
B3,95.0,0.06129032258064516,0.16497346682254913,0.12445161331373644
B3,96.0,0.05967741935483871,0.16462240690174887,0.12445276272127832
B3,97.0,0.06,0.15427454535601084,0.12445267594777418
B3,98.0,0.05838709677419355,0.15674259446045788,0.1244573370152347
B3,99.0,0.05870967741935484,0.1688733637004706,0.12445520096638725
B3,100.0,0.059032258064516126,0.18544941215817037,0.12445590562273613
B3,101.0,0.059032258064516126,0.18965320272434233,0.12445740078938898
B3,102.0,0.05838709677419355,0.16803733894257333,0.12445956304675185
B3,103.0,0.057741935483870965,0.17955379470624835,0.1244589400857542
B3,104.0,0.05709677419354839,0.17545862084106806,0.1244594572472784
B3,105.0,0.056451612903225805,0.1652610740298862,0.12445951903085899
B3,106.0,0.05548387096774193,0.16509992237472207,0.12446011552187196
B3,107.0,0.05419354838709677,0.1921514593948255,0.12445947457060468
B3,108.0,0.05548387096774193,0.18688718518640754,0.12445972137213213
B3,109.0,0.054838709677419356,0.19051681625676606,0.12445990678229617
B3,110.0,0.05451612903225807,0.17294264072584406,0.12446024163059352
B3,111.0,0.052258064516129035,0.19535013706365534,0.1244599828287486
B3,112.0,0.053548387096774196,0.1805659173546145,0.12446025602815552
B3,113.0,0.0532258064516129,0.1902541734139223,0.12446018541969212
B3,114.0,0.0532258064516129,0.194913914010889,0.12446014059704862
B3,115.0,0.05290322580645161,0.19915017116140102,0.12446015293940202
B3,116.0,0.0532258064516129,0.18660096519584757,0.12446025560569537
B3,117.0,0.052258064516129035,0.19365054116439603,0.12446024146155146
B3,118.0,0.05161290322580645,0.1993463966573043,0.12446023869223281
B3,119.0,0.05193548387096774,0.1893309342898508,0.12446027073705446
B3,120.0,0.05161290322580645,0.18090614191542106,0.12446028073170853
B3,121.0,0.05064516129032258,0.16499024596131687,0.12446028139093325
B3,122.0,0.04903225806451613,0.18372021862116472,0.12446027975930012
B3,123.0,0.048709677419354835,0.1958578663472024,0.12446025930982457
B3,124.0,0.04967741935483871,0.186116703709586,0.12446027486340734
B3,125.0,0.04935483870967742,0.1971341587920854,0.12446027696807319
B3,126.0,0.04903225806451613,0.1964014071044685,0.12446027862307427
B3,127.0,0.04935483870967742,0.19903542136966632,0.1244602796873571
B4,1.0,1.0,1.1873247287998199,0.09033647764961583
B4,2.0,1.0163398692810457,1.0703799554006928,0.09032679841131092
B4,3.0,1.0294117647058822,0.9778007488713527,0.09025403011926736
B4,4.0,1.0359477124183007,0.9325309506554705,0.09021603348185585
B4,5.0,1.0392156862745099,0.9011670605652232,0.09018554863809411
B4,6.0,1.0196078431372548,0.8487679244553223,0.09015862092762597
B4,7.0,0.9836601307189542,0.8285296310712201,0.09033817199845635
B4,8.0,0.9640522875816994,0.8224236782206443,0.09033704364086684
B4,9.0,0.9444444444444444,0.7986869575294369,0.090337663710248
B4,10.0,0.9215686274509803,0.773279226654761,0.09033701453960954
B4,11.0,0.8954248366013072,0.7567233609379406,0.09033982493189577
B4,12.0,0.869281045751634,0.7279256758095625,0.09031957989028831
B4,13.0,0.8431372549019608,0.7315649457067981,0.09033995605073088
B4,14.0,0.8169934640522876,0.7184678604776067,0.09033744970891722
B4,15.0,0.7941176470588235,0.6957289457850298,0.09030123452622558
B4,16.0,0.7712418300653595,0.6834433135638892,0.09029496309818304
B4,17.0,0.7516339869281046,0.6850204017960997,0.09032638732222652
B4,18.0,0.7320261437908496,0.6693022278255234,0.09030506439422033
B4,19.0,0.7091503267973857,0.6430298809384405,0.09034531795609244
B4,20.0,0.6111111111111112,0.5767426992202168,0.0903426965951861
B4,21.0,0.565359477124183,0.5613290884618508,0.09032919183711918
B4,22.0,0.5392156862745098,0.5554171156019916,0.0903309552828867
B4,23.0,0.49019607843137253,0.5435972144574143,0.09033510361963099
B4,24.0,0.5196078431372549,0.5504977246046819,0.09033627191744831
B4,25.0,0.4803921568627451,0.533568855175942,0.09033971724431449
B4,26.0,0.38235294117647056,0.46946240081030577,0.09030853331777533
B4,27.0,0.3627450980392157,0.44363740971492027,0.09028038661446475
B4,28.0,0.3431372549019608,0.4233237082115218,0.09032173125961325
B4,29.0,0.3209150326797386,0.4117283882545554,0.0902866195093836
B4,30.0,0.3,0.39365381324834875,0.09027554255463079
B4,31.0,0.2803921568627451,0.36380953281629835,0.09022882912705917
B4,32.0,0.26176470588235295,0.35339229741950584,0.09019714380641893
B4,33.0,0.24444444444444444,0.3115619682467539,0.09010086401274968
B4,34.0,0.2284313725490196,0.2940019537496284,0.09013322286101108
B4,35.0,0.21535947712418302,0.2749804754008759,0.09008243397032614
B4,36.0,0.20294117647058824,0.25569722479960444,0.08999347752999416
B4,37.0,0.19183006535947714,0.23025051630812995,0.08981672636599161
B4,38.0,0.1830065359477124,0.23777876687903327,0.09000393350405919
B4,39.0,0.17483660130718953,0.2101448874314587,0.08996425538460008
B4,40.0,0.1676470588235294,0.19198464682966426,0.08988913772773759
B4,41.0,0.16013071895424835,0.18722623468889216,0.08987797326046836
B4,42.0,0.15522875816993464,0.16465782868727674,0.08971079912835687
B4,43.0,0.14967320261437908,0.16267429984431908,0.08968801611716667
B4,44.0,0.1450980392156863,0.14433998192804368,0.08963484444944059
B4,45.0,0.14183006535947712,0.14551812948895523,0.0897547058572038
B4,46.0,0.13725490196078433,0.15520059764404406,0.09001065110106904
B4,47.0,0.1323529411764706,0.14263090073927764,0.08998442468025884
B4,48.0,0.12941176470588237,0.1230780448864092,0.08990215627239441
B4,49.0,0.12581699346405228,0.11560228274576895,0.08992820763611137
B4,50.0,0.12450980392156863,0.12060253269427097,0.09010579831903386
B4,51.0,0.12156862745098039,0.11969849767646575,0.09015469267376648
B4,52.0,0.11797385620915032,0.0961523770706349,0.09018637301358415
B4,53.0,0.11633986928104575,0.09368560156105295,0.09022565753849103
B4,54.0,0.11339869281045752,0.10629912150115048,0.0902766867394193
B4,55.0,0.11176470588235295,0.09866472708125638,0.09028159472534728
B4,56.0,0.11013071895424836,0.08771945951023644,0.09027103732740764
B4,57.0,0.10718954248366012,0.083188499387541,0.0903214026755529
B4,58.0,0.10588235294117647,0.08809831965961612,0.09032066766327732
B4,59.0,0.1042483660130719,0.09591213544418825,0.09034539854893685
B4,60.0,0.1022875816993464,0.07391099757367893,0.09033906872668035
B4,61.0,0.10098039215686275,0.07804341388119232,0.09034327088936232
B4,62.0,0.09934640522875816,0.0800358484782842,0.09034561081163811
B4,63.0,0.0977124183006536,0.08374821200455172,0.09034565004267649
B4,64.0,0.09673202614379085,0.07853866350358008,0.0903455179282203
B4,65.0,0.09542483660130718,0.06216639101813245,0.09034329304409977
B4,66.0,0.09444444444444444,0.07043948403354837,0.09034542915877605
B4,67.0,0.09313725490196079,0.05898783593613835,0.09034314351143996
B4,68.0,0.09215686274509804,0.0545024265508411,0.09034501716881937
B4,69.0,0.09117647058823529,0.05178693172748504,0.09034355469520765
B4,70.0,0.0915032679738562,0.07925355076651332,0.09034577318009479
B4,71.0,0.08888888888888889,0.055252516748063814,0.09034418608034252
B4,72.0,0.08823529411764706,0.04534776655335698,0.09034400834884383
B4,73.0,0.08823529411764706,0.05970548188129203,0.09034559385855126
B4,74.0,0.08594771241830065,0.055043542487636876,0.09034525882030521
B4,75.0,0.08496732026143791,0.04200326826230623,0.09034487436821391
B4,76.0,0.08398692810457517,0.058193760797861566,0.09034530977965113
B4,77.0,0.08366013071895424,0.0513651809172045,0.09034563797275047
B4,78.0,0.08333333333333333,0.03915433204350638,0.09034490078568144
B4,79.0,0.08202614379084967,0.0635188364703293,0.09034544835901087
B4,80.0,0.08104575163398693,0.042136317627774075,0.09034520782782827
B4,81.0,0.0803921568627451,0.05084678833008655,0.09034564105761529
B4,82.0,0.08006535947712418,0.0389611381362947,0.09034489494522209
B4,83.0,0.07941176470588235,0.048502828954170095,0.09034547696380849
B4,84.0,0.07908496732026143,0.05147506559570849,0.09034505397701147
B4,85.0,0.07745098039215687,0.03255104632927796,0.09034463810407728
B4,86.0,0.07712418300653595,0.03101167612648265,0.09034468058576738
B4,87.0,0.07647058823529412,0.0430778055561517,0.0903453227738476
B4,88.0,0.07647058823529412,0.052989885544053046,0.09034577543945665
B4,89.0,0.07483660130718954,0.0567065865775483,0.09034589227084212
B4,90.0,0.0738562091503268,0.02511291382656587,0.09034494781949799
B4,91.0,0.0738562091503268,0.03408634247262038,0.09034500073264626
B4,92.0,0.0738562091503268,0.06958344876867076,0.09034595842079457
B4,93.0,0.07254901960784314,0.052254863177791724,0.09034593534722968
B4,94.0,0.07222222222222222,0.03238099503635853,0.0903453826749695
B4,95.0,0.0718954248366013,0.05000816320170362,0.09034598159028316
B4,96.0,0.07091503267973856,0.0370632070105259,0.09034519474997292
B4,97.0,0.07091503267973856,0.04766969923064159,0.09034596784900052
B4,98.0,0.07058823529411765,0.02330495652707988,0.09034513886391285
B4,99.0,0.06993464052287582,0.03908790921685841,0.09034576111112116
B4,100.0,0.06993464052287582,0.03792662874266819,0.09034570620045768
B4,101.0,0.06928104575163399,0.04567762815120016,0.09034597945345291
B4,102.0,0.06862745098039216,0.03037281776855108,0.09034576994496546
B4,103.0,0.06797385620915032,0.023644574516665347,0.09034535589575253
B4,104.0,0.06830065359477124,0.0404769490179463,0.0903458631992836
B4,105.0,0.06797385620915032,0.03436816573415824,0.09034578048460264
B4,106.0,0.06699346405228758,0.04215991224997795,0.09034594799669797
B4,107.0,0.06666666666666667,0.042666779877601535,0.09034596311104372
B4,108.0,0.06601307189542484,0.0381972287873392,0.09034593533623478
B4,109.0,0.06568627450980392,0.03788522294454174,0.09034592146284605
B4,110.0,0.06601307189542484,0.029925291258367466,0.09034534544575802
B4,111.0,0.06535947712418301,0.041177122302221196,0.09034593682368935
B4,112.0,0.0650326797385621,0.01940460171720973,0.09034523072523183
B4,113.0,0.06535947712418301,0.023231212285999024,0.09034517833637673
B4,114.0,0.06405228758169934,0.05013491604371439,0.09034595953936497
B4,115.0,0.06339869281045751,0.03823398301283088,0.09034590889349342
B4,116.0,0.0630718954248366,0.02765601935612505,0.09034526479931916
B4,117.0,0.0630718954248366,0.03761969109698693,0.09034586730829613
B4,118.0,0.06274509803921569,0.04024760351285207,0.09034593606904856
B4,119.0,0.06143790849673202,0.04259571251439439,0.09034586303720255
B4,120.0,0.06143790849673202,0.034115177407782735,0.09034579182739537
B4,121.0,0.06143790849673202,0.03039095478743192,0.09034573424152287
B4,122.0,0.060784313725490195,0.018142065127313266,0.0903453871202249
B4,123.0,0.061764705882352944,0.034320023266022945,0.09034580066834931
B4,124.0,0.06143790849673202,0.0353430557831914,0.09034578694707456
B4,125.0,0.060784313725490195,0.02046833273304778,0.09034514368882099
B4,126.0,0.06045751633986928,0.03621123659228155,0.09034584554267994
B4,127.0,0.060784313725490195,0.03137835723432012,0.09034545237047646
B4,128.0,0.06045751633986928,0.026804109414811615,0.09034557800875537
B4,129.0,0.059803921568627454,0.05384509033323445,0.09034587929459412
B4,130.0,0.058823529411764705,0.04076972603474677,0.09034592841227532
B4,131.0,0.05849673202614379,0.03260173546596021,0.09034572476759309
B4,132.0,0.05816993464052288,0.037615100440598105,0.09034573689927913
B4,133.0,0.05784313725490196,0.04072416586649892,0.09034593523369065
B4,134.0,0.05784313725490196,0.03866074298742591,0.09034580541477912
B4,135.0,0.05718954248366013,0.03701194583300549,0.09034580213366551
B5,1.0,1.0,0.9536117938622297,0.02119224934972901
B5,2.0,0.995049504950495,0.9408452218157601,0.0214206474185398
B5,3.0,0.995049504950495,0.9593716535276628,0.016685217946705785
B5,4.0,0.9900990099009901,0.9515990523827881,0.01595375142488468
B5,5.0,0.9876237623762376,0.9449227153134292,0.017131243131143805
B5,6.0,0.9851485148514851,0.9458319899013397,0.01609294425799569
B5,7.0,0.9826732673267327,0.9396101598373234,0.015421958150137464
B5,8.0,0.9801980198019802,0.9393397190928037,0.015845509707573
B5,9.0,0.9777227722772277,0.9336660405102506,0.01616193984886922
B5,10.0,0.9752475247524752,0.9317147071761089,0.01624681592659847
B5,11.0,0.9752475247524752,0.939192096719803,0.015228374937558499
B5,12.0,0.9727722772277227,0.9298651081258602,0.01635167305812668
B5,13.0,0.9702970297029703,0.9264160142514404,0.016052703614418736
B5,14.0,0.9702970297029703,0.9213664615434646,0.01638489518521769
B5,15.0,0.9678217821782178,0.9258955428265325,0.015939259817228095
B5,16.0,0.9653465346534653,0.9211946483509101,0.016286110174024024
B5,17.0,0.9628712871287128,0.9268755821374199,0.014848699319596917
B5,18.0,0.9628712871287128,0.9154687057669721,0.01685914741209556
B5,19.0,0.9603960396039604,0.9277113183317229,0.015359210846531737
B5,20.0,0.9603960396039604,0.9177809153305655,0.016577777795437364
B5,21.0,0.9579207920792079,0.9278507931794973,0.015441922225145567
B5,22.0,0.9579207920792079,0.9276175158317592,0.015639726862524482
B5,23.0,0.9579207920792079,0.9265352922965013,0.015737864641733348
B5,24.0,0.9554455445544554,0.913250643736063,0.0167475638889018
B5,25.0,0.9529702970297029,0.9272790622120577,0.014608168875977021
B5,26.0,0.9554455445544554,0.9227622746819535,0.014948819707718969
B5,27.0,0.9529702970297029,0.92339622812455,0.014867235359559893
B5,28.0,0.9504950495049505,0.9142431530858569,0.01604455972806437
B5,29.0,0.9504950495049505,0.9112467166478021,0.01660309876376756
B5,30.0,0.948019801980198,0.9130816334497005,0.016235095661535002
B5,31.0,0.948019801980198,0.9092854539578922,0.015496667583559236
B5,32.0,0.948019801980198,0.9112029043169798,0.01612179243913286
B5,33.0,0.948019801980198,0.9206099948867105,0.014160585001616979
B5,34.0,0.9455445544554455,0.921643805104726,0.014975039603652924
B5,35.0,0.9455445544554455,0.919908117475702,0.0144035121735537
B5,36.0,0.9455445544554455,0.9184257762711325,0.014225351241253846
B5,37.0,0.943069306930693,0.9057737059202244,0.015748000258193628
B5,38.0,0.943069306930693,0.9183460294885443,0.01535330540765249
B5,39.0,0.943069306930693,0.9063348095058014,0.0158901413959634
B5,40.0,0.9405940594059405,0.904145951432317,0.01582955699910327
B5,41.0,0.9405940594059405,0.9041318472555502,0.016368929132144765
B5,42.0,0.9405940594059405,0.9043022411577353,0.016206908014158618
B5,43.0,0.9405940594059405,0.9032258620485284,0.014617418187469294
B5,44.0,0.9405940594059405,0.8970498479089482,0.015701994358024267
B5,45.0,0.9405940594059405,0.9003698949454849,0.015656433303242102
B5,46.0,0.9381188118811881,0.9009592794615219,0.015668558589332714
B5,47.0,0.9381188118811881,0.9003157636518945,0.015380080528984201
B5,48.0,0.9381188118811881,0.894184058102678,0.017267053273398676
B5,49.0,0.9381188118811881,0.9041684667486362,0.016457072862228275
B5,50.0,0.9381188118811881,0.8979130080778883,0.017052929727297588
B5,51.0,0.9356435643564357,0.9063327773936959,0.014967093773912605
B5,52.0,0.9381188118811881,0.8970126491523459,0.016535799535722026
B5,53.0,0.9356435643564357,0.8903915338694013,0.018129521546388742
B5,54.0,0.9356435643564357,0.8996821694326417,0.015303338878316274
B6,1.0,1.0,1.0554828892077968,0.027357069504937482
B6,2.0,0.9950738916256158,1.050602555965326,0.024847373611124702
B6,3.0,0.9926108374384236,1.042175534001489,0.021992426615499844
B6,4.0,0.9901477832512315,1.0286271635786668,0.019252303617565455
B6,5.0,0.9876847290640394,1.0286197169308444,0.019802344961663332
B6,6.0,0.9852216748768473,1.0245267650615462,0.01957352860735454
B6,7.0,0.9827586206896551,1.015703284213844,0.017638687529651448
B6,8.0,0.9802955665024631,1.0127122007616178,0.01792476215164825
B6,9.0,0.9778325123152709,1.013402163446085,0.01728468623559354
B6,10.0,0.9753694581280788,1.0036739593233706,0.017287359090796952
B6,11.0,0.9729064039408867,1.002017112096201,0.017027459267390414
B6,12.0,0.9704433497536946,1.0021482248934312,0.017524655709488444
B6,13.0,0.9704433497536946,1.0061184547406925,0.01671087603624908
B6,14.0,0.9679802955665024,0.9978229321394054,0.016903798704913493
B6,15.0,0.9655172413793104,0.9978318166454669,0.016763908938094325
B6,16.0,0.9630541871921182,0.9986009020556075,0.017373832511981893
B6,17.0,0.9630541871921182,1.0006988593972663,0.016959325275719833
B6,18.0,0.9630541871921182,0.9923774679565285,0.01708067227340505
B6,19.0,0.9605911330049262,0.992397685935536,0.017012130688916337
B6,20.0,0.958128078817734,0.9980315347435768,0.017295405746320044
B6,21.0,0.958128078817734,0.9945983926535581,0.01742714346935079
B6,22.0,0.9556650246305419,0.991925722533784,0.016820393239369655
B6,23.0,0.9556650246305419,0.9934337456322954,0.017312259543739675
B6,24.0,0.9532019704433498,0.9940319592852238,0.01685723875195096
B6,25.0,0.9532019704433498,0.9923523265132566,0.016873950842626793
B6,26.0,0.9507389162561576,0.9901102759747642,0.017230184636092497
B6,27.0,0.9507389162561576,0.9908453081391043,0.016981655291969214
B6,28.0,0.9482758620689655,0.9916715487312618,0.017041194420467295
B6,29.0,0.9482758620689655,0.9889123670079094,0.017055267190815234
B6,30.0,0.9482758620689655,0.9935835726964033,0.017391603562720036
B6,31.0,0.9458128078817734,0.9914000220440982,0.01683811259875788
B6,32.0,0.9482758620689655,0.9908851307528324,0.016721346340853812
B6,33.0,0.9458128078817734,0.9898610704920139,0.017096242479550647
B6,34.0,0.9433497536945813,0.9868886714792248,0.0165050821328881
B6,35.0,0.9458128078817734,0.9884587435019465,0.016753541409739364
B6,36.0,0.9433497536945813,0.986325377624403,0.016674331229029504
B6,37.0,0.9433497536945813,0.9873294172410862,0.017284482611502377
B6,38.0,0.9433497536945813,0.9872480804667705,0.01690230546347699
B6,39.0,0.9408866995073891,0.9880311303425595,0.017245488079624064
B6,40.0,0.9408866995073891,0.986774717016068,0.01685344561336903
B6,41.0,0.9408866995073891,0.9790604154867767,0.016992910733154405
B6,42.0,0.9408866995073891,0.9853666316138132,0.016958624576689188
B6,43.0,0.9384236453201971,0.9800864007395526,0.016573387131591327
B6,44.0,0.9384236453201971,0.9831593906367104,0.016851373591654173
B6,45.0,0.9384236453201971,0.9811975156015059,0.016653816758785092
B6,46.0,0.9384236453201971,0.9828878532500833,0.016955731778984087
B6,47.0,0.9359605911330049,0.9810233183847804,0.01635885979683677
B6,48.0,0.9359605911330049,0.9760321025540913,0.017183662456493477
B6,49.0,0.9359605911330049,0.972970801049871,0.016606908904534944
B6,50.0,0.9359605911330049,0.9785615375843262,0.017243610293628992
B6,51.0,0.9359605911330049,0.9751459047421077,0.01688044980549707
B6,52.0,0.9359605911330049,0.9619816813969291,0.01615613051310021
B6,53.0,0.9334975369458128,0.970637280708314,0.017673010209434285
B6,54.0,0.9334975369458128,0.9711535671019041,0.01703033012807357
