channel,cycle,y_true,y_pred,y_std
A1,1.0,1.0,0.9996662,0.0014605124
A1,2.0,0.995049504950495,0.9955033,0.0019700923
A1,3.0,0.9876237623762376,0.99227536,0.0011685785
A1,4.0,0.9826732673267327,0.9895418,0.0015543597
A1,5.0,0.9777227722772277,0.9848097,0.0010955816
A1,6.0,0.9727722772277227,0.9814242,0.0016284867
A1,7.0,0.9702970297029703,0.97627485,0.0029799961
A1,8.0,0.9678217821782178,0.9746701,0.002478073
A1,9.0,0.9653465346534653,0.9696692,0.002405671
A1,10.0,0.9603960396039604,0.96651363,0.0020297156
A1,11.0,0.9579207920792079,0.96237564,0.0017815558
A1,12.0,0.9554455445544554,0.9612676,0.0023888205
A1,13.0,0.9529702970297029,0.9582265,0.0020064195
A1,14.0,0.9529702970297029,0.9547512,0.0026517261
A1,15.0,0.9504950495049505,0.9534248,0.0028767558
A1,16.0,0.948019801980198,0.9537091,0.0028333734
A1,17.0,0.9455445544554455,0.9548769,0.0037425633
A1,18.0,0.9405940594059405,0.95023125,0.0025961413
A1,19.0,0.9405940594059405,0.9492074,0.0033238176
A1,20.0,0.9405940594059405,0.9461854,0.0009138458
A1,21.0,0.9381188118811881,0.9481144,0.001711419
A1,22.0,0.9381188118811881,0.94844884,0.0033036277
A1,23.0,0.9381188118811881,0.94517785,0.0013799743
A1,24.0,0.9356435643564357,0.94561195,0.001508365
A1,25.0,0.9356435643564357,0.944575,0.0011976111
A1,26.0,0.9331683168316832,0.9411362,0.0021648207
A1,27.0,0.9331683168316832,0.9426262,0.0014537646
A1,28.0,0.9306930693069307,0.93718034,0.0014811138
A1,29.0,0.9306930693069307,0.9362668,0.0015579374
A1,30.0,0.9306930693069307,0.93385553,0.0035576962
A1,31.0,0.9282178217821783,0.93273145,0.002248032
A1,32.0,0.9282178217821783,0.9290247,0.0020647875
A1,33.0,0.9257425742574258,0.93109417,0.002387974
A1,34.0,0.9257425742574258,0.9262862,0.0019597777
A1,35.0,0.9232673267326733,0.933613,0.00113228
A1,36.0,0.9232673267326733,0.9250453,0.0017775012
A1,37.0,0.9232673267326733,0.9289015,0.0020073934
A1,38.0,0.9207920792079208,0.92332155,0.002909252
A1,39.0,0.9207920792079208,0.921471,0.001902451
A1,40.0,0.9207920792079208,0.92341614,0.0015388009
A1,41.0,0.9183168316831684,0.93209773,0.0017627861
A1,42.0,0.9183168316831684,0.92171276,0.001510264
A1,43.0,0.9158415841584159,0.9220792,0.001163451
A1,44.0,0.9158415841584159,0.9207792,0.0017674259
A1,45.0,0.9158415841584159,0.9195961,0.0010916344
A1,46.0,0.9158415841584159,0.92237103,0.0027750307
A1,47.0,0.9133663366336634,0.9193598,0.0015571826
A1,48.0,0.9108910891089109,0.9177114,0.0011498652
A1,49.0,0.9108910891089109,0.9180824,0.0010042201
A1,50.0,0.9108910891089109,0.917288,0.0013245107
A1,51.0,0.9108910891089109,0.9143632,0.0013512885
A1,52.0,0.9108910891089109,0.91365814,0.0018930481
A1,53.0,0.9084158415841584,0.9158314,0.0012934955
A1,54.0,0.9084158415841584,0.9116656,0.0013985912
A1,55.0,0.905940594059406,0.912402,0.002264006
A1,56.0,0.9034653465346535,0.916362,0.0015899657
A1,57.0,0.9034653465346535,0.91571236,0.0016569436
A1,58.0,0.9034653465346535,0.91132164,0.0014691638
A1,59.0,0.9034653465346535,0.9107539,0.0011673594
A1,60.0,0.9034653465346535,0.9077166,0.00084167236
A1,61.0,0.9034653465346535,0.90815365,0.0012262019
A1,62.0,0.900990099009901,0.9076837,0.001171008
A1,63.0,0.900990099009901,0.90717715,0.001960354
A1,64.0,0.900990099009901,0.90633076,0.0015461589
A1,65.0,0.8985148514851485,0.9063552,0.000957141
A1,66.0,0.8985148514851485,0.89938086,0.0019573849
A1,67.0,0.8960396039603961,0.90554106,0.0034873101
A1,68.0,0.8960396039603961,0.9043411,0.0015522785
A1,69.0,0.8960396039603961,0.89806545,0.0019553246
A1,70.0,0.8960396039603961,0.90156364,0.0026369495
A1,71.0,0.8935643564356436,0.8989496,0.0021044733
A1,72.0,0.8960396039603961,0.8969229,0.0017049594
A1,73.0,0.8935643564356436,0.895679,0.0015430865
A1,74.0,0.8935643564356436,0.8964041,0.0023411138
A1,75.0,0.8910891089108911,0.89460164,0.0025473004
A1,76.0,0.8910891089108911,0.8927296,0.0024384356
A1,77.0,0.8886138613861386,0.89299726,0.0027302753
A1,78.0,0.8886138613861386,0.89208066,0.0027156149
A1,79.0,0.8886138613861386,0.89260167,0.0019066186
A1,80.0,0.8861386138613861,0.89101636,0.0009706837
A1,81.0,0.8861386138613861,0.89012307,0.0008911047
A1,82.0,0.8861386138613861,0.89002144,0.0007716252
A1,83.0,0.8861386138613861,0.89020956,0.0020378774
A1,84.0,0.8836633663366337,0.8889098,0.0016191954
A1,85.0,0.8836633663366337,0.89002496,0.0019072514
A1,86.0,0.8836633663366337,0.8865628,0.0019667293
A1,87.0,0.8836633663366337,0.88471687,0.0019809492
A1,88.0,0.8811881188118812,0.88420296,0.0016006853
A1,89.0,0.8811881188118812,0.88362044,0.0014648054
A1,90.0,0.8811881188118812,0.88387805,0.0021406568
A1,91.0,0.8787128712871287,0.88446695,0.0015642866
A1,92.0,0.8787128712871287,0.8821942,0.0015372143
A1,93.0,0.8787128712871287,0.88191414,0.0014170771
A1,94.0,0.8762376237623762,0.88197106,0.0012525158
A1,95.0,0.8762376237623762,0.8825781,0.0011139287
A1,96.0,0.8737623762376238,0.88167393,0.0010837264
A1,97.0,0.8737623762376238,0.8820546,0.001322736
A1,98.0,0.8737623762376238,0.8745677,0.0012518386
A1,99.0,0.8737623762376238,0.8747512,0.0013439648
A1,100.0,0.8737623762376238,0.87420064,0.0012308178
A1,101.0,0.8737623762376238,0.87349737,0.0010728386
A1,102.0,0.8712871287128713,0.87349385,0.0011922888
A1,103.0,0.8712871287128713,0.8738653,0.0012087123
A1,104.0,0.8712871287128713,0.87379295,0.0012881925
A1,105.0,0.8688118811881188,0.87300235,0.0015808229
A1,106.0,0.8712871287128713,0.8663846,0.0018040433
A1,107.0,0.8663366336633663,0.87306464,0.001104865
A1,108.0,0.8688118811881188,0.87153643,0.0025241277
A1,109.0,0.8663366336633663,0.872941,0.0013084622
A1,110.0,0.8663366336633663,0.87014407,0.0018804194
A1,111.0,0.8663366336633663,0.8646685,0.0017489538
A1,112.0,0.8638613861386139,0.87187874,0.001368425
A1,113.0,0.8638613861386139,0.86442214,0.0015220575
A1,114.0,0.8638613861386139,0.8639282,0.0019292856
A1,115.0,0.8638613861386139,0.86244714,0.0010507993
A1,116.0,0.8613861386138614,0.86257696,0.0012177572
A1,117.0,0.8613861386138614,0.862717,0.0016953163
A1,118.0,0.8613861386138614,0.8620241,0.0012210138
A1,119.0,0.8589108910891089,0.8624188,0.001395389
A1,120.0,0.8589108910891089,0.8618884,0.0014823255
A1,121.0,0.8589108910891089,0.86158496,0.0012084647
A1,122.0,0.8589108910891089,0.86135375,0.001377786
A1,123.0,0.8564356435643564,0.8612178,0.0014345625
A1,124.0,0.8564356435643564,0.86022484,0.0011178346
A1,125.0,0.8589108910891089,0.85370255,0.0011054868
A1,126.0,0.8514851485148515,0.8601886,0.0011613467
A1,127.0,0.8539603960396039,0.85111654,0.0011760629
A1,128.0,0.8539603960396039,0.85989726,0.0012090736
A1,129.0,0.8514851485148515,0.85372245,0.0014247446
A1,130.0,0.8514851485148515,0.8587006,0.0013588218
A1,131.0,0.849009900990099,0.8549633,0.0021329776
A1,132.0,0.8514851485148515,0.8578025,0.0013475881
A1,133.0,0.8514851485148515,0.8503497,0.001775138
A1,134.0,0.8514851485148515,0.84987545,0.0014241413
A1,135.0,0.8465346534653465,0.8574661,0.0012732021
A1,136.0,0.8465346534653465,0.8500164,0.0014582867
A1,137.0,0.8465346534653465,0.8497365,0.0007568842
A1,138.0,0.8465346534653465,0.848856,0.0017681242
A1,139.0,0.844059405940594,0.85432184,0.0013103783
A1,140.0,0.844059405940594,0.85428065,0.0014395819
A1,141.0,0.8415841584158416,0.854963,0.0020584043
A1,142.0,0.8415841584158416,0.8539869,0.0023174023
A1,143.0,0.8415841584158416,0.8457859,0.0025476066
A1,144.0,0.8391089108910891,0.8522271,0.001297869
A1,145.0,0.8391089108910891,0.84522045,0.0014826411
A1,146.0,0.8366336633663366,0.8458924,0.0014968166
A1,147.0,0.8366336633663366,0.8427636,0.0019636408
A1,148.0,0.8341584158415841,0.8433587,0.0032633434
A1,149.0,0.8366336633663366,0.842988,0.0007757898
A1,150.0,0.8366336633663366,0.8414653,0.0019195717
A1,151.0,0.8366336633663366,0.8373836,0.002181956
A1,152.0,0.8341584158415841,0.835221,0.004261717
A1,153.0,0.8341584158415841,0.8377506,0.0026592684
A1,154.0,0.8316831683168316,0.8377207,0.0023948273
A1,155.0,0.8292079207920792,0.83524495,0.00082941056
A1,156.0,0.8292079207920792,0.83381116,0.0012832478
A1,157.0,0.8292079207920792,0.83359736,0.0032553603
A1,158.0,0.8267326732673267,0.83315575,0.003245661
A1,159.0,0.8267326732673267,0.82921183,0.003972302
A1,160.0,0.8242574257425742,0.8313648,0.0036619848
A1,161.0,0.8242574257425742,0.82838356,0.0042794803
A1,162.0,0.8242574257425742,0.83060634,0.0015242491
A1,163.0,0.8217821782178217,0.8263146,0.0029503908
A1,164.0,0.8168316831683168,0.8279974,0.003925061
A1,165.0,0.8168316831683168,0.8238484,0.0030599928
A1,166.0,0.8168316831683168,0.8222375,0.0040841447
A1,167.0,0.8143564356435643,0.82060087,0.0039011184
A1,168.0,0.8118811881188119,0.81983215,0.0041529434
A1,169.0,0.8118811881188119,0.82050097,0.0041908496
A1,170.0,0.8094059405940595,0.8228728,0.0030493008
A1,171.0,0.806930693069307,0.81965923,0.0033819808
A1,172.0,0.8044554455445545,0.8183218,0.0066462597
A1,173.0,0.8044554455445545,0.8164911,0.00429669
A1,174.0,0.801980198019802,0.814083,0.0034809315
A1,175.0,0.801980198019802,0.8159707,0.0028396891
A1,176.0,0.7995049504950495,0.80933684,0.003142699
A1,177.0,0.7995049504950495,0.80855143,0.0050218534
A1,178.0,0.7970297029702971,0.80637085,0.0036297808
A1,179.0,0.7945544554455446,0.8072524,0.0037906962
A1,180.0,0.7945544554455446,0.80372286,0.0038173483
A1,181.0,0.7920792079207921,0.7971166,0.0065111313
A1,182.0,0.7896039603960396,0.80431575,0.0045906533
A1,183.0,0.7871287128712872,0.7996287,0.004856441
A1,184.0,0.7846534653465347,0.80247146,0.0050540334
A1,185.0,0.7846534653465347,0.79415303,0.0061991923
A1,186.0,0.7846534653465347,0.7959214,0.0059815287
A1,187.0,0.7772277227722773,0.7963613,0.0059355083
A1,188.0,0.7772277227722773,0.8038473,0.0050479933
A1,189.0,0.7772277227722773,0.79699725,0.006641451
A1,190.0,0.7722772277227723,0.79681206,0.0068413033
A1,191.0,0.7722772277227723,0.8071413,0.0043023843
A1,192.0,0.7698019801980198,0.8068573,0.0045165196
A1,193.0,0.7673267326732673,0.7982219,0.0059464495
A1,194.0,0.7623762376237624,0.77186984,0.0034844673
A1,195.0,0.7623762376237624,0.77203417,0.003727349
A1,196.0,0.7599009900990099,0.75989896,0.004933532
A1,197.0,0.7574257425742574,0.7698263,0.0037888617
A1,198.0,0.754950495049505,0.7715939,0.0039005743
A1,199.0,0.754950495049505,0.7849445,0.005924626
A1,200.0,0.75,0.76755327,0.0034706595
A1,201.0,0.7475247524752475,0.75957006,0.0059105833
A1,202.0,0.7475247524752475,0.7513713,0.006060975
A1,203.0,0.7425742574257426,0.7624804,0.0062845037
A1,204.0,0.7400990099009901,0.7459346,0.004721794
A1,205.0,0.7376237623762376,0.7470429,0.0035831374
A1,206.0,0.7351485148514851,0.7438065,0.0056420504
A1,207.0,0.7277227722772277,0.74997216,0.0046789623
A1,208.0,0.7301980198019802,0.74400836,0.005446437
A1,209.0,0.7227722772277227,0.75026023,0.0032538865
A1,210.0,0.7277227722772277,0.73825085,0.007872163
A1,211.0,0.7227722772277227,0.7420717,0.0057785353
A1,212.0,0.7178217821782178,0.7318537,0.007052232
A1,213.0,0.7128712871287128,0.74104625,0.006041378
A1,214.0,0.7153465346534653,0.7382011,0.006742927
A1,215.0,0.7079207920792079,0.73738134,0.0048328275
A1,216.0,0.7079207920792079,0.7359335,0.0056089596
A1,217.0,0.7029702970297029,0.73800653,0.0054061403
A1,218.0,0.7103960396039604,0.7253493,0.0077920672
A1,219.0,0.7029702970297029,0.7377881,0.0063779554
A1,220.0,0.7029702970297029,0.7233022,0.008241753
A1,221.0,0.7004950495049505,0.73299754,0.0076240045
A1,222.0,0.698019801980198,0.718284,0.0042119185
A1,223.0,0.6955445544554455,0.7241684,0.00738289
A1,224.0,0.693069306930693,0.7210976,0.008953198
A1,225.0,0.6905940594059405,0.7161938,0.0057993648
A1,226.0,0.6905940594059405,0.7173422,0.0039691697
A1,227.0,0.6856435643564357,0.7163741,0.005376675
A1,228.0,0.6856435643564357,0.71698046,0.0033398822
A1,229.0,0.6806930693069307,0.7163371,0.002815598
A1,230.0,0.6806930693069307,0.71479553,0.0025962899
A1,231.0,0.6757425742574258,0.71498835,0.002589984
A1,232.0,0.6757425742574258,0.7160398,0.0030350422
A1,233.0,0.6707920792079208,0.7143484,0.004045147
A1,234.0,0.6683168316831684,0.7149854,0.007773657
A1,235.0,0.6707920792079208,0.7135357,0.0039217616
A1,236.0,0.6633663366336634,0.71176445,0.0035121758
A1,237.0,0.6658415841584159,0.710194,0.003947
A1,238.0,0.6584158415841584,0.7054075,0.007356176
A1,239.0,0.655940594059406,0.6982672,0.009336051
A1,240.0,0.650990099009901,0.70136344,0.0062545626
A1,241.0,0.650990099009901,0.6925224,0.008073725
A1,242.0,0.6460396039603961,0.6779384,0.0077483715
A1,243.0,0.6410891089108911,0.6836679,0.010450568
A1,244.0,0.6410891089108911,0.6823023,0.009892095
A1,245.0,0.6336633663366337,0.6791769,0.008884812
A1,246.0,0.6361386138613861,0.6712112,0.0083245095
A1,247.0,0.6262376237623762,0.67281574,0.008624789
A1,248.0,0.6262376237623762,0.6552348,0.011262448
A1,249.0,0.6212871287128713,0.6564806,0.013706744
A1,250.0,0.6163366336633663,0.6609656,0.009352262
A1,251.0,0.6138613861386139,0.6532274,0.010621408
A1,252.0,0.6089108910891089,0.6280756,0.0107395165
A1,253.0,0.6064356435643564,0.6292063,0.011169673
A1,254.0,0.6014851485148515,0.6252014,0.010729011
A1,255.0,0.6014851485148515,0.62291324,0.016803423
A1,256.0,0.5915841584158416,0.624108,0.008540695
A1,257.0,0.5891089108910891,0.60527074,0.012240235
A1,258.0,0.5816831683168316,0.59856904,0.017278684
A1,259.0,0.5792079207920792,0.59826404,0.016139232
A1,260.0,0.5767326732673267,0.5916643,0.017024117
A1,261.0,0.5742574257425742,0.59538865,0.022086717
A1,262.0,0.5668316831683168,0.5890687,0.018130945
A1,263.0,0.5643564356435643,0.56890243,0.009809313
A1,264.0,0.556930693069307,0.5690409,0.009166571
A1,265.0,0.551980198019802,0.5631962,0.009450433
A1,266.0,0.5420792079207921,0.5470909,0.011390053
A1,267.0,0.5371287128712872,0.5400204,0.007232428
A2,1.0,1.0,0.99901485,0.0013483114
A2,2.0,0.9950372208436724,0.9970355,0.0011313235
A2,3.0,0.9875930521091811,0.9937738,0.0020761217
A2,4.0,0.9826302729528535,0.98576325,0.0027217877
A2,5.0,0.9801488833746899,0.98581874,0.0017642069
A2,6.0,0.9751861042183623,0.9804624,0.002783037
A2,7.0,0.9702233250620348,0.97821534,0.0027629244
A2,8.0,0.967741935483871,0.97261935,0.0018485459
A2,9.0,0.9652605459057072,0.97015125,0.0019223318
A2,10.0,0.9602977667493796,0.9653969,0.0034111326
A2,11.0,0.9578163771712159,0.96177685,0.004108267
A2,12.0,0.9578163771712159,0.9646374,0.0021170683
A2,13.0,0.9553349875930521,0.96072257,0.0041169445
A2,14.0,0.9528535980148883,0.95942897,0.0025859284
A2,15.0,0.9503722084367245,0.9592376,0.0030948715
A2,16.0,0.9478908188585607,0.95798624,0.0030153936
A2,17.0,0.9429280397022333,0.9565088,0.0023192428
A2,18.0,0.9429280397022333,0.95699966,0.0021431772
A2,19.0,0.9404466501240695,0.951835,0.0028121297
A2,20.0,0.9404466501240695,0.95301306,0.0020573826
A2,21.0,0.9404466501240695,0.94540787,0.0046325573
A2,22.0,0.9379652605459057,0.94231576,0.0028101634
A2,23.0,0.9379652605459057,0.93626183,0.0039919224
A2,24.0,0.9354838709677419,0.93554956,0.0010227989
A2,25.0,0.9354838709677419,0.9347906,0.0017745941
A2,26.0,0.9330024813895782,0.93374884,0.0011933646
A2,27.0,0.9305210918114144,0.9337573,0.00095711736
A2,28.0,0.9305210918114144,0.92820615,0.0026346908
A2,29.0,0.9305210918114144,0.92555475,0.0016644783
A2,30.0,0.9305210918114144,0.92531264,0.0017452823
A2,31.0,0.9280397022332506,0.92714036,0.0020113895
A2,32.0,0.9255583126550868,0.93006575,0.0024446596
A2,33.0,0.9255583126550868,0.92723495,0.0020945417
A2,34.0,0.9230769230769231,0.9234465,0.001373219
A2,35.0,0.9230769230769231,0.92493165,0.0019406676
A2,36.0,0.9230769230769231,0.923888,0.0016595509
A2,37.0,0.9205955334987593,0.92220575,0.0023136267
A2,38.0,0.9205955334987593,0.92199343,0.0021381613
A2,39.0,0.9205955334987593,0.92034465,0.0018007465
A2,40.0,0.9181141439205955,0.9216322,0.0014837093
A2,41.0,0.9181141439205955,0.9205128,0.0018171865
A2,42.0,0.9156327543424317,0.91954625,0.0016219756
A2,43.0,0.9156327543424317,0.91853964,0.0017526707
A2,44.0,0.9156327543424317,0.9169653,0.0015268333
A2,45.0,0.9156327543424317,0.91486675,0.002263366
A2,46.0,0.913151364764268,0.9158581,0.0016340157
A2,47.0,0.9106699751861043,0.9178709,0.002635863
A2,48.0,0.9106699751861043,0.9173479,0.0015725804
A2,49.0,0.9106699751861043,0.9145185,0.0015054016
A2,50.0,0.9106699751861043,0.9122783,0.002526966
A2,51.0,0.9081885856079405,0.91123617,0.0027138465
A2,52.0,0.9081885856079405,0.9129413,0.0018113606
A2,53.0,0.9057071960297767,0.9117042,0.002769407
A2,54.0,0.9057071960297767,0.910874,0.0026005416
A2,55.0,0.9032258064516129,0.91353244,0.0022398897
A2,56.0,0.9032258064516129,0.91431427,0.0034811988
A2,57.0,0.9007444168734491,0.91414845,0.0039645256
A2,58.0,0.9032258064516129,0.90954816,0.002140782
A2,59.0,0.9007444168734491,0.908312,0.0029760725
A2,60.0,0.9007444168734491,0.9075745,0.0023108688
A2,61.0,0.8982630272952854,0.90719223,0.0025447053
A2,62.0,0.8982630272952854,0.9083656,0.0027130807
A2,63.0,0.8982630272952854,0.9068432,0.0023836272
A2,64.0,0.8957816377171216,0.9072154,0.0021081578
A2,65.0,0.8982630272952854,0.90339553,0.0036629518
A2,66.0,0.8933002481389578,0.90576637,0.0044580866
A2,67.0,0.8933002481389578,0.90170956,0.004670259
A2,68.0,0.8933002481389578,0.8989271,0.0032810874
A2,69.0,0.8933002481389578,0.9024466,0.004771721
A2,70.0,0.890818858560794,0.89960223,0.004709126
A2,71.0,0.8933002481389578,0.9007317,0.00415789
A2,72.0,0.890818858560794,0.89471626,0.0025717132
A2,73.0,0.8883374689826302,0.89709187,0.003580843
A2,74.0,0.8883374689826302,0.8993165,0.003850874
A2,75.0,0.8883374689826302,0.8975207,0.0027645573
A2,76.0,0.8858560794044665,0.89775133,0.0022402888
A2,77.0,0.8858560794044665,0.895434,0.0035625699
A2,78.0,0.8858560794044665,0.89234936,0.003340327
A2,79.0,0.8833746898263027,0.8969099,0.003831023
A2,80.0,0.8833746898263027,0.89120424,0.0022819994
A2,81.0,0.8833746898263027,0.89133567,0.0026766853
A2,82.0,0.8833746898263027,0.890848,0.004604814
A2,83.0,0.8808933002481389,0.8899619,0.004244859
A2,84.0,0.8808933002481389,0.88674337,0.003488537
A2,85.0,0.8808933002481389,0.8842012,0.0021995069
A2,86.0,0.8784119106699751,0.8813907,0.0031877859
A2,87.0,0.8784119106699751,0.88165015,0.002442991
A2,88.0,0.8759305210918115,0.8815463,0.0024673978
A2,89.0,0.8759305210918115,0.8808177,0.0026294517
A2,90.0,0.8759305210918115,0.8800886,0.0026866752
A2,91.0,0.8759305210918115,0.87603676,0.0030346473
A2,92.0,0.8734491315136477,0.8734107,0.0015241449
A2,93.0,0.8734491315136477,0.8723005,0.0019193807
A2,94.0,0.8709677419354839,0.87883264,0.0023953666
A2,95.0,0.8709677419354839,0.87363684,0.0030160367
A2,96.0,0.8709677419354839,0.87109184,0.0018052396
A2,97.0,0.8734491315136477,0.8632916,0.0030796563
A2,98.0,0.8709677419354839,0.8702184,0.0031651473
A2,99.0,0.8684863523573201,0.86926854,0.0033583965
A2,100.0,0.8684863523573201,0.8686754,0.0028024563
A2,101.0,0.8684863523573201,0.86804473,0.0041318997
A2,102.0,0.8684863523573201,0.86734736,0.0029592286
A2,103.0,0.8660049627791563,0.8615257,0.0033590663
A2,104.0,0.8660049627791563,0.85932016,0.0025748587
A2,105.0,0.8660049627791563,0.8560244,0.0016737324
A2,106.0,0.8635235732009926,0.8588111,0.0020843896
A2,107.0,0.8635235732009926,0.85686606,0.001741408
A2,108.0,0.8610421836228288,0.8567277,0.0022939967
A2,109.0,0.8635235732009926,0.8556162,0.0015452696
A2,110.0,0.8610421836228288,0.8557248,0.0020642905
A2,111.0,0.8610421836228288,0.85598534,0.0018060377
A2,112.0,0.8610421836228288,0.85449755,0.001804139
A2,113.0,0.858560794044665,0.8563857,0.0022175792
A2,114.0,0.858560794044665,0.8508612,0.0032326772
A2,115.0,0.858560794044665,0.8500391,0.0029467437
A2,116.0,0.8560794044665012,0.849753,0.0031259086
A2,117.0,0.8560794044665012,0.84959173,0.0029113549
A2,118.0,0.8535980148883374,0.84971607,0.0028841111
A2,119.0,0.8535980148883374,0.8534191,0.0029842886
A2,120.0,0.8535980148883374,0.8526473,0.0036902376
A2,121.0,0.8535980148883374,0.84476006,0.0021634481
A2,122.0,0.8511166253101737,0.8526471,0.0044606198
A2,123.0,0.8511166253101737,0.8527358,0.0035644593
A2,124.0,0.8511166253101737,0.84479415,0.0028010022
A2,125.0,0.8486352357320099,0.85259753,0.005015022
A2,126.0,0.8461538461538461,0.84556544,0.0032051136
A2,127.0,0.8461538461538461,0.8392172,0.0032652179
A2,128.0,0.8486352357320099,0.8495809,0.004339373
A2,129.0,0.8461538461538461,0.84735185,0.003962558
A2,130.0,0.8436724565756824,0.8546626,0.0053074444
A2,131.0,0.8461538461538461,0.8504618,0.0074938363
A2,132.0,0.8461538461538461,0.83802986,0.0028693988
A2,133.0,0.8436724565756824,0.84556353,0.0030929476
A2,134.0,0.8411910669975186,0.8485718,0.007297319
A2,135.0,0.8411910669975186,0.84392375,0.0026091465
A2,136.0,0.8387096774193549,0.84433067,0.0030470232
A2,137.0,0.8387096774193549,0.842257,0.0032872916
A2,138.0,0.8387096774193549,0.8431881,0.0059462795
A2,139.0,0.8362282878411911,0.85179317,0.0055974266
A2,140.0,0.8362282878411911,0.85135233,0.004497688
A2,141.0,0.8337468982630273,0.85356253,0.004564568
A2,142.0,0.8362282878411911,0.8424503,0.0048880745
A2,143.0,0.8362282878411911,0.84152174,0.004015376
A2,144.0,0.8337468982630273,0.8374117,0.0055563836
A2,145.0,0.8312655086848635,0.8432263,0.0064373054
A2,146.0,0.8312655086848635,0.82948196,0.004237461
A2,147.0,0.8287841191066998,0.84474754,0.0065349373
A2,148.0,0.8287841191066998,0.84082496,0.0060816063
A2,149.0,0.8287841191066998,0.8342906,0.0062605483
A2,150.0,0.8287841191066998,0.83221024,0.0060324296
A2,151.0,0.826302729528536,0.8331763,0.0057604816
A2,152.0,0.826302729528536,0.83251923,0.0065783607
A2,153.0,0.8238213399503722,0.82210577,0.004397878
A2,154.0,0.8238213399503722,0.82266414,0.0041332194
A2,155.0,0.8213399503722084,0.82162845,0.005265862
A2,156.0,0.8213399503722084,0.8222645,0.0065613897
A2,157.0,0.8213399503722084,0.83241785,0.007838461
A2,158.0,0.8188585607940446,0.82831544,0.006978136
A2,159.0,0.8163771712158809,0.83006525,0.007250459
A2,160.0,0.8163771712158809,0.82565916,0.0063214935
A2,161.0,0.8138957816377171,0.82614404,0.0058963723
A2,162.0,0.8138957816377171,0.8263062,0.0057912664
A2,163.0,0.8114143920595533,0.8252899,0.007141599
A2,164.0,0.8114143920595533,0.82447875,0.007448597
A2,165.0,0.8089330024813896,0.81853837,0.006067677
A2,166.0,0.8064516129032258,0.8175505,0.0069020884
A2,167.0,0.8064516129032258,0.81742305,0.0068380004
A2,168.0,0.8039702233250621,0.81650716,0.007258021
A2,169.0,0.8014888337468983,0.80702484,0.007271763
A2,170.0,0.8014888337468983,0.80978984,0.008460879
A2,171.0,0.7990074441687345,0.7999146,0.008609114
A2,172.0,0.7965260545905707,0.797104,0.008189071
A2,173.0,0.7965260545905707,0.7931739,0.0071241516
A2,174.0,0.794044665012407,0.7947186,0.0049041095
A2,175.0,0.7915632754342432,0.78933436,0.0051719365
A2,176.0,0.7915632754342432,0.7884237,0.005576529
A2,177.0,0.7890818858560794,0.7828575,0.0055151805
A2,178.0,0.7866004962779156,0.782008,0.0062580993
A2,179.0,0.7866004962779156,0.77959436,0.008050701
A2,180.0,0.7841191066997518,0.78070945,0.009623776
A2,181.0,0.7816377171215881,0.7729255,0.007481654
A2,182.0,0.7791563275434243,0.7731585,0.008624916
A2,183.0,0.7766749379652605,0.7696656,0.006140111
A2,184.0,0.7741935483870968,0.7675798,0.0062865056
A2,185.0,0.7741935483870968,0.7653026,0.0062431186
A2,186.0,0.771712158808933,0.7627632,0.0059740962
A2,187.0,0.7667493796526055,0.77088785,0.009526784
A2,188.0,0.7642679900744417,0.7697811,0.010694632
A2,189.0,0.7617866004962779,0.7650885,0.007765254
A2,190.0,0.7593052109181141,0.76858056,0.010335939
A2,191.0,0.7568238213399504,0.76361835,0.009938614
A2,192.0,0.7568238213399504,0.7568759,0.00693501
A2,193.0,0.7518610421836228,0.7638711,0.009288451
A2,194.0,0.749379652605459,0.75973105,0.0074369055
A2,195.0,0.749379652605459,0.7576991,0.0076120864
A2,196.0,0.7444168734491315,0.7549611,0.0052525676
A2,197.0,0.7419354838709677,0.75761855,0.008717396
A2,198.0,0.739454094292804,0.75777876,0.0067238226
A2,199.0,0.7344913151364765,0.75373596,0.009163633
A2,200.0,0.7320099255583127,0.7543408,0.010130375
A2,201.0,0.7295285359801489,0.75280285,0.01076608
A2,202.0,0.7270471464019851,0.7511132,0.008376605
A2,203.0,0.7245657568238213,0.75157773,0.009544925
A2,204.0,0.7196029776674938,0.749433,0.010165945
A2,205.0,0.71712158808933,0.7372304,0.010010381
A2,206.0,0.7121588089330024,0.7446693,0.009979477
A2,207.0,0.7146401985111662,0.727247,0.01059994
A2,208.0,0.707196029776675,0.7523409,0.0064799422
A2,209.0,0.707196029776675,0.72497356,0.011156164
A2,210.0,0.6997518610421837,0.73426366,0.009244638
A2,211.0,0.6972704714640199,0.7280771,0.011354957
A2,212.0,0.6923076923076923,0.7343513,0.01146824
A2,213.0,0.6898263027295285,0.7327173,0.0100058
A2,214.0,0.6873449131513648,0.7327966,0.010778812
A2,215.0,0.684863523573201,0.7319652,0.010896287
A2,216.0,0.6823821339950372,0.7316931,0.011205959
A2,217.0,0.6823821339950372,0.72918206,0.010017201
A2,218.0,0.6823821339950372,0.7269585,0.0111434385
A2,219.0,0.6774193548387096,0.7308072,0.010218405
A2,220.0,0.674937965260546,0.73143685,0.010573591
A2,221.0,0.6724565756823822,0.72974956,0.010195396
A2,222.0,0.6699751861042184,0.72078997,0.010483309
A2,223.0,0.6674937965260546,0.7224699,0.009210773
A2,224.0,0.6650124069478908,0.72992253,0.009136215
A2,225.0,0.6625310173697271,0.7204392,0.009366975
A2,226.0,0.6600496277915633,0.7110937,0.010138357
A2,227.0,0.6550868486352357,0.72713816,0.0052318485
A2,228.0,0.6501240694789082,0.7115991,0.0064503667
A2,229.0,0.6476426799007444,0.70527226,0.0064556897
A2,230.0,0.6426799007444168,0.7024349,0.006506594
A2,231.0,0.6401985111662531,0.69799304,0.009244823
A2,232.0,0.6377171215880894,0.69533324,0.007954879
A2,233.0,0.6327543424317618,0.6966214,0.008952025
A2,234.0,0.630272952853598,0.6806137,0.009185151
A2,235.0,0.6203473945409429,0.6775807,0.0053646634
A2,236.0,0.6203473945409429,0.66703314,0.007581805
A2,237.0,0.6153846153846154,0.673596,0.006450606
A2,238.0,0.607940446650124,0.6776563,0.00812201
A2,239.0,0.6029776674937966,0.6579584,0.0061634444
A2,240.0,0.5955334987593052,0.64539826,0.0077269888
A2,241.0,0.5955334987593052,0.62513745,0.010432185
A2,242.0,0.5856079404466501,0.63398314,0.009700804
A2,243.0,0.5831265508684863,0.6201103,0.00987699
A2,244.0,0.5732009925558312,0.6214078,0.009264114
A2,245.0,0.5707196029776674,0.6100647,0.0074366974
A2,246.0,0.5583126550868487,0.61135954,0.0066922083
A2,247.0,0.5558312655086849,0.60278744,0.0057994532
A2,248.0,0.5459057071960298,0.6113163,0.0092908
A2,249.0,0.5359801488833746,0.60215807,0.0053600967
A2,250.0,0.5359801488833746,0.6064722,0.0104239965
A2,251.0,0.5260545905707196,0.6046304,0.0060591823
A2,252.0,0.5210918114143921,0.60582227,0.009181779
A2,253.0,0.5161290322580645,0.61363,0.012994746
A2,254.0,0.511166253101737,0.6104512,0.014751404
A2,255.0,0.4987593052109181,0.60921615,0.015049008
A2,256.0,0.49379652605459057,0.6086892,0.014171193
A2,257.0,0.48635235732009924,0.586721,0.0053660367
A2,258.0,0.4813895781637717,0.5900479,0.010623458
A2,259.0,0.47642679900744417,0.5887065,0.010365701
A2,260.0,0.46898263027295284,0.58750904,0.011527125
A2,261.0,0.46153846153846156,0.58568585,0.010461656
A2,262.0,0.456575682382134,0.5759225,0.008082655
A2,263.0,0.4491315136476427,0.5796562,0.009972498
A2,264.0,0.4441687344913151,0.5661524,0.012599941
A2,265.0,0.4292803970223325,0.55432856,0.011094964
A2,266.0,0.41935483870967744,0.51715124,0.009114452
A3,1.0,1.0,0.9650604,0.0023241327
A3,2.0,0.9973753280839895,0.9648207,0.0024677685
A3,3.0,0.994750656167979,0.96459675,0.0028132028
A3,4.0,0.994750656167979,0.96369916,0.0023864254
A3,5.0,0.9921259842519685,0.96211815,0.0027488365
A3,6.0,0.9921259842519685,0.95630205,0.0022901322
A3,7.0,0.989501312335958,0.95515,0.0031068271
A3,8.0,0.9868766404199475,0.9541329,0.0027263877
A3,9.0,0.9868766404199475,0.9553447,0.00254826
A3,10.0,0.984251968503937,0.95484495,0.002318842
A3,11.0,0.984251968503937,0.9521295,0.003266636
A3,12.0,0.9816272965879265,0.95050514,0.0031873728
A3,13.0,0.9816272965879265,0.9458092,0.0027656278
A3,14.0,0.9816272965879265,0.9448515,0.0029937434
A3,15.0,0.979002624671916,0.944308,0.002904315
A3,16.0,0.979002624671916,0.9433422,0.0028041247
A3,17.0,0.9763779527559056,0.9446971,0.0028758512
A3,18.0,0.973753280839895,0.9446952,0.00286652
A3,19.0,0.973753280839895,0.9451262,0.0028612171
A3,20.0,0.973753280839895,0.9401027,0.0033008175
A3,21.0,0.973753280839895,0.9385978,0.0037018694
A3,22.0,0.973753280839895,0.93786925,0.0027755313
A3,23.0,0.973753280839895,0.9370157,0.0025427353
A3,24.0,0.9711286089238845,0.9360863,0.0026436737
A3,25.0,0.9711286089238845,0.94297564,0.0036709954
A3,26.0,0.968503937007874,0.9364072,0.003014907
A3,27.0,0.968503937007874,0.9362217,0.0026080995
A3,28.0,0.9658792650918635,0.9307474,0.0024716659
A3,29.0,0.968503937007874,0.922983,0.0020929654
A3,30.0,0.9658792650918635,0.92389905,0.0020840734
A3,31.0,0.9658792650918635,0.9219917,0.0020645247
A3,32.0,0.963254593175853,0.9218837,0.0018837599
A3,33.0,0.963254593175853,0.9217901,0.001545106
A3,34.0,0.9606299212598425,0.92417395,0.0022651737
A3,35.0,0.963254593175853,0.9203698,0.0029203305
A3,36.0,0.9606299212598425,0.91749144,0.0021118359
A3,37.0,0.9606299212598425,0.9167377,0.0021115616
A3,38.0,0.9606299212598425,0.920537,0.0014246462
A3,39.0,0.958005249343832,0.92103434,0.001597276
A3,40.0,0.958005249343832,0.9208792,0.0013155455
A3,41.0,0.958005249343832,0.92120075,0.0016412431
A3,42.0,0.958005249343832,0.9149682,0.0021002553
A3,43.0,0.9553805774278216,0.91571236,0.0016242836
A3,44.0,0.9553805774278216,0.9131783,0.0020130507
A3,45.0,0.952755905511811,0.9150179,0.0017992738
A3,46.0,0.952755905511811,0.91669863,0.0022513103
A3,47.0,0.952755905511811,0.91296256,0.0016330195
A3,48.0,0.952755905511811,0.91005695,0.0017692668
A3,49.0,0.952755905511811,0.90865165,0.0026646126
A3,50.0,0.952755905511811,0.91067564,0.0023038618
A3,51.0,0.9501312335958005,0.91192275,0.0026132867
A3,52.0,0.9501312335958005,0.91107386,0.0022209703
A3,53.0,0.94750656167979,0.914162,0.0027171182
A3,54.0,0.94750656167979,0.9119092,0.0016740059
A3,55.0,0.94750656167979,0.9022312,0.0022036443
A3,56.0,0.9422572178477691,0.9060729,0.0021350284
A3,57.0,0.9448818897637795,0.90050375,0.002391825
A3,58.0,0.9448818897637795,0.9034665,0.0013391974
A3,59.0,0.9448818897637795,0.8989459,0.0022453307
A3,60.0,0.9422572178477691,0.9021164,0.001846692
A3,61.0,0.9422572178477691,0.90742075,0.0013047884
A3,62.0,0.9422572178477691,0.89663255,0.0028076353
A3,63.0,0.9422572178477691,0.9025496,0.0018738093
A3,64.0,0.9422572178477691,0.89373505,0.003144526
A3,65.0,0.9396325459317585,0.89483225,0.002099219
A3,66.0,0.9396325459317585,0.8930969,0.0033123118
A3,67.0,0.937007874015748,0.894492,0.0024928038
A3,68.0,0.937007874015748,0.8909823,0.003055242
A3,69.0,0.937007874015748,0.89158183,0.0033383544
A3,70.0,0.937007874015748,0.8935877,0.002352069
A3,71.0,0.9343832020997376,0.89330274,0.0025206255
A3,72.0,0.9343832020997376,0.8863099,0.0033606023
A3,73.0,0.9343832020997376,0.8857255,0.0028893915
A3,74.0,0.9343832020997376,0.8832871,0.0027174943
A3,75.0,0.9343832020997376,0.8824719,0.0028984845
A3,76.0,0.931758530183727,0.8839272,0.0024085846
A3,77.0,0.931758530183727,0.88169396,0.0028379897
A3,78.0,0.9291338582677166,0.88778067,0.0038904436
A3,79.0,0.9291338582677166,0.88514215,0.0029107125
A3,80.0,0.9291338582677166,0.8854183,0.0035999059
A3,81.0,0.9291338582677166,0.8793658,0.0033011204
A3,82.0,0.9291338582677166,0.87880313,0.0030428455
A3,83.0,0.926509186351706,0.87835234,0.002617394
A3,84.0,0.926509186351706,0.8761832,0.002263325
A3,85.0,0.926509186351706,0.8746235,0.0036094734
A3,86.0,0.9238845144356955,0.8760319,0.0025960794
A3,87.0,0.9238845144356955,0.8701414,0.002886792
A3,88.0,0.9212598425196851,0.87379026,0.0039823176
A3,89.0,0.9212598425196851,0.87063897,0.0048495308
A3,90.0,0.9212598425196851,0.869908,0.00482751
A3,91.0,0.9186351706036745,0.8682324,0.0038770635
A3,92.0,0.9186351706036745,0.8682858,0.0034965642
A3,93.0,0.916010498687664,0.8754816,0.0031197683
A3,94.0,0.9133858267716536,0.8679639,0.0043720882
A3,95.0,0.9133858267716536,0.8679824,0.0042573307
A3,96.0,0.916010498687664,0.86079633,0.0036141225
A3,97.0,0.9133858267716536,0.86073697,0.0036507798
A3,98.0,0.910761154855643,0.86040986,0.00413646
A3,99.0,0.910761154855643,0.86655533,0.004191768
A3,100.0,0.910761154855643,0.8611749,0.004389527
A3,101.0,0.910761154855643,0.85930693,0.0037160278
A3,102.0,0.9081364829396326,0.8577097,0.004152863
A3,103.0,0.9081364829396326,0.85712945,0.0038359521
A3,104.0,0.9081364829396326,0.85773945,0.0037763456
A3,105.0,0.905511811023622,0.8560821,0.0036159286
A3,106.0,0.905511811023622,0.85566074,0.003621565
A3,107.0,0.9028871391076115,0.85765344,0.0042814366
A3,108.0,0.905511811023622,0.85525906,0.0036972319
A3,109.0,0.9028871391076115,0.8559785,0.0037481647
A3,110.0,0.9028871391076115,0.85608137,0.0037648645
A3,111.0,0.9028871391076115,0.85182285,0.0035424489
A3,112.0,0.9002624671916011,0.8565601,0.004387961
A3,113.0,0.9002624671916011,0.84837407,0.003958384
A3,114.0,0.9002624671916011,0.8480776,0.0034817858
A3,115.0,0.8976377952755905,0.8491933,0.00633506
A3,116.0,0.8976377952755905,0.8448531,0.0028200909
A3,117.0,0.89501312335958,0.84701383,0.0032407288
A3,118.0,0.89501312335958,0.8458064,0.002872696
A3,119.0,0.89501312335958,0.84332526,0.0032153532
A3,120.0,0.89501312335958,0.84870833,0.004438852
A3,121.0,0.89501312335958,0.8454336,0.0066695693
A3,122.0,0.8923884514435696,0.84426844,0.0033836947
A3,123.0,0.8923884514435696,0.84313166,0.0035273973
A3,124.0,0.8923884514435696,0.8428246,0.003375988
A3,125.0,0.8871391076115486,0.85323703,0.0049952255
A3,126.0,0.8871391076115486,0.84120464,0.0028863524
A3,127.0,0.889763779527559,0.8432115,0.0069091353
A3,128.0,0.8871391076115486,0.84161156,0.003445694
A3,129.0,0.884514435695538,0.8432431,0.003540532
A3,130.0,0.884514435695538,0.85275984,0.004851273
A3,131.0,0.889763779527559,0.8404568,0.0031781963
A3,132.0,0.8871391076115486,0.8426136,0.006338377
A3,133.0,0.884514435695538,0.84271467,0.0067171585
A3,134.0,0.8818897637795275,0.84146607,0.0040700645
A3,135.0,0.8818897637795275,0.83959615,0.009442182
A3,136.0,0.8818897637795275,0.83714426,0.003694977
A3,137.0,0.8792650918635171,0.839344,0.003965635
A3,138.0,0.8792650918635171,0.8413094,0.0042351168
A3,139.0,0.8792650918635171,0.8405255,0.0042719576
A3,140.0,0.8792650918635171,0.83978003,0.0039697425
A3,141.0,0.8792650918635171,0.83919585,0.0035750389
A3,142.0,0.8818897637795275,0.83676136,0.009085633
A3,143.0,0.8766404199475065,0.8343657,0.007876268
A3,144.0,0.8766404199475065,0.8334767,0.0044930023
A3,145.0,0.8766404199475065,0.832121,0.005082377
A3,146.0,0.8740157480314961,0.83378744,0.0075081727
A3,147.0,0.8740157480314961,0.83358145,0.0036189288
A3,148.0,0.8740157480314961,0.83190477,0.005188776
A3,149.0,0.8740157480314961,0.8303358,0.004536186
A3,150.0,0.8713910761154856,0.8307236,0.005138367
A3,151.0,0.8713910761154856,0.8303173,0.005019683
A3,152.0,0.8713910761154856,0.8302827,0.0050137183
A3,153.0,0.8713910761154856,0.8293282,0.0047859945
A3,154.0,0.868766404199475,0.8294927,0.0053209905
A3,155.0,0.868766404199475,0.82567376,0.0056662643
A3,156.0,0.868766404199475,0.82943237,0.005131423
A3,157.0,0.868766404199475,0.83121455,0.0036930752
A3,158.0,0.8661417322834646,0.8261198,0.00342189
A3,159.0,0.863517060367454,0.82811356,0.003547755
A3,160.0,0.863517060367454,0.8255533,0.0034689435
A3,161.0,0.8661417322834646,0.8188548,0.0047517642
A3,162.0,0.863517060367454,0.81881034,0.004862367
A3,163.0,0.8608923884514436,0.8246349,0.0042094067
A3,164.0,0.8608923884514436,0.8190385,0.00465807
A3,165.0,0.8608923884514436,0.8171052,0.004802578
A3,166.0,0.8582677165354331,0.8178649,0.004984858
A3,167.0,0.8582677165354331,0.82125235,0.0042834305
A3,168.0,0.8582677165354331,0.81730986,0.0036799368
A3,169.0,0.8556430446194225,0.82027304,0.004058819
A3,170.0,0.8556430446194225,0.81713504,0.004840941
A3,171.0,0.8556430446194225,0.8140241,0.005157675
A3,172.0,0.8530183727034121,0.8143346,0.004922266
A3,173.0,0.8530183727034121,0.8120373,0.004176533
A3,174.0,0.8503937007874016,0.8116252,0.004582023
A3,175.0,0.8503937007874016,0.8116247,0.004244012
A3,176.0,0.8503937007874016,0.8132769,0.005298939
A3,177.0,0.847769028871391,0.8112934,0.0046375277
A3,178.0,0.847769028871391,0.8102576,0.004349171
A3,179.0,0.8451443569553806,0.8057143,0.0042506545
A3,180.0,0.8451443569553806,0.8056836,0.0036971027
A3,181.0,0.8451443569553806,0.805488,0.0038347526
A3,182.0,0.84251968503937,0.80698967,0.0046000117
A3,183.0,0.84251968503937,0.80450904,0.0061843083
A3,184.0,0.8398950131233596,0.8047414,0.0038576021
A3,185.0,0.8398950131233596,0.804557,0.0042323186
A3,186.0,0.8372703412073491,0.80197763,0.00609361
A3,187.0,0.8372703412073491,0.80036914,0.0047770776
A3,188.0,0.8372703412073491,0.8029788,0.0048451326
A3,189.0,0.8346456692913385,0.80228174,0.005383976
A3,190.0,0.8346456692913385,0.80007493,0.0057851095
A3,191.0,0.8320209973753281,0.800846,0.004732519
A3,192.0,0.8320209973753281,0.79142463,0.0047246665
A3,193.0,0.8320209973753281,0.79196995,0.0054955306
A3,194.0,0.8293963254593176,0.8005179,0.005288753
A3,195.0,0.8267716535433071,0.7995418,0.005716408
A3,196.0,0.8267716535433071,0.7919156,0.004606892
A3,197.0,0.8267716535433071,0.78334606,0.008622074
A3,198.0,0.8241469816272966,0.7974231,0.0043172273
A3,199.0,0.8241469816272966,0.78043365,0.008601154
A3,200.0,0.821522309711286,0.7780127,0.007598459
A3,201.0,0.821522309711286,0.77838653,0.007545381
A3,202.0,0.8188976377952756,0.77704144,0.009550914
A3,203.0,0.821522309711286,0.77974135,0.010182597
A3,204.0,0.8136482939632546,0.77508605,0.008200193
A3,205.0,0.8162729658792651,0.77813,0.010587663
A3,206.0,0.8110236220472441,0.77254665,0.008607769
A3,207.0,0.8162729658792651,0.77778983,0.008724098
A3,208.0,0.8083989501312336,0.771376,0.0098235635
A3,209.0,0.8110236220472441,0.77383584,0.008628487
A3,210.0,0.8031496062992126,0.77201355,0.008932139
A3,211.0,0.8031496062992126,0.76942086,0.009124613
A3,212.0,0.800524934383202,0.770309,0.008868131
A3,213.0,0.8031496062992126,0.77653253,0.012538162
A3,214.0,0.7979002624671916,0.76925147,0.0092931185
A3,215.0,0.800524934383202,0.76468706,0.005825084
A3,216.0,0.7926509186351706,0.7668097,0.0071341973
A3,217.0,0.7979002624671916,0.7654168,0.0081336
A3,218.0,0.7926509186351706,0.76101345,0.009806694
A3,219.0,0.7952755905511811,0.76930773,0.010534725
A3,220.0,0.7874015748031497,0.7625931,0.00708819
A3,221.0,0.7874015748031497,0.76352084,0.007568509
A3,222.0,0.7847769028871391,0.75503314,0.008160781
A3,223.0,0.7821522309711286,0.75653994,0.009056073
A3,224.0,0.7795275590551181,0.75515294,0.0057713287
A3,225.0,0.7821522309711286,0.76189137,0.009510741
A3,226.0,0.7769028871391076,0.7518655,0.008414955
A3,227.0,0.7769028871391076,0.7553976,0.008995073
A3,228.0,0.7716535433070866,0.748767,0.008151796
A3,229.0,0.7716535433070866,0.7594867,0.010993155
A3,230.0,0.7664041994750657,0.74884284,0.0097656315
A3,231.0,0.7664041994750657,0.7578423,0.0095576355
A3,232.0,0.7611548556430446,0.74446523,0.008902229
A3,233.0,0.7611548556430446,0.75799245,0.009589676
A3,234.0,0.7559055118110236,0.7506636,0.009497584
A3,235.0,0.7559055118110236,0.7582465,0.010911852
A3,236.0,0.7506561679790026,0.7440942,0.01025157
A3,237.0,0.7480314960629921,0.75506914,0.010743099
A3,238.0,0.7427821522309711,0.748336,0.009859898
A3,239.0,0.7427821522309711,0.80019605,0.015550509
A3,240.0,0.7349081364829396,0.7492904,0.009414451
A3,241.0,0.7349081364829396,0.8347055,0.020105796
A3,242.0,0.7296587926509186,0.7793365,0.021492055
A3,243.0,0.7296587926509186,0.84963715,0.01635722
A3,244.0,0.7217847769028871,0.76266783,0.012280925
A3,245.0,0.7217847769028871,0.85206985,0.016040806
A3,246.0,0.7139107611548556,0.7753037,0.022569003
A3,247.0,0.7139107611548556,0.8493206,0.014130792
A3,248.0,0.7086614173228346,0.84442025,0.01189121
A3,249.0,0.7034120734908137,0.75983036,0.017492112
A3,250.0,0.7007874015748031,0.8408705,0.012621318
A3,251.0,0.6955380577427821,0.8249467,0.017290246
A3,252.0,0.6929133858267716,0.8252552,0.021639377
A3,253.0,0.6876640419947506,0.8217532,0.020226283
A3,254.0,0.6850393700787402,0.8195518,0.0201733
A3,255.0,0.6771653543307087,0.81550485,0.019057138
A3,256.0,0.6745406824146981,0.7933099,0.02131312
A3,257.0,0.6692913385826772,0.78239685,0.024922064
A3,258.0,0.6666666666666666,0.73342633,0.024520362
A3,259.0,0.6614173228346457,0.7681219,0.022154026
A3,260.0,0.6587926509186351,0.78421754,0.022237003
A3,261.0,0.6509186351706037,0.7077589,0.014076669
A3,262.0,0.6482939632545932,0.7255799,0.024944678
A3,263.0,0.6430446194225722,0.72186404,0.025850013
A3,264.0,0.6404199475065617,0.73953116,0.023892391
A3,265.0,0.6325459317585301,0.7452709,0.020804001
A3,266.0,0.6220472440944882,0.7142333,0.029772447
A4,1.0,1.0,0.99771225,0.0016232044
A4,2.0,0.9925187032418953,0.9934996,0.001878559
A4,3.0,0.9875311720698254,0.9856005,0.0031470119
A4,4.0,0.9825436408977556,0.98251134,0.0027161872
A4,5.0,0.9775561097256857,0.98113364,0.002267774
A4,6.0,0.972568578553616,0.9804379,0.0025003222
A4,7.0,0.9675810473815462,0.97872055,0.0027455976
A4,8.0,0.9625935162094763,0.98117816,0.0026408522
A4,9.0,0.9600997506234414,0.97814214,0.003057423
A4,10.0,0.9576059850374065,0.9751223,0.0026510633
A4,11.0,0.9551122194513716,0.9720316,0.0029684936
A4,12.0,0.9526184538653366,0.972443,0.003032141
A4,13.0,0.9476309226932669,0.9753747,0.0027546692
A4,14.0,0.9476309226932669,0.9732989,0.0034143727
A4,15.0,0.942643391521197,0.97452164,0.0028963643
A4,16.0,0.942643391521197,0.9738232,0.0029963674
A4,17.0,0.940149625935162,0.9729966,0.0033486756
A4,18.0,0.940149625935162,0.9697081,0.0033201543
A4,19.0,0.9376558603491272,0.9692607,0.0033053732
A4,20.0,0.9351620947630923,0.9713564,0.0030196782
A4,21.0,0.9351620947630923,0.9723131,0.002778591
A4,22.0,0.9326683291770573,0.9715659,0.0024314474
A4,23.0,0.9326683291770573,0.97124654,0.002157988
A4,24.0,0.9301745635910225,0.96688336,0.002474874
A4,25.0,0.9276807980049875,0.9668021,0.0020624965
A4,26.0,0.9276807980049875,0.9700616,0.0020364574
A4,27.0,0.9276807980049875,0.96869344,0.0024160082
A4,28.0,0.9251870324189526,0.9693,0.002005112
A4,29.0,0.9251870324189526,0.96629417,0.0025204024
A4,30.0,0.9226932668329177,0.962652,0.0022982608
A4,31.0,0.9226932668329177,0.9648243,0.0017491267
A4,32.0,0.9201995012468828,0.9653158,0.0019099269
A4,33.0,0.9201995012468828,0.9654032,0.0030412038
A4,34.0,0.9201995012468828,0.96143025,0.0041394513
A4,35.0,0.9177057356608479,0.9621847,0.0048095197
A4,36.0,0.9152119700748129,0.9627821,0.003387132
A4,37.0,0.9152119700748129,0.9632813,0.0015018949
A4,38.0,0.9152119700748129,0.9628746,0.001641192
A4,39.0,0.912718204488778,0.9608987,0.0016444745
A4,40.0,0.9152119700748129,0.9578211,0.0039921347
A4,41.0,0.912718204488778,0.9589553,0.0035955089
A4,42.0,0.912718204488778,0.95813626,0.0036757044
A4,43.0,0.9102244389027432,0.9600283,0.0020542121
A4,44.0,0.9077306733167082,0.959068,0.0023676306
A4,45.0,0.9077306733167082,0.9581083,0.003228153
A4,46.0,0.9077306733167082,0.95762426,0.0035763755
A4,47.0,0.9077306733167082,0.9448911,0.0036584747
A4,48.0,0.9077306733167082,0.9450097,0.00466255
A4,49.0,0.9052369077306733,0.95502985,0.0039105527
A4,50.0,0.9052369077306733,0.95023,0.0051209526
A4,51.0,0.9027431421446384,0.9516495,0.0020722635
A4,52.0,0.9027431421446384,0.9534383,0.00366293
A4,53.0,0.9027431421446384,0.9428457,0.003279866
A4,54.0,0.9002493765586035,0.9484135,0.0042688544
A4,55.0,0.9002493765586035,0.9433378,0.0029184956
A4,56.0,0.9002493765586035,0.9424685,0.003795259
A4,57.0,0.9002493765586035,0.94261324,0.0029069502
A4,58.0,0.8977556109725686,0.9414309,0.002617944
A4,59.0,0.8952618453865336,0.9392619,0.0039056875
A4,60.0,0.8977556109725686,0.9417261,0.0032340684
A4,61.0,0.8952618453865336,0.93704444,0.0021497023
A4,62.0,0.8952618453865336,0.94158375,0.0034977775
A4,63.0,0.8927680798004988,0.9404995,0.0023847662
A4,64.0,0.8927680798004988,0.9372698,0.004186489
A4,65.0,0.8902743142144638,0.9407028,0.0032640111
A4,66.0,0.8902743142144638,0.9386244,0.0021756347
A4,67.0,0.8902743142144638,0.93830025,0.004136112
A4,68.0,0.8877805486284289,0.9379159,0.0042577125
A4,69.0,0.8877805486284289,0.9374379,0.0042673172
A4,70.0,0.8877805486284289,0.93751067,0.0039700484
A4,71.0,0.885286783042394,0.9363821,0.004096522
A4,72.0,0.885286783042394,0.93626386,0.0025733518
A4,73.0,0.885286783042394,0.9310212,0.005614445
A4,74.0,0.8827930174563591,0.9296814,0.0049369577
A4,75.0,0.8827930174563591,0.9271759,0.004815302
A4,76.0,0.8802992518703242,0.9240686,0.0038882282
A4,77.0,0.8802992518703242,0.9205556,0.0030395528
A4,78.0,0.8802992518703242,0.9208291,0.002503779
A4,79.0,0.8802992518703242,0.9212559,0.0022672687
A4,80.0,0.8802992518703242,0.9205076,0.0033681006
A4,81.0,0.8778054862842892,0.9197259,0.0027687273
A4,82.0,0.8753117206982544,0.9213417,0.003456012
A4,83.0,0.8753117206982544,0.918637,0.0033814686
A4,84.0,0.8728179551122195,0.91972244,0.002799893
A4,85.0,0.8728179551122195,0.9149867,0.004515289
A4,86.0,0.8728179551122195,0.9137684,0.0042401752
A4,87.0,0.8703241895261845,0.91022193,0.002838615
A4,88.0,0.8703241895261845,0.9123575,0.00429898
A4,89.0,0.8678304239401496,0.9022528,0.0031180738
A4,90.0,0.8678304239401496,0.8991736,0.0038006406
A4,91.0,0.8653366583541147,0.901453,0.003391335
A4,92.0,0.8653366583541147,0.9003075,0.003104072
A4,93.0,0.8653366583541147,0.90111655,0.002972629
A4,94.0,0.8653366583541147,0.89606726,0.002977324
A4,95.0,0.8628428927680798,0.892557,0.0027457154
A4,96.0,0.8628428927680798,0.89541405,0.0033789072
A4,97.0,0.8603491271820449,0.8929175,0.0020345275
A4,98.0,0.85785536159601,0.89347965,0.0020306
A4,99.0,0.85785536159601,0.89253867,0.0025172073
A4,100.0,0.8553615960099751,0.89065343,0.0022012498
A4,101.0,0.8553615960099751,0.8881539,0.0021154284
A4,102.0,0.8528678304239401,0.8878356,0.0021198506
A4,103.0,0.8528678304239401,0.88769054,0.0021379057
A4,104.0,0.8503740648379052,0.88314706,0.0017382551
A4,105.0,0.8503740648379052,0.88135254,0.0016305038
A4,106.0,0.8503740648379052,0.88346833,0.003199439
A4,107.0,0.8478802992518704,0.88056815,0.0028346104
A4,108.0,0.8478802992518704,0.88081086,0.0031743147
A4,109.0,0.8428927680798005,0.8779667,0.0025776946
A4,110.0,0.8428927680798005,0.8757866,0.0026162094
A4,111.0,0.8428927680798005,0.87675333,0.004475855
A4,112.0,0.8379052369077307,0.8749436,0.0037713894
A4,113.0,0.8379052369077307,0.87632763,0.003498691
A4,114.0,0.8354114713216958,0.87362945,0.0037932636
A4,115.0,0.8329177057356608,0.8719729,0.0044415887
A4,116.0,0.830423940149626,0.8720293,0.0037942205
A4,117.0,0.830423940149626,0.87018144,0.0036320994
A4,118.0,0.827930174563591,0.87037134,0.0039851847
A4,119.0,0.8254364089775561,0.8693674,0.0037265718
A4,120.0,0.8254364089775561,0.86847323,0.0040294626
A4,121.0,0.8229426433915212,0.8674467,0.0047855615
A4,122.0,0.8229426433915212,0.86814815,0.00476861
A4,123.0,0.8204488778054863,0.8653517,0.006308752
A4,124.0,0.8204488778054863,0.86254424,0.0071205157
A4,125.0,0.8204488778054863,0.8525201,0.00448676
A4,126.0,0.8254364089775561,0.8420569,0.0042781634
A4,127.0,0.8179551122194514,0.853014,0.0038945342
A4,128.0,0.8179551122194514,0.8501423,0.004015088
A4,129.0,0.8179551122194514,0.8486682,0.003648793
A4,130.0,0.8179551122194514,0.8473259,0.0035922744
A4,131.0,0.8179551122194514,0.84880936,0.0037135603
A4,132.0,0.8129675810473815,0.84827024,0.0034114097
A4,133.0,0.8104738154613467,0.8437211,0.005791648
A4,134.0,0.8079800498753117,0.84518325,0.002843812
A4,135.0,0.8129675810473815,0.8306038,0.0051102433
A4,136.0,0.8104738154613467,0.8411957,0.00541648
A4,137.0,0.8054862842892768,0.8427329,0.0032991427
A4,138.0,0.8054862842892768,0.83611554,0.0036931557
A4,139.0,0.8054862842892768,0.83296335,0.0066016167
A4,140.0,0.8029925187032418,0.83285224,0.0063912068
A4,141.0,0.8104738154613467,0.8285335,0.0052349833
A4,142.0,0.8054862842892768,0.82615805,0.003912111
A4,143.0,0.800498753117207,0.82526255,0.0038930005
A4,144.0,0.800498753117207,0.82429284,0.0039214473
A4,145.0,0.800498753117207,0.8225683,0.0043107825
A4,146.0,0.7980049875311721,0.8230686,0.0044754785
A4,147.0,0.7980049875311721,0.8229826,0.0058875154
A4,148.0,0.7980049875311721,0.82110167,0.005759147
A4,149.0,0.7955112219451371,0.81502295,0.007184513
A4,150.0,0.7930174563591023,0.81481856,0.0071531814
A4,151.0,0.7930174563591023,0.8136301,0.0055663255
A4,152.0,0.7905236907730673,0.8165573,0.007243747
A4,153.0,0.7905236907730673,0.8151145,0.0062510553
A4,154.0,0.7880299251870324,0.8180374,0.006436076
A4,155.0,0.7880299251870324,0.81849444,0.006293408
A4,156.0,0.7855361596009975,0.8102375,0.0050759143
A4,157.0,0.7855361596009975,0.80871284,0.004548194
A4,158.0,0.7805486284289277,0.8194796,0.00712153
A4,159.0,0.7805486284289277,0.80821455,0.004542784
A4,160.0,0.7830423940149626,0.8076784,0.0041877693
A4,161.0,0.7780548628428927,0.80625963,0.0034809913
A4,162.0,0.7755610972568578,0.8170207,0.0078821825
A4,163.0,0.7755610972568578,0.80336,0.0038625018
A4,164.0,0.773067331670823,0.7969073,0.005638665
A4,165.0,0.770573566084788,0.80423135,0.0033996697
A4,166.0,0.770573566084788,0.8027976,0.0036064864
A4,167.0,0.7680798004987531,0.7953029,0.0055487487
A4,168.0,0.7680798004987531,0.7952862,0.005608413
A4,169.0,0.7655860349127181,0.79538715,0.0052174716
A4,170.0,0.7630922693266833,0.785355,0.0032430287
A4,171.0,0.7630922693266833,0.7858318,0.0028979962
A4,172.0,0.7605985037406484,0.7838492,0.003136063
A4,173.0,0.7581047381546134,0.7795982,0.002162249
A4,174.0,0.7556109725685786,0.77667415,0.0041792626
A4,175.0,0.7531172069825436,0.77510005,0.003570946
A4,176.0,0.7531172069825436,0.77575886,0.0028727136
A4,177.0,0.7506234413965087,0.7715592,0.0039930204
A4,178.0,0.7481296758104738,0.7702787,0.004135965
A4,179.0,0.7481296758104738,0.77131474,0.004197242
A4,180.0,0.7456359102244389,0.76939404,0.0043485872
A4,181.0,0.743142144638404,0.7605696,0.006755467
A4,182.0,0.7406483790523691,0.7637394,0.007844787
A4,183.0,0.7381546134663342,0.7583696,0.0072748396
A4,184.0,0.7356608478802993,0.759493,0.006872918
A4,185.0,0.7331670822942643,0.7631845,0.006717239
A4,186.0,0.7306733167082294,0.758344,0.005983628
A4,187.0,0.7306733167082294,0.75452954,0.0063729337
A4,188.0,0.7281795511221946,0.7537557,0.0075914706
A4,189.0,0.7256857855361596,0.75258875,0.0076071187
A4,190.0,0.7231920199501247,0.7517606,0.008031356
A4,191.0,0.7206982543640897,0.7511157,0.008254023
A4,192.0,0.7182044887780549,0.74778616,0.007873923
A4,193.0,0.71571072319202,0.7446552,0.012306377
A4,194.0,0.713216957605985,0.7467073,0.007417985
A4,195.0,0.7107231920199502,0.74640036,0.0083871
A4,196.0,0.7082294264339152,0.74374664,0.012813896
A4,197.0,0.7057356608478803,0.7353648,0.010696056
A4,198.0,0.7007481296758105,0.7368579,0.008692609
A4,199.0,0.6982543640897756,0.7373537,0.0099833915
A4,200.0,0.6957605985037406,0.73765767,0.012953257
A4,201.0,0.6907730673316709,0.7254691,0.009500524
A4,202.0,0.6907730673316709,0.6988077,0.0078095417
A4,203.0,0.683291770573566,0.7218956,0.01008041
A4,204.0,0.683291770573566,0.68598497,0.008509479
A4,205.0,0.6733167082294265,0.69739,0.0075912317
A4,206.0,0.6783042394014963,0.68407595,0.0060469853
A4,207.0,0.6683291770573566,0.707078,0.0063485187
A4,208.0,0.6633416458852868,0.68942624,0.007066348
A4,209.0,0.6583541147132169,0.68584335,0.0043563414
A4,210.0,0.6533665835411472,0.6979986,0.006015626
A4,211.0,0.6483790523690773,0.68028307,0.007651148
A4,212.0,0.6408977556109726,0.6830198,0.0044814497
A4,213.0,0.6334164588528678,0.6737031,0.0082065305
A4,214.0,0.6309226932668329,0.67108506,0.009030506
A4,215.0,0.6259351620947631,0.6635951,0.011676303
A4,216.0,0.6184538653366584,0.6777512,0.0064419727
A4,217.0,0.6159600997506235,0.6549691,0.011384325
A4,218.0,0.6059850374064838,0.6603949,0.013053335
A4,219.0,0.5985037406483791,0.6543057,0.009584312
A4,220.0,0.5935162094763092,0.6541501,0.009909935
A4,221.0,0.5860349127182045,0.6399406,0.010652544
A4,222.0,0.5810473815461347,0.6438565,0.008342828
A4,223.0,0.57356608478803,0.63620526,0.009786972
A4,224.0,0.5660847880299252,0.6481824,0.011469064
A4,225.0,0.5586034912718204,0.6288277,0.01313547
A4,226.0,0.5511221945137157,0.63663185,0.012323335
A4,227.0,0.543640897755611,0.61989224,0.017339757
A4,228.0,0.5361596009975063,0.6161856,0.008140376
A4,229.0,0.5286783042394015,0.59717274,0.011800108
A4,230.0,0.5211970074812967,0.60535246,0.009070417
A4,231.0,0.5112219451371571,0.5903234,0.009898591
A4,232.0,0.5037406483790524,0.6042941,0.006532921
A4,233.0,0.49625935162094764,0.58470833,0.0075744274
A4,234.0,0.4837905236907731,0.58407867,0.007964587
A4,235.0,0.4763092269326683,0.57310843,0.01613715
A4,236.0,0.46633416458852867,0.5830059,0.010588708
A4,237.0,0.45885286783042395,0.5765087,0.013705875
A4,238.0,0.4463840399002494,0.56858397,0.0142672155
A4,239.0,0.43640897755610975,0.56682736,0.01618856
A4,240.0,0.42643391521197005,0.5494846,0.013397556
A4,241.0,0.4164588528678304,0.55063,0.006154111
A4,242.0,0.40399002493765584,0.51193655,0.0070034526
A4,243.0,0.39650872817955113,0.50728244,0.009141165
A4,244.0,0.3865336658354115,0.50482136,0.009186106
A4,245.0,0.3765586034912718,0.48860312,0.007899122
A4,246.0,0.36658354114713215,0.48371148,0.01324774
A4,247.0,0.3566084788029925,0.48392215,0.009126736
A4,248.0,0.3491271820448878,0.46865693,0.011978515
A4,249.0,0.33915211970074816,0.47143465,0.010367458
A4,250.0,0.3316708229426434,0.45910105,0.012030328
A4,251.0,0.32418952618453867,0.4615057,0.010940214
A4,252.0,0.3167082294264339,0.46082443,0.0119648315
A4,253.0,0.30673316708229426,0.45836544,0.01318362
A4,254.0,0.30174563591022446,0.45944387,0.015914734
A4,255.0,0.2942643391521197,0.44825882,0.010218601
A4,256.0,0.286783042394015,0.44777146,0.009805233
A4,257.0,0.2793017456359102,0.43451133,0.013998949
A4,258.0,0.2743142144638404,0.435144,0.01398203
A4,259.0,0.26683291770573564,0.43400437,0.015765473
A4,260.0,0.26433915211970077,0.43166915,0.016209703
A4,261.0,0.26184538653366585,0.42958674,0.018454507
A4,262.0,0.256857855361596,0.40134922,0.010651903
A4,263.0,0.2518703241895262,0.40104896,0.01115907
A4,264.0,0.24788029925187033,0.39817542,0.011971915
A4,265.0,0.24463840399002493,0.38926253,0.009322983
A4,266.0,0.24064837905236908,0.3891601,0.009170175
A4,267.0,0.23541147132169576,0.38485938,0.0054417728
A4,268.0,0.053865336658354114,0.38081318,0.0071272636
A4,269.0,0.04937655860349127,0.3789459,0.007301036
A5,1.0,1.0,0.9391061,0.0026897804
A5,2.0,0.9973890339425587,0.9329122,0.0024461194
A5,3.0,0.9947780678851175,0.93873656,0.0020025119
A5,4.0,0.9921671018276762,0.92836654,0.0025956903
A5,5.0,0.9921671018276762,0.9292301,0.0027075815
A5,6.0,0.9895561357702349,0.92925864,0.002689269
A5,7.0,0.9843342036553525,0.9278835,0.00362656
A5,8.0,0.9843342036553525,0.92555237,0.0029719353
A5,9.0,0.9817232375979112,0.9245021,0.002115863
A5,10.0,0.97911227154047,0.92427826,0.001763606
A5,11.0,0.97911227154047,0.9158701,0.0031953412
A5,12.0,0.9765013054830287,0.90865076,0.0025249722
A5,13.0,0.9738903394255874,0.90851927,0.0016391875
A5,14.0,0.9712793733681462,0.9108078,0.0024677408
A5,15.0,0.9712793733681462,0.9092488,0.002632437
A5,16.0,0.9686684073107049,0.91262835,0.0024712547
A5,17.0,0.9660574412532638,0.90863115,0.0021993998
A5,18.0,0.9660574412532638,0.9079561,0.0025387253
A5,19.0,0.9660574412532638,0.89638245,0.0028427541
A5,20.0,0.9634464751958225,0.90342647,0.0032962044
A5,21.0,0.9634464751958225,0.90523463,0.0020643764
A5,22.0,0.9634464751958225,0.9074073,0.0019554463
A5,23.0,0.9608355091383812,0.90709484,0.0017261369
A5,24.0,0.95822454308094,0.9063656,0.0021386459
A5,25.0,0.95822454308094,0.90555716,0.0016785141
A5,26.0,0.9556135770234987,0.9042829,0.0015626423
A5,27.0,0.9556135770234987,0.9035114,0.0016866288
A5,28.0,0.9556135770234987,0.8998073,0.0022902272
A5,29.0,0.9530026109660574,0.8991682,0.0032517936
A5,30.0,0.9530026109660574,0.9024747,0.0021475125
A5,31.0,0.9503916449086162,0.9019437,0.0015739525
A5,32.0,0.9477806788511749,0.89855814,0.0026585318
A5,33.0,0.9477806788511749,0.8985549,0.0025272726
A5,34.0,0.9477806788511749,0.888525,0.0023049074
A5,35.0,0.9477806788511749,0.8851363,0.0021954281
A5,36.0,0.9451697127937336,0.88637096,0.0023147475
A5,37.0,0.9425587467362925,0.88622797,0.0019338889
A5,38.0,0.9425587467362925,0.8888729,0.0033240374
A5,39.0,0.9399477806788512,0.88809097,0.0028015042
A5,40.0,0.9399477806788512,0.88650024,0.0033381719
A5,41.0,0.9399477806788512,0.8803671,0.0015980302
A5,42.0,0.9399477806788512,0.879859,0.0017701267
A5,43.0,0.9373368146214099,0.87925625,0.0016358868
A5,44.0,0.9347258485639687,0.87883633,0.0018501498
A5,45.0,0.9347258485639687,0.8807831,0.0017548928
A5,46.0,0.9321148825065274,0.87739646,0.001982219
A5,47.0,0.9321148825065274,0.8746649,0.0014829342
A5,48.0,0.9321148825065274,0.87267053,0.0022787252
A5,49.0,0.9321148825065274,0.87332904,0.0016162598
A5,50.0,0.9295039164490861,0.87417144,0.0020212969
A5,51.0,0.9295039164490861,0.8728119,0.0025696266
A5,52.0,0.9268929503916449,0.8745289,0.0024295377
A5,53.0,0.9242819843342036,0.8723734,0.0024079748
A5,54.0,0.9268929503916449,0.866899,0.0034940704
A5,55.0,0.9216710182767625,0.8672246,0.0031404241
A5,56.0,0.9242819843342036,0.8635294,0.0026376676
A5,57.0,0.9190600522193212,0.8645975,0.0025891457
A5,58.0,0.9216710182767625,0.86514646,0.0019280378
A5,59.0,0.9190600522193212,0.86501706,0.004331558
A5,60.0,0.9164490861618799,0.86520416,0.0029998713
A5,61.0,0.9190600522193212,0.86008155,0.0039128624
A5,62.0,0.9138381201044387,0.862821,0.004504971
A5,63.0,0.9164490861618799,0.85534734,0.003638087
A5,64.0,0.9138381201044387,0.85377824,0.0038197518
A5,65.0,0.9138381201044387,0.8530014,0.0027542391
A5,66.0,0.9112271540469974,0.8507832,0.002304497
A5,67.0,0.9086161879895561,0.8495283,0.0027014024
A5,68.0,0.9086161879895561,0.84801733,0.0017734931
A5,69.0,0.9060052219321149,0.8466711,0.0017382151
A5,70.0,0.9060052219321149,0.8456136,0.0023922068
A5,71.0,0.9060052219321149,0.8457734,0.0027007998
A5,72.0,0.9033942558746736,0.8445398,0.0025845678
A5,73.0,0.9033942558746736,0.83851194,0.0036076296
A5,74.0,0.9033942558746736,0.84073746,0.0023229257
A5,75.0,0.9007832898172323,0.83827716,0.0029693006
A5,76.0,0.9007832898172323,0.8378379,0.0030361633
A5,77.0,0.8955613577023499,0.83357745,0.0039577945
A5,78.0,0.8981723237597912,0.835141,0.0028317904
A5,79.0,0.8955613577023499,0.83514535,0.0031416418
A5,80.0,0.8955613577023499,0.83395165,0.0046168175
A5,81.0,0.8929503916449086,0.8333006,0.0054167053
A5,82.0,0.8929503916449086,0.83087146,0.0036265247
A5,83.0,0.8903394255874674,0.8298728,0.0041527255
A5,84.0,0.8903394255874674,0.82786864,0.0024492207
A5,85.0,0.8877284595300261,0.8243,0.0031146393
A5,86.0,0.8851174934725848,0.8230764,0.0027452367
A5,87.0,0.8851174934725848,0.8236297,0.0024135557
A5,88.0,0.8825065274151436,0.8192304,0.0029329495
A5,89.0,0.8798955613577023,0.8193523,0.003360872
A5,90.0,0.8798955613577023,0.8199254,0.0034008895
A5,91.0,0.8772845953002611,0.81851023,0.0029859412
A5,92.0,0.8720626631853786,0.81494933,0.0034563406
A5,93.0,0.8720626631853786,0.8155618,0.0036457605
A5,94.0,0.8694516971279374,0.8136277,0.0030250878
A5,95.0,0.8694516971279374,0.80976087,0.001647118
A5,96.0,0.8668407310704961,0.8107568,0.0027677123
A5,97.0,0.8642297650130548,0.8087284,0.003962497
A5,98.0,0.8616187989556136,0.80604297,0.0042472202
A5,99.0,0.8590078328981723,0.8026665,0.0052031
A5,100.0,0.856396866840731,0.7999395,0.0049879984
A5,101.0,0.8537859007832899,0.79496837,0.0046468433
A5,102.0,0.8511749347258486,0.7929952,0.0047427164
A5,103.0,0.8485639686684073,0.7887851,0.0063463273
A5,104.0,0.8459530026109661,0.7869509,0.007091404
A5,105.0,0.8433420365535248,0.7877768,0.0063053016
A5,106.0,0.8407310704960835,0.80104446,0.007011897
A5,107.0,0.835509138381201,0.78538024,0.0059449044
A5,108.0,0.8328981723237598,0.7840895,0.0061096796
A5,109.0,0.8302872062663186,0.78868365,0.0055400836
A5,110.0,0.8276762402088773,0.77788615,0.0062749223
A5,111.0,0.825065274151436,0.78535473,0.0057226834
A5,112.0,0.8198433420365535,0.7790884,0.004893546
A5,113.0,0.8198433420365535,0.77318656,0.0028103273
A5,114.0,0.8172323759791122,0.7758984,0.0042152368
A5,115.0,0.8120104438642297,0.7704911,0.0044420147
A5,116.0,0.804177545691906,0.76265156,0.004340401
A5,117.0,0.804177545691906,0.7615248,0.005357071
A5,118.0,0.7989556135770235,0.74502856,0.0057905177
A5,119.0,0.7963446475195822,0.75527036,0.004011714
A5,120.0,0.7911227154046997,0.75454867,0.0055690967
A5,121.0,0.7859007832898173,0.74200934,0.0043240217
A5,122.0,0.7859007832898173,0.74039954,0.004796153
A5,123.0,0.7806788511749347,0.7315625,0.003930676
A5,124.0,0.7780678851174935,0.7301886,0.004286138
A5,125.0,0.7728459530026109,0.7175455,0.0030970732
A5,126.0,0.7702349869451697,0.7172864,0.004843322
A5,127.0,0.7650130548302873,0.72050494,0.004155774
A5,128.0,0.762402088772846,0.71819997,0.0041676178
A5,129.0,0.7571801566579635,0.7096947,0.0052120495
A5,130.0,0.7545691906005222,0.6992172,0.0048136762
A5,131.0,0.7493472584856397,0.7029299,0.0051815338
A5,132.0,0.7493472584856397,0.70435894,0.005375491
A5,133.0,0.7441253263707572,0.70263577,0.0049276743
A5,134.0,0.7389033942558747,0.67572415,0.005172232
A5,135.0,0.7336814621409922,0.6847691,0.007011126
A5,136.0,0.7284595300261096,0.68157566,0.006727288
A5,137.0,0.7258485639686684,0.67247075,0.005826783
A5,138.0,0.7180156657963447,0.6758618,0.0059475536
A5,139.0,0.7154046997389034,0.66444623,0.0049109766
A5,140.0,0.7101827676240209,0.62682575,0.00794807
A5,141.0,0.6997389033942559,0.64638984,0.0058673914
A5,142.0,0.6945169712793734,0.6493038,0.005297303
A5,143.0,0.6892950391644909,0.655583,0.0060597262
A5,144.0,0.6840731070496083,0.6542559,0.0041092816
A5,145.0,0.6788511749347258,0.64858794,0.004352331
A5,146.0,0.6710182767624021,0.6475433,0.0042201476
A5,147.0,0.6684073107049608,0.6436684,0.004992657
A5,148.0,0.660574412532637,0.64367914,0.0043628435
A5,149.0,0.6579634464751958,0.6438172,0.0048243064
A5,150.0,0.6527415143603134,0.64212334,0.0047067823
A5,151.0,0.6475195822454308,0.6407808,0.0048638936
A5,152.0,0.6422976501305483,0.63687366,0.006325456
A5,153.0,0.6344647519582245,0.6077875,0.0023646401
A5,154.0,0.6292428198433421,0.60169256,0.0029651911
A5,155.0,0.6240208877284595,0.57810557,0.0064308136
A5,156.0,0.618798955613577,0.5856372,0.010198189
A5,157.0,0.6135770234986945,0.5769315,0.007140073
A5,158.0,0.608355091383812,0.5706539,0.0077103046
A5,159.0,0.6005221932114883,0.5706054,0.007921647
A5,160.0,0.5953002610966057,0.55029243,0.005427735
A5,161.0,0.5900783289817232,0.54592294,0.0058712373
A5,162.0,0.5848563968668408,0.54865617,0.0059039183
A5,163.0,0.5796344647519582,0.5355042,0.010027459
A5,164.0,0.5718015665796344,0.51032543,0.012394359
A5,165.0,0.5639686684073107,0.47646427,0.0053853225
A5,166.0,0.5587467362924282,0.4723413,0.0052137184
A5,167.0,0.5535248041775457,0.48403114,0.006534754
A5,168.0,0.5456919060052219,0.46813124,0.0060116923
A5,169.0,0.5404699738903395,0.46691018,0.0060306806
A5,170.0,0.5326370757180157,0.4610404,0.0053235707
A5,171.0,0.5274151436031331,0.45942545,0.004053048
A5,172.0,0.5195822454308094,0.45490807,0.005656047
A5,173.0,0.5143603133159269,0.44400793,0.013178561
A5,174.0,0.5065274151436031,0.44077167,0.0137543455
A5,175.0,0.5013054830287206,0.432868,0.012362514
A5,176.0,0.4934725848563969,0.4269607,0.011336499
A5,177.0,0.4856396866840731,0.41906872,0.009615387
A5,178.0,0.4804177545691906,0.41628966,0.010765701
A5,179.0,0.4725848563968668,0.41529614,0.010931951
A5,180.0,0.46475195822454307,0.40491223,0.011116698
A5,181.0,0.45691906005221933,0.3791913,0.01617171
A5,182.0,0.4490861618798956,0.33328852,0.020661633
A5,183.0,0.4412532637075718,0.31734237,0.021768909
A5,184.0,0.43342036553524804,0.32917273,0.029789183
A5,185.0,0.4255874673629243,0.3265841,0.031465057
A5,186.0,0.4177545691906005,0.31838888,0.027705014
A5,187.0,0.40992167101827676,0.31780738,0.028647816
A5,188.0,0.402088772845953,0.317971,0.028045276
A5,189.0,0.391644908616188,0.32828107,0.019521626
A5,190.0,0.3838120104438642,0.33459586,0.013636092
A5,191.0,0.37597911227154046,0.32964113,0.012986621
A5,192.0,0.36553524804177545,0.32492632,0.01275962
A5,193.0,0.3577023498694517,0.31842533,0.013098529
A5,194.0,0.34986945169712796,0.31334633,0.009182562
A5,195.0,0.3394255874673629,0.30615196,0.008982676
A5,196.0,0.33159268929503916,0.30133143,0.010222929
A5,197.0,0.3237597911227154,0.29293448,0.0082977675
A5,198.0,0.3185378590078329,0.29228345,0.007616776
A5,199.0,0.30809399477806787,0.28003827,0.019203283
A5,200.0,0.3002610966057441,0.267557,0.013334763
A5,201.0,0.2924281984334204,0.2617234,0.010604556
A5,202.0,0.2845953002610966,0.2661582,0.0067012827
A5,203.0,0.2741514360313316,0.23960277,0.012817948
A5,204.0,0.26370757180156656,0.24625614,0.014037575
A5,205.0,0.06318537859007833,0.06379019,0.018921409
A5,206.0,0.05796344647519582,0.04173224,0.016137796
A5,207.0,0.056657963446475196,0.037501566,0.011533477
A5,208.0,0.05456919060052219,0.03807822,0.0065518986
A5,209.0,0.053263707571801565,0.03853229,0.0049279793
A5,210.0,0.05221932114882506,0.03879573,0.0048687877
A5,211.0,0.05039164490861619,0.038996797,0.0039002053
A5,212.0,0.04882506527415144,0.036893968,0.0025529119
A5,213.0,0.04699738903394256,0.035319842,0.0031290962
A5,214.0,0.04490861618798955,0.034922816,0.0033587578
A5,215.0,0.042819843342036555,0.034788784,0.0031646912
A5,216.0,0.0412532637075718,0.033328023,0.0023180447
A5,217.0,0.04203655352480418,0.033238977,0.0024033943
A5,218.0,0.04308093994778068,0.034111656,0.0033325776
A5,219.0,0.04203655352480418,0.033284076,0.0030212791
A5,220.0,0.0433420365535248,0.033280987,0.0030124767
A5,221.0,0.04255874673629243,0.033185214,0.0030181003
A5,222.0,0.042819843342036555,0.033478327,0.0029552632
A5,223.0,0.04151436031331593,0.03322441,0.0028523463
A5,224.0,0.0402088772845953,0.03254112,0.003185353
A5,225.0,0.038903394255874676,0.031417444,0.0020558538
A5,226.0,0.038642297650130546,0.03127637,0.0020519511
A5,227.0,0.03759791122715405,0.031222561,0.0020965945
A5,228.0,0.037075718015665796,0.030488798,0.0026215382
A5,229.0,0.03733681462140992,0.030984446,0.0021998808
A5,230.0,0.0381201044386423,0.03099734,0.002210325
A5,231.0,0.0381201044386423,0.030610526,0.0022006552
A5,232.0,0.038642297650130546,0.031235099,0.0021516846
A5,233.0,0.03838120104438642,0.030713797,0.002265322
A5,234.0,0.037859007832898174,0.030757397,0.0021930207
A5,235.0,0.03733681462140992,0.030519783,0.0024180477
A5,236.0,0.03681462140992167,0.030755246,0.0022204774
A5,237.0,0.03629242819843342,0.030126546,0.002789024
A5,238.0,0.03629242819843342,0.030334463,0.0024598185
A5,239.0,0.03577023498694517,0.030404026,0.0025245673
A5,240.0,0.03498694516971279,0.029295048,0.0021185728
A5,241.0,0.03472584856396867,0.02928927,0.0021937971
A5,242.0,0.03446475195822454,0.029523531,0.002235645
A5,243.0,0.03420365535248042,0.028886754,0.0019974592
A5,244.0,0.03446475195822454,0.029082831,0.0022434422
A5,245.0,0.03446475195822454,0.029530134,0.0022307935
A5,246.0,0.03420365535248042,0.02889379,0.0019986585
A5,247.0,0.03420365535248042,0.02927417,0.0022909997
A5,248.0,0.033681462140992165,0.028847044,0.0019304636
A5,249.0,0.03315926892950392,0.028450513,0.0019319176
A5,250.0,0.03315926892950392,0.02843729,0.0018937262
A5,251.0,0.03263707571801567,0.028365245,0.0019682124
A5,252.0,0.032114882506527415,0.02698918,0.0020488072
A5,253.0,0.03185378590078329,0.027871862,0.0017838734
A5,254.0,0.03080939947780679,0.026857931,0.0020471872
A5,255.0,0.030287206266318537,0.026040107,0.0017452296
A5,256.0,0.029503916449086162,0.025828427,0.0017625265
A5,257.0,0.029242819843342035,0.02560201,0.0015992274
A5,258.0,0.028720626631853787,0.025453573,0.0014796441
A5,259.0,0.02845953002610966,0.024965547,0.0017409194
A5,260.0,0.02845953002610966,0.02500872,0.0017182403
A5,261.0,0.02793733681462141,0.024889665,0.0016864381
A5,262.0,0.027676240208877285,0.024079856,0.0017103606
A5,263.0,0.02741514360313316,0.023977762,0.0017694018
A5,264.0,0.027154046997389034,0.023997072,0.0017510145
A5,265.0,0.02689295039164491,0.023423977,0.0018751646
A5,266.0,0.026631853785900782,0.023429211,0.0018559775
A5,267.0,0.02600522193211488,0.02321378,0.0018146149
A5,268.0,0.02600522193211488,0.023179352,0.0018571377
A5,269.0,0.025900783289817233,0.022829639,0.0019931314
A5,270.0,0.025926892950391644,0.02295647,0.0019454475
A5,271.0,0.025822454308093996,0.022775408,0.0020115802
A5,272.0,0.025822454308093996,0.02266376,0.001892049
A5,273.0,0.02563968668407311,0.022853088,0.0019398372
A5,274.0,0.025744125326370756,0.022739692,0.002005223
A5,275.0,0.025691906005221934,0.022893382,0.0019468878
A5,276.0,0.02485639686684073,0.022413585,0.0018592376
A5,277.0,0.02472584856396867,0.022369709,0.0017642215
A5,278.0,0.02451697127937337,0.02215886,0.0018122793
A5,279.0,0.024334203655352483,0.022108162,0.0016785573
A5,280.0,0.02381201044386423,0.02174342,0.001672223
A5,281.0,0.024073107049608355,0.021742573,0.001672781
A5,282.0,0.023864229765013057,0.02161537,0.0016594571
A5,283.0,0.023968668407310705,0.021701394,0.0017192701
A5,284.0,0.024099216710182766,0.02174935,0.0015947863
A5,285.0,0.024360313315926894,0.02193789,0.0016927468
A5,286.0,0.024151436031331592,0.021904454,0.0017049272
A5,287.0,0.024281984334203654,0.021845756,0.0016370605
A5,288.0,0.02412532637075718,0.021878518,0.001724483
A5,289.0,0.02360313315926893,0.021419989,0.0016758405
A5,290.0,0.023446475195822453,0.020479174,0.0021906006
A5,291.0,0.023342036553524806,0.020362575,0.002175292
A5,292.0,0.023080939947780682,0.020390926,0.0021798583
A5,293.0,0.022872062663185377,0.020319525,0.0022822125
A5,294.0,0.022689295039164493,0.019972898,0.0025797265
A5,295.0,0.022637075718015667,0.019965257,0.0025947348
A5,296.0,0.022715404699738904,0.015514332,0.009316355
A5,297.0,0.022140992167101827,0.02614617,0.009749857
A5,298.0,0.02240208877284595,0.015575936,0.009367438
A6,1.0,1.0,0.9907997,0.001663245
A6,2.0,0.995049504950495,0.98489255,0.0018141543
A6,3.0,0.9925742574257426,0.9858778,0.0015997846
A6,4.0,0.9900990099009901,0.9826748,0.002483977
A6,5.0,0.9851485148514851,0.97797745,0.00316541
A6,6.0,0.9801980198019802,0.97449243,0.0021454478
A6,7.0,0.9777227722772277,0.97436273,0.0021266872
A6,8.0,0.9752475247524752,0.96884966,0.0011900312
A6,9.0,0.9727722772277227,0.9649979,0.0018752958
A6,10.0,0.9702970297029703,0.9634177,0.0015499064
A6,11.0,0.9678217821782178,0.9622882,0.0015188908
A6,12.0,0.9653465346534653,0.9604123,0.0014918518
A6,13.0,0.9628712871287128,0.9601908,0.0012637378
A6,14.0,0.9603960396039604,0.9561763,0.001798017
A6,15.0,0.9579207920792079,0.95481175,0.0019484757
A6,16.0,0.9579207920792079,0.95336694,0.002526842
A6,17.0,0.9579207920792079,0.9557047,0.001768058
A6,18.0,0.9554455445544554,0.9533041,0.0018722459
A6,19.0,0.9529702970297029,0.9501339,0.0033342873
A6,20.0,0.9504950495049505,0.9466011,0.002498117
A6,21.0,0.9504950495049505,0.9447034,0.0022826518
A6,22.0,0.9504950495049505,0.9447659,0.002363323
A6,23.0,0.948019801980198,0.94927865,0.0018765712
A6,24.0,0.948019801980198,0.94362277,0.0014328383
A6,25.0,0.9455445544554455,0.94334567,0.0024947503
A6,26.0,0.9455445544554455,0.94145757,0.0029834644
A6,27.0,0.9455445544554455,0.94037867,0.0024155208
A6,28.0,0.943069306930693,0.943655,0.0023130213
A6,29.0,0.943069306930693,0.9433007,0.002113667
A6,30.0,0.9405940594059405,0.9415965,0.0024474377
A6,31.0,0.9405940594059405,0.93984187,0.0023194405
A6,32.0,0.9405940594059405,0.93802136,0.0028416805
A6,33.0,0.9381188118811881,0.93261063,0.0015342357
A6,34.0,0.9381188118811881,0.93476343,0.0022563795
A6,35.0,0.9356435643564357,0.93631524,0.0022657453
A6,36.0,0.9356435643564357,0.9355339,0.0026953402
A6,37.0,0.9356435643564357,0.9350497,0.002387958
A6,38.0,0.9356435643564357,0.93524873,0.0025118506
A6,39.0,0.9356435643564357,0.93208635,0.0016712614
A6,40.0,0.9331683168316832,0.93165416,0.0015427531
A6,41.0,0.9331683168316832,0.93157446,0.0016391585
A6,42.0,0.9331683168316832,0.9313439,0.0016647748
A6,43.0,0.9306930693069307,0.9348658,0.002547789
A6,44.0,0.9306930693069307,0.9316099,0.0018857953
A6,45.0,0.9306930693069307,0.9317678,0.0016199003
A6,46.0,0.9306930693069307,0.92978585,0.0016722928
A6,47.0,0.9306930693069307,0.92508566,0.0020041848
A6,48.0,0.9282178217821783,0.9263134,0.0013154454
A6,49.0,0.9282178217821783,0.9309473,0.0017118296
A6,50.0,0.9282178217821783,0.93029183,0.0019637968
A6,51.0,0.9257425742574258,0.92714024,0.0013227237
A6,52.0,0.9282178217821783,0.9247737,0.0012100673
A6,53.0,0.9257425742574258,0.9259348,0.0012509385
A6,54.0,0.9257425742574258,0.92165077,0.0022537678
A6,55.0,0.9257425742574258,0.9247447,0.001182733
A6,56.0,0.9257425742574258,0.9203085,0.001733402
A6,57.0,0.9232673267326733,0.9247629,0.0012105018
A6,58.0,0.9232673267326733,0.9248934,0.0015606273
A6,59.0,0.9232673267326733,0.92463434,0.0012059815
A6,60.0,0.9232673267326733,0.92499274,0.0013642567
A6,61.0,0.9232673267326733,0.9178603,0.0021215903
A6,62.0,0.9207920792079208,0.92339975,0.002428652
A6,63.0,0.9207920792079208,0.9164125,0.0021735965
A6,64.0,0.9207920792079208,0.91750467,0.0016879318
A6,65.0,0.9183168316831684,0.92186105,0.002330029
A6,66.0,0.9207920792079208,0.913092,0.0026396809
A6,67.0,0.9183168316831684,0.9143739,0.0020379073
A6,68.0,0.9183168316831684,0.9158515,0.0015952792
A6,69.0,0.9183168316831684,0.9151797,0.0018594895
A6,70.0,0.9183168316831684,0.9136022,0.0023399445
A6,71.0,0.9158415841584159,0.9196566,0.0020268809
A6,72.0,0.9183168316831684,0.91213226,0.0023946108
A6,73.0,0.9158415841584159,0.9125,0.0021552786
A6,74.0,0.9158415841584159,0.9116233,0.0021074384
A6,75.0,0.9158415841584159,0.9107731,0.0023793767
A6,76.0,0.9158415841584159,0.91032475,0.0020138256
A6,77.0,0.9158415841584159,0.9089305,0.0021065003
A6,78.0,0.9158415841584159,0.9073952,0.0028225542
A6,79.0,0.9158415841584159,0.90849245,0.0012428272
A6,80.0,0.9158415841584159,0.90792674,0.0015595998
A6,81.0,0.9133663366336634,0.9099151,0.0025451428
A6,82.0,0.9133663366336634,0.909252,0.002242266
A6,83.0,0.9133663366336634,0.9038083,0.0022176832
A6,84.0,0.9133663366336634,0.9006678,0.0037860363
A6,85.0,0.9133663366336634,0.9001161,0.0034016885
A6,86.0,0.9108910891089109,0.8981469,0.003722517
A6,87.0,0.9108910891089109,0.89826095,0.003945128
A6,88.0,0.9108910891089109,0.89821565,0.0035271086
A6,89.0,0.9108910891089109,0.8968204,0.003032885
A6,90.0,0.9108910891089109,0.8942815,0.0030379726
A6,91.0,0.9108910891089109,0.8918646,0.0025249557
A6,92.0,0.9108910891089109,0.8919419,0.00260081
A6,93.0,0.9108910891089109,0.890378,0.0024008343
A6,94.0,0.9084158415841584,0.88975036,0.002984123
A6,95.0,0.9084158415841584,0.8897459,0.0030841597
A6,96.0,0.905940594059406,0.89177144,0.0025924223
A6,97.0,0.9084158415841584,0.8915461,0.0024662828
A6,98.0,0.9084158415841584,0.8915517,0.0025503861
A6,99.0,0.9084158415841584,0.8914817,0.0026730928
A6,100.0,0.905940594059406,0.89131296,0.0026262167
A6,101.0,0.905940594059406,0.8912856,0.0024931044
A6,102.0,0.905940594059406,0.891204,0.0025361904
A6,103.0,0.905940594059406,0.891202,0.0024582206
A6,104.0,0.905940594059406,0.89087486,0.0025933583
A6,105.0,0.905940594059406,0.89101917,0.0024396454
A6,106.0,0.905940594059406,0.8902507,0.002246309
A6,107.0,0.905940594059406,0.88900775,0.002951544
A6,108.0,0.9034653465346535,0.8908466,0.0024076728
A6,109.0,0.9034653465346535,0.8904244,0.0024776636
A6,110.0,0.9034653465346535,0.8903955,0.0024619098
A6,111.0,0.9034653465346535,0.8901016,0.0027818726
A6,112.0,0.905940594059406,0.8870902,0.004129066
A6,113.0,0.9034653465346535,0.8904556,0.0025360961
A6,114.0,0.9034653465346535,0.8898323,0.0026800053
A6,115.0,0.9034653465346535,0.88973314,0.0028551046
A6,116.0,0.9034653465346535,0.88965833,0.0027777262
A6,117.0,0.9034653465346535,0.8896264,0.0026925916
A6,118.0,0.900990099009901,0.88978356,0.0027467795
A6,119.0,0.900990099009901,0.88968027,0.0027910036
A6,120.0,0.900990099009901,0.8898509,0.0027638602
A6,121.0,0.900990099009901,0.88982564,0.0027536273
A6,122.0,0.900990099009901,0.88911116,0.0030631635
A6,123.0,0.900990099009901,0.88782024,0.0043775653
A6,124.0,0.8985148514851485,0.88983285,0.0027174312
A6,125.0,0.900990099009901,0.88160884,0.004602812
A6,126.0,0.900990099009901,0.8816925,0.0045752134
A6,127.0,0.8985148514851485,0.8876281,0.0042326325
A6,128.0,0.8985148514851485,0.8864772,0.0043124277
A6,129.0,0.900990099009901,0.88350594,0.003991717
A6,130.0,0.8985148514851485,0.8867289,0.00406233
A6,131.0,0.8985148514851485,0.8895567,0.0027327174
A6,132.0,0.8985148514851485,0.8871191,0.0040054834
A6,133.0,0.8985148514851485,0.8868656,0.0036325888
A6,134.0,0.900990099009901,0.88012886,0.0043545095
A6,135.0,0.8985148514851485,0.88276607,0.0042420616
A6,136.0,0.8960396039603961,0.88614833,0.0037240603
A6,137.0,0.8985148514851485,0.88488543,0.003203999
A6,138.0,0.8985148514851485,0.8826683,0.0038002608
A6,139.0,0.8985148514851485,0.88304317,0.003737944
A6,140.0,0.8985148514851485,0.88095856,0.0042782947
A6,141.0,0.8960396039603961,0.8818575,0.0041181506
A6,142.0,0.8960396039603961,0.88461363,0.0037099342
A6,143.0,0.8960396039603961,0.8818327,0.004025962
A6,144.0,0.8960396039603961,0.8819903,0.004079098
A6,145.0,0.8960396039603961,0.8812865,0.0040539852
A6,146.0,0.8935643564356436,0.8808489,0.0040147793
A6,147.0,0.8960396039603961,0.8822999,0.0037087915
A6,148.0,0.8935643564356436,0.8818544,0.0042006434
A6,149.0,0.8935643564356436,0.8829888,0.0036858758
A6,150.0,0.8935643564356436,0.8829204,0.0036395714
A6,151.0,0.8935643564356436,0.88282406,0.0036736997
A6,152.0,0.8935643564356436,0.882747,0.0037147063
A6,153.0,0.8935643564356436,0.8817499,0.004069868
A6,154.0,0.8935643564356436,0.8810234,0.0040477505
A6,155.0,0.8910891089108911,0.88107765,0.0040403116
A6,156.0,0.8935643564356436,0.88171566,0.004066768
A6,157.0,0.8935643564356436,0.8770027,0.004133333
A6,158.0,0.8935643564356436,0.8760576,0.0042510587
A6,159.0,0.8935643564356436,0.8762218,0.003927388
A6,160.0,0.8910891089108911,0.87986165,0.003769907
A6,161.0,0.8910891089108911,0.87818515,0.0034177373
A6,162.0,0.8935643564356436,0.87114936,0.0059876186
A6,163.0,0.8910891089108911,0.8728403,0.004872585
A6,164.0,0.8910891089108911,0.87217176,0.0053721955
A6,165.0,0.8910891089108911,0.8710763,0.00563005
A6,166.0,0.8910891089108911,0.8721964,0.0055849515
A6,167.0,0.8886138613861386,0.87812054,0.003340815
A6,168.0,0.8886138613861386,0.8773736,0.0038278718
A6,169.0,0.8910891089108911,0.8717801,0.0054397127
A6,170.0,0.8910891089108911,0.8666337,0.0045278817
A6,171.0,0.8910891089108911,0.866604,0.0044599283
A6,172.0,0.8886138613861386,0.8629608,0.0041940454
A6,173.0,0.8886138613861386,0.86246,0.004252041
A6,174.0,0.8886138613861386,0.86218816,0.0045612096
A6,175.0,0.8886138613861386,0.86225617,0.004434741
A6,176.0,0.8886138613861386,0.8622303,0.004404957
A6,177.0,0.8886138613861386,0.8620243,0.004312177
A6,178.0,0.8886138613861386,0.8619242,0.0043398845
A6,179.0,0.8886138613861386,0.86209136,0.004417242
A6,180.0,0.8886138613861386,0.86193067,0.004402892
A6,181.0,0.8861386138613861,0.86125773,0.0042023906
A6,182.0,0.8861386138613861,0.86072093,0.0039742775
A6,183.0,0.8861386138613861,0.86075324,0.004033476
A6,184.0,0.8861386138613861,0.8607875,0.0040119123
A6,185.0,0.8861386138613861,0.860597,0.003994147
A6,186.0,0.8861386138613861,0.8612434,0.0042179367
A6,187.0,0.8861386138613861,0.8610219,0.004226134
A6,188.0,0.8861386138613861,0.86086196,0.0039756745
A6,189.0,0.8861386138613861,0.8603673,0.004398837
A6,190.0,0.8861386138613861,0.8599145,0.0043247
A6,191.0,0.8836633663366337,0.8600033,0.0042247726
A6,192.0,0.8836633663366337,0.85936147,0.0034724835
A6,193.0,0.8836633663366337,0.85999763,0.004299708
A6,194.0,0.8836633663366337,0.85979843,0.0040981453
A6,195.0,0.8836633663366337,0.85982573,0.0040819277
A6,196.0,0.8836633663366337,0.8599275,0.004334106
A6,197.0,0.8836633663366337,0.85992354,0.003959093
A6,198.0,0.8836633663366337,0.8600103,0.004218792
A6,199.0,0.8836633663366337,0.8593818,0.0034692986
A6,200.0,0.8836633663366337,0.8591941,0.0034758064
A6,201.0,0.8836633663366337,0.85624945,0.004797806
A6,202.0,0.8811881188118812,0.8580839,0.0029188045
A6,203.0,0.8836633663366337,0.85359573,0.0042054807
A6,204.0,0.8836633663366337,0.8551316,0.0046560913
A6,205.0,0.8836633663366337,0.8558408,0.004695262
A6,206.0,0.8811881188118812,0.8572205,0.002849857
A6,207.0,0.8836633663366337,0.8577215,0.0033289192
A6,208.0,0.8811881188118812,0.85767823,0.003315332
A6,209.0,0.8787128712871287,0.86038893,0.0042280345
A6,210.0,0.8836633663366337,0.85538495,0.0045573553
A6,211.0,0.8787128712871287,0.85941106,0.0033642296
A6,212.0,0.8811881188118812,0.85447866,0.0040807542
A6,213.0,0.8811881188118812,0.85415775,0.0041334145
A6,214.0,0.8787128712871287,0.85770977,0.0032783311
A6,215.0,0.8811881188118812,0.85574305,0.0047842357
A6,216.0,0.8811881188118812,0.85538816,0.00452041
A6,217.0,0.8787128712871287,0.85798776,0.0029350866
A6,218.0,0.8787128712871287,0.85739625,0.003542391
A6,219.0,0.8811881188118812,0.8544284,0.004115667
A6,220.0,0.8787128712871287,0.8559104,0.0047386684
A6,221.0,0.8787128712871287,0.855796,0.004656374
A6,222.0,0.8787128712871287,0.8574313,0.003442998
A6,223.0,0.8762376237623762,0.8605439,0.004602781
A6,224.0,0.8787128712871287,0.85977745,0.004089305
A6,225.0,0.8787128712871287,0.8556744,0.0044733286
A6,226.0,0.8787128712871287,0.85852575,0.0032139611
A6,227.0,0.8787128712871287,0.8551564,0.0043657995
A6,228.0,0.8762376237623762,0.85806674,0.0037692906
A6,229.0,0.8787128712871287,0.8544011,0.0038066434
A6,230.0,0.8762376237623762,0.8573349,0.0037802137
A6,231.0,0.8787128712871287,0.85439575,0.0038198752
A6,232.0,0.8762376237623762,0.85768044,0.0037679533
A6,233.0,0.8787128712871287,0.8545492,0.0039510587
A6,234.0,0.8762376237623762,0.8554039,0.0045648287
A6,235.0,0.8762376237623762,0.8539178,0.003904106
A6,236.0,0.8762376237623762,0.85619193,0.004895787
A6,237.0,0.8762376237623762,0.85338056,0.003884802
A6,238.0,0.8737623762376238,0.8549243,0.0041112336
A6,239.0,0.8762376237623762,0.8483329,0.0045190575
A6,240.0,0.8762376237623762,0.84748,0.004138636
A6,241.0,0.8762376237623762,0.84819144,0.0048050927
A6,242.0,0.8762376237623762,0.8473853,0.0041565783
A6,243.0,0.8762376237623762,0.8474544,0.004090649
A6,244.0,0.8762376237623762,0.84688205,0.0042828172
A6,245.0,0.8737623762376238,0.8470725,0.0042388374
A6,246.0,0.8762376237623762,0.84616673,0.004594457
A6,247.0,0.8712871287128713,0.8475164,0.0042069573
A6,248.0,0.8762376237623762,0.8459495,0.0048338287
A6,249.0,0.8762376237623762,0.8457521,0.004786585
A6,250.0,0.8737623762376238,0.8461049,0.004481258
A6,251.0,0.8737623762376238,0.84613705,0.004453722
A6,252.0,0.8712871287128713,0.84671676,0.004442275
A6,253.0,0.8737623762376238,0.8455764,0.004468564
A6,254.0,0.8688118811881188,0.84824467,0.0047063916
A6,255.0,0.8737623762376238,0.84518087,0.0046179495
A6,256.0,0.8712871287128713,0.84594095,0.00465276
A6,257.0,0.8737623762376238,0.84581745,0.004564131
A6,258.0,0.8712871287128713,0.84596384,0.0046574115
A6,259.0,0.8712871287128713,0.8460099,0.0047592316
A6,260.0,0.8688118811881188,0.8479699,0.0048455833
A6,261.0,0.8737623762376238,0.84492606,0.00436378
A6,262.0,0.8712871287128713,0.8451441,0.0045294575
A6,263.0,0.8712871287128713,0.8451826,0.004495855
A6,264.0,0.8712871287128713,0.8451101,0.004452349
A6,265.0,0.8712871287128713,0.8451675,0.0045764674
A6,266.0,0.8712871287128713,0.8450953,0.0044842972
A7,1.0,1.0,0.99187344,0.0021584956
A7,2.0,0.9925373134328358,0.9791627,0.002638227
A7,3.0,0.9875621890547264,0.9753639,0.0021055727
A7,4.0,0.9800995024875622,0.97402394,0.0019888259
A7,5.0,0.9751243781094527,0.97117156,0.0030235597
A7,6.0,0.9701492537313433,0.9708477,0.0017671504
A7,7.0,0.9651741293532339,0.9643985,0.0027092618
A7,8.0,0.9626865671641791,0.9622167,0.0024261803
A7,9.0,0.9601990049751243,0.950397,0.0025617394
A7,10.0,0.9577114427860697,0.9549655,0.0035471246
A7,11.0,0.9527363184079602,0.9576567,0.0038518969
A7,12.0,0.9502487562189055,0.94921434,0.0028201928
A7,13.0,0.9477611940298507,0.9562454,0.0019255575
A7,14.0,0.945273631840796,0.947474,0.0024310874
A7,15.0,0.9427860696517413,0.94219905,0.0031782403
A7,16.0,0.9427860696517413,0.9267298,0.0042237937
A7,17.0,0.9378109452736318,0.92628545,0.0038240934
A7,18.0,0.9378109452736318,0.9284235,0.0027500119
A7,19.0,0.9328358208955224,0.935377,0.0052648964
A7,20.0,0.9328358208955224,0.93054664,0.0052768593
A7,21.0,0.9303482587064676,0.9286534,0.004192187
A7,22.0,0.9303482587064676,0.92831486,0.003932154
A7,23.0,0.927860696517413,0.9265089,0.004222237
A7,24.0,0.927860696517413,0.92947066,0.004466394
A7,25.0,0.9253731343283582,0.9272836,0.0042787204
A7,26.0,0.9228855721393034,0.9247411,0.003715342
A7,27.0,0.9203980099502488,0.92178714,0.0032860243
A7,28.0,0.9203980099502488,0.92016906,0.0036750596
A7,29.0,0.917910447761194,0.9286192,0.0019848023
A7,30.0,0.917910447761194,0.928409,0.0021168068
A7,31.0,0.917910447761194,0.9147984,0.0022487035
A7,32.0,0.9154228855721394,0.91394407,0.0020830436
A7,33.0,0.9129353233830846,0.9137088,0.0029074394
A7,34.0,0.9104477611940298,0.91465056,0.0026352361
A7,35.0,0.9104477611940298,0.9219411,0.0020559644
A7,36.0,0.9079601990049752,0.9131811,0.0038898583
A7,37.0,0.9079601990049752,0.91850936,0.00283082
A7,38.0,0.9079601990049752,0.9106967,0.0031800275
A7,39.0,0.9054726368159204,0.91175604,0.0038623228
A7,40.0,0.9054726368159204,0.91077805,0.00408465
A7,41.0,0.9029850746268657,0.9251876,0.0058460026
A7,42.0,0.900497512437811,0.9293062,0.006123666
A7,43.0,0.900497512437811,0.92910737,0.0056396257
A7,44.0,0.8980099502487562,0.9279753,0.006022389
A7,45.0,0.900497512437811,0.9012537,0.0037489987
A7,46.0,0.8980099502487562,0.9006996,0.0033212516
A7,47.0,0.8955223880597015,0.9186432,0.00584732
A7,48.0,0.8930348258706468,0.91979265,0.0051518423
A7,49.0,0.8930348258706468,0.92880785,0.004228104
A7,50.0,0.8930348258706468,0.92900896,0.0043550953
A7,51.0,0.8930348258706468,0.9143548,0.0059268195
A7,52.0,0.8905472636815921,0.90212154,0.0055304165
A7,53.0,0.8905472636815921,0.9040564,0.004782902
A7,54.0,0.8880597014925373,0.9187728,0.004772859
A7,55.0,0.8880597014925373,0.89953506,0.006158297
A7,56.0,0.8830845771144279,0.9111614,0.0056712325
A7,57.0,0.8830845771144279,0.91971856,0.0045051044
A7,58.0,0.8830845771144279,0.90867394,0.0073631457
A7,59.0,0.8805970149253731,0.9188304,0.004980559
A7,60.0,0.8830845771144279,0.89626753,0.004604197
A7,61.0,0.8805970149253731,0.9133809,0.007845137
A7,62.0,0.8805970149253731,0.90114117,0.005986406
A7,63.0,0.8756218905472637,0.9109775,0.0067219962
A7,64.0,0.8756218905472637,0.91218823,0.00673657
A7,65.0,0.8756218905472637,0.88783264,0.005067969
A7,66.0,0.8731343283582089,0.8848745,0.0032166892
A7,67.0,0.8706467661691543,0.8919014,0.0067372983
A7,68.0,0.8706467661691543,0.8869689,0.005749203
A7,69.0,0.8706467661691543,0.8865282,0.005290966
A7,70.0,0.8681592039800995,0.8866668,0.0051872977
A7,71.0,0.8681592039800995,0.88447094,0.0058061373
A7,72.0,0.8656716417910447,0.88004434,0.0044071497
A7,73.0,0.8656716417910447,0.8780557,0.004175539
A7,74.0,0.8631840796019901,0.8769628,0.0033276028
A7,75.0,0.8631840796019901,0.8726657,0.0038683787
A7,76.0,0.8606965174129353,0.8719764,0.0035205146
A7,77.0,0.8606965174129353,0.86554223,0.0028295184
A7,78.0,0.8582089552238806,0.86546504,0.0033054552
A7,79.0,0.8557213930348259,0.86372805,0.0025495817
A7,80.0,0.8507462686567164,0.86917764,0.0048193727
A7,81.0,0.8482587064676617,0.86135435,0.0036160476
A7,82.0,0.845771144278607,0.85779464,0.0027865088
A7,83.0,0.8432835820895522,0.8536059,0.00409411
A7,84.0,0.8407960199004975,0.85210884,0.0045239604
A7,85.0,0.8383084577114428,0.848776,0.004516712
A7,86.0,0.835820895522388,0.8444931,0.0068110228
A7,87.0,0.8333333333333334,0.8347948,0.005272381
A7,88.0,0.8283582089552238,0.835913,0.005194382
A7,89.0,0.8258706467661692,0.8313612,0.003236945
A7,90.0,0.8233830845771144,0.8248296,0.0074496386
A7,91.0,0.818407960199005,0.8182374,0.00891402
A7,92.0,0.818407960199005,0.80782765,0.006209506
A7,93.0,0.8134328358208955,0.80510604,0.005266731
A7,94.0,0.8109452736318408,0.8012458,0.006415679
A7,95.0,0.8034825870646766,0.80374944,0.0051466553
A7,96.0,0.8034825870646766,0.8020886,0.0044510127
A7,97.0,0.8009950248756219,0.79308784,0.007693138
A7,98.0,0.7985074626865671,0.79371196,0.007916276
A7,99.0,0.7985074626865671,0.787843,0.0065226387
A7,100.0,0.7960199004975125,0.7838729,0.0062245848
A7,101.0,0.7935323383084577,0.78012145,0.006187059
A7,102.0,0.7910447761194029,0.7792406,0.0060251234
A7,103.0,0.7885572139303483,0.77256644,0.007496105
A7,104.0,0.7860696517412935,0.77236545,0.006785945
A7,105.0,0.7810945273631841,0.7846096,0.006729246
A7,106.0,0.7835820895522388,0.7564295,0.008366306
A7,107.0,0.7835820895522388,0.74465334,0.0076444806
A7,108.0,0.7761194029850746,0.7724091,0.0070359427
A7,109.0,0.7761194029850746,0.7507886,0.009591692
A7,110.0,0.7736318407960199,0.74826074,0.011372658
A7,111.0,0.7711442786069652,0.74339956,0.009058441
A7,112.0,0.7711442786069652,0.72770584,0.008789302
A7,113.0,0.763681592039801,0.7515922,0.008477755
A7,114.0,0.763681592039801,0.73891866,0.008857546
A7,115.0,0.7611940298507462,0.7349386,0.010173397
A7,116.0,0.7587064676616916,0.73147637,0.0076192548
A7,117.0,0.7562189054726368,0.72944295,0.007688957
A7,118.0,0.753731343283582,0.7273442,0.007064587
A7,119.0,0.7512437810945274,0.7304193,0.009935277
A7,120.0,0.7487562189054726,0.72628504,0.006712192
A7,121.0,0.746268656716418,0.7262081,0.011145906
A7,122.0,0.7437810945273632,0.73188484,0.008833403
A7,123.0,0.7412935323383084,0.7226839,0.012506498
A7,124.0,0.7437810945273632,0.69072086,0.009665409
A7,125.0,0.736318407960199,0.71218526,0.013098948
A7,126.0,0.7313432835820896,0.7176273,0.01278985
A7,127.0,0.7288557213930348,0.7199813,0.010975015
A7,128.0,0.7263681592039801,0.70961744,0.011372711
A7,129.0,0.7263681592039801,0.6834549,0.009789714
A7,130.0,0.7213930348258707,0.6859078,0.008977391
A7,131.0,0.7139303482587065,0.7051372,0.010310364
A7,132.0,0.7114427860696517,0.6962193,0.009100194
A7,133.0,0.7089552238805971,0.6932105,0.009798653
A7,134.0,0.7114427860696517,0.6522393,0.011977185
A7,135.0,0.7014925373134329,0.66426224,0.009750857
A7,136.0,0.6965174129353234,0.6869939,0.011039028
A7,137.0,0.6965174129353234,0.6696309,0.013880893
A7,138.0,0.6940298507462687,0.6326355,0.015095434
A7,139.0,0.6890547263681592,0.64098346,0.017070025
A7,140.0,0.6865671641791045,0.6230425,0.017468587
A7,141.0,0.6766169154228856,0.6137537,0.0128177535
A7,142.0,0.6716417910447762,0.62647086,0.013379506
A7,143.0,0.6691542288557214,0.60194093,0.011867671
A7,144.0,0.664179104477612,0.6014219,0.013772363
A7,145.0,0.6592039800995025,0.5968207,0.014630769
A7,146.0,0.654228855721393,0.57378715,0.013120447
A7,147.0,0.6492537313432836,0.5744844,0.013170548
A7,148.0,0.6442786069651741,0.5711994,0.014436019
A7,149.0,0.6393034825870647,0.5863689,0.0129122
A7,150.0,0.6343283582089553,0.5720472,0.012254718
A7,151.0,0.6293532338308457,0.5707065,0.011588468
A7,152.0,0.6218905472636815,0.55959904,0.010246524
A7,153.0,0.6144278606965174,0.55835235,0.010186553
A7,154.0,0.6094527363184079,0.5403336,0.010171497
A7,155.0,0.6044776119402985,0.54227954,0.007556427
A7,156.0,0.5970149253731343,0.5457969,0.010945645
A7,157.0,0.5920398009950248,0.5452237,0.011118453
A7,158.0,0.5845771144278606,0.5359394,0.008296326
A7,159.0,0.5771144278606966,0.5216216,0.013382933
A7,160.0,0.5671641791044776,0.52479756,0.012547136
A7,161.0,0.5597014925373134,0.52855694,0.01891452
A7,162.0,0.554726368159204,0.51761615,0.013169908
A7,163.0,0.5447761194029851,0.51368046,0.011882637
A7,164.0,0.5373134328358209,0.50500655,0.012550885
A7,165.0,0.5298507462686567,0.50013214,0.01342716
A7,166.0,0.5199004975124378,0.5040399,0.01382582
A7,167.0,0.5124378109452736,0.49196315,0.012304307
A7,168.0,0.5049751243781094,0.4972754,0.014898539
A7,169.0,0.4975124378109453,0.48974603,0.012394619
A7,170.0,0.4900497512437811,0.48967242,0.012514401
A7,171.0,0.48009950248756217,0.4867471,0.0103457505
A7,172.0,0.4701492537313433,0.48603505,0.009485646
A7,173.0,0.4601990049751244,0.48676458,0.009246951
A7,174.0,0.4527363184079602,0.48143703,0.013536382
A7,175.0,0.4427860696517413,0.4728574,0.011894427
A7,176.0,0.43532338308457713,0.4699328,0.0105277
A7,177.0,0.4253731343283582,0.46520752,0.008308923
A7,178.0,0.4154228855721393,0.45031285,0.010535186
A7,179.0,0.4079601990049751,0.44384497,0.011229861
A7,180.0,0.39800995024875624,0.43239212,0.014970581
A7,181.0,0.3880597014925373,0.41498622,0.015907597
A7,182.0,0.3781094527363184,0.3987506,0.013310701
A7,183.0,0.3681592039800995,0.39257178,0.0091976505
A7,184.0,0.36069651741293535,0.38382313,0.011934625
A7,185.0,0.35074626865671643,0.38118654,0.012546643
A7,186.0,0.34328358208955223,0.3812591,0.012598503
A7,187.0,0.3358208955223881,0.3704384,0.010653927
A7,188.0,0.3283582089552239,0.3689017,0.0104291225
A7,189.0,0.3208955223880597,0.363144,0.008371321
A7,190.0,0.31343283582089554,0.3596199,0.0063263797
A7,191.0,0.30597014925373134,0.34787172,0.0052280067
A7,192.0,0.29850746268656714,0.3325697,0.0065780184
A7,193.0,0.291044776119403,0.32256058,0.008822834
A7,194.0,0.2835820895522388,0.318838,0.009289015
A7,195.0,0.27860696517412936,0.31051224,0.007629932
A7,196.0,0.27114427860696516,0.29673243,0.012641432
A7,197.0,0.26616915422885573,0.28498775,0.009276392
A7,198.0,0.25870646766169153,0.27898854,0.01225165
A7,199.0,0.24875621890547264,0.23788989,0.013015952
A7,200.0,0.04776119402985075,0.12937923,0.036631327
A7,201.0,0.04203980099502488,0.13291004,0.035051484
A7,202.0,0.03980099502487562,0.08519955,0.031357173
A7,203.0,0.03805970149253731,0.06568457,0.03411023
A7,204.0,0.03731343283582089,0.051889945,0.0032739644
A7,205.0,0.03631840796019901,0.065693654,0.034179457
A7,206.0,0.036069651741293535,0.051424623,0.005753482
A7,207.0,0.035323383084577116,0.05142517,0.006029939
A7,208.0,0.03557213930348259,0.05145501,0.0060212654
A7,209.0,0.03582089552238806,0.052444555,0.0052412814
A7,210.0,0.03582089552238806,0.051584385,0.0060043647
A7,211.0,0.03507462686567164,0.05165592,0.006427798
A7,212.0,0.03482587064676617,0.051556878,0.0062673534
A7,213.0,0.03407960199004975,0.051914267,0.00646277
A7,214.0,0.03333333333333333,0.055010665,0.014511562
A7,215.0,0.032587064676616914,0.045850605,0.002688951
A7,216.0,0.031840796019900496,0.045782786,0.0027410355
A7,217.0,0.030845771144278607,0.043493558,0.0037104504
A7,218.0,0.03034825870646766,0.040007222,0.0021949513
A7,219.0,0.03034825870646766,0.039862864,0.0021657331
A7,220.0,0.030597014925373135,0.040122487,0.0019634028
A7,221.0,0.030845771144278607,0.040017426,0.0020784657
A7,222.0,0.030845771144278607,0.04375528,0.0035058362
A7,223.0,0.03109452736318408,0.04020261,0.0019807487
A7,224.0,0.030845771144278607,0.0390973,0.001446012
A7,225.0,0.03009950248756219,0.039066814,0.0014574982
A7,226.0,0.029601990049751243,0.036577784,0.001899523
A7,227.0,0.02935323383084577,0.036099687,0.0014215818
A7,228.0,0.029104477611940297,0.036483727,0.0019204398
A7,229.0,0.028358208955223882,0.03416784,0.0008976339
A7,230.0,0.02810945273631841,0.03416773,0.0008974356
A7,231.0,0.027860696517412936,0.034000903,0.00094568916
A7,232.0,0.02810945273631841,0.034014147,0.0009429306
A7,233.0,0.028606965174129355,0.033904437,0.0009741022
A7,234.0,0.028606965174129355,0.03496608,0.00085518253
A7,235.0,0.028855721393034824,0.034857225,0.0008611685
A7,236.0,0.028606965174129355,0.03436913,0.0007985433
A7,237.0,0.02810945273631841,0.034182444,0.0007458763
A7,238.0,0.02810945273631841,0.03328604,0.00080404914
A7,239.0,0.027860696517412936,0.033069264,0.0009138372
A7,240.0,0.027611940298507463,0.033145577,0.0009052893
A7,241.0,0.02736318407960199,0.03224943,0.001235978
A7,242.0,0.027114427860696518,0.03170078,0.0015200021
A7,243.0,0.026865671641791045,0.03175645,0.0013736082
A7,244.0,0.02661691542288557,0.031312115,0.001552424
A7,245.0,0.02661691542288557,0.031042892,0.0013079518
A7,246.0,0.02661691542288557,0.031372976,0.0015046304
A7,247.0,0.02661691542288557,0.031188834,0.0015224668
A7,248.0,0.02661691542288557,0.03098932,0.0014193136
A7,249.0,0.02661691542288557,0.031087482,0.001262973
A7,250.0,0.0263681592039801,0.030809695,0.0013258385
A7,251.0,0.026119402985074626,0.030771416,0.0012716781
A7,252.0,0.025870646766169153,0.030100364,0.0010677398
A7,253.0,0.02562189054726368,0.029714635,0.0009217692
A7,254.0,0.025373134328358207,0.029362386,0.0008569962
A7,255.0,0.025124378109452738,0.029391292,0.00082591956
A7,256.0,0.024626865671641792,0.028505448,0.00067225937
A7,257.0,0.024353233830845773,0.027753007,0.0006220342
A7,258.0,0.02390547263681592,0.026906138,0.0012958214
A7,259.0,0.023606965174129354,0.026853953,0.0012981752
A7,260.0,0.023407960199004974,0.02619477,0.0010738337
A7,261.0,0.02318407960199005,0.026255002,0.0011607972
A7,262.0,0.023109452736318408,0.026197955,0.0012856813
A7,263.0,0.022885572139303482,0.026021075,0.0012492351
A7,264.0,0.022711442786069652,0.025907451,0.0012566966
A7,265.0,0.022437810945273633,0.025696862,0.0012920047
A7,266.0,0.022338308457711443,0.025531217,0.0011101996
A7,267.0,0.02208955223880597,0.02552561,0.0011073162
A7,268.0,0.021940298507462687,0.024207348,0.0025561515
A7,269.0,0.02171641791044776,0.02408741,0.0025529824
A7,270.0,0.021592039800995024,0.023941219,0.0024720952
A7,271.0,0.021467661691542288,0.023588132,0.002590239
A7,272.0,0.021517412935323384,0.02377228,0.0026677544
A7,273.0,0.02144278606965174,0.023601923,0.0026305465
A7,274.0,0.021318407960199005,0.023383621,0.0026741067
A7,275.0,0.021318407960199005,0.023381481,0.0026351647
A7,276.0,0.021218905472636815,0.023315903,0.0027620003
A7,277.0,0.021194029850746268,0.023378732,0.0026425794
A7,278.0,0.02082089552238806,0.023245215,0.0027868345
A7,279.0,0.02064676616915423,0.021648958,0.0044133128
A7,280.0,0.020522388059701493,0.021603089,0.004491175
A7,281.0,0.020298507462686566,0.021526048,0.0044770367
A7,282.0,0.020099502487562187,0.017403092,0.0071977875
A7,283.0,0.02017412935323383,0.019932956,0.004200214
A7,284.0,0.02017412935323383,0.019948753,0.0042292015
A7,285.0,0.01997512437810945,0.017269133,0.007119724
A7,286.0,0.020074626865671644,0.020476978,0.0043619247
A7,287.0,0.020248756218905473,0.020722484,0.004486991
A7,288.0,0.02019900497512438,0.02067201,0.004478062
A7,289.0,0.020124378109452737,0.02052014,0.0044233957
A7,290.0,0.020149253731343283,0.020504769,0.004414885
A7,291.0,0.019850746268656717,0.0198258,0.0042548724
A7,292.0,0.01962686567164179,0.016049568,0.008501389
A7,293.0,0.0195273631840796,0.014723216,0.008030077
A7,294.0,0.01945273631840796,0.014672289,0.008210371
A7,295.0,0.019228855721393035,0.016466442,0.0049473913
A7,296.0,0.01912935323383085,0.016306574,0.0050761793
A7,297.0,0.019303482587064675,0.016322838,0.0050314777
A7,298.0,0.0191044776119403,0.016029296,0.0051873685
A7,299.0,0.018930348258706466,0.016533796,0.006127267
A7,300.0,0.01917910447761194,0.01584601,0.0053649913
A8,1.0,1.0,0.9980858,0.001381847
A8,2.0,0.9950372208436724,0.9976959,0.0012133326
A8,3.0,0.9875930521091811,0.99620235,0.0011625995
A8,4.0,0.9851116625310173,0.9933866,0.000713699
A8,5.0,0.9801488833746899,0.9887188,0.0020273598
A8,6.0,0.9751861042183623,0.9859719,0.0011365047
A8,7.0,0.9727047146401985,0.9827555,0.0032517991
A8,8.0,0.9702233250620348,0.97468853,0.0012215143
A8,9.0,0.967741935483871,0.9761098,0.003334682
A8,10.0,0.9627791563275434,0.9752512,0.0029998668
A8,11.0,0.9602977667493796,0.9712845,0.0035453674
A8,12.0,0.9578163771712159,0.9706818,0.0027421
A8,13.0,0.9578163771712159,0.9647501,0.0027775022
A8,14.0,0.9553349875930521,0.96707326,0.0021228972
A8,15.0,0.9528535980148883,0.96001214,0.0017740617
A8,16.0,0.9503722084367245,0.9534928,0.001764589
A8,17.0,0.9478908188585607,0.95806694,0.0015442924
A8,18.0,0.9478908188585607,0.9565169,0.0024507265
A8,19.0,0.9454094292803971,0.95020086,0.0023864207
A8,20.0,0.9454094292803971,0.9465744,0.0029286323
A8,21.0,0.9429280397022333,0.94343615,0.0024998279
A8,22.0,0.9429280397022333,0.9423445,0.0014922661
A8,23.0,0.9404466501240695,0.9472582,0.0022335078
A8,24.0,0.9404466501240695,0.94634837,0.003459816
A8,25.0,0.9379652605459057,0.94421256,0.0023590818
A8,26.0,0.9354838709677419,0.9394,0.0022151421
A8,27.0,0.9354838709677419,0.9379646,0.0016045235
A8,28.0,0.9330024813895782,0.9452589,0.0032108447
A8,29.0,0.9330024813895782,0.9380191,0.0019332136
A8,30.0,0.9330024813895782,0.93515426,0.0020810314
A8,31.0,0.9330024813895782,0.93743956,0.0025865647
A8,32.0,0.9305210918114144,0.9372446,0.0025222404
A8,33.0,0.9280397022332506,0.93400097,0.0018509999
A8,34.0,0.9280397022332506,0.9334095,0.0014166085
A8,35.0,0.9280397022332506,0.9329969,0.0019900205
A8,36.0,0.9255583126550868,0.9328467,0.0019632385
A8,37.0,0.9255583126550868,0.9325612,0.0018335107
A8,38.0,0.9255583126550868,0.9326137,0.0015382299
A8,39.0,0.9255583126550868,0.93258274,0.0014111075
A8,40.0,0.9230769230769231,0.93255556,0.0015696912
A8,41.0,0.9230769230769231,0.93334264,0.0011529651
A8,42.0,0.9205955334987593,0.9322777,0.0017046852
A8,43.0,0.9205955334987593,0.93206275,0.0016025379
A8,44.0,0.9205955334987593,0.9245224,0.0016808519
A8,45.0,0.9205955334987593,0.9256474,0.0018089745
A8,46.0,0.9181141439205955,0.9293454,0.0017575679
A8,47.0,0.9181141439205955,0.9292337,0.0017742502
A8,48.0,0.9156327543424317,0.93171275,0.0012819843
A8,49.0,0.9156327543424317,0.9309727,0.00140901
A8,50.0,0.9156327543424317,0.9248249,0.0014204578
A8,51.0,0.9156327543424317,0.92224455,0.0016424361
A8,52.0,0.9156327543424317,0.92248374,0.0017576409
A8,53.0,0.913151364764268,0.9246149,0.0017344602
A8,54.0,0.913151364764268,0.92052966,0.00181657
A8,55.0,0.913151364764268,0.9220149,0.0014521646
A8,56.0,0.9106699751861043,0.9257806,0.0017954903
A8,57.0,0.913151364764268,0.9196583,0.0018950383
A8,58.0,0.9106699751861043,0.9230975,0.002175511
A8,59.0,0.9106699751861043,0.9169453,0.00171533
A8,60.0,0.9081885856079405,0.91979295,0.0015990395
A8,61.0,0.9106699751861043,0.9163779,0.002131806
A8,62.0,0.9081885856079405,0.9190283,0.0017521447
A8,63.0,0.9057071960297767,0.92197037,0.0017731182
A8,64.0,0.9081885856079405,0.91270477,0.0019657265
A8,65.0,0.9057071960297767,0.91739815,0.0024952563
A8,66.0,0.9057071960297767,0.9080078,0.0024427527
A8,67.0,0.9057071960297767,0.9121485,0.0018852405
A8,68.0,0.9032258064516129,0.91598654,0.0024242452
A8,69.0,0.9057071960297767,0.90676373,0.0025260737
A8,70.0,0.9032258064516129,0.91076106,0.0028492995
A8,71.0,0.9032258064516129,0.9062913,0.0025254798
A8,72.0,0.9007444168734491,0.9101779,0.0025418766
A8,73.0,0.9007444168734491,0.9083276,0.0032414133
A8,74.0,0.9007444168734491,0.90677536,0.0030466097
A8,75.0,0.9007444168734491,0.9055896,0.0031209027
A8,76.0,0.8982630272952854,0.9054122,0.003123556
A8,77.0,0.9007444168734491,0.901427,0.0023177913
A8,78.0,0.8982630272952854,0.90173167,0.0024441334
A8,79.0,0.8982630272952854,0.9024687,0.0028184403
A8,80.0,0.8957816377171216,0.9100067,0.0024082372
A8,81.0,0.8957816377171216,0.9012271,0.002326306
A8,82.0,0.8957816377171216,0.8993266,0.0021921822
A8,83.0,0.8957816377171216,0.8979599,0.0020122693
A8,84.0,0.8957816377171216,0.8979912,0.0016316463
A8,85.0,0.8933002481389578,0.8971375,0.001963554
A8,86.0,0.8933002481389578,0.89652234,0.002267954
A8,87.0,0.8933002481389578,0.89607465,0.0023112397
A8,88.0,0.8933002481389578,0.8945276,0.002409931
A8,89.0,0.890818858560794,0.89146614,0.0029665725
A8,90.0,0.890818858560794,0.89141214,0.003289148
A8,91.0,0.890818858560794,0.8899762,0.0025274386
A8,92.0,0.890818858560794,0.8867668,0.0019426802
A8,93.0,0.890818858560794,0.8862673,0.0018873053
A8,94.0,0.8883374689826302,0.88607585,0.0017965945
A8,95.0,0.8883374689826302,0.8866564,0.0029642289
A8,96.0,0.8883374689826302,0.88671076,0.001945444
A8,97.0,0.8883374689826302,0.8853151,0.0020420835
A8,98.0,0.8858560794044665,0.88576543,0.0020046511
A8,99.0,0.8858560794044665,0.884494,0.0026040394
A8,100.0,0.8858560794044665,0.884624,0.0022262314
A8,101.0,0.8858560794044665,0.88506967,0.0018033474
A8,102.0,0.8833746898263027,0.88412875,0.0023083875
A8,103.0,0.8833746898263027,0.8822535,0.00184691
A8,104.0,0.8833746898263027,0.88486207,0.0019834323
A8,105.0,0.8833746898263027,0.8814087,0.0015562258
A8,106.0,0.8833746898263027,0.88063824,0.0020789425
A8,107.0,0.8808933002481389,0.88005817,0.0025060496
A8,108.0,0.8808933002481389,0.8797687,0.002256956
A8,109.0,0.8808933002481389,0.8799197,0.0027367184
A8,110.0,0.8808933002481389,0.8790838,0.002289696
A8,111.0,0.8808933002481389,0.87307453,0.0019342974
A8,112.0,0.8784119106699751,0.87885934,0.0019056748
A8,113.0,0.8784119106699751,0.87841463,0.0023316222
A8,114.0,0.8784119106699751,0.8780111,0.0022273127
A8,115.0,0.8759305210918115,0.8753786,0.0029083395
A8,116.0,0.8759305210918115,0.87351763,0.00282683
A8,117.0,0.8759305210918115,0.8750227,0.0028072277
A8,118.0,0.8759305210918115,0.877014,0.0027236633
A8,119.0,0.8759305210918115,0.87689084,0.002312968
A8,120.0,0.8734491315136477,0.8739219,0.0030662327
A8,121.0,0.8734491315136477,0.87177247,0.0032570732
A8,122.0,0.8734491315136477,0.8702733,0.0033659071
A8,123.0,0.8734491315136477,0.86862195,0.002544819
A8,124.0,0.8734491315136477,0.868513,0.0016561892
A8,125.0,0.8734491315136477,0.86970043,0.001701706
A8,126.0,0.8709677419354839,0.8686603,0.002719186
A8,127.0,0.8709677419354839,0.8686482,0.0026189
A8,128.0,0.8709677419354839,0.8680727,0.0028314963
A8,129.0,0.8684863523573201,0.86750984,0.0029665953
A8,130.0,0.8684863523573201,0.87002265,0.0037711926
A8,131.0,0.8684863523573201,0.8676157,0.0029379574
A8,132.0,0.8684863523573201,0.86931026,0.0020996605
A8,133.0,0.8709677419354839,0.8687622,0.0015159926
A8,134.0,0.8684863523573201,0.8677758,0.0014717736
A8,135.0,0.8660049627791563,0.865946,0.0034060702
A8,136.0,0.8660049627791563,0.8649748,0.0025815973
A8,137.0,0.8684863523573201,0.8664292,0.0025418282
A8,138.0,0.8684863523573201,0.8670746,0.0017714354
A8,139.0,0.8660049627791563,0.8637435,0.0031999613
A8,140.0,0.8635235732009926,0.8652376,0.0021702393
A8,141.0,0.8635235732009926,0.8637226,0.0028725495
A8,142.0,0.8635235732009926,0.8637762,0.0031716668
A8,143.0,0.8635235732009926,0.86550987,0.0024637189
A8,144.0,0.8610421836228288,0.86460745,0.0021220315
A8,145.0,0.8610421836228288,0.86450183,0.0019964373
A8,146.0,0.8610421836228288,0.86431646,0.0023965815
A8,147.0,0.8610421836228288,0.8631441,0.0033733451
A8,148.0,0.8610421836228288,0.8649319,0.0018154852
A8,149.0,0.8610421836228288,0.86458,0.0015012228
A8,150.0,0.8610421836228288,0.864282,0.0014011435
A8,151.0,0.858560794044665,0.8643966,0.0015149708
A8,152.0,0.858560794044665,0.8656689,0.0012383482
A8,153.0,0.858560794044665,0.8660266,0.0011977095
A8,154.0,0.8560794044665012,0.866477,0.0013946588
A8,155.0,0.8560794044665012,0.86650085,0.0012810951
A8,156.0,0.8560794044665012,0.8639409,0.0014866235
A8,157.0,0.8535980148883374,0.86002606,0.0025187198
A8,158.0,0.8535980148883374,0.86005145,0.0030263055
A8,159.0,0.8560794044665012,0.86388314,0.0011706215
A8,160.0,0.8535980148883374,0.86358947,0.0015725421
A8,161.0,0.8511166253101737,0.86016303,0.0022198923
A8,162.0,0.8535980148883374,0.86269397,0.0016432727
A8,163.0,0.8535980148883374,0.86386126,0.0021310071
A8,164.0,0.8511166253101737,0.86449414,0.0015681362
A8,165.0,0.8511166253101737,0.8639166,0.0018747039
A8,166.0,0.8511166253101737,0.8622161,0.001970616
A8,167.0,0.8511166253101737,0.86074466,0.0022968072
A8,168.0,0.8486352357320099,0.85870236,0.0021280912
A8,169.0,0.8486352357320099,0.86178315,0.0022621239
A8,170.0,0.8486352357320099,0.8618678,0.0022803792
A8,171.0,0.8486352357320099,0.8632666,0.0018058039
A8,172.0,0.8461538461538461,0.8645301,0.0018861389
A8,173.0,0.8461538461538461,0.8643268,0.0021195426
A8,174.0,0.8461538461538461,0.8641442,0.0021719574
A8,175.0,0.8436724565756824,0.8639115,0.0020693159
A8,176.0,0.8436724565756824,0.86354524,0.0017284412
A8,177.0,0.8436724565756824,0.86355484,0.0017359698
A8,178.0,0.8436724565756824,0.86287814,0.0020308222
A8,179.0,0.8411910669975186,0.86252487,0.0021505863
A8,180.0,0.8411910669975186,0.8613551,0.0027188277
A8,181.0,0.8411910669975186,0.8608779,0.0022330587
A8,182.0,0.8387096774193549,0.86026686,0.0023328594
A8,183.0,0.8387096774193549,0.8604721,0.0024163437
A8,184.0,0.8387096774193549,0.8606132,0.0024838732
A8,185.0,0.8387096774193549,0.860495,0.002552204
A8,186.0,0.8362282878411911,0.8596029,0.0025597683
A8,187.0,0.8362282878411911,0.86052954,0.0025346058
A8,188.0,0.8362282878411911,0.8605169,0.0027478535
A8,189.0,0.8362282878411911,0.8603695,0.002960926
A8,190.0,0.8337468982630273,0.8600156,0.0028319426
A8,191.0,0.8337468982630273,0.86030614,0.0029389681
A8,192.0,0.8337468982630273,0.8597965,0.0026379179
A8,193.0,0.8312655086848635,0.85991967,0.0026931465
A8,194.0,0.8312655086848635,0.85844994,0.0028796806
A8,195.0,0.8312655086848635,0.85809726,0.0029658556
A8,196.0,0.8287841191066998,0.8581358,0.0028846408
A8,197.0,0.8287841191066998,0.8576953,0.002984755
A8,198.0,0.8287841191066998,0.8560209,0.0031186158
A8,199.0,0.8287841191066998,0.85468733,0.002713307
A8,200.0,0.826302729528536,0.852534,0.0037976617
A8,201.0,0.826302729528536,0.852554,0.0037715111
A8,202.0,0.826302729528536,0.84691447,0.0025830884
A8,203.0,0.8238213399503722,0.85192263,0.003533017
A8,204.0,0.8238213399503722,0.845648,0.0022096473
A8,205.0,0.8213399503722084,0.84869367,0.0025259696
A8,206.0,0.8238213399503722,0.84661674,0.0022188632
A8,207.0,0.8188585607940446,0.8422143,0.004135813
A8,208.0,0.8188585607940446,0.8481366,0.0028099953
A8,209.0,0.8163771712158809,0.84615135,0.0044847317
A8,210.0,0.8188585607940446,0.8436718,0.0012462758
A8,211.0,0.8138957816377171,0.84314,0.0049094916
A8,212.0,0.8163771712158809,0.84332097,0.001374791
A8,213.0,0.8163771712158809,0.8401435,0.0020812133
A8,214.0,0.8114143920595533,0.8414645,0.0019611001
A8,215.0,0.8138957816377171,0.8401574,0.0026820789
A8,216.0,0.8114143920595533,0.8420329,0.001678689
A8,217.0,0.8138957816377171,0.83854926,0.0015680246
A8,218.0,0.8114143920595533,0.8373295,0.0023539457
A8,219.0,0.8114143920595533,0.83619595,0.0020728696
A8,220.0,0.8064516129032258,0.8373624,0.0024023375
A8,221.0,0.8064516129032258,0.8358513,0.002179307
A8,222.0,0.8039702233250621,0.8371378,0.0023805902
A8,223.0,0.8039702233250621,0.836085,0.0028046712
A8,224.0,0.8014888337468983,0.83551323,0.0017126186
A8,225.0,0.8014888337468983,0.83513576,0.0028277587
A8,226.0,0.7965260545905707,0.82532483,0.003592211
A8,227.0,0.7990074441687345,0.83142376,0.0022702336
A8,228.0,0.7965260545905707,0.828994,0.0025096366
A8,229.0,0.7965260545905707,0.83022135,0.0017971735
A8,230.0,0.7915632754342432,0.82449627,0.0030751678
A8,231.0,0.7915632754342432,0.82502717,0.002286541
A8,232.0,0.7890818858560794,0.8160027,0.0031195078
A8,233.0,0.7890818858560794,0.82551587,0.0023892983
A8,234.0,0.7866004962779156,0.8119491,0.0020306346
A8,235.0,0.7841191066997518,0.82352275,0.0020290443
A8,236.0,0.7841191066997518,0.8237917,0.002359896
A8,237.0,0.7791563275434243,0.815653,0.0038870987
A8,238.0,0.7791563275434243,0.81685007,0.0030255646
A8,239.0,0.7741935483870968,0.80129373,0.004566657
A8,240.0,0.771712158808933,0.81700027,0.0031361873
A8,241.0,0.7692307692307693,0.80070174,0.003826453
A8,242.0,0.7692307692307693,0.81148034,0.0034535811
A8,243.0,0.7642679900744417,0.7987996,0.0040194024
A8,244.0,0.7642679900744417,0.8103253,0.0032741802
A8,245.0,0.7617866004962779,0.79511464,0.002079798
A8,246.0,0.7593052109181141,0.80990946,0.00305317
A8,247.0,0.7568238213399504,0.8100117,0.0030487317
A8,248.0,0.7543424317617866,0.80452645,0.0033014142
A8,249.0,0.7543424317617866,0.8081123,0.005300676
A8,250.0,0.7518610421836228,0.8039408,0.0027941163
A8,251.0,0.749379652605459,0.7926663,0.003931015
A8,252.0,0.7468982630272953,0.79385144,0.0026747165
A8,253.0,0.7419354838709677,0.79215175,0.0028727206
A8,254.0,0.7419354838709677,0.79876775,0.00613468
A8,255.0,0.7419354838709677,0.7972355,0.007531646
A8,256.0,0.7369727047146402,0.7838491,0.0017763096
A8,257.0,0.7344913151364765,0.7800751,0.0027386826
A8,258.0,0.7320099255583127,0.77580476,0.0031478761
A8,259.0,0.7295285359801489,0.76035583,0.0029123593
A8,260.0,0.7270471464019851,0.76739705,0.002808462
A8,261.0,0.7270471464019851,0.7772796,0.0094315335
A8,262.0,0.7220843672456576,0.7636658,0.0054608914
A8,263.0,0.7220843672456576,0.7610716,0.0068893554
A8,264.0,0.7196029776674938,0.7540434,0.0036835752
A8,265.0,0.71712158808933,0.74714124,0.0033389889
A8,266.0,0.7121588089330024,0.7458695,0.0035734747
B1,1.0,1.0,1.000206,0.0023544834
B1,2.0,1.019672131147541,1.0117311,0.0055305106
B1,3.0,1.0295081967213116,1.0237635,0.0027662776
B1,4.0,1.0360655737704918,1.0307732,0.0029229296
B1,5.0,1.039344262295082,1.0342854,0.002818158
B1,6.0,1.0262295081967212,1.0192518,0.004388331
B1,7.0,0.9934426229508196,0.9706047,0.014421077
B1,8.0,0.9704918032786886,0.9301893,0.013329562
B1,9.0,0.9540983606557377,0.88606656,0.020902243
B1,10.0,0.9311475409836065,0.86233395,0.017221648
B1,11.0,0.9114754098360656,0.8555996,0.014282225
B1,12.0,0.8885245901639345,0.8464638,0.008888597
B1,13.0,0.8622950819672132,0.83332396,0.013134788
B1,14.0,0.839344262295082,0.82645094,0.015194326
B1,15.0,0.8163934426229508,0.823589,0.015949061
B1,16.0,0.7934426229508197,0.8187278,0.007886666
B1,17.0,0.7737704918032787,0.8172449,0.013803338
B1,18.0,0.7540983606557377,0.7879389,0.018048665
B1,19.0,0.7344262295081967,0.67647225,0.021746878
B1,20.0,0.7081967213114754,0.5663141,0.024717933
B1,21.0,0.6754098360655738,0.5694353,0.031975605
B1,22.0,0.6557377049180327,0.5694833,0.03843069
B1,23.0,0.6459016393442623,0.5480715,0.028160874
B1,24.0,0.6327868852459017,0.5150192,0.032395963
B1,25.0,0.6196721311475409,0.5496595,0.014652922
B1,26.0,0.6131147540983607,0.5240458,0.017292101
B1,27.0,0.5934426229508196,0.5115794,0.0114815
B1,28.0,0.5672131147540984,0.4792896,0.030435596
B1,29.0,0.5540983606557377,0.44316268,0.036377702
B1,30.0,0.5344262295081967,0.43435746,0.026606834
B1,31.0,0.5147540983606558,0.39548546,0.017348785
B1,32.0,0.5114754098360655,0.3980311,0.022749292
B1,33.0,0.49508196721311476,0.38315195,0.014194441
B1,34.0,0.47540983606557374,0.3479211,0.008815366
B1,35.0,0.4426229508196721,0.3329518,0.008974552
B1,36.0,0.4491803278688525,0.32950133,0.009636162
B1,37.0,0.4426229508196721,0.33806938,0.017539512
B1,38.0,0.4131147540983607,0.3102595,0.013090836
B1,39.0,0.35737704918032787,0.30296123,0.024308134
B1,40.0,0.39672131147540984,0.29150513,0.025309315
B1,41.0,0.36721311475409835,0.27317205,0.016356697
B1,42.0,0.3442622950819672,0.24366653,0.016419291
B1,43.0,0.3639344262295082,0.27107728,0.013285631
B1,44.0,0.35737704918032787,0.23855571,0.016472643
B1,45.0,0.3475409836065574,0.22414044,0.0122791175
B1,46.0,0.3377049180327869,0.21770987,0.014302488
B1,47.0,0.3118032786885246,0.20141323,0.008677997
B1,48.0,0.30885245901639347,0.19223776,0.007855513
B1,49.0,0.2862295081967213,0.20063338,0.009863752
B1,50.0,0.28688524590163933,0.1762702,0.0068565407
B1,51.0,0.2839344262295082,0.18990283,0.011316635
B1,52.0,0.28918032786885245,0.18297462,0.009311838
B1,53.0,0.2537704918032787,0.17620741,0.010861732
B1,54.0,0.259672131147541,0.17674646,0.01079488
B1,55.0,0.2698360655737705,0.1757256,0.01140719
B1,56.0,0.2659016393442623,0.16907978,0.008987478
B1,57.0,0.25934426229508195,0.16911256,0.009028105
B1,58.0,0.2498360655737705,0.16311997,0.00865463
B1,59.0,0.24721311475409835,0.17608836,0.009106052
B1,60.0,0.23737704918032787,0.16541246,0.0099780215
B1,61.0,0.23344262295081966,0.16044362,0.007832524
B1,62.0,0.21868852459016394,0.14611194,0.010931886
B1,63.0,0.2,0.14277646,0.004698941
B1,64.0,0.20688524590163934,0.15632705,0.007421277
B1,65.0,0.18754098360655738,0.14558294,0.0050808936
B1,66.0,0.18754098360655738,0.111984216,0.0028984433
B1,67.0,0.14163934426229507,0.085658304,0.0045406953
B1,68.0,0.20655737704918034,0.15311694,0.008645359
B1,69.0,0.18918032786885247,0.14082612,0.005494638
B1,70.0,0.2022950819672131,0.14200205,0.008961794
B1,71.0,0.14557377049180328,0.0965549,0.0036933743
B1,72.0,0.18786885245901638,0.14051849,0.008365565
B1,73.0,0.17245901639344263,0.144066,0.0061265063
B1,74.0,0.13409836065573771,0.09159836,0.0028447038
B1,75.0,0.1921311475409836,0.15918759,0.006924844
B1,76.0,0.14426229508196722,0.10184221,0.0050264793
B1,77.0,0.17901639344262296,0.13784574,0.006605854
B1,78.0,0.15934426229508197,0.13967521,0.0050134845
B1,79.0,0.17934426229508196,0.13766935,0.010931114
B1,80.0,0.15377049180327867,0.07811873,0.0020912737
B1,81.0,0.17573770491803278,0.15888193,0.0066412557
B1,82.0,0.16459016393442624,0.14107308,0.008596156
B1,83.0,0.17278688524590163,0.1626947,0.010576129
B1,84.0,0.1678688524590164,0.13057908,0.0037543406
B1,85.0,0.12918032786885245,0.07172425,0.0008003911
B1,86.0,0.16262295081967212,0.12412405,0.0056254957
B1,87.0,0.12819672131147541,0.06362675,0.00090544403
B1,88.0,0.16131147540983606,0.13234219,0.007319899
B1,89.0,0.08885245901639344,0.07761967,0.0032664617
B1,90.0,0.07901639344262296,0.05785032,0.0013500558
B1,91.0,0.15770491803278688,0.15293562,0.004796613
B1,92.0,0.14524590163934425,0.1251052,0.003848206
B1,93.0,0.1557377049180328,0.14906137,0.007978013
B1,94.0,0.15147540983606558,0.14509743,0.0067855716
B1,95.0,0.14622950819672131,0.118688084,0.0051521775
B1,96.0,0.09377049180327869,0.05190242,0.0009919029
B1,97.0,0.14622950819672131,0.11351796,0.009116016
B1,98.0,0.12360655737704918,0.053237576,0.0010428041
B1,99.0,0.14065573770491804,0.105997086,0.004903976
B1,100.0,0.08459016393442623,0.051783275,0.00056538417
B1,101.0,0.1360655737704918,0.09427352,0.0042474107
B1,102.0,0.14295081967213114,0.12529883,0.005626165
B2,1.0,1.0,0.97264814,0.010582357
B2,2.0,0.9801324503311258,0.92542505,0.022097072
B2,3.0,0.9701986754966887,0.9111473,0.026554527
B2,4.0,0.9602649006622517,0.9050194,0.025160734
B2,5.0,0.9470198675496688,0.8989285,0.023404472
B2,6.0,0.9271523178807947,0.89645976,0.023882281
B2,7.0,0.9139072847682119,0.8887161,0.024933416
B2,8.0,0.8940397350993378,0.886532,0.025370654
B2,9.0,0.8774834437086093,0.87471753,0.03033959
B2,10.0,0.8576158940397351,0.8644765,0.034051076
B2,11.0,0.8377483443708609,0.8638814,0.036067285
B2,12.0,0.8178807947019867,0.856603,0.03500568
B2,13.0,0.8013245033112583,0.83836764,0.024175351
B2,14.0,0.7814569536423841,0.78901184,0.017156351
B2,15.0,0.7682119205298014,0.7566357,0.009215719
B2,16.0,0.7516556291390728,0.7542446,0.006939831
B2,17.0,0.7350993377483444,0.7493923,0.006804951
B2,18.0,0.7185430463576159,0.74555504,0.007154852
B2,19.0,0.7019867549668874,0.74176955,0.011956327
B2,20.0,0.6854304635761589,0.71817243,0.011177133
B2,21.0,0.6688741721854304,0.7127553,0.008648845
B2,22.0,0.652317880794702,0.7138096,0.010140236
B2,23.0,0.6357615894039735,0.7086265,0.014759903
B2,24.0,0.6158940397350994,0.70829546,0.0153041845
B2,25.0,0.5993377483443708,0.7091638,0.015950281
B2,26.0,0.5827814569536424,0.7084765,0.01657063
B2,27.0,0.5629139072847682,0.70317554,0.01871922
B2,28.0,0.5463576158940397,0.69379455,0.016565043
B2,29.0,0.5264900662251656,0.68506265,0.015969995
B2,30.0,0.5033112582781457,0.6467105,0.014534821
B2,31.0,0.4867549668874172,0.6312567,0.01355168
B2,32.0,0.46357615894039733,0.5907898,0.011719733
B2,33.0,0.4470198675496689,0.5708482,0.014226423
B2,34.0,0.4271523178807947,0.5448975,0.0117082205
B2,35.0,0.40728476821192056,0.5145399,0.0063573187
B2,36.0,0.38741721854304634,0.502576,0.013728945
B2,37.0,0.3675496688741722,0.47971725,0.026668072
B2,38.0,0.3543046357615894,0.4084507,0.027427835
B2,39.0,0.33774834437086093,0.41063195,0.020635644
B2,40.0,0.3211920529801324,0.38528076,0.021210833
B2,41.0,0.30993377483443707,0.36320966,0.012058077
B2,42.0,0.2933774834437086,0.3496497,0.011455641
B2,43.0,0.2854304635761589,0.3429857,0.007932596
B2,44.0,0.2705298013245033,0.33643556,0.010731654
B2,45.0,0.2589403973509934,0.32797623,0.011646858
B2,46.0,0.2509933774834437,0.3126774,0.015088328
B2,47.0,0.23973509933774834,0.3235772,0.015098208
B2,48.0,0.23112582781456953,0.30347306,0.014996129
B2,49.0,0.22748344370860926,0.28740492,0.021202138
B2,50.0,0.21456953642384105,0.26347026,0.017706033
B2,51.0,0.20794701986754968,0.238903,0.015625196
B2,52.0,0.2052980132450331,0.22557144,0.014519397
B2,53.0,0.19602649006622516,0.23473826,0.012989618
B2,54.0,0.1890728476821192,0.22400346,0.013841874
B2,55.0,0.18443708609271522,0.21642165,0.008085521
B2,56.0,0.17913907284768213,0.2014221,0.009155375
B2,57.0,0.17516556291390728,0.20474127,0.0058800476
B2,58.0,0.1728476821192053,0.18413295,0.011288655
B2,59.0,0.17019867549668874,0.16922747,0.01436508
B2,60.0,0.16225165562913907,0.1937969,0.010672212
B2,61.0,0.15894039735099338,0.18583664,0.01094985
B2,62.0,0.15894039735099338,0.15523508,0.0059988815
B2,63.0,0.15264900662251657,0.18304664,0.01411051
B2,64.0,0.1533112582781457,0.14622366,0.007282487
B2,65.0,0.147682119205298,0.16666587,0.009516748
B2,66.0,0.14437086092715232,0.16754802,0.008527129
B2,67.0,0.1423841059602649,0.16882907,0.007121189
B2,68.0,0.13940397350993378,0.15896529,0.005808666
B2,69.0,0.13841059602649006,0.16820756,0.006284423
B2,70.0,0.13543046357615893,0.1550813,0.0058883694
B2,71.0,0.1317880794701987,0.16436441,0.0051792455
B2,72.0,0.12980132450331125,0.15118524,0.006630314
B2,73.0,0.12980132450331125,0.14320713,0.0048808455
B2,74.0,0.12582781456953643,0.14822607,0.0062668747
B2,75.0,0.123841059602649,0.15455425,0.0052279695
B2,76.0,0.12251655629139073,0.14401671,0.00467862
B2,77.0,0.12417218543046357,0.14441893,0.0043930444
B2,78.0,0.12086092715231789,0.1462616,0.005395383
B2,79.0,0.12019867549668874,0.1497603,0.007214037
B2,80.0,0.1195364238410596,0.14622883,0.0057411366
B2,81.0,0.1162251655629139,0.1479383,0.0071314033
B2,82.0,0.11390728476821192,0.15006077,0.0075764116
B2,83.0,0.11390728476821192,0.14771381,0.0051580574
B2,84.0,0.1119205298013245,0.1474258,0.005652234
B2,85.0,0.11059602649006622,0.14829105,0.0052361214
B2,86.0,0.10894039735099338,0.1476125,0.004886879
B2,87.0,0.10927152317880795,0.1450657,0.0055241035
B2,88.0,0.10662251655629139,0.14530191,0.0068710614
B2,89.0,0.10629139072847682,0.14417788,0.0063873157
B2,90.0,0.10529801324503311,0.14463551,0.0063195373
B2,91.0,0.10397350993377484,0.14295729,0.0064602997
B2,92.0,0.10529801324503311,0.13973007,0.007965756
B2,93.0,0.10231788079470198,0.14322408,0.007697077
B2,94.0,0.10132450331125828,0.14231569,0.0080501875
B2,95.0,0.10066225165562914,0.14103527,0.0058924
B2,96.0,0.09900662251655629,0.13340433,0.006677192
B2,97.0,0.09834437086092715,0.141256,0.005807438
B2,98.0,0.09768211920529801,0.1397633,0.006070769
B2,99.0,0.09668874172185431,0.14126387,0.00552143
B2,100.0,0.09503311258278145,0.13848658,0.0061450764
B2,101.0,0.09437086092715231,0.13753718,0.0066933357
B2,102.0,0.09470198675496688,0.13182843,0.006126767
B2,103.0,0.09370860927152318,0.12971482,0.006309834
B2,104.0,0.09370860927152318,0.13200161,0.0059642526
B2,105.0,0.0923841059602649,0.1385608,0.006731425
B2,106.0,0.09172185430463577,0.12996933,0.006333079
B2,107.0,0.09205298013245033,0.12948418,0.0060712355
B2,108.0,0.0913907284768212,0.12865695,0.004212897
B2,109.0,0.09105960264900662,0.12694386,0.0029874225
B2,110.0,0.08940397350993377,0.12069158,0.005192011
B2,111.0,0.08841059602649007,0.12246591,0.0054148245
B2,112.0,0.0880794701986755,0.12421193,0.0032342908
B2,113.0,0.08741721854304636,0.12403027,0.0032744994
B2,114.0,0.08675496688741721,0.12812106,0.004628453
B2,115.0,0.08642384105960264,0.12019648,0.005671569
B3,1.0,1.0,1.0057405,0.0052867485
B3,2.0,1.0161290322580645,1.0215099,0.0034666373
B3,3.0,1.0258064516129033,1.0316536,0.003679396
B3,4.0,1.032258064516129,1.0338666,0.0051692347
B3,5.0,1.0354838709677419,1.0308216,0.008425243
B3,6.0,1.032258064516129,0.9944278,0.029152233
B3,7.0,1.0064516129032257,0.9654223,0.015307484
B3,8.0,0.9838709677419355,0.9551197,0.0063014682
B3,9.0,0.964516129032258,0.9207686,0.01944275
B3,10.0,0.9483870967741935,0.88198245,0.023924915
B3,11.0,0.9290322580645162,0.8735545,0.022293743
B3,12.0,0.9096774193548387,0.83645535,0.018683355
B3,13.0,0.8935483870967742,0.83412874,0.018668016
B3,14.0,0.8741935483870967,0.8105811,0.01784475
B3,15.0,0.8548387096774194,0.809439,0.024812737
B3,16.0,0.8387096774193549,0.79857415,0.029032728
B3,17.0,0.8258064516129032,0.79476553,0.020121489
B3,18.0,0.8032258064516129,0.8062655,0.024823435
B3,19.0,0.7870967741935484,0.80278146,0.031082697
B3,20.0,0.7741935483870968,0.7654779,0.01470671
B3,21.0,0.7580645161290323,0.7598355,0.00845924
B3,22.0,0.7451612903225806,0.7388121,0.01182026
B3,23.0,0.7290322580645161,0.6809847,0.02230878
B3,24.0,0.7161290322580646,0.6418761,0.0137943905
B3,25.0,0.5903225806451613,0.49395046,0.018177295
B3,26.0,0.5387096774193548,0.47718272,0.025862247
B3,27.0,0.5129032258064516,0.48390895,0.026956981
B3,28.0,0.5096774193548387,0.43926945,0.02473473
B3,29.0,0.5419354838709678,0.4284432,0.016748242
B3,30.0,0.4161290322580645,0.40308195,0.017674766
B3,31.0,0.3935483870967742,0.37440914,0.015020264
B3,32.0,0.3741935483870968,0.36537698,0.010223661
B3,33.0,0.3548387096774194,0.34215152,0.015529313
B3,34.0,0.33225806451612905,0.3077357,0.02228745
B3,35.0,0.31,0.30655828,0.025339685
B3,36.0,0.2880645161290323,0.30361328,0.018439224
B3,37.0,0.27064516129032257,0.25817028,0.016417474
B3,38.0,0.2461290322580645,0.28722972,0.013836724
B3,39.0,0.22806451612903225,0.24533835,0.013765501
B3,40.0,0.2103225806451613,0.23185799,0.017345686
B3,41.0,0.1967741935483871,0.21183047,0.014125798
B3,42.0,0.18419354838709678,0.19822037,0.008773183
B3,43.0,0.1735483870967742,0.17766678,0.008982673
B3,44.0,0.16741935483870968,0.1275016,0.008058879
B3,45.0,0.15645161290322582,0.16786772,0.008920636
B3,46.0,0.14806451612903226,0.14631782,0.008749725
B3,47.0,0.14225806451612905,0.13364558,0.010793794
B3,48.0,0.13709677419354838,0.13786073,0.008499325
B3,49.0,0.13096774193548388,0.12681393,0.008169927
B3,50.0,0.12612903225806452,0.13359147,0.011123559
B3,51.0,0.12225806451612903,0.13656291,0.009824287
B3,52.0,0.11806451612903225,0.122927204,0.008629233
B3,53.0,0.11451612903225807,0.1494573,0.013793741
B3,54.0,0.11064516129032258,0.149889,0.014639454
B3,55.0,0.10774193548387097,0.13482636,0.00978808
B3,56.0,0.10516129032258065,0.13329126,0.008412061
B3,57.0,0.10290322580645161,0.13578913,0.008720103
B3,58.0,0.10161290322580645,0.13419811,0.0080322875
B3,59.0,0.09806451612903226,0.13069037,0.0069694878
B3,60.0,0.0964516129032258,0.13237107,0.0077352733
B3,61.0,0.09451612903225806,0.1306859,0.006959078
B3,62.0,0.09225806451612903,0.13343541,0.005311594
B3,63.0,0.09064516129032259,0.13201697,0.00364223
B3,64.0,0.09,0.13217057,0.004919821
B3,65.0,0.0867741935483871,0.13459817,0.0038361317
B3,66.0,0.08612903225806452,0.13260093,0.004992744
B3,67.0,0.08354838709677419,0.1326095,0.005995024
B3,68.0,0.08258064516129032,0.1324151,0.005387397
B3,69.0,0.08064516129032258,0.13293293,0.005921479
B3,70.0,0.08,0.1331755,0.0035729145
B3,71.0,0.07935483870967742,0.13307409,0.0040671728
B3,72.0,0.07903225806451612,0.12451422,0.0054755644
B3,73.0,0.07838709677419355,0.1243886,0.0061961575
B3,74.0,0.07612903225806451,0.12427859,0.00571852
B3,75.0,0.07516129032258065,0.1252805,0.0060592773
B3,76.0,0.0732258064516129,0.12340055,0.0053840657
B3,77.0,0.07258064516129033,0.11435995,0.0063625863
B3,78.0,0.07258064516129033,0.11395236,0.007641252
B3,79.0,0.07064516129032258,0.114304736,0.005388629
B3,80.0,0.07,0.11725823,0.005379353
B3,81.0,0.06806451612903226,0.1064644,0.0075455033
B3,82.0,0.06741935483870967,0.10676789,0.007838624
B3,83.0,0.06806451612903226,0.09744045,0.008157534
B3,84.0,0.0667741935483871,0.09083472,0.00599283
B3,85.0,0.06548387096774194,0.09100169,0.005472963
B3,86.0,0.06451612903225806,0.09119542,0.005053008
B3,87.0,0.06516129032258064,0.09123108,0.005170961
B3,88.0,0.0635483870967742,0.08996333,0.005247994
B3,89.0,0.06483870967741935,0.08990072,0.005147324
B3,90.0,0.06322580645161291,0.08991714,0.005139094
B3,91.0,0.0635483870967742,0.089914896,0.0048648273
B3,92.0,0.06193548387096774,0.0825468,0.005884768
B3,93.0,0.06129032258064516,0.0833188,0.005812887
B3,94.0,0.06129032258064516,0.080968976,0.006610986
B3,95.0,0.06129032258064516,0.08116204,0.0068718186
B3,96.0,0.05967741935483871,0.083007574,0.0055782143
B3,97.0,0.06,0.08263657,0.0049592005
B3,98.0,0.05838709677419355,0.08218827,0.004856812
B3,99.0,0.05870967741935484,0.08081675,0.0057334537
B3,100.0,0.059032258064516126,0.08027996,0.006207004
B3,101.0,0.059032258064516126,0.07998663,0.0045184735
B3,102.0,0.05838709677419355,0.08182479,0.0043247757
B3,103.0,0.057741935483870965,0.07911844,0.0050214073
B3,104.0,0.05709677419354839,0.08152726,0.004333464
B3,105.0,0.056451612903225805,0.07922107,0.0042208247
B3,106.0,0.05548387096774193,0.07273958,0.0045206845
B3,107.0,0.05419354838709677,0.07009209,0.00404576
B3,108.0,0.05548387096774193,0.07153265,0.004970848
B3,109.0,0.054838709677419356,0.06905211,0.004575937
B3,110.0,0.05451612903225807,0.06946379,0.004139703
B3,111.0,0.052258064516129035,0.068545505,0.0048449663
B3,112.0,0.053548387096774196,0.0740805,0.00557827
B3,113.0,0.0532258064516129,0.068581626,0.004979035
B3,114.0,0.0532258064516129,0.06850998,0.0050102053
B3,115.0,0.05290322580645161,0.06893251,0.0047243303
B3,116.0,0.0532258064516129,0.07420622,0.0058024116
B3,117.0,0.052258064516129035,0.068859294,0.0049554273
B3,118.0,0.05161290322580645,0.06883856,0.004913307
B3,119.0,0.05193548387096774,0.07410403,0.0060506463
B3,120.0,0.05161290322580645,0.07478356,0.0042055254
B3,121.0,0.05064516129032258,0.074944235,0.0036234367
B3,122.0,0.04903225806451613,0.07354035,0.006070373
B3,123.0,0.048709677419354835,0.06763607,0.0052267597
B3,124.0,0.04967741935483871,0.07320285,0.0061333794
B3,125.0,0.04935483870967742,0.07320285,0.0061333794
B3,126.0,0.04903225806451613,0.072069004,0.0057960874
B3,127.0,0.04935483870967742,0.07226185,0.005855629
B4,1.0,1.0,0.9131149,0.03236071
B4,2.0,1.0163398692810457,0.90460795,0.037580773
B4,3.0,1.0294117647058822,0.80567706,0.029657358
B4,4.0,1.0359477124183007,0.80239916,0.028115124
B4,5.0,1.0392156862745099,0.8095962,0.024482233
B4,6.0,1.0196078431372548,0.7855579,0.014960363
B4,7.0,0.9836601307189542,0.97895366,0.010313146
B4,8.0,0.9640522875816994,0.9781393,0.0070116036
B4,9.0,0.9444444444444444,0.9658462,0.0068448246
B4,10.0,0.9215686274509803,0.9342607,0.02399722
B4,11.0,0.8954248366013072,0.92585593,0.022899
B4,12.0,0.869281045751634,0.7958657,0.010605751
B4,13.0,0.8431372549019608,0.79096687,0.009396059
B4,14.0,0.8169934640522876,0.76308787,0.014503324
B4,15.0,0.7941176470588235,0.7467891,0.014407266
B4,16.0,0.7712418300653595,0.7373265,0.011478434
B4,17.0,0.7516339869281046,0.72522146,0.01279177
B4,18.0,0.7320261437908496,0.71690565,0.023710148
B4,19.0,0.7091503267973857,0.3998231,0.037561774
B4,20.0,0.6111111111111112,0.30306116,0.030590137
B4,21.0,0.565359477124183,0.26983386,0.040921323
B4,22.0,0.5392156862745098,0.26272386,0.034677986
B4,23.0,0.49019607843137253,0.2296818,0.030249823
B4,24.0,0.5196078431372549,0.22489074,0.018661978
B4,25.0,0.4803921568627451,0.22554004,0.01962005
B4,26.0,0.38235294117647056,0.22135568,0.022410804
B4,27.0,0.3627450980392157,0.20805173,0.015238874
B4,28.0,0.3431372549019608,0.20521522,0.01616112
B4,29.0,0.3209150326797386,0.20969245,0.01497217
B4,30.0,0.3,0.21083073,0.019150948
B4,31.0,0.2803921568627451,0.23653665,0.027209997
B4,32.0,0.26176470588235295,0.24299946,0.020634137
B4,33.0,0.24444444444444444,0.23350386,0.01918184
B4,34.0,0.2284313725490196,0.19124618,0.010078441
B4,35.0,0.21535947712418302,0.18204682,0.006924858
B4,36.0,0.20294117647058824,0.17546599,0.0126653025
B4,37.0,0.19183006535947714,0.16545951,0.007451893
B4,38.0,0.1830065359477124,0.1369128,0.009534452
B4,39.0,0.17483660130718953,0.13392162,0.010552626
B4,40.0,0.1676470588235294,0.13900557,0.012983118
B4,41.0,0.16013071895424835,0.13135868,0.014494959
B4,42.0,0.15522875816993464,0.12976213,0.012540354
B4,43.0,0.14967320261437908,0.119103275,0.010881038
B4,44.0,0.1450980392156863,0.1037948,0.008733245
B4,45.0,0.14183006535947712,0.08762965,0.006961405
B4,46.0,0.13725490196078433,0.08160372,0.0053259465
B4,47.0,0.1323529411764706,0.087787375,0.007254267
B4,48.0,0.12941176470588237,0.08266379,0.008513362
B4,49.0,0.12581699346405228,0.0792657,0.009268121
B4,50.0,0.12450980392156863,0.06769979,0.0053256922
B4,51.0,0.12156862745098039,0.06973249,0.006479474
B4,52.0,0.11797385620915032,0.068528496,0.0067576943
B4,53.0,0.11633986928104575,0.06284403,0.0031182452
B4,54.0,0.11339869281045752,0.06736334,0.0073151346
B4,55.0,0.11176470588235295,0.06310181,0.005693097
B4,56.0,0.11013071895424836,0.06155332,0.0039815675
B4,57.0,0.10718954248366012,0.06168454,0.0047464212
B4,58.0,0.10588235294117647,0.061539173,0.0048348275
B4,59.0,0.1042483660130719,0.06140039,0.0049268072
B4,60.0,0.1022875816993464,0.062587954,0.005601992
B4,61.0,0.10098039215686275,0.06257714,0.005536437
B4,62.0,0.09934640522875816,0.063251875,0.0050442787
B4,63.0,0.0977124183006536,0.06394888,0.0046987445
B4,64.0,0.09673202614379085,0.06499387,0.0049010077
B4,65.0,0.09542483660130718,0.06584179,0.005442769
B4,66.0,0.09444444444444444,0.066629626,0.0059101153
B4,67.0,0.09313725490196079,0.066633776,0.0058143744
B4,68.0,0.09215686274509804,0.06558486,0.005488947
B4,69.0,0.09117647058823529,0.06548893,0.005592369
B4,70.0,0.0915032679738562,0.06587451,0.005484266
B4,71.0,0.08888888888888889,0.06524789,0.0054772934
B4,72.0,0.08823529411764706,0.06491922,0.0051395544
B4,73.0,0.08823529411764706,0.06555855,0.0051128524
B4,74.0,0.08594771241830065,0.0656362,0.004668822
B4,75.0,0.08496732026143791,0.06565599,0.004620268
B4,76.0,0.08398692810457517,0.0651134,0.0047608335
B4,77.0,0.08366013071895424,0.06380141,0.0040351977
B4,78.0,0.08333333333333333,0.064339116,0.004393508
B4,79.0,0.08202614379084967,0.06303162,0.0037552128
B4,80.0,0.08104575163398693,0.06254607,0.0040741256
B4,81.0,0.0803921568627451,0.06254773,0.004246929
B4,82.0,0.08006535947712418,0.06260285,0.0040771137
B4,83.0,0.07941176470588235,0.061867166,0.004766159
B4,84.0,0.07908496732026143,0.061498135,0.0046987804
B4,85.0,0.07745098039215687,0.062139668,0.0049698204
B4,86.0,0.07712418300653595,0.062228896,0.0048836926
B4,87.0,0.07647058823529412,0.062122326,0.0049142158
B4,88.0,0.07647058823529412,0.062161535,0.0047682384
B4,89.0,0.07483660130718954,0.06208048,0.004675062
B4,90.0,0.0738562091503268,0.062287867,0.005010768
B4,91.0,0.0738562091503268,0.05994337,0.0037014463
B4,92.0,0.0738562091503268,0.062474232,0.004999288
B4,93.0,0.07254901960784314,0.060484666,0.0038318087
B4,94.0,0.07222222222222222,0.05976833,0.0037877373
B4,95.0,0.0718954248366013,0.05973079,0.003770504
B4,96.0,0.07091503267973856,0.058929246,0.0040479866
B4,97.0,0.07091503267973856,0.058995854,0.004002719
B4,98.0,0.07058823529411765,0.058800537,0.004100425
B4,99.0,0.06993464052287582,0.059792887,0.0041409093
B4,100.0,0.06993464052287582,0.059452415,0.0043140315
B4,101.0,0.06928104575163399,0.05840633,0.0048519922
B4,102.0,0.06862745098039216,0.0586887,0.005056545
B4,103.0,0.06797385620915032,0.05877214,0.005052383
B4,104.0,0.06830065359477124,0.058863025,0.0045260238
B4,105.0,0.06797385620915032,0.059292935,0.004430399
B4,106.0,0.06699346405228758,0.059131213,0.004870379
B4,107.0,0.06666666666666667,0.05849598,0.00453712
B4,108.0,0.06601307189542484,0.05856215,0.0045902743
B4,109.0,0.06568627450980392,0.05853035,0.004523017
B4,110.0,0.06601307189542484,0.058580745,0.004538509
B4,111.0,0.06535947712418301,0.05860878,0.004575285
B4,112.0,0.0650326797385621,0.05868979,0.004521048
B4,113.0,0.06535947712418301,0.058677662,0.0045761014
B4,114.0,0.06405228758169934,0.058805317,0.0045367926
B4,115.0,0.06339869281045751,0.05924014,0.004577426
B4,116.0,0.0630718954248366,0.059387296,0.0045678904
B4,117.0,0.0630718954248366,0.05952097,0.004544321
B4,118.0,0.06274509803921569,0.059387296,0.0045678904
B4,119.0,0.06143790849673202,0.059127163,0.004553514
B4,120.0,0.06143790849673202,0.059174843,0.004740169
B4,121.0,0.06143790849673202,0.059497893,0.0045381933
B4,122.0,0.060784313725490195,0.059012316,0.0046582767
B4,123.0,0.061764705882352944,0.059008576,0.004432817
B4,124.0,0.06143790849673202,0.059543423,0.0045938836
B4,125.0,0.060784313725490195,0.059618056,0.0045566703
B4,126.0,0.06045751633986928,0.05916232,0.0046550636
B4,127.0,0.060784313725490195,0.05966708,0.0049088304
B4,128.0,0.06045751633986928,0.058722682,0.004706661
B4,129.0,0.059803921568627454,0.059352398,0.00473837
B4,130.0,0.058823529411764705,0.05883787,0.005030116
B4,131.0,0.05849673202614379,0.058574695,0.004198226
B4,132.0,0.05816993464052288,0.058582,0.0041990792
B4,133.0,0.05784313725490196,0.058116026,0.003962438
B4,134.0,0.05784313725490196,0.05845348,0.0042979694
B4,135.0,0.05718954248366013,0.05828897,0.0048720753
B5,1.0,1.0,0.9926197,0.0027996262
B5,2.0,0.995049504950495,0.9816634,0.013643591
B5,3.0,0.995049504950495,0.98930436,0.0032701755
B5,4.0,0.9900990099009901,0.94772637,0.00530518
B5,5.0,0.9876237623762376,0.9434921,0.0045300843
B5,6.0,0.9851485148514851,0.9410821,0.0038111394
B5,7.0,0.9826732673267327,0.94196475,0.0049799187
B5,8.0,0.9801980198019802,0.9398103,0.004197937
B5,9.0,0.9777227722772277,0.94134426,0.0044412487
B5,10.0,0.9752475247524752,0.92860734,0.020448528
B5,11.0,0.9752475247524752,0.94261473,0.00482822
B5,12.0,0.9727722772277227,0.9424303,0.0047655418
B5,13.0,0.9702970297029703,0.9399239,0.004655927
B5,14.0,0.9702970297029703,0.9406351,0.004020868
B5,15.0,0.9678217821782178,0.94712985,0.0033073565
B5,16.0,0.9653465346534653,0.9434455,0.0045878915
B5,17.0,0.9628712871287128,0.93861425,0.0041505
B5,18.0,0.9628712871287128,0.94643986,0.0036668335
B5,19.0,0.9603960396039604,0.94695854,0.003702818
B5,20.0,0.9603960396039604,0.93247163,0.022711843
B5,21.0,0.9579207920792079,0.9418165,0.00470107
B5,22.0,0.9579207920792079,0.9455906,0.0038193443
B5,23.0,0.9579207920792079,0.92591727,0.020092353
B5,24.0,0.9554455445544554,0.9463008,0.0043750987
B5,25.0,0.9529702970297029,0.9252928,0.020587193
B5,26.0,0.9554455445544554,0.9450682,0.004280987
B5,27.0,0.9529702970297029,0.93097764,0.0226692
B5,28.0,0.9504950495049505,0.93915206,0.0049392628
B5,29.0,0.9504950495049505,0.94202834,0.0047974116
B5,30.0,0.948019801980198,0.92851317,0.02294934
B5,31.0,0.948019801980198,0.9383975,0.0051216935
B5,32.0,0.948019801980198,0.93557453,0.0043405574
B5,33.0,0.948019801980198,0.93239003,0.004589171
B5,34.0,0.9455445544554455,0.9275665,0.0234925
B5,35.0,0.9455445544554455,0.931254,0.004606686
B5,36.0,0.9455445544554455,0.91849023,0.022090904
B5,37.0,0.943069306930693,0.92451686,0.023408325
B5,38.0,0.943069306930693,0.9168334,0.02150292
B5,39.0,0.943069306930693,0.9186447,0.022333387
B5,40.0,0.9405940594059405,0.923794,0.024518978
B5,41.0,0.9405940594059405,0.9359096,0.0040744087
B5,42.0,0.9405940594059405,0.93711627,0.004355545
B5,43.0,0.9405940594059405,0.9233158,0.0070300093
B5,44.0,0.9405940594059405,0.90884465,0.028689861
B5,45.0,0.9405940594059405,0.91113585,0.028170241
B5,46.0,0.9381188118811881,0.92186326,0.024792545
B5,47.0,0.9381188118811881,0.92493856,0.007349875
B5,48.0,0.9381188118811881,0.93686944,0.0044031045
B5,49.0,0.9381188118811881,0.9355528,0.004624696
B5,50.0,0.9381188118811881,0.9203765,0.025517195
B5,51.0,0.9356435643564357,0.9124662,0.027609956
B5,52.0,0.9381188118811881,0.93769187,0.004407057
B5,53.0,0.9356435643564357,0.9299733,0.015176505
B5,54.0,0.9356435643564357,0.9185632,0.026283361
B6,1.0,1.0,0.99680555,0.0010769989
B6,2.0,0.9950738916256158,0.99091303,0.0017457441
B6,3.0,0.9926108374384236,0.9810791,0.0025749013
B6,4.0,0.9901477832512315,0.97658694,0.0018496412
B6,5.0,0.9876847290640394,0.97061205,0.0019277699
B6,6.0,0.9852216748768473,0.966918,0.0034929344
B6,7.0,0.9827586206896551,0.96630514,0.0029926538
B6,8.0,0.9802955665024631,0.96018255,0.0027873176
B6,9.0,0.9778325123152709,0.9575099,0.0032533226
B6,10.0,0.9753694581280788,0.95299035,0.001890963
B6,11.0,0.9729064039408867,0.9508587,0.0020102323
B6,12.0,0.9704433497536946,0.94953376,0.0024494603
B6,13.0,0.9704433497536946,0.9540269,0.0026905392
B6,14.0,0.9679802955665024,0.94624174,0.0022224134
B6,15.0,0.9655172413793104,0.9444968,0.0017617727
B6,16.0,0.9630541871921182,0.94420326,0.0019127076
B6,17.0,0.9630541871921182,0.95332766,0.002585977
B6,18.0,0.9630541871921182,0.9422806,0.0014501999
B6,19.0,0.9605911330049262,0.9422554,0.0013283661
B6,20.0,0.958128078817734,0.94931746,0.0030105596
B6,21.0,0.958128078817734,0.942815,0.0019932066
B6,22.0,0.9556650246305419,0.94226855,0.0014893163
B6,23.0,0.9556650246305419,0.9422759,0.0018807659
B6,24.0,0.9532019704433498,0.9383494,0.0017692999
B6,25.0,0.9532019704433498,0.9381747,0.0025836097
B6,26.0,0.9507389162561576,0.94069004,0.001799057
B6,27.0,0.9507389162561576,0.9369894,0.002192988
B6,28.0,0.9482758620689655,0.93656987,0.002000442
B6,29.0,0.9482758620689655,0.9359312,0.0013562061
B6,30.0,0.9482758620689655,0.9355262,0.0012620696
B6,31.0,0.9458128078817734,0.93375045,0.0016191989
B6,32.0,0.9482758620689655,0.9351919,0.0031604692
B6,33.0,0.9458128078817734,0.933414,0.0017087668
B6,34.0,0.9433497536945813,0.9328348,0.0019882412
B6,35.0,0.9458128078817734,0.9312436,0.0024721385
B6,36.0,0.9433497536945813,0.93149805,0.0013736921
B6,37.0,0.9433497536945813,0.9305633,0.0021016905
B6,38.0,0.9433497536945813,0.92985046,0.0034403573
B6,39.0,0.9408866995073891,0.9293417,0.0028702442
B6,40.0,0.9408866995073891,0.9295125,0.003048395
B6,41.0,0.9408866995073891,0.9308489,0.0010688625
B6,42.0,0.9408866995073891,0.92518234,0.0024683771
B6,43.0,0.9384236453201971,0.92816055,0.0021709963
B6,44.0,0.9384236453201971,0.9253022,0.0024161665
B6,45.0,0.9384236453201971,0.92328566,0.0020146014
B6,46.0,0.9384236453201971,0.92383873,0.0029387183
B6,47.0,0.9359605911330049,0.92369854,0.0030229795
B6,48.0,0.9359605911330049,0.9269244,0.00170407
B6,49.0,0.9359605911330049,0.9270264,0.0015154122
B6,50.0,0.9359605911330049,0.9208504,0.0023811539
B6,51.0,0.9359605911330049,0.92185515,0.0019461302
B6,52.0,0.9359605911330049,0.9269142,0.0016918797
B6,53.0,0.9334975369458128,0.92655265,0.0017092719
B6,54.0,0.9334975369458128,0.921878,0.001702461
