channel,cycle,y_true,y_pred,y_std
A1,1.0,1.0,1.0097884618864594,0.004101730508131427
A1,2.0,0.995049504950495,1.0042594291496738,0.003746317941766251
A1,3.0,0.9876237623762376,0.9993513228635369,0.003492700151489067
A1,4.0,0.9826732673267327,0.989520987019371,0.0031006597896332468
A1,5.0,0.9777227722772277,0.9856534102659493,0.0031429629857987885
A1,6.0,0.9727722772277227,0.9805413132216549,0.0030613831264901027
A1,7.0,0.9702970297029703,0.9783835095344369,0.0031211822567954683
A1,8.0,0.9678217821782178,0.9762885208482824,0.0031742030727893674
A1,9.0,0.9653465346534653,0.9738077250403272,0.003026004592112434
A1,10.0,0.9603960396039604,0.9691056956483775,0.002908467227986377
A1,11.0,0.9579207920792079,0.9653789888512025,0.0029784742995820103
A1,12.0,0.9554455445544554,0.9621288742819771,0.002903517049835885
A1,13.0,0.9529702970297029,0.9614029211264699,0.002858440812259209
A1,14.0,0.9529702970297029,0.9565996465101054,0.002882872954552634
A1,15.0,0.9504950495049505,0.9579462517246579,0.002982964141531508
A1,16.0,0.948019801980198,0.9557147497854044,0.0029066149985627894
A1,17.0,0.9455445544554455,0.9529579056905904,0.002930383256938629
A1,18.0,0.9405940594059405,0.9498864439100213,0.003093350474358645
A1,19.0,0.9405940594059405,0.9499056479094858,0.0028869981987305424
A1,20.0,0.9405940594059405,0.9463446783120808,0.00289391902342647
A1,21.0,0.9381188118811881,0.9450186567723007,0.0026717576640905034
A1,22.0,0.9381188118811881,0.9442151278071315,0.002815497198125358
A1,23.0,0.9381188118811881,0.9408045175617867,0.002762049570915055
A1,24.0,0.9356435643564357,0.9409012998217722,0.002792176340709711
A1,25.0,0.9356435643564357,0.9395234373243089,0.002857580676234737
A1,26.0,0.9331683168316832,0.9366236977959774,0.0028081506695489702
A1,27.0,0.9331683168316832,0.9356456987955208,0.0027974902552165017
A1,28.0,0.9306930693069307,0.935715831196294,0.0027640792197883048
A1,29.0,0.9306930693069307,0.933494892547089,0.0027505531280058565
A1,30.0,0.9306930693069307,0.9332798766402579,0.0028644318558127685
A1,31.0,0.9282178217821783,0.9330517248459326,0.0028971693108934453
A1,32.0,0.9282178217821783,0.9311267212663779,0.002896977617229489
A1,33.0,0.9257425742574258,0.9277215334497153,0.002753954867344536
A1,34.0,0.9257425742574258,0.927191029821056,0.002723354821600301
A1,35.0,0.9232673267326733,0.9268324340685865,0.0028965770140140573
A1,36.0,0.9232673267326733,0.9254756478512511,0.002804661643486772
A1,37.0,0.9232673267326733,0.9266812842664518,0.002760497114673516
A1,38.0,0.9207920792079208,0.9248700091846693,0.0027798939258522498
A1,39.0,0.9207920792079208,0.9242825071873302,0.002829183584416044
A1,40.0,0.9207920792079208,0.919798854212212,0.0028354783088827074
A1,41.0,0.9183168316831684,0.9199167888539345,0.002868920882397133
A1,42.0,0.9183168316831684,0.9205097736405969,0.0028302079306576173
A1,43.0,0.9158415841584159,0.9184431668991484,0.00286192984002196
A1,44.0,0.9158415841584159,0.9194820004990578,0.0028385916150051003
A1,45.0,0.9158415841584159,0.9168114448679024,0.002807751269147215
A1,46.0,0.9158415841584159,0.9163871613983461,0.002842355198001788
A1,47.0,0.9133663366336634,0.9142905952260798,0.002857002687660262
A1,48.0,0.9108910891089109,0.9141305272712253,0.0028554000794604596
A1,49.0,0.9108910891089109,0.9128411571206758,0.0028307827688730156
A1,50.0,0.9108910891089109,0.9120393270754583,0.002753566662956238
A1,51.0,0.9108910891089109,0.9103017587857355,0.002883826010490632
A1,52.0,0.9108910891089109,0.9103370264429618,0.002844984550672952
A1,53.0,0.9084158415841584,0.9086386500482343,0.002810368238784854
A1,54.0,0.9084158415841584,0.9080286694943106,0.0028278834138009555
A1,55.0,0.905940594059406,0.9064202057526055,0.0029161605244489353
A1,56.0,0.9034653465346535,0.9068485689637127,0.002946733405492277
A1,57.0,0.9034653465346535,0.9063526962849524,0.0029498057333338574
A1,58.0,0.9034653465346535,0.9055895794339495,0.0028310019441204265
A1,59.0,0.9034653465346535,0.9036052466778262,0.0028162700943448835
A1,60.0,0.9034653465346535,0.9018939947157278,0.0028490476320499765
A1,61.0,0.9034653465346535,0.9026085693566113,0.0028407755334028304
A1,62.0,0.900990099009901,0.8992218995113404,0.0028347042111310896
A1,63.0,0.900990099009901,0.8997586622026514,0.003001172203754329
A1,64.0,0.900990099009901,0.8984914888476407,0.0028818176116645103
A1,65.0,0.8985148514851485,0.8972523851929279,0.0029586643350803022
A1,66.0,0.8985148514851485,0.8962589450173883,0.0028141118005535442
A1,67.0,0.8960396039603961,0.8958766166185983,0.0028237706337981465
A1,68.0,0.8960396039603961,0.89409688006302,0.0028048146997934798
A1,69.0,0.8960396039603961,0.8924693311272972,0.0027931607002117933
A1,70.0,0.8960396039603961,0.8920355509216682,0.002783329498006503
A1,71.0,0.8935643564356436,0.8906986098510149,0.0028186239283090214
A1,72.0,0.8960396039603961,0.8907793102577085,0.0028158228816307237
A1,73.0,0.8935643564356436,0.8915689318478122,0.0027973395141915884
A1,74.0,0.8935643564356436,0.8895001454094991,0.002784009630379405
A1,75.0,0.8910891089108911,0.8883844047628291,0.002803215355822579
A1,76.0,0.8910891089108911,0.8858887344895171,0.0028401929074152545
A1,77.0,0.8886138613861386,0.8859433718197584,0.0028448244293521018
A1,78.0,0.8886138613861386,0.8852400076087346,0.002928857183401869
A1,79.0,0.8886138613861386,0.8823385187837613,0.0029517724952741334
A1,80.0,0.8861386138613861,0.8852363813500134,0.0030120345775422794
A1,81.0,0.8861386138613861,0.8812967882193483,0.0029946908808276876
A1,82.0,0.8861386138613861,0.8827686884087751,0.002966589696897669
A1,83.0,0.8861386138613861,0.8800080552697301,0.0028597921083372627
A1,84.0,0.8836633663366337,0.8811975014525164,0.002957277942927085
A1,85.0,0.8836633663366337,0.8797855181240475,0.0028304853654350526
A1,86.0,0.8836633663366337,0.87689130195497,0.002929519209726952
A1,87.0,0.8836633663366337,0.8765391146678176,0.002879083348864902
A1,88.0,0.8811881188118812,0.8769654001119489,0.0029152369271269406
A1,89.0,0.8811881188118812,0.8757830828993874,0.0027994380235516507
A1,90.0,0.8811881188118812,0.874414793205622,0.002860116338371994
A1,91.0,0.8787128712871287,0.874745794761443,0.0029597154122741496
A1,92.0,0.8787128712871287,0.8733593010139364,0.002871642087284779
A1,93.0,0.8787128712871287,0.8735991819634077,0.002943660679191692
A1,94.0,0.8762376237623762,0.8714918100413919,0.0028829168594597145
A1,95.0,0.8762376237623762,0.8713346590471838,0.0029251212309712475
A1,96.0,0.8737623762376238,0.8699887719133206,0.002942720187995506
A1,97.0,0.8737623762376238,0.8692953639864913,0.0029577539240161987
A1,98.0,0.8737623762376238,0.8683260325705136,0.0028189660156377142
A1,99.0,0.8737623762376238,0.8669175777325377,0.0027840286330848437
A1,100.0,0.8737623762376238,0.8680103562073491,0.002781873814490445
A1,101.0,0.8737623762376238,0.866417646616927,0.002786767556977022
A1,102.0,0.8712871287128713,0.8657284177786343,0.0027763521240110924
A1,103.0,0.8712871287128713,0.8651440290590321,0.0027649096068454748
A1,104.0,0.8712871287128713,0.8636204607196739,0.0027343971787141
A1,105.0,0.8688118811881188,0.8634837837661286,0.0027496234018542886
A1,106.0,0.8712871287128713,0.8608630699354392,0.002682460790044829
A1,107.0,0.8663366336633663,0.8623254639787814,0.0027022108445262463
A1,108.0,0.8688118811881188,0.8598899585419948,0.002838810740183233
A1,109.0,0.8663366336633663,0.8602744844368643,0.002776194699569701
A1,110.0,0.8663366336633663,0.8593018857290176,0.0026931363985224083
A1,111.0,0.8663366336633663,0.8573265347703648,0.0027283298468793364
A1,112.0,0.8638613861386139,0.8602381284764382,0.0026981023877228768
A1,113.0,0.8638613861386139,0.8563126356538822,0.0027909609166479952
A1,114.0,0.8638613861386139,0.8570672980637611,0.0027154328734430673
A1,115.0,0.8638613861386139,0.8545685612232443,0.0027724435189341863
A1,116.0,0.8613861386138614,0.8543629544826686,0.002717427932041933
A1,117.0,0.8613861386138614,0.8553049734375591,0.002749367082305512
A1,118.0,0.8613861386138614,0.8529035585114424,0.0026760172844294203
A1,119.0,0.8589108910891089,0.8526018905033146,0.002675381624266386
A1,120.0,0.8589108910891089,0.8521220637981926,0.002661097070234108
A1,121.0,0.8589108910891089,0.8515699829871621,0.0026781174012983568
A1,122.0,0.8589108910891089,0.8495496770229162,0.0026904880228284674
A1,123.0,0.8564356435643564,0.8488541179077778,0.002649934395505464
A1,124.0,0.8564356435643564,0.8495152007798182,0.0026989316156116766
A1,125.0,0.8589108910891089,0.8471007912399948,0.002667759237751814
A1,126.0,0.8514851485148515,0.8471751654334982,0.0027970712659303437
A1,127.0,0.8539603960396039,0.8451321741299762,0.002749385727036345
A1,128.0,0.8539603960396039,0.8460446289171255,0.002648065221145671
A1,129.0,0.8514851485148515,0.8439927752296315,0.0027068197957972173
A1,130.0,0.8514851485148515,0.8455367453743671,0.002686131501491645
A1,131.0,0.849009900990099,0.8444536398366558,0.0027949294296049326
A1,132.0,0.8514851485148515,0.8428227935618569,0.0027016328774384524
A1,133.0,0.8514851485148515,0.8404636563215311,0.002669452806278348
A1,134.0,0.8514851485148515,0.8378345324895038,0.0026680804290166575
A1,135.0,0.8465346534653465,0.8408691427011653,0.0027707870530721854
A1,136.0,0.8465346534653465,0.8383557122829864,0.0026948842916301226
A1,137.0,0.8465346534653465,0.8378172073794032,0.002625610265924849
A1,138.0,0.8465346534653465,0.8368915926775975,0.002644104879735026
A1,139.0,0.844059405940594,0.8379664003882683,0.0027179156557007858
A1,140.0,0.844059405940594,0.83508672532016,0.002773314476116605
A1,141.0,0.8415841584158416,0.8356599936646907,0.0027865834747685062
A1,142.0,0.8415841584158416,0.8354469167327215,0.002832818222125896
A1,143.0,0.8415841584158416,0.8302686496758387,0.0027721236147530515
A1,144.0,0.8391089108910891,0.8300786727549193,0.0028389401466695145
A1,145.0,0.8391089108910891,0.8295299313787707,0.0027483133215731397
A1,146.0,0.8366336633663366,0.8292039511294074,0.002815938168559282
A1,147.0,0.8366336633663366,0.8255160822842822,0.0027230147422389428
A1,148.0,0.8341584158415841,0.8282690120700151,0.0027570969510833394
A1,149.0,0.8366336633663366,0.8253317784233908,0.0027183612736906256
A1,150.0,0.8366336633663366,0.8212400671051792,0.002745651901237742
A1,151.0,0.8366336633663366,0.82128283573215,0.0027224148285351106
A1,152.0,0.8341584158415841,0.8214936291600736,0.0027365160098580124
A1,153.0,0.8341584158415841,0.818419868899786,0.0027826877779967532
A1,154.0,0.8316831683168316,0.8182503042243192,0.002730795956739026
A1,155.0,0.8292079207920792,0.8154297252445233,0.002725937733151274
A1,156.0,0.8292079207920792,0.8143321230738745,0.0027735515555343615
A1,157.0,0.8292079207920792,0.8141184068017242,0.002778776932593813
A1,158.0,0.8267326732673267,0.8148741823847205,0.0027595725199031774
A1,159.0,0.8267326732673267,0.8110949806932297,0.002796349765048363
A1,160.0,0.8242574257425742,0.815267776413534,0.002767671816720634
A1,161.0,0.8242574257425742,0.8103228961132033,0.0027376961806361145
A1,162.0,0.8242574257425742,0.8060360802810957,0.002813814770458632
A1,163.0,0.8217821782178217,0.8068605727430959,0.002880879698293607
A1,164.0,0.8168316831683168,0.8071867832076426,0.0028108648528482223
A1,165.0,0.8168316831683168,0.8057035658664313,0.002778759893998505
A1,166.0,0.8168316831683168,0.8028572920944528,0.0027943162034741614
A1,167.0,0.8143564356435643,0.8009325202517092,0.0028583090011262027
A1,168.0,0.8118811881188119,0.7987855793108314,0.002806925204840179
A1,169.0,0.8118811881188119,0.7984882832690118,0.002837882251295574
A1,170.0,0.8094059405940595,0.7954807414406638,0.0028507818745513265
A1,171.0,0.806930693069307,0.7930851932541896,0.0028686486966568447
A1,172.0,0.8044554455445545,0.7935142135632002,0.0029831277984007617
A1,173.0,0.8044554455445545,0.790039452795971,0.002868787410009246
A1,174.0,0.801980198019802,0.790047979095566,0.0028826650324912453
A1,175.0,0.801980198019802,0.7848223209389495,0.0028951370468940744
A1,176.0,0.7995049504950495,0.7858108038370011,0.0028889898730353396
A1,177.0,0.7995049504950495,0.78074814711764,0.0028879079578215026
A1,178.0,0.7970297029702971,0.7807665693380792,0.0029374537408486195
A1,179.0,0.7945544554455446,0.7795328707759288,0.002906780006048555
A1,180.0,0.7945544554455446,0.7774826902563121,0.0030039565802274884
A1,181.0,0.7920792079207921,0.774829609586631,0.0029838141892507765
A1,182.0,0.7896039603960396,0.7718979160802832,0.0030007032855503394
A1,183.0,0.7871287128712872,0.7719405474842433,0.0030243993830810826
A1,184.0,0.7846534653465347,0.7684166822376249,0.0030734116356781636
A1,185.0,0.7846534653465347,0.7662983761200054,0.0029128195324473524
A1,186.0,0.7846534653465347,0.7635208366389432,0.0031222324670753636
A1,187.0,0.7772277227722773,0.761593713003972,0.003134416793867789
A1,188.0,0.7772277227722773,0.759548383616864,0.0032984033012168857
A1,189.0,0.7772277227722773,0.7587726688228149,0.0033200540756579463
A1,190.0,0.7722772277227723,0.7557650186717627,0.0032681948919880775
A1,191.0,0.7722772277227723,0.7565698073780432,0.0035067277234998432
A1,192.0,0.7698019801980198,0.7541239008626905,0.0035637701317581343
A1,193.0,0.7673267326732673,0.7507706713108289,0.0034165066237207805
A1,194.0,0.7623762376237624,0.7441584687577447,0.003120969595001194
A1,195.0,0.7623762376237624,0.7412822275916318,0.003250278931001744
A1,196.0,0.7599009900990099,0.7352688105920133,0.003082092476305889
A1,197.0,0.7574257425742574,0.7370066804503657,0.003285799651168241
A1,198.0,0.754950495049505,0.7322740063112713,0.003424279400193706
A1,199.0,0.754950495049505,0.733775447040883,0.0038146825995504312
A1,200.0,0.75,0.7267526021319256,0.0036424098965084062
A1,201.0,0.7475247524752475,0.7250568879481044,0.003464079542718745
A1,202.0,0.7475247524752475,0.7190495906806686,0.0034308620228031992
A1,203.0,0.7425742574257426,0.7167310314857436,0.003685891348158766
A1,204.0,0.7400990099009901,0.711653861629803,0.003310480976614044
A1,205.0,0.7376237623762376,0.7122866367879265,0.0034881875626649717
A1,206.0,0.7351485148514851,0.7068674790313719,0.003405135461701978
A1,207.0,0.7277227722772277,0.7063893035258997,0.0036273553968400544
A1,208.0,0.7301980198019802,0.6999454376991949,0.003708893635500221
A1,209.0,0.7227722772277227,0.6987481548178238,0.0037856034809977596
A1,210.0,0.7277227722772277,0.6924468850962064,0.00396815806015108
A1,211.0,0.7227722772277227,0.6888039593549248,0.004017626642917684
A1,212.0,0.7178217821782178,0.6909763679466672,0.004257582868819985
A1,213.0,0.7128712871287128,0.689023979740537,0.004028698560369305
A1,214.0,0.7153465346534653,0.6820234896150026,0.004208461084744579
A1,215.0,0.7079207920792079,0.6827579214695525,0.004266815691050505
A1,216.0,0.7079207920792079,0.6741543680817355,0.004387737704690516
A1,217.0,0.7029702970297029,0.6779335209156445,0.004496337822812263
A1,218.0,0.7103960396039604,0.6716979948248784,0.004529673706953569
A1,219.0,0.7029702970297029,0.6733183630643367,0.004360972974634368
A1,220.0,0.7029702970297029,0.6685712382621536,0.004692093775830235
A1,221.0,0.7004950495049505,0.6657270759639016,0.00486728946276504
A1,222.0,0.698019801980198,0.666384265130643,0.0046367995038641635
A1,223.0,0.6955445544554455,0.6582566204441436,0.005530470219829735
A1,224.0,0.693069306930693,0.6574603421016123,0.005128180434124004
A1,225.0,0.6905940594059405,0.6561008666753501,0.005171915303396684
A1,226.0,0.6905940594059405,0.6543376000691649,0.0053675395561199124
A1,227.0,0.6856435643564357,0.6539847854818676,0.005253908751013782
A1,228.0,0.6856435643564357,0.6472714625115006,0.005699656691547323
A1,229.0,0.6806930693069307,0.647275542319828,0.00551673289998339
A1,230.0,0.6806930693069307,0.6424741384551401,0.005854139483387685
A1,231.0,0.6757425742574258,0.6424419000214385,0.005833054643585677
A1,232.0,0.6757425742574258,0.6356336126072755,0.0061388912999433935
A1,233.0,0.6707920792079208,0.63304359769033,0.00693630849788539
A1,234.0,0.6683168316831684,0.6385682610293193,0.006379097200650124
A1,235.0,0.6707920792079208,0.6269486345774288,0.007437010631408542
A1,236.0,0.6633663366336634,0.6365054948111338,0.006254384357592691
A1,237.0,0.6658415841584159,0.6207778077469339,0.007437726390223897
A1,238.0,0.6584158415841584,0.6159238012957111,0.007580578930890608
A1,239.0,0.655940594059406,0.608019102149796,0.00785803222439497
A1,240.0,0.650990099009901,0.6172358104877991,0.007303520757891764
A1,241.0,0.650990099009901,0.6130675941891573,0.007817492700180888
A1,242.0,0.6460396039603961,0.6003038132480584,0.008791074494021367
A1,243.0,0.6410891089108911,0.607113376024962,0.008411133388098336
A1,244.0,0.6410891089108911,0.5962229298302505,0.00864084579556691
A1,245.0,0.6336633663366337,0.600453323368682,0.008797064456432758
A1,246.0,0.6361386138613861,0.5889335231119697,0.009242771871008812
A1,247.0,0.6262376237623762,0.5933783825839628,0.009546852743358314
A1,248.0,0.6262376237623762,0.5862902681052616,0.010919331667263396
A1,249.0,0.6212871287128713,0.5802120111268915,0.010975969824186256
A1,250.0,0.6163366336633663,0.5738620113466891,0.010689011243885178
A1,251.0,0.6138613861386139,0.5644952901128605,0.010935078918715743
A1,252.0,0.6089108910891089,0.565974248355422,0.011936560572532872
A1,253.0,0.6064356435643564,0.5539790590267477,0.011730334698098751
A1,254.0,0.6014851485148515,0.5585620181841855,0.012772677584572957
A1,255.0,0.6014851485148515,0.5559997075254681,0.01346689361355576
A1,256.0,0.5915841584158416,0.5535667392668233,0.013159030892084068
A1,257.0,0.5891089108910891,0.5374354953040303,0.013811375426273215
A1,258.0,0.5816831683168316,0.5294713562468885,0.014860311262546872
A1,259.0,0.5792079207920792,0.5237426179227095,0.015131272642699123
A1,260.0,0.5767326732673267,0.5195858280877507,0.015066325034282069
A1,261.0,0.5742574257425742,0.5183752782821993,0.016247243077586234
A1,262.0,0.5668316831683168,0.5072407297164565,0.016114076828420285
A1,263.0,0.5643564356435643,0.5008287912807833,0.017360423145971554
A1,264.0,0.556930693069307,0.5031249057789533,0.01774704115240146
A1,265.0,0.551980198019802,0.4952719284919669,0.019101501804435043
A1,266.0,0.5420792079207921,0.47786798321372037,0.019737822005807645
A1,267.0,0.5371287128712872,0.47460902074240174,0.021468363146112227
A2,1.0,1.0,0.9929923580082312,0.003641617360920835
A2,2.0,0.9950372208436724,0.9846688713324004,0.003564155097181442
A2,3.0,0.9875930521091811,0.9847262716118573,0.0032621353066597356
A2,4.0,0.9826302729528535,0.9748059434976318,0.003331531860807368
A2,5.0,0.9801488833746899,0.972774055293178,0.0031347751702423226
A2,6.0,0.9751861042183623,0.9681319171271954,0.00327076678826815
A2,7.0,0.9702233250620348,0.9646101856170959,0.0032217218872783475
A2,8.0,0.967741935483871,0.9588860433590466,0.0031205741406507875
A2,9.0,0.9652605459057072,0.9548436552613855,0.003076208529760061
A2,10.0,0.9602977667493796,0.9510619306952756,0.0032052331585429783
A2,11.0,0.9578163771712159,0.9460665465044645,0.00315036504109118
A2,12.0,0.9578163771712159,0.947998295338186,0.0031261478126602365
A2,13.0,0.9553349875930521,0.9455157557682079,0.0032918571073359934
A2,14.0,0.9528535980148883,0.9452931411377187,0.0032834249116925527
A2,15.0,0.9503722084367245,0.9360063696357442,0.003203567828254162
A2,16.0,0.9478908188585607,0.9340172065195802,0.0031726886311199995
A2,17.0,0.9429280397022333,0.9333464854967257,0.0033001660448294073
A2,18.0,0.9429280397022333,0.9313792557071952,0.003200200391023269
A2,19.0,0.9404466501240695,0.9274324167178385,0.0032476363426780595
A2,20.0,0.9404466501240695,0.9310879891529042,0.0032722825975820273
A2,21.0,0.9404466501240695,0.9336949574887128,0.0033362859670409526
A2,22.0,0.9379652605459057,0.9316255006781299,0.003354322931675845
A2,23.0,0.9379652605459057,0.9310990910343672,0.0033665631471933564
A2,24.0,0.9354838709677419,0.9239583402950758,0.003221457101857213
A2,25.0,0.9354838709677419,0.9247266442757838,0.003218586788767495
A2,26.0,0.9330024813895782,0.924610352857177,0.003300730395213611
A2,27.0,0.9305210918114144,0.9236816957209136,0.0032459422899462995
A2,28.0,0.9305210918114144,0.9225925537967758,0.0033033216593112255
A2,29.0,0.9305210918114144,0.9263801005874015,0.0033971019390167767
A2,30.0,0.9305210918114144,0.9237031066611727,0.0034253295211331912
A2,31.0,0.9280397022332506,0.9168376603431226,0.003295309058620323
A2,32.0,0.9255583126550868,0.9147254641730101,0.0033626527626510186
A2,33.0,0.9255583126550868,0.916599164944477,0.0032822117507727623
A2,34.0,0.9230769230769231,0.9196383020140366,0.0033297497683262697
A2,35.0,0.9230769230769231,0.9135321657636132,0.0033563919054048694
A2,36.0,0.9230769230769231,0.9133900597093669,0.003231747205514714
A2,37.0,0.9205955334987593,0.9112016622933088,0.003272252614968314
A2,38.0,0.9205955334987593,0.9120419752330337,0.003321050787694391
A2,39.0,0.9205955334987593,0.9092485015136591,0.0032834004870858006
A2,40.0,0.9181141439205955,0.9077800000744226,0.003373731536446482
A2,41.0,0.9181141439205955,0.9052094848118073,0.0032698233179526883
A2,42.0,0.9156327543424317,0.9058147530290819,0.0033911918020844874
A2,43.0,0.9156327543424317,0.9085124228391886,0.003357839521656508
A2,44.0,0.9156327543424317,0.9074989943530799,0.003278137253762241
A2,45.0,0.9156327543424317,0.9037247259647478,0.0032266525153553096
A2,46.0,0.913151364764268,0.9006597725320582,0.003202457270353583
A2,47.0,0.9106699751861043,0.9005506747947905,0.0032998722807073663
A2,48.0,0.9106699751861043,0.8975011555149844,0.003229475582067337
A2,49.0,0.9106699751861043,0.8999892221388239,0.003214915249536414
A2,50.0,0.9106699751861043,0.898828157308829,0.003225071785268969
A2,51.0,0.9081885856079405,0.8987713874867895,0.003236174543889317
A2,52.0,0.9081885856079405,0.8949934772749015,0.0032612817740743805
A2,53.0,0.9057071960297767,0.8940449631938476,0.003232387108290101
A2,54.0,0.9057071960297767,0.8935999920750578,0.0032921209562636533
A2,55.0,0.9032258064516129,0.8922210272183859,0.003334030343173932
A2,56.0,0.9032258064516129,0.8901454386597516,0.003134911288831804
A2,57.0,0.9007444168734491,0.8867318330714996,0.003237654894091884
A2,58.0,0.9032258064516129,0.8897547156926875,0.0031483593229653943
A2,59.0,0.9007444168734491,0.8864420625991651,0.0032080511113531805
A2,60.0,0.9007444168734491,0.8883233710381693,0.0031760875651992517
A2,61.0,0.8982630272952854,0.8855506475413708,0.00318944715775603
A2,62.0,0.8982630272952854,0.8859459329327304,0.0032964095560088316
A2,63.0,0.8982630272952854,0.8838004544986614,0.003095589442925884
A2,64.0,0.8957816377171216,0.8827335793620938,0.003344623281804705
A2,65.0,0.8982630272952854,0.8821145966259667,0.003089454604516678
A2,66.0,0.8933002481389578,0.8801904497045481,0.0030918668422829916
A2,67.0,0.8933002481389578,0.8790499811411313,0.0031064798376356944
A2,68.0,0.8933002481389578,0.8798507910933886,0.0030717867574864464
A2,69.0,0.8933002481389578,0.8786667846558011,0.0030760801304806676
A2,70.0,0.890818858560794,0.8759579581780728,0.0030787019607156794
A2,71.0,0.8933002481389578,0.8783146910397162,0.0031331223498664495
A2,72.0,0.890818858560794,0.8745273593862332,0.003193525152130995
A2,73.0,0.8883374689826302,0.8737478228579104,0.003043617623566036
A2,74.0,0.8883374689826302,0.874330913694878,0.0030554384127446372
A2,75.0,0.8883374689826302,0.8724849896018423,0.003026015190313352
A2,76.0,0.8858560794044665,0.8694695561553234,0.0029626215692898877
A2,77.0,0.8858560794044665,0.870981874633093,0.0029880737341630996
A2,78.0,0.8858560794044665,0.8651651949724852,0.0030529065809354007
A2,79.0,0.8833746898263027,0.8684570633547852,0.003128410395674872
A2,80.0,0.8833746898263027,0.8663186446908017,0.0032028490422725546
A2,81.0,0.8833746898263027,0.8660941232279656,0.0032011370261052496
A2,82.0,0.8833746898263027,0.8645353406858115,0.0029350903092182764
A2,83.0,0.8808933002481389,0.8646082211617405,0.0029926096503270815
A2,84.0,0.8808933002481389,0.8631377946053072,0.002998265243526636
A2,85.0,0.8808933002481389,0.8621385298708324,0.0030083967198828755
A2,86.0,0.8784119106699751,0.8637737620034837,0.0029760013321572187
A2,87.0,0.8784119106699751,0.8616759019938685,0.00303946717149246
A2,88.0,0.8759305210918115,0.8600259888708096,0.0030058133910690543
A2,89.0,0.8759305210918115,0.8584029577369016,0.0029655472017250223
A2,90.0,0.8759305210918115,0.8588271263195231,0.0029341528497478066
A2,91.0,0.8759305210918115,0.8581645763029376,0.0029182227650644383
A2,92.0,0.8734491315136477,0.8564620814950685,0.0029524484707299137
A2,93.0,0.8734491315136477,0.8526209958114536,0.00301402624321928
A2,94.0,0.8709677419354839,0.8536528310694215,0.003196549525540627
A2,95.0,0.8709677419354839,0.8527347544365953,0.0031989981252536046
A2,96.0,0.8709677419354839,0.8526304925836259,0.003158687986000633
A2,97.0,0.8734491315136477,0.8526112371039908,0.0028397411416114502
A2,98.0,0.8709677419354839,0.8522403981968241,0.002807439797675595
A2,99.0,0.8684863523573201,0.850672814487523,0.00282348187480317
A2,100.0,0.8684863523573201,0.8515003291876415,0.002946602262201057
A2,101.0,0.8684863523573201,0.8514098323762708,0.002921595582209631
A2,102.0,0.8684863523573201,0.8497032634198534,0.0029317219187342154
A2,103.0,0.8660049627791563,0.8485029384275093,0.0028886086431070958
A2,104.0,0.8660049627791563,0.8471234166753934,0.002899642458939328
A2,105.0,0.8660049627791563,0.847237504517754,0.0028937586553535078
A2,106.0,0.8635235732009926,0.8473252053454446,0.002874055874331595
A2,107.0,0.8635235732009926,0.8456112629499828,0.002870733322600175
A2,108.0,0.8610421836228288,0.8442783367110633,0.002923557449408389
A2,109.0,0.8635235732009926,0.8441297372457657,0.0028802005280757007
A2,110.0,0.8610421836228288,0.8431286210494698,0.002907391001770377
A2,111.0,0.8610421836228288,0.8426275793720431,0.002870980481834252
A2,112.0,0.8610421836228288,0.8440014371987308,0.002900216168430472
A2,113.0,0.858560794044665,0.8399681776813126,0.0029327438688801694
A2,114.0,0.858560794044665,0.8394561857469683,0.00286038352717461
A2,115.0,0.858560794044665,0.8394322975334177,0.002875453134476939
A2,116.0,0.8560794044665012,0.8371134721791634,0.002866725475526271
A2,117.0,0.8560794044665012,0.8376960688589651,0.002920864454874146
A2,118.0,0.8535980148883374,0.836951721168175,0.0029333365634449707
A2,119.0,0.8535980148883374,0.8367422545189211,0.002933495317752868
A2,120.0,0.8535980148883374,0.835689973599673,0.0029268145475459806
A2,121.0,0.8535980148883374,0.8362439632708133,0.002973146480883932
A2,122.0,0.8511166253101737,0.83673837687674,0.0029553800325543174
A2,123.0,0.8511166253101737,0.8334077678114366,0.0029337487335766056
A2,124.0,0.8511166253101737,0.8318481485415069,0.002937866435279583
A2,125.0,0.8486352357320099,0.8308469528881057,0.003175823528227491
A2,126.0,0.8461538461538461,0.8282120472504383,0.0033537107531573782
A2,127.0,0.8461538461538461,0.8265320086517398,0.003291204617499073
A2,128.0,0.8486352357320099,0.8306964170275941,0.0030105790592223403
A2,129.0,0.8461538461538461,0.8279025740994221,0.003014786368784921
A2,130.0,0.8436724565756824,0.8286971462993808,0.0030476572646515715
A2,131.0,0.8461538461538461,0.8263422748751237,0.003009070906043002
A2,132.0,0.8461538461538461,0.8254490839037965,0.003003964449456663
A2,133.0,0.8436724565756824,0.8251654890456439,0.002997789201308145
A2,134.0,0.8411910669975186,0.8219543001838199,0.003145894513737302
A2,135.0,0.8411910669975186,0.8226077194944854,0.00307965004080624
A2,136.0,0.8387096774193549,0.8231247468472348,0.003115546958202234
A2,137.0,0.8387096774193549,0.8210479454728856,0.0030980376516920346
A2,138.0,0.8387096774193549,0.8218366781484989,0.003175498638224803
A2,139.0,0.8362282878411911,0.8222014977791644,0.0032993685877183306
A2,140.0,0.8362282878411911,0.8209503438033969,0.0032032837159382045
A2,141.0,0.8337468982630273,0.8168067694516755,0.003783011362127111
A2,142.0,0.8362282878411911,0.8180089400692716,0.0031184281025395002
A2,143.0,0.8362282878411911,0.8154336459817166,0.003243044734896099
A2,144.0,0.8337468982630273,0.8144272591120929,0.0031964673492625513
A2,145.0,0.8312655086848635,0.8165895056564384,0.003224588384000812
A2,146.0,0.8312655086848635,0.8150774194991087,0.0033660072066327915
A2,147.0,0.8287841191066998,0.8157865063125094,0.0033331089830689496
A2,148.0,0.8287841191066998,0.8149308426637989,0.003398371994227249
A2,149.0,0.8287841191066998,0.8125760218516476,0.0033871537045631487
A2,150.0,0.8287841191066998,0.8123102060806953,0.003398762563808074
A2,151.0,0.826302729528536,0.8104446444405471,0.0033699369960110285
A2,152.0,0.826302729528536,0.8089233804358925,0.003421835922585137
A2,153.0,0.8238213399503722,0.8088706256684909,0.003558690152820616
A2,154.0,0.8238213399503722,0.808210538708654,0.003540510068387767
A2,155.0,0.8213399503722084,0.8067039890143196,0.00346013755387929
A2,156.0,0.8213399503722084,0.805313892971197,0.0035829721813462174
A2,157.0,0.8213399503722084,0.8051713793008426,0.0036435184488943207
A2,158.0,0.8188585607940446,0.8076005764249737,0.0034651091123681648
A2,159.0,0.8163771712158809,0.8086600038211451,0.003511131418184022
A2,160.0,0.8163771712158809,0.8070141556050525,0.0036657840958384982
A2,161.0,0.8138957816377171,0.8067019599145188,0.0036408446340581526
A2,162.0,0.8138957816377171,0.8028181498039637,0.00349298941907469
A2,163.0,0.8114143920595533,0.8029898827504166,0.0036334872483601735
A2,164.0,0.8114143920595533,0.8041425565516984,0.003711184977520918
A2,165.0,0.8089330024813896,0.802059791992541,0.003923520490463238
A2,166.0,0.8064516129032258,0.799391709711033,0.00384780827851984
A2,167.0,0.8064516129032258,0.7993292001038869,0.0038674189306394527
A2,168.0,0.8039702233250621,0.7979893367412595,0.003954504283274009
A2,169.0,0.8014888337468983,0.7968614007918889,0.0038661691402893765
A2,170.0,0.8014888337468983,0.7935302861634057,0.003908889950015813
A2,171.0,0.7990074441687345,0.7940268041207148,0.00409534537876158
A2,172.0,0.7965260545905707,0.7926001057940995,0.0039948633356402
A2,173.0,0.7965260545905707,0.7916381268011699,0.0041608183142873
A2,174.0,0.794044665012407,0.7879722179466206,0.004097024154854746
A2,175.0,0.7915632754342432,0.7864646258761963,0.004144375158586245
A2,176.0,0.7915632754342432,0.7844719299248941,0.004296879018481009
A2,177.0,0.7890818858560794,0.7844941949724143,0.0044079256134956024
A2,178.0,0.7866004962779156,0.783310226236264,0.004352884574989615
A2,179.0,0.7866004962779156,0.7817832114468467,0.00468398597405116
A2,180.0,0.7841191066997518,0.777499017057178,0.004593670647524468
A2,181.0,0.7816377171215881,0.7758590415641553,0.004590360303400302
A2,182.0,0.7791563275434243,0.7743048063605926,0.004775662626567277
A2,183.0,0.7766749379652605,0.7734026298715204,0.004966219972101724
A2,184.0,0.7741935483870968,0.7725439868202906,0.004730630382133495
A2,185.0,0.7741935483870968,0.7674184730239677,0.004795462709144153
A2,186.0,0.771712158808933,0.764198813992613,0.005150136414089563
A2,187.0,0.7667493796526055,0.7617284102260686,0.005083458490084067
A2,188.0,0.7642679900744417,0.7619657669269091,0.005120547972497432
A2,189.0,0.7617866004962779,0.7589520451584562,0.005169792905361922
A2,190.0,0.7593052109181141,0.7570710342582123,0.0055347595691394484
A2,191.0,0.7568238213399504,0.7539239762488279,0.00542012933949712
A2,192.0,0.7568238213399504,0.7522708897010316,0.005514877535714538
A2,193.0,0.7518610421836228,0.7524234603139041,0.005448477029823277
A2,194.0,0.749379652605459,0.7475056252344785,0.005529098587289004
A2,195.0,0.749379652605459,0.7457163307498575,0.005628434632622605
A2,196.0,0.7444168734491315,0.7456632476876015,0.006015593467418098
A2,197.0,0.7419354838709677,0.7405819401684577,0.005836828277625842
A2,198.0,0.739454094292804,0.7381189305295742,0.005733959940445028
A2,199.0,0.7344913151364765,0.7360446795856092,0.0060999649507570385
A2,200.0,0.7320099255583127,0.7355753020324407,0.00591058923914133
A2,201.0,0.7295285359801489,0.7307036789989105,0.005954317952700816
A2,202.0,0.7270471464019851,0.7322102829673303,0.006110966820961079
A2,203.0,0.7245657568238213,0.729495825519334,0.006195694273667123
A2,204.0,0.7196029776674938,0.7245131636027287,0.006509647631079776
A2,205.0,0.71712158808933,0.7216430066948918,0.006070313632931535
A2,206.0,0.7121588089330024,0.719073742994953,0.006481678437411341
A2,207.0,0.7146401985111662,0.7200464035009118,0.00675062660654369
A2,208.0,0.707196029776675,0.7089807372786614,0.0066310933882631285
A2,209.0,0.707196029776675,0.7094085238557174,0.006546878279993581
A2,210.0,0.6997518610421837,0.7080457252610026,0.006733753547465232
A2,211.0,0.6972704714640199,0.7056946611397908,0.007049403418251743
A2,212.0,0.6923076923076923,0.7023759136722844,0.007124713461497458
A2,213.0,0.6898263027295285,0.6949530897426546,0.00717572503565415
A2,214.0,0.6873449131513648,0.6962832083307112,0.00732678305212893
A2,215.0,0.684863523573201,0.6906336185579985,0.007180274662816931
A2,216.0,0.6823821339950372,0.6893069516915831,0.007144189836762443
A2,217.0,0.6823821339950372,0.6834465435690421,0.007038876597565975
A2,218.0,0.6823821339950372,0.6849592201083198,0.007370406788148262
A2,219.0,0.6774193548387096,0.684675972974843,0.007714671244388353
A2,220.0,0.674937965260546,0.6852348019123704,0.007627450009600498
A2,221.0,0.6724565756823822,0.6814974814274177,0.0077577952655134225
A2,222.0,0.6699751861042184,0.6811714807032739,0.007750374283086229
A2,223.0,0.6674937965260546,0.6697063252035272,0.007933019386636242
A2,224.0,0.6650124069478908,0.6755591032778675,0.007976831222530971
A2,225.0,0.6625310173697271,0.6710155976599285,0.008172284027310127
A2,226.0,0.6600496277915633,0.6690441988361902,0.00792361315035269
A2,227.0,0.6550868486352357,0.6681243576875794,0.008494041405695351
A2,228.0,0.6501240694789082,0.6668336102379895,0.008326525454451908
A2,229.0,0.6476426799007444,0.6611926628707635,0.008659967585482422
A2,230.0,0.6426799007444168,0.6609972175515918,0.008470956544569107
A2,231.0,0.6401985111662531,0.6559847621667023,0.009009964409699181
A2,232.0,0.6377171215880894,0.652538696145145,0.008735714686050108
A2,233.0,0.6327543424317618,0.6500725733142778,0.008723652468142483
A2,234.0,0.630272952853598,0.6426219644377956,0.009249605469692352
A2,235.0,0.6203473945409429,0.646169311430017,0.00919449362926339
A2,236.0,0.6203473945409429,0.6464047422677791,0.009614762523665419
A2,237.0,0.6153846153846154,0.6382255216497472,0.009378681118284308
A2,238.0,0.607940446650124,0.6359348457585748,0.009851409124494765
A2,239.0,0.6029776674937966,0.6297610693166139,0.009970833442306351
A2,240.0,0.5955334987593052,0.6311608674355372,0.01017668996594802
A2,241.0,0.5955334987593052,0.6279212863573645,0.01016691989580777
A2,242.0,0.5856079404466501,0.6239251896747411,0.010674383437807654
A2,243.0,0.5831265508684863,0.6201031231167917,0.009958557076702564
A2,244.0,0.5732009925558312,0.6154305674046334,0.011072652990086747
A2,245.0,0.5707196029776674,0.6135159085217493,0.010570128661062387
A2,246.0,0.5583126550868487,0.6096295749017796,0.011544832801281853
A2,247.0,0.5558312655086849,0.6077339187238542,0.011579241984174078
A2,248.0,0.5459057071960298,0.5928963861687673,0.011474235931406262
A2,249.0,0.5359801488833746,0.5944101433540838,0.011587459430323821
A2,250.0,0.5359801488833746,0.5879055009215415,0.011257165530013342
A2,251.0,0.5260545905707196,0.5863733511976748,0.011683934878767285
A2,252.0,0.5210918114143921,0.5802236946809081,0.011854820422540402
A2,253.0,0.5161290322580645,0.578933627791352,0.012078012109681513
A2,254.0,0.511166253101737,0.5704194040707369,0.013496392500693725
A2,255.0,0.4987593052109181,0.576302356429794,0.01317020518410761
A2,256.0,0.49379652605459057,0.5701217744636913,0.01271706111791286
A2,257.0,0.48635235732009924,0.5632597622086144,0.01307570899408095
A2,258.0,0.4813895781637717,0.5584686417138414,0.013121215830458569
A2,259.0,0.47642679900744417,0.5529197550404047,0.013424159800519782
A2,260.0,0.46898263027295284,0.5465792400220371,0.013483535417470863
A2,261.0,0.46153846153846156,0.5515187854606267,0.014289096432578334
A2,262.0,0.456575682382134,0.5425867102847024,0.014281581423974106
A2,263.0,0.4491315136476427,0.5420704753102845,0.015259525913335431
A2,264.0,0.4441687344913151,0.5378603866552125,0.014998638279346018
A2,265.0,0.4292803970223325,0.5331048570420396,0.01580124398427579
A2,266.0,0.41935483870967744,0.5255551775422407,0.016647329740572946
A3,1.0,1.0,0.9659972451077954,0.009644007136966072
A3,2.0,0.9973753280839895,0.9587285284901126,0.008989581853613047
A3,3.0,0.994750656167979,0.9611762034092504,0.009424071234708137
A3,4.0,0.994750656167979,0.9605297602482061,0.009499165069347207
A3,5.0,0.9921259842519685,0.958190436143993,0.009687767538016452
A3,6.0,0.9921259842519685,0.9577117588503559,0.009244879137237549
A3,7.0,0.989501312335958,0.9573127122340945,0.009706087875891686
A3,8.0,0.9868766404199475,0.9558551829866682,0.01004021101914034
A3,9.0,0.9868766404199475,0.952651542700957,0.00958968343547032
A3,10.0,0.984251968503937,0.9515418240486985,0.009495086567358346
A3,11.0,0.984251968503937,0.9482359437137619,0.010088862449488794
A3,12.0,0.9816272965879265,0.948316612859511,0.010023581884875184
A3,13.0,0.9816272965879265,0.9475472356157837,0.009833659882927942
A3,14.0,0.9816272965879265,0.9487421818937563,0.010183148368335058
A3,15.0,0.979002624671916,0.9489241504463746,0.010105750799554912
A3,16.0,0.979002624671916,0.9461717406863028,0.009846427508418285
A3,17.0,0.9763779527559056,0.9415126892962168,0.009786094257356477
A3,18.0,0.973753280839895,0.9421744645653043,0.010046344344762776
A3,19.0,0.973753280839895,0.9392947537458668,0.010053156694549809
A3,20.0,0.973753280839895,0.9407364794092183,0.008986879880176553
A3,21.0,0.973753280839895,0.9430878772178448,0.009290011837003134
A3,22.0,0.973753280839895,0.9390619781420143,0.008854498056053614
A3,23.0,0.973753280839895,0.9422086070885617,0.009335491586170884
A3,24.0,0.9711286089238845,0.9423218711914211,0.009577078678393473
A3,25.0,0.9711286089238845,0.9366454693344892,0.009244958722152844
A3,26.0,0.968503937007874,0.937325300301612,0.008800649195692347
A3,27.0,0.968503937007874,0.9369821587272131,0.008977326979683776
A3,28.0,0.9658792650918635,0.9373500233489063,0.008686415210338508
A3,29.0,0.968503937007874,0.9359374050289029,0.009185794391824448
A3,30.0,0.9658792650918635,0.93778701706617,0.009615455225586335
A3,31.0,0.9658792650918635,0.9366839500075279,0.009727013462711522
A3,32.0,0.963254593175853,0.9309620609941611,0.009028164136029847
A3,33.0,0.963254593175853,0.9305592229096686,0.008728739427673427
A3,34.0,0.9606299212598425,0.9294082983771381,0.008875528143392418
A3,35.0,0.963254593175853,0.930974707497602,0.008974177221264045
A3,36.0,0.9606299212598425,0.9342868063749998,0.009073283489327245
A3,37.0,0.9606299212598425,0.9337724325057672,0.009170712737249462
A3,38.0,0.9606299212598425,0.9259207541227281,0.008956817376405461
A3,39.0,0.958005249343832,0.9247537294656178,0.008825893684687114
A3,40.0,0.958005249343832,0.9251348543966936,0.008681103449978725
A3,41.0,0.958005249343832,0.9234680232811825,0.008831156561502863
A3,42.0,0.958005249343832,0.9296663418749441,0.00909207149137961
A3,43.0,0.9553805774278216,0.9304744994835012,0.009210274732163277
A3,44.0,0.9553805774278216,0.926796937185544,0.008825553098927472
A3,45.0,0.952755905511811,0.9218529888880178,0.008562995823267321
A3,46.0,0.952755905511811,0.9194491292535789,0.008452036350914125
A3,47.0,0.952755905511811,0.9186361730914646,0.008299749371431896
A3,48.0,0.952755905511811,0.9219772995681252,0.008681070494372339
A3,49.0,0.952755905511811,0.924964399392808,0.00880622628274288
A3,50.0,0.952755905511811,0.9250970735419823,0.008899240751753665
A3,51.0,0.9501312335958005,0.9164533355285056,0.008630180235316403
A3,52.0,0.9501312335958005,0.9158730678922542,0.008544201531753816
A3,53.0,0.94750656167979,0.9125133604664462,0.00856834496742857
A3,54.0,0.94750656167979,0.9118947216120448,0.008678258080284888
A3,55.0,0.94750656167979,0.9139355963302456,0.008324643774364293
A3,56.0,0.9422572178477691,0.909077088110702,0.008578237929222788
A3,57.0,0.9448818897637795,0.9178109673171368,0.00824080698190787
A3,58.0,0.9448818897637795,0.9107130352174856,0.008212943309709125
A3,59.0,0.9448818897637795,0.9195039555288279,0.008366990153608736
A3,60.0,0.9422572178477691,0.9079942499576792,0.008247403880230998
A3,61.0,0.9422572178477691,0.9065202897454632,0.008510486757343973
A3,62.0,0.9422572178477691,0.9126073202572992,0.008014910155144921
A3,63.0,0.9422572178477691,0.9054350361453182,0.008330798605485261
A3,64.0,0.9422572178477691,0.91312581772545,0.007981760158612992
A3,65.0,0.9396325459317585,0.9031261796473109,0.008473531875172326
A3,66.0,0.9396325459317585,0.9155380413274893,0.007976520003409654
A3,67.0,0.937007874015748,0.9057942653170254,0.007972355767210577
A3,68.0,0.937007874015748,0.9131181990724728,0.007905550302827751
A3,69.0,0.937007874015748,0.9114397560967675,0.007898106555653244
A3,70.0,0.937007874015748,0.9068205770212692,0.007833895370672505
A3,71.0,0.9343832020997376,0.8998077936375874,0.008259420478191847
A3,72.0,0.9343832020997376,0.9119330420138393,0.007800723426657042
A3,73.0,0.9343832020997376,0.9119587402251466,0.007965794543479473
A3,74.0,0.9343832020997376,0.9103278871797776,0.007763874977212598
A3,75.0,0.9343832020997376,0.9084509873393173,0.0076676107431988315
A3,76.0,0.931758530183727,0.9053360658470735,0.007697150798662476
A3,77.0,0.931758530183727,0.9085202240265818,0.007842686857964963
A3,78.0,0.9291338582677166,0.8932728788074121,0.008549752695169098
A3,79.0,0.9291338582677166,0.8906906935223226,0.008504398937897268
A3,80.0,0.9291338582677166,0.8905182024852605,0.00838444793007219
A3,81.0,0.9291338582677166,0.9055508633907429,0.007770102540452965
A3,82.0,0.9291338582677166,0.9056382353248411,0.008063472007041694
A3,83.0,0.926509186351706,0.904844894785283,0.00803308454404779
A3,84.0,0.926509186351706,0.9033980077812805,0.007922286761840733
A3,85.0,0.926509186351706,0.9060755595063225,0.007797109959700977
A3,86.0,0.9238845144356955,0.905233514641009,0.007653326898101608
A3,87.0,0.9238845144356955,0.9008287502779178,0.007657421198502105
A3,88.0,0.9212598425196851,0.8996211449770621,0.008393735521626547
A3,89.0,0.9212598425196851,0.9008964322734508,0.008953502956821718
A3,90.0,0.9212598425196851,0.9015204799067874,0.008758444798068792
A3,91.0,0.9186351706036745,0.9001619818166554,0.008692936640025068
A3,92.0,0.9186351706036745,0.9016320690485798,0.00891254850060069
A3,93.0,0.916010498687664,0.875521292784656,0.010011986404502609
A3,94.0,0.9133858267716536,0.8756651357990051,0.009984922200739682
A3,95.0,0.9133858267716536,0.8734393994730589,0.009991507197540665
A3,96.0,0.916010498687664,0.8988508415006023,0.009056945380620485
A3,97.0,0.9133858267716536,0.8942348686564245,0.009039593142006114
A3,98.0,0.910761154855643,0.8923013222080847,0.009146389907424888
A3,99.0,0.910761154855643,0.8924911775384274,0.009099622917497725
A3,100.0,0.910761154855643,0.8916734473637142,0.009136678033386003
A3,101.0,0.910761154855643,0.8934414884289008,0.009227547458647714
A3,102.0,0.9081364829396326,0.8931339933836038,0.009020098009967179
A3,103.0,0.9081364829396326,0.8942037925252613,0.009265773790291715
A3,104.0,0.9081364829396326,0.894937626004608,0.00911212897473176
A3,105.0,0.905511811023622,0.8738680678638959,0.009594195360233433
A3,106.0,0.905511811023622,0.8906810002286963,0.009274102581787385
A3,107.0,0.9028871391076115,0.8729229010496586,0.009770212167985265
A3,108.0,0.905511811023622,0.8938883247963563,0.009188920826371063
A3,109.0,0.9028871391076115,0.8892483325530911,0.009335304170117865
A3,110.0,0.9028871391076115,0.8888786578463129,0.009147265205757244
A3,111.0,0.9028871391076115,0.8865823441239671,0.009172774081540859
A3,112.0,0.9002624671916011,0.8699672699405236,0.009922081692761351
A3,113.0,0.9002624671916011,0.8905220641724662,0.009354698316608814
A3,114.0,0.9002624671916011,0.8880227690414646,0.009321983851765539
A3,115.0,0.8976377952755905,0.8871837019400757,0.009711151360073935
A3,116.0,0.8976377952755905,0.886274402552216,0.009665894709137618
A3,117.0,0.89501312335958,0.8841758213563291,0.009556002458317614
A3,118.0,0.89501312335958,0.8848290277589685,0.009633198175294408
A3,119.0,0.89501312335958,0.8824524147906947,0.009755379705641354
A3,120.0,0.89501312335958,0.8861055741131569,0.00938110813398382
A3,121.0,0.89501312335958,0.88666180918422,0.009489257394356857
A3,122.0,0.8923884514435696,0.8847450779529398,0.009412968179725095
A3,123.0,0.8923884514435696,0.8840605896164233,0.009494203045740595
A3,124.0,0.8923884514435696,0.8646926149803965,0.010285425210093218
A3,125.0,0.8871391076115486,0.8584641592853481,0.010574738661363714
A3,126.0,0.8871391076115486,0.8574511712556343,0.010589284217565815
A3,127.0,0.889763779527559,0.8835517874083356,0.009516899844635539
A3,128.0,0.8871391076115486,0.8783198628587372,0.009541859103801266
A3,129.0,0.884514435695538,0.8598640291453181,0.010031431537698188
A3,130.0,0.884514435695538,0.8589657558395496,0.010037016584264567
A3,131.0,0.889763779527559,0.8826497155376248,0.009312946133339908
A3,132.0,0.8871391076115486,0.8659856612878843,0.010046591575792194
A3,133.0,0.884514435695538,0.8646044261741316,0.01009590992317094
A3,134.0,0.8818897637795275,0.8524391909374396,0.010900902224698706
A3,135.0,0.8818897637795275,0.8697638709782953,0.009900607846977829
A3,136.0,0.8818897637795275,0.8778742132498379,0.009620382391940647
A3,137.0,0.8792650918635171,0.870103544374061,0.009516172580768463
A3,138.0,0.8792650918635171,0.8602403597793953,0.009959417629147113
A3,139.0,0.8792650918635171,0.8662013589228166,0.009757190659952678
A3,140.0,0.8792650918635171,0.8730380908378275,0.009395658757039798
A3,141.0,0.8792650918635171,0.8480610733368446,0.011040851363605018
A3,142.0,0.8818897637795275,0.8789536436897558,0.009553972185568138
A3,143.0,0.8766404199475065,0.8727924510979426,0.00944985954112659
A3,144.0,0.8766404199475065,0.8720450276875783,0.00936190911690025
A3,145.0,0.8766404199475065,0.8677673945822484,0.009598567585050316
A3,146.0,0.8740157480314961,0.8751733023338866,0.009413002543252004
A3,147.0,0.8740157480314961,0.8700822031637013,0.009384688905621932
A3,148.0,0.8740157480314961,0.8726719580539112,0.009409412035155187
A3,149.0,0.8740157480314961,0.8550870422828025,0.01023775739574045
A3,150.0,0.8713910761154856,0.8547034675592855,0.0101334172753237
A3,151.0,0.8713910761154856,0.8552559862945517,0.009980663174475489
A3,152.0,0.8713910761154856,0.8534948829590174,0.010267475186107048
A3,153.0,0.8713910761154856,0.8533095283076737,0.010327926971404229
A3,154.0,0.868766404199475,0.8524566510833935,0.009995831049698214
A3,155.0,0.868766404199475,0.8537840373479554,0.010087098694838577
A3,156.0,0.868766404199475,0.854970766156443,0.009928013554378164
A3,157.0,0.868766404199475,0.854444237601951,0.010093243805250852
A3,158.0,0.8661417322834646,0.8465621641841848,0.006184461664638191
A3,159.0,0.863517060367454,0.84528023116879,0.006146357027806163
A3,160.0,0.863517060367454,0.8458115014873705,0.006183821956022103
A3,161.0,0.8661417322834646,0.8534424339166063,0.005493747164323484
A3,162.0,0.863517060367454,0.8426072431665342,0.006195756010631472
A3,163.0,0.8608923884514436,0.8454538648109031,0.006390184396616253
A3,164.0,0.8608923884514436,0.8440019427477596,0.006459968979047879
A3,165.0,0.8608923884514436,0.8434267064232959,0.006404644937005805
A3,166.0,0.8582677165354331,0.8430979663781538,0.00648909295749821
A3,167.0,0.8582677165354331,0.8428455121911305,0.006314097713662287
A3,168.0,0.8582677165354331,0.8484951341066611,0.005459693964279432
A3,169.0,0.8556430446194225,0.8393522410484497,0.006394253325167932
A3,170.0,0.8556430446194225,0.8386100411720038,0.006370542419676741
A3,171.0,0.8556430446194225,0.8384950366125036,0.006529035261223214
A3,172.0,0.8530183727034121,0.8386977420926294,0.0065891216008350205
A3,173.0,0.8530183727034121,0.8379390971518121,0.006479384729358104
A3,174.0,0.8503937007874016,0.8371896717816659,0.006502774782073168
A3,175.0,0.8503937007874016,0.8376698594575123,0.006500858737634041
A3,176.0,0.8503937007874016,0.8350582227758958,0.006654171949478455
A3,177.0,0.847769028871391,0.833912588727852,0.006483853686255588
A3,178.0,0.847769028871391,0.8341151021695405,0.006517399361248016
A3,179.0,0.8451443569553806,0.8342528934878685,0.00672604314202745
A3,180.0,0.8451443569553806,0.8332314858852303,0.006629320905138773
A3,181.0,0.8451443569553806,0.8330580635879758,0.006678084669579461
A3,182.0,0.84251968503937,0.8306191553328589,0.006775558299995396
A3,183.0,0.84251968503937,0.8298144549833304,0.006993582515140575
A3,184.0,0.8398950131233596,0.8292774395072054,0.0070172338500362405
A3,185.0,0.8398950131233596,0.830352356863206,0.007031695729415884
A3,186.0,0.8372703412073491,0.8284230165666121,0.006767500095766463
A3,187.0,0.8372703412073491,0.8293996907489771,0.006798677883937459
A3,188.0,0.8372703412073491,0.8278613680483311,0.006937656947859208
A3,189.0,0.8346456692913385,0.8267226877047974,0.007002159546169298
A3,190.0,0.8346456692913385,0.8269471745564132,0.006846989085165071
A3,191.0,0.8320209973753281,0.8243818182582454,0.006796966528475799
A3,192.0,0.8320209973753281,0.8240684375538886,0.00714456925793023
A3,193.0,0.8320209973753281,0.8230341251854054,0.006755442574993203
A3,194.0,0.8293963254593176,0.8205447682642357,0.007084330873856389
A3,195.0,0.8267716535433071,0.8204937197290907,0.006872066765188327
A3,196.0,0.8267716535433071,0.8203876248550808,0.006799052847057914
A3,197.0,0.8267716535433071,0.819521365677216,0.006832233232331159
A3,198.0,0.8241469816272966,0.8209868726379321,0.006828446432337828
A3,199.0,0.8241469816272966,0.8175071283654058,0.006794756361637721
A3,200.0,0.821522309711286,0.8157477753102307,0.006968035581216506
A3,201.0,0.821522309711286,0.8149875217685356,0.007040414259818266
A3,202.0,0.8188976377952756,0.8094413727564393,0.007961691726914074
A3,203.0,0.821522309711286,0.8115777399887621,0.007489881304743596
A3,204.0,0.8136482939632546,0.8082795906544172,0.008434678656054113
A3,205.0,0.8162729658792651,0.8102040669658215,0.007518362181573546
A3,206.0,0.8110236220472441,0.8063958030357193,0.007992500589654554
A3,207.0,0.8162729658792651,0.8046084992335494,0.008346083136593047
A3,208.0,0.8083989501312336,0.8120720928419735,0.0067781976916280896
A3,209.0,0.8110236220472441,0.8017367189724018,0.00814133560794388
A3,210.0,0.8031496062992126,0.8002306734927542,0.00777730506353588
A3,211.0,0.8031496062992126,0.800897175245813,0.008357601894404442
A3,212.0,0.800524934383202,0.798017486422841,0.008632289062687057
A3,213.0,0.8031496062992126,0.8075853104160255,0.007387546486942574
A3,214.0,0.7979002624671916,0.7955129915179993,0.008180823041192114
A3,215.0,0.800524934383202,0.8063663597209947,0.007264791377496754
A3,216.0,0.7926509186351706,0.7957609155657817,0.007979027085831689
A3,217.0,0.7979002624671916,0.7988563143073302,0.007798605564228847
A3,218.0,0.7926509186351706,0.7926166902813796,0.007737444981353004
A3,219.0,0.7952755905511811,0.8029467517214484,0.006816509251159198
A3,220.0,0.7874015748031497,0.792290068083598,0.00807519886662586
A3,221.0,0.7874015748031497,0.7943631564910603,0.007768542424339378
A3,222.0,0.7847769028871391,0.7898023494071329,0.00817296162034724
A3,223.0,0.7821522309711286,0.7909900704575918,0.007427874805454784
A3,224.0,0.7795275590551181,0.7888979402222308,0.0077982516125772216
A3,225.0,0.7821522309711286,0.7992363447149116,0.007318257224664676
A3,226.0,0.7769028871391076,0.7866559069795848,0.008025016189787026
A3,227.0,0.7769028871391076,0.796669792490255,0.007079036365438163
A3,228.0,0.7716535433070866,0.784727024837249,0.008230749037960885
A3,229.0,0.7716535433070866,0.7940514259535232,0.00743294220896918
A3,230.0,0.7664041994750657,0.7800591922295578,0.008239267991096656
A3,231.0,0.7664041994750657,0.7952537082450777,0.0075561253441783095
A3,232.0,0.7611548556430446,0.7777254277242478,0.007892403622982044
A3,233.0,0.7611548556430446,0.7818300348565865,0.007787518700939221
A3,234.0,0.7559055118110236,0.780249637419608,0.008106962907116575
A3,235.0,0.7559055118110236,0.7833195419805001,0.008049302909373517
A3,236.0,0.7506561679790026,0.7734529069702957,0.008171163591671686
A3,237.0,0.7480314960629921,0.7772441261125121,0.008154246671471457
A3,238.0,0.7427821522309711,0.769006700507312,0.008424830138491534
A3,239.0,0.7427821522309711,0.7819908888805178,0.008174666796459746
A3,240.0,0.7349081364829396,0.7662350647665557,0.009027418448652073
A3,241.0,0.7349081364829396,0.7740420986164037,0.008986832978282424
A3,242.0,0.7296587926509186,0.7679248762989538,0.00854646854229822
A3,243.0,0.7296587926509186,0.7681205543819551,0.009151642492722963
A3,244.0,0.7217847769028871,0.7609562480464613,0.009411539725306178
A3,245.0,0.7217847769028871,0.769182649568289,0.009310727804437908
A3,246.0,0.7139107611548556,0.7564949117395235,0.009562650952501202
A3,247.0,0.7139107611548556,0.7569901882729279,0.00994662793773354
A3,248.0,0.7086614173228346,0.759498671417346,0.010283571113772629
A3,249.0,0.7034120734908137,0.7481877030284649,0.009407442650357688
A3,250.0,0.7007874015748031,0.7562468442955947,0.010031879792047812
A3,251.0,0.6955380577427821,0.7508230797858414,0.00943376311869063
A3,252.0,0.6929133858267716,0.7617972287210877,0.009313631518156645
A3,253.0,0.6876640419947506,0.7432398150940025,0.00978235781129331
A3,254.0,0.6850393700787402,0.7426356835649993,0.01123919560760726
A3,255.0,0.6771653543307087,0.7353577283029562,0.010186585000909286
A3,256.0,0.6745406824146981,0.7533380380697337,0.010143314682236337
A3,257.0,0.6692913385826772,0.745435447305132,0.00938466532069482
A3,258.0,0.6666666666666666,0.7452399569792373,0.009657685061552996
A3,259.0,0.6614173228346457,0.7319671371830649,0.01002968523856798
A3,260.0,0.6587926509186351,0.7338012569488757,0.010296049753053009
A3,261.0,0.6509186351706037,0.7184407512202459,0.010955796128447317
A3,262.0,0.6482939632545932,0.7294844666490837,0.010832602138250933
A3,263.0,0.6430446194225722,0.7164942530480829,0.011133709797565708
A3,264.0,0.6404199475065617,0.716093094399523,0.012546662915856193
A3,265.0,0.6325459317585301,0.7248463815742698,0.0116764185234344
A3,266.0,0.6220472440944882,0.7025726108373977,0.012064600275953066
A4,1.0,1.0,1.0321896735808944,0.007969111261648818
A4,2.0,0.9925187032418953,1.0287612978873133,0.007097301926680784
A4,3.0,0.9875311720698254,1.0252850075175548,0.006318884663124977
A4,4.0,0.9825436408977556,1.02143987602793,0.006104983649156972
A4,5.0,0.9775561097256857,1.0198854939790563,0.005937680775315474
A4,6.0,0.972568578553616,1.0176857543464697,0.00552123176583282
A4,7.0,0.9675810473815462,1.0146166830719494,0.005468540556470002
A4,8.0,0.9625935162094763,1.0105307816869729,0.0053669266291343914
A4,9.0,0.9600997506234414,1.0099347256902447,0.005315030252588247
A4,10.0,0.9576059850374065,1.0082988464447302,0.005328705646348132
A4,11.0,0.9551122194513716,1.0050251316504413,0.0056660146788581325
A4,12.0,0.9526184538653366,1.0042067988756544,0.0057001823589615695
A4,13.0,0.9476309226932669,1.0018572109382082,0.005265713268762976
A4,14.0,0.9476309226932669,0.9997046662279478,0.005290265604866843
A4,15.0,0.942643391521197,0.998126103352849,0.00519227159378609
A4,16.0,0.942643391521197,0.9959680139049425,0.0052367102527708115
A4,17.0,0.940149625935162,0.9932884303210714,0.005342634085112061
A4,18.0,0.940149625935162,0.9924742543933516,0.005481165213603616
A4,19.0,0.9376558603491272,0.9916241116668167,0.005423852016260854
A4,20.0,0.9351620947630923,0.9895593879595139,0.005598122221313467
A4,21.0,0.9351620947630923,0.9883107493464063,0.005400526497764443
A4,22.0,0.9326683291770573,0.9872366887095767,0.005368440247163889
A4,23.0,0.9326683291770573,0.9865548742518329,0.005365633360221964
A4,24.0,0.9301745635910225,0.9838110614962442,0.005449767900010849
A4,25.0,0.9276807980049875,0.9820234149939151,0.005278444887582581
A4,26.0,0.9276807980049875,0.9793037675259564,0.0051853438766213565
A4,27.0,0.9276807980049875,0.9798281991127569,0.005461955967327398
A4,28.0,0.9251870324189526,0.9778320230569745,0.005468520428337472
A4,29.0,0.9251870324189526,0.9775534058190735,0.005316907482974207
A4,30.0,0.9226932668329177,0.9774602690725029,0.005322887027783467
A4,31.0,0.9226932668329177,0.975556140215684,0.005325802634217361
A4,32.0,0.9201995012468828,0.9733078395766128,0.005270031774910404
A4,33.0,0.9201995012468828,0.9719919574458241,0.005161006306434885
A4,34.0,0.9201995012468828,0.9698054232746076,0.005191953772736417
A4,35.0,0.9177057356608479,0.970265211924941,0.005188464210216593
A4,36.0,0.9152119700748129,0.969715190273502,0.00513626966055189
A4,37.0,0.9152119700748129,0.9672152634157236,0.005205898480476786
A4,38.0,0.9152119700748129,0.9649244661380046,0.005182213846753293
A4,39.0,0.912718204488778,0.9635720807635446,0.005221652197688235
A4,40.0,0.9152119700748129,0.9624249918293444,0.00516342681299156
A4,41.0,0.912718204488778,0.9606559836322479,0.005184862556030802
A4,42.0,0.912718204488778,0.9606326076173324,0.005160866466289029
A4,43.0,0.9102244389027432,0.9610009335809303,0.0050695052993239564
A4,44.0,0.9077306733167082,0.9587392214309955,0.005172623530738439
A4,45.0,0.9077306733167082,0.958041754269735,0.005124167655162233
A4,46.0,0.9077306733167082,0.9575930931829935,0.005082713217290864
A4,47.0,0.9077306733167082,0.9540175369589962,0.00501368131566682
A4,48.0,0.9077306733167082,0.950597208547951,0.005032870978054014
A4,49.0,0.9052369077306733,0.9534421528929877,0.005016369117828607
A4,50.0,0.9052369077306733,0.9512835898175737,0.004880441164468466
A4,51.0,0.9027431421446384,0.9493182815842598,0.005008580913088831
A4,52.0,0.9027431421446384,0.9478973064832583,0.004986160324908794
A4,53.0,0.9027431421446384,0.9487763382244709,0.004740704272181056
A4,54.0,0.9002493765586035,0.9440023057139426,0.004997914149051087
A4,55.0,0.9002493765586035,0.9459225069744563,0.0048272472112755056
A4,56.0,0.9002493765586035,0.9433352681351725,0.0047333285555799165
A4,57.0,0.9002493765586035,0.9439560673516385,0.004842643301500433
A4,58.0,0.8977556109725686,0.941921930627424,0.004786423253987811
A4,59.0,0.8952618453865336,0.9392195155340027,0.005010129290308448
A4,60.0,0.8977556109725686,0.9390570800758853,0.004662404724194845
A4,61.0,0.8952618453865336,0.9364098510709893,0.004888322268670946
A4,62.0,0.8952618453865336,0.9367197858030973,0.004791562682009131
A4,63.0,0.8927680798004988,0.9348125737019544,0.004700661447744857
A4,64.0,0.8927680798004988,0.9336815445457853,0.0046486657082216234
A4,65.0,0.8902743142144638,0.9311279005893447,0.00462103158008751
A4,66.0,0.8902743142144638,0.929935017451307,0.004688826557267773
A4,67.0,0.8902743142144638,0.9294011935163264,0.00447363336350959
A4,68.0,0.8877805486284289,0.9265507490826057,0.004568908057159551
A4,69.0,0.8877805486284289,0.9261320756995008,0.004540344463532152
A4,70.0,0.8877805486284289,0.9256959663349535,0.004500529335795879
A4,71.0,0.885286783042394,0.9249673763612798,0.004538685949804274
A4,72.0,0.885286783042394,0.9233238103214312,0.004596932734633501
A4,73.0,0.885286783042394,0.9238825928215061,0.004419964923908327
A4,74.0,0.8827930174563591,0.9222665204229685,0.004384071952705519
A4,75.0,0.8827930174563591,0.9214493481530036,0.004361333657403724
A4,76.0,0.8802992518703242,0.9202983147813912,0.004351181402749662
A4,77.0,0.8802992518703242,0.9146359665140426,0.004363185809689264
A4,78.0,0.8802992518703242,0.9184077230149804,0.004305337925042757
A4,79.0,0.8802992518703242,0.915695575039521,0.004503679148051509
A4,80.0,0.8802992518703242,0.9129106551329539,0.004486810280086093
A4,81.0,0.8778054862842892,0.9128742242287543,0.004345557976083133
A4,82.0,0.8753117206982544,0.9133034743008456,0.004390930827742557
A4,83.0,0.8753117206982544,0.9117881161221051,0.00425094163583159
A4,84.0,0.8728179551122195,0.9110881557573475,0.0042074496014989525
A4,85.0,0.8728179551122195,0.9113856565847618,0.004350128394576422
A4,86.0,0.8728179551122195,0.9082586447062357,0.004295556468166274
A4,87.0,0.8703241895261845,0.9068788644085001,0.004251179403891627
A4,88.0,0.8703241895261845,0.9034673042625752,0.004151582734270998
A4,89.0,0.8678304239401496,0.9032763588586284,0.004125416012962484
A4,90.0,0.8678304239401496,0.9041135537403054,0.004128026320476152
A4,91.0,0.8653366583541147,0.9034921850580471,0.004110014418950313
A4,92.0,0.8653366583541147,0.9031449261806077,0.004023140912467274
A4,93.0,0.8653366583541147,0.8994355967386026,0.003991514240984018
A4,94.0,0.8653366583541147,0.8975421378822424,0.004207468567069227
A4,95.0,0.8628428927680798,0.8975001828423926,0.004268825454429046
A4,96.0,0.8628428927680798,0.8965561975911931,0.004018718657844066
A4,97.0,0.8603491271820449,0.8933125004939189,0.004037318005183178
A4,98.0,0.85785536159601,0.8941387479025852,0.003971267145742187
A4,99.0,0.85785536159601,0.8912663722057821,0.004054690376988466
A4,100.0,0.8553615960099751,0.888165190340153,0.004038767991656698
A4,101.0,0.8553615960099751,0.8884151480099055,0.004039641123202584
A4,102.0,0.8528678304239401,0.8886496185073672,0.004052637616852544
A4,103.0,0.8528678304239401,0.8869151588998676,0.004095317042923404
A4,104.0,0.8503740648379052,0.8847192380990617,0.004175832757000096
A4,105.0,0.8503740648379052,0.8811624159294341,0.004274163593842965
A4,106.0,0.8503740648379052,0.879455074103374,0.004039040425382555
A4,107.0,0.8478802992518704,0.880875149207715,0.00416041716358184
A4,108.0,0.8478802992518704,0.8773544464064797,0.00427961563241571
A4,109.0,0.8428927680798005,0.8743528571767472,0.004207822861910497
A4,110.0,0.8428927680798005,0.8741544549387275,0.004331801976726181
A4,111.0,0.8428927680798005,0.8684871198208499,0.004237725288750703
A4,112.0,0.8379052369077307,0.8685587715992574,0.0044227669506026615
A4,113.0,0.8379052369077307,0.8678284105510795,0.004361669039645205
A4,114.0,0.8354114713216958,0.8628236492863179,0.004447268424039151
A4,115.0,0.8329177057356608,0.8606535202347771,0.004535201865302383
A4,116.0,0.830423940149626,0.8603326009420764,0.004509126337150068
A4,117.0,0.830423940149626,0.8574451636322808,0.004583512914821257
A4,118.0,0.827930174563591,0.8537797801229331,0.004689600512580172
A4,119.0,0.8254364089775561,0.8513138757889106,0.0047022329437653955
A4,120.0,0.8254364089775561,0.8525043146322975,0.004600232721040085
A4,121.0,0.8229426433915212,0.8465137716547224,0.00483208849984655
A4,122.0,0.8229426433915212,0.8440170387368513,0.004769177969498351
A4,123.0,0.8204488778054863,0.8424813376635718,0.004783864706494815
A4,124.0,0.8204488778054863,0.8418560100586829,0.004744771721718588
A4,125.0,0.8204488778054863,0.8356472769851433,0.0047341647204183985
A4,126.0,0.8254364089775561,0.8335700122913003,0.004976987436615411
A4,127.0,0.8179551122194514,0.8320699359771436,0.004889961773574602
A4,128.0,0.8179551122194514,0.8318597800791884,0.004721842955054067
A4,129.0,0.8179551122194514,0.8312251967716332,0.0047056574405426
A4,130.0,0.8179551122194514,0.8211934552896425,0.005078406743384533
A4,131.0,0.8179551122194514,0.8214693723103039,0.004920014917339682
A4,132.0,0.8129675810473815,0.8218273864733496,0.004953953876622916
A4,133.0,0.8104738154613467,0.823085534940539,0.005184622903930416
A4,134.0,0.8079800498753117,0.8185832920207355,0.005539239359718062
A4,135.0,0.8129675810473815,0.8105635383980253,0.0050730472678874915
A4,136.0,0.8104738154613467,0.8159035946672192,0.00497733902891027
A4,137.0,0.8054862842892768,0.8143185861330284,0.005455919188546962
A4,138.0,0.8054862842892768,0.8129517312936541,0.005337011522319143
A4,139.0,0.8054862842892768,0.8068960888622079,0.0051909987310780545
A4,140.0,0.8029925187032418,0.806361865143677,0.005095750336264979
A4,141.0,0.8104738154613467,0.8052531348025527,0.004867436258361055
A4,142.0,0.8054862842892768,0.8066811770268892,0.005160186034056116
A4,143.0,0.800498753117207,0.8035464510782813,0.005005397802138459
A4,144.0,0.800498753117207,0.8003531995060967,0.005017793751070963
A4,145.0,0.800498753117207,0.7995915567171489,0.005007353936836259
A4,146.0,0.7980049875311721,0.7930660042599185,0.005132759307773356
A4,147.0,0.7980049875311721,0.7950984946667493,0.0051194345989559464
A4,148.0,0.7980049875311721,0.7929642976573142,0.005344922914230389
A4,149.0,0.7955112219451371,0.7896381820985396,0.005403649658057274
A4,150.0,0.7930174563591023,0.787618038741703,0.00528497155579803
A4,151.0,0.7930174563591023,0.7876663010884859,0.00529599829451921
A4,152.0,0.7905236907730673,0.7882002493860497,0.005258522563819696
A4,153.0,0.7905236907730673,0.7855015150927791,0.005162954032455581
A4,154.0,0.7880299251870324,0.784171829102851,0.005312580161033698
A4,155.0,0.7880299251870324,0.7801526352825601,0.005430714792138118
A4,156.0,0.7855361596009975,0.7774528839791129,0.005483612144203043
A4,157.0,0.7855361596009975,0.7747555143422439,0.005618535651799735
A4,158.0,0.7805486284289277,0.7728496493471098,0.00607443252693168
A4,159.0,0.7805486284289277,0.7746121188001807,0.005974405016135488
A4,160.0,0.7830423940149626,0.767909380297914,0.006141745147701657
A4,161.0,0.7780548628428927,0.7691193880672058,0.006042139237401139
A4,162.0,0.7755610972568578,0.7651960954810123,0.006278549795984492
A4,163.0,0.7755610972568578,0.7646251614814861,0.005893342709708794
A4,164.0,0.773067331670823,0.7614435054465891,0.006186214714603207
A4,165.0,0.770573566084788,0.7595727006569237,0.006382232346525591
A4,166.0,0.770573566084788,0.7580098950552503,0.006349776396715341
A4,167.0,0.7680798004987531,0.755391561465977,0.006582992408561472
A4,168.0,0.7680798004987531,0.7546263619097451,0.006356633865446714
A4,169.0,0.7655860349127181,0.7524704557981903,0.0065747381848944774
A4,170.0,0.7630922693266833,0.7515233032939248,0.006491715000751858
A4,171.0,0.7630922693266833,0.7469736428713952,0.006645802438411477
A4,172.0,0.7605985037406484,0.7458658654715802,0.006665521194835712
A4,173.0,0.7581047381546134,0.7453817972816216,0.006668596518066916
A4,174.0,0.7556109725685786,0.7440398460965624,0.006611208411148887
A4,175.0,0.7531172069825436,0.7389775480071433,0.0069661789157060535
A4,176.0,0.7531172069825436,0.7367613485321844,0.0069353560245357755
A4,177.0,0.7506234413965087,0.7354078617835159,0.006795847381925596
A4,178.0,0.7481296758104738,0.7321912143959148,0.007033240592646576
A4,179.0,0.7481296758104738,0.7308565193803529,0.00697186493138983
A4,180.0,0.7456359102244389,0.7272389449734149,0.007385862122657576
A4,181.0,0.743142144638404,0.7268532510429883,0.007204176256912668
A4,182.0,0.7406483790523691,0.7227442593248623,0.007272723630460442
A4,183.0,0.7381546134663342,0.7212886594950014,0.007358414249695466
A4,184.0,0.7356608478802993,0.7188466857186433,0.007469617886381488
A4,185.0,0.7331670822942643,0.7144028647479135,0.007668453345484315
A4,186.0,0.7306733167082294,0.7120463742074196,0.007506938968900057
A4,187.0,0.7306733167082294,0.7092424220926602,0.00783930543320476
A4,188.0,0.7281795511221946,0.708514215576631,0.008057973621155035
A4,189.0,0.7256857855361596,0.7038714651448617,0.00790823665938347
A4,190.0,0.7231920199501247,0.7024686270968267,0.008085603544993146
A4,191.0,0.7206982543640897,0.699111417950831,0.008082036399695583
A4,192.0,0.7182044887780549,0.6955792619432102,0.00812713335297108
A4,193.0,0.71571072319202,0.6913904181425737,0.008566997278785576
A4,194.0,0.713216957605985,0.6896262018157658,0.008470888521553043
A4,195.0,0.7107231920199502,0.681529398722031,0.00889348008862447
A4,196.0,0.7082294264339152,0.6834559054166107,0.00890932414018016
A4,197.0,0.7057356608478803,0.678461673927746,0.0089573974379745
A4,198.0,0.7007481296758105,0.6747819877128907,0.009215398210238084
A4,199.0,0.6982543640897756,0.668224569608489,0.00964931762610862
A4,200.0,0.6957605985037406,0.6635511150480078,0.00961801242201454
A4,201.0,0.6907730673316709,0.660304537983657,0.009954327321259353
A4,202.0,0.6907730673316709,0.6499445836196944,0.010551345956712569
A4,203.0,0.683291770573566,0.6519506967168467,0.01052163108840313
A4,204.0,0.683291770573566,0.6344132653380162,0.01220409693206004
A4,205.0,0.6733167082294265,0.6402516228695947,0.011425547900086406
A4,206.0,0.6783042394014963,0.6305646455246293,0.0119130610519513
A4,207.0,0.6683291770573566,0.6285382900557956,0.011955775456571885
A4,208.0,0.6633416458852868,0.6134459090978917,0.013919797300351656
A4,209.0,0.6583541147132169,0.6154972902383024,0.012828110655625186
A4,210.0,0.6533665835411472,0.6122692312446041,0.013204707526082275
A4,211.0,0.6483790523690773,0.6041056165114234,0.013721793839586412
A4,212.0,0.6408977556109726,0.5980497313954083,0.014162397040018596
A4,213.0,0.6334164588528678,0.5910352735465345,0.014802303385694765
A4,214.0,0.6309226932668329,0.5818233724110046,0.015379670656011504
A4,215.0,0.6259351620947631,0.5699278280996614,0.015900325562422955
A4,216.0,0.6184538653366584,0.5691405087553683,0.016046205664022473
A4,217.0,0.6159600997506235,0.5553489945422185,0.01708017127808819
A4,218.0,0.6059850374064838,0.5550818904884872,0.017726250683889826
A4,219.0,0.5985037406483791,0.5475284711191032,0.018601100808180036
A4,220.0,0.5935162094763092,0.543465062263722,0.018853618798580874
A4,221.0,0.5860349127182045,0.532422318055148,0.020147931046589684
A4,222.0,0.5810473815461347,0.5246343498948296,0.021243128092681047
A4,223.0,0.57356608478803,0.5173722231918179,0.021766051886483385
A4,224.0,0.5660847880299252,0.5114113477236305,0.02248008724846031
A4,225.0,0.5586034912718204,0.5061392932751452,0.023354403441555465
A4,226.0,0.5511221945137157,0.5003357146211845,0.02466170407029503
A4,227.0,0.543640897755611,0.49269723689323575,0.026332608170698598
A4,228.0,0.5361596009975063,0.4905197736372998,0.026945823026627642
A4,229.0,0.5286783042394015,0.4822300963659202,0.028732283294192352
A4,230.0,0.5211970074812967,0.4804648451948277,0.030128064895879332
A4,231.0,0.5112219451371571,0.4718931356644609,0.03161641831715925
A4,232.0,0.5037406483790524,0.4658008396826107,0.03314269021965478
A4,233.0,0.49625935162094764,0.45637110504630124,0.0350425009264022
A4,234.0,0.4837905236907731,0.45776211607515993,0.03773013420589983
A4,235.0,0.4763092269326683,0.4497598137260488,0.04139691908431383
A4,236.0,0.46633416458852867,0.4547388864126479,0.043330867194647925
A4,237.0,0.45885286783042395,0.4530680956348322,0.04653157300302159
A4,238.0,0.4463840399002494,0.4413114486740267,0.04988942111255194
A4,239.0,0.43640897755610975,0.46504950529255684,0.05522152117179993
A4,240.0,0.42643391521197005,0.46856355470896616,0.06170715104261504
A4,241.0,0.4164588528678304,0.47474982204582433,0.06643900597912024
A4,242.0,0.40399002493765584,0.42906528152982315,0.07180782144984568
A4,243.0,0.39650872817955113,0.5193426480351834,0.08549658915862118
A4,244.0,0.3865336658354115,0.43849166582525423,0.08064347624976552
A4,245.0,0.3765586034912718,0.5470378521314236,0.09997729007329496
A4,246.0,0.36658354114713215,0.45742833467767513,0.09166568447770065
A4,247.0,0.3566084788029925,0.5801408856949688,0.11551924590356069
A4,248.0,0.3491271820448878,0.47619165987247414,0.10508087361619547
A4,249.0,0.33915211970074816,0.6062934670972432,0.13472635538355152
A4,250.0,0.3316708229426434,0.6161677149712751,0.1385427316757917
A4,251.0,0.32418952618453867,0.6150944021192887,0.14395571718350192
A4,252.0,0.3167082294264339,0.6300972179046127,0.1506104351127679
A4,253.0,0.30673316708229426,0.651517966980044,0.1604923925233546
A4,254.0,0.30174563591022446,0.5572009001624114,0.1481121559003439
A4,255.0,0.2942643391521197,0.6801798215732717,0.17838377538677447
A4,256.0,0.286783042394015,0.7316932870375338,0.20354007141917083
A4,257.0,0.2793017456359102,0.6216087924292805,0.17685430475945096
A4,258.0,0.2743142144638404,0.7441724941406151,0.21154460036036227
A4,259.0,0.26683291770573564,0.7500642241341069,0.21599976991909617
A4,260.0,0.26433915211970077,0.6427563044575891,0.19000040720522177
A4,261.0,0.26184538653366585,0.7746504867020604,0.2329903199958488
A4,262.0,0.256857855361596,0.7772417590086641,0.23321840428551716
A4,263.0,0.2518703241895262,0.797724194027926,0.24798213290333476
A4,264.0,0.24788029925187033,0.7045261521263556,0.22005296638506927
A4,265.0,0.24463840399002493,0.819386963215085,0.26090691064410804
A4,266.0,0.24064837905236908,0.8381728907106235,0.2745777799168097
A4,267.0,0.23541147132169576,0.8473675126259708,0.279802072184091
A4,268.0,0.053865336658354114,0.8700102484576124,0.2877820123087569
A4,269.0,0.04937655860349127,0.8745650480188355,0.2908299635339235
A5,1.0,1.0,0.9367791067357726,0.006397152410742578
A5,2.0,0.9973890339425587,0.9345520819546049,0.006203909005931582
A5,3.0,0.9947780678851175,0.9337153205738243,0.006195726125740211
A5,4.0,0.9921671018276762,0.9283670462894618,0.006114468409787164
A5,5.0,0.9921671018276762,0.9246362458124741,0.006808018762523902
A5,6.0,0.9895561357702349,0.9228474738099569,0.006587400270065204
A5,7.0,0.9843342036553525,0.9220037077882107,0.006208519725695268
A5,8.0,0.9843342036553525,0.9202068200258835,0.006145621231609653
A5,9.0,0.9817232375979112,0.9210567557628672,0.005959475910624758
A5,10.0,0.97911227154047,0.9170383873612098,0.00780691279865422
A5,11.0,0.97911227154047,0.9103703325539766,0.009312079379534424
A5,12.0,0.9765013054830287,0.9101437290736716,0.009156606353254756
A5,13.0,0.9738903394255874,0.9116921055543105,0.009269580121942813
A5,14.0,0.9712793733681462,0.9092941920166633,0.009173022772038561
A5,15.0,0.9712793733681462,0.9077107186955906,0.009062715602984764
A5,16.0,0.9686684073107049,0.9079500653183077,0.00826124493034687
A5,17.0,0.9660574412532638,0.9055742883391182,0.008359238673144651
A5,18.0,0.9660574412532638,0.9023929944019473,0.009346787989646112
A5,19.0,0.9660574412532638,0.9026315382930218,0.009194150849004703
A5,20.0,0.9634464751958225,0.9025464331066493,0.010764815372380637
A5,21.0,0.9634464751958225,0.9018806978763926,0.011129931814235999
A5,22.0,0.9634464751958225,0.9017348617968145,0.011032579052724052
A5,23.0,0.9608355091383812,0.9001562462402366,0.009444251833747258
A5,24.0,0.95822454308094,0.8996693331630254,0.009312106400908394
A5,25.0,0.95822454308094,0.8992699653937399,0.00967094053087216
A5,26.0,0.9556135770234987,0.898599931711583,0.009589739290838402
A5,27.0,0.9556135770234987,0.8959529667860611,0.009691869311812004
A5,28.0,0.9556135770234987,0.8955273544321767,0.01103568182710477
A5,29.0,0.9530026109660574,0.8966324789204411,0.011548793638416356
A5,30.0,0.9530026109660574,0.8968962648197158,0.00953784165295778
A5,31.0,0.9503916449086162,0.8951917975065398,0.009907736884117994
A5,32.0,0.9477806788511749,0.8926564146777438,0.009742030974714856
A5,33.0,0.9477806788511749,0.891769064190994,0.009899558659436964
A5,34.0,0.9477806788511749,0.8890166170178919,0.009780207660519243
A5,35.0,0.9477806788511749,0.8889708263139178,0.010922876936227892
A5,36.0,0.9451697127937336,0.8886942021891,0.01073487552831298
A5,37.0,0.9425587467362925,0.886668916538055,0.009182667637648738
A5,38.0,0.9425587467362925,0.8864460102358015,0.009733478324063962
A5,39.0,0.9399477806788512,0.886358899799546,0.009846412228689663
A5,40.0,0.9399477806788512,0.8851158653454192,0.009979574490394908
A5,41.0,0.9399477806788512,0.8878649363031323,0.011367480159386321
A5,42.0,0.9399477806788512,0.8862974767984524,0.011310239469738153
A5,43.0,0.9373368146214099,0.8859168235274193,0.011311656595767538
A5,44.0,0.9347258485639687,0.8822739820223418,0.009427756596352595
A5,45.0,0.9347258485639687,0.8823693809971693,0.009988526982593678
A5,46.0,0.9321148825065274,0.8796008456413257,0.009874869377762401
A5,47.0,0.9321148825065274,0.8777932878987111,0.009896979729787857
A5,48.0,0.9321148825065274,0.8794915288828878,0.011002704077489399
A5,49.0,0.9321148825065274,0.8794937518704442,0.011087186639451768
A5,50.0,0.9295039164490861,0.8767585299183448,0.009778809846992951
A5,51.0,0.9295039164490861,0.8766944152646161,0.009825621105019526
A5,52.0,0.9268929503916449,0.875387835565677,0.010131843982817754
A5,53.0,0.9242819843342036,0.8758106375996715,0.010300670938360046
A5,54.0,0.9268929503916449,0.8733945459987613,0.010263614697459969
A5,55.0,0.9216710182767625,0.8724232702072467,0.010377360085702928
A5,56.0,0.9242819843342036,0.8705597780442128,0.01092659391019528
A5,57.0,0.9190600522193212,0.8686087341667708,0.00964855952971239
A5,58.0,0.9216710182767625,0.8723984785354296,0.011169686997926455
A5,59.0,0.9190600522193212,0.8692820974013894,0.009963881269589839
A5,60.0,0.9164490861618799,0.8682293924184055,0.010237583795744859
A5,61.0,0.9190600522193212,0.8686641278060869,0.01056854261272635
A5,62.0,0.9138381201044387,0.8672787063842644,0.010593172146711984
A5,63.0,0.9164490861618799,0.8693492513911968,0.011353971401360187
A5,64.0,0.9138381201044387,0.8635222108740241,0.010082113267012182
A5,65.0,0.9138381201044387,0.8648639589948868,0.009719645790328905
A5,66.0,0.9112271540469974,0.8596148714624031,0.009679425259981026
A5,67.0,0.9086161879895561,0.8634570652312363,0.010843534374592338
A5,68.0,0.9086161879895561,0.8610445890932004,0.010206863556905185
A5,69.0,0.9060052219321149,0.8600646276660274,0.01010433451815528
A5,70.0,0.9060052219321149,0.8630123224356527,0.011088271678462758
A5,71.0,0.9060052219321149,0.8575850079124592,0.009947473523965154
A5,72.0,0.9033942558746736,0.8567717984089774,0.010293415925124678
A5,73.0,0.9033942558746736,0.8600388541852256,0.011424648181689461
A5,74.0,0.9033942558746736,0.8598999274890806,0.011837604511795814
A5,75.0,0.9007832898172323,0.8573330087669991,0.009917289403010576
A5,76.0,0.9007832898172323,0.8547392123322175,0.009744982602338323
A5,77.0,0.8955613577023499,0.8509239964173706,0.010376637333719376
A5,78.0,0.8981723237597912,0.8536845883355041,0.010468691965450957
A5,79.0,0.8955613577023499,0.8527221229840818,0.010351823078125478
A5,80.0,0.8955613577023499,0.8550951551271564,0.011118625787812985
A5,81.0,0.8929503916449086,0.8534214578525157,0.010051175810977564
A5,82.0,0.8929503916449086,0.8528862531484569,0.010106957777713895
A5,83.0,0.8903394255874674,0.8513700630655893,0.010037048060326141
A5,84.0,0.8903394255874674,0.8476492474387124,0.009840635809102683
A5,85.0,0.8877284595300261,0.8474155920883425,0.009688776088283054
A5,86.0,0.8851174934725848,0.8483553743248561,0.010074553467479666
A5,87.0,0.8851174934725848,0.8447211352625901,0.009971701764536886
A5,88.0,0.8825065274151436,0.8452458916744451,0.009969431051507223
A5,89.0,0.8798955613577023,0.8443171744251113,0.01027903311078179
A5,90.0,0.8798955613577023,0.8419803424753947,0.009918106451819852
A5,91.0,0.8772845953002611,0.8419760803442965,0.010340716339639209
A5,92.0,0.8720626631853786,0.8369980371690734,0.010439216726893564
A5,93.0,0.8720626631853786,0.8370482751734669,0.010769202519881756
A5,94.0,0.8694516971279374,0.8330103825413118,0.009281110316458934
A5,95.0,0.8694516971279374,0.8332730644750628,0.009767690433167381
A5,96.0,0.8668407310704961,0.8328160001619243,0.010189488026525086
A5,97.0,0.8642297650130548,0.8352617201487343,0.010785745807515955
A5,98.0,0.8616187989556136,0.8326751037996499,0.01055980930146313
A5,99.0,0.8590078328981723,0.8357431667156747,0.010983090199174839
A5,100.0,0.856396866840731,0.8350982280496608,0.011464628549123277
A5,101.0,0.8537859007832899,0.8361202801414918,0.011901151475739027
A5,102.0,0.8511749347258486,0.8338318696734639,0.011924642502013513
A5,103.0,0.8485639686684073,0.8347183129400937,0.012515695012177488
A5,104.0,0.8459530026109661,0.8355822591239552,0.012964720667341199
A5,105.0,0.8433420365535248,0.8243554467166658,0.011111531276844928
A5,106.0,0.8407310704960835,0.8403554869071674,0.01432859063817076
A5,107.0,0.835509138381201,0.831794790525848,0.0136191129333277
A5,108.0,0.8328981723237598,0.8313357252809069,0.013960643567891114
A5,109.0,0.8302872062663186,0.8397456288055261,0.01599279827604512
A5,110.0,0.8276762402088773,0.8292112757287776,0.014621492931195067
A5,111.0,0.825065274151436,0.8239916114807962,0.013585802516771649
A5,112.0,0.8198433420365535,0.8065074368198433,0.010502251731367786
A5,113.0,0.8198433420365535,0.8043748210359993,0.01159742972877322
A5,114.0,0.8172323759791122,0.7995992479183005,0.010418132233016148
A5,115.0,0.8120104438642297,0.792075789228491,0.009946924039002606
A5,116.0,0.804177545691906,0.7931780118097079,0.010399545843448127
A5,117.0,0.804177545691906,0.786846064879774,0.010083722225831808
A5,118.0,0.7989556135770235,0.7822076290668109,0.010097811996819696
A5,119.0,0.7963446475195822,0.772616362534595,0.008352069024661363
A5,120.0,0.7911227154046997,0.7807716968852476,0.010837986640012802
A5,121.0,0.7859007832898173,0.772246466383222,0.010233516346221895
A5,122.0,0.7859007832898173,0.7666030818884975,0.009379128435140272
A5,123.0,0.7806788511749347,0.7622663647714913,0.009372574543941166
A5,124.0,0.7780678851174935,0.7469005280604464,0.008975476571277449
A5,125.0,0.7728459530026109,0.7537030249713653,0.009983977079339486
A5,126.0,0.7702349869451697,0.7443548900589354,0.009262214378604201
A5,127.0,0.7650130548302873,0.7571313406670155,0.01168842535381518
A5,128.0,0.762402088772846,0.7583022414588066,0.01282686532993626
A5,129.0,0.7571801566579635,0.7504720179655685,0.012138103426378815
A5,130.0,0.7545691906005222,0.7427846371728041,0.011675507592178074
A5,131.0,0.7493472584856397,0.7508986191931648,0.013512451952253425
A5,132.0,0.7493472584856397,0.7392886333970579,0.01345769329401715
A5,133.0,0.7441253263707572,0.7348981327717989,0.013659446389575091
A5,134.0,0.7389033942558747,0.7153420403811571,0.010576157771508233
A5,135.0,0.7336814621409922,0.7415393914597855,0.015480917246834435
A5,136.0,0.7284595300261096,0.7169390804765219,0.0128740594646341
A5,137.0,0.7258485639686684,0.7182459909975423,0.013858472521411556
A5,138.0,0.7180156657963447,0.7112030667320536,0.013322346011899612
A5,139.0,0.7154046997389034,0.7169105661921359,0.015453274461794977
A5,140.0,0.7101827676240209,0.6823620309419316,0.011123700599075359
A5,141.0,0.6997389033942559,0.6795122771369905,0.011627326198972943
A5,142.0,0.6945169712793734,0.6617440400833842,0.01110982433036214
A5,143.0,0.6892950391644909,0.6766457535106788,0.013214347880150412
A5,144.0,0.6840731070496083,0.6581487460322741,0.01187903812469912
A5,145.0,0.6788511749347258,0.6676642013274976,0.014043505989601435
A5,146.0,0.6710182767624021,0.6410601732356678,0.011536761265031753
A5,147.0,0.6684073107049608,0.6548390427253552,0.015091009177095332
A5,148.0,0.660574412532637,0.6234174646359154,0.01086060197777903
A5,149.0,0.6579634464751958,0.6221582010978934,0.014199055158657423
A5,150.0,0.6527415143603134,0.6167531392537652,0.014110712370948124
A5,151.0,0.6475195822454308,0.603628622130314,0.013979198590807014
A5,152.0,0.6422976501305483,0.5871975389571807,0.012819823918029417
A5,153.0,0.6344647519582245,0.5771945297884595,0.012977916504199223
A5,154.0,0.6292428198433421,0.570161390831073,0.013357574721861127
A5,155.0,0.6240208877284595,0.5576508031558653,0.013038260609008884
A5,156.0,0.618798955613577,0.5553961049274742,0.013925280984847244
A5,157.0,0.6135770234986945,0.5481042621274832,0.014293198657436614
A5,158.0,0.608355091383812,0.5408494906636211,0.014068833857880913
A5,159.0,0.6005221932114883,0.5384246061906397,0.014306656860837225
A5,160.0,0.5953002610966057,0.5354396933527691,0.013722138855342243
A5,161.0,0.5900783289817232,0.528991089805564,0.015072239189618315
A5,162.0,0.5848563968668408,0.5134944038412932,0.01568063251550755
A5,163.0,0.5796344647519582,0.4990411673035607,0.014304181263557064
A5,164.0,0.5718015665796344,0.49957530343614587,0.015006643960013742
A5,165.0,0.5639686684073107,0.490495547687538,0.014197112598353184
A5,166.0,0.5587467362924282,0.48386625760969687,0.014546019790508236
A5,167.0,0.5535248041775457,0.48049998424462403,0.015808276043402097
A5,168.0,0.5456919060052219,0.4604059593310055,0.014061751483408836
A5,169.0,0.5404699738903395,0.46316667775296894,0.015525048562958808
A5,170.0,0.5326370757180157,0.45096214433250903,0.015388425937772754
A5,171.0,0.5274151436031331,0.4382192823542823,0.014536117146762341
A5,172.0,0.5195822454308094,0.42692635036722154,0.014338158247535256
A5,173.0,0.5143603133159269,0.41483890037161897,0.014900356359713277
A5,174.0,0.5065274151436031,0.41023982178968604,0.01513920281941228
A5,175.0,0.5013054830287206,0.4005291597902291,0.015274352276839204
A5,176.0,0.4934725848563969,0.3920085379795552,0.015745134922270535
A5,177.0,0.4856396866840731,0.38074025704378955,0.016177258156423714
A5,178.0,0.4804177545691906,0.3741412436028276,0.01677514649390612
A5,179.0,0.4725848563968668,0.3646905656578931,0.01727647090043184
A5,180.0,0.46475195822454307,0.34970408048159884,0.016679195759095457
A5,181.0,0.45691906005221933,0.34108316142553236,0.016322259882245782
A5,182.0,0.4490861618798956,0.32773429149826466,0.016047909083066445
A5,183.0,0.4412532637075718,0.31659876439550727,0.01675887753710635
A5,184.0,0.43342036553524804,0.311440223662286,0.01759301915367305
A5,185.0,0.4255874673629243,0.30475990210716564,0.018240095381850525
A5,186.0,0.4177545691906005,0.2907883213134022,0.018375837803023848
A5,187.0,0.40992167101827676,0.28384588245275366,0.01887003205558316
A5,188.0,0.402088772845953,0.2785274511097009,0.01974518067022472
A5,189.0,0.391644908616188,0.25890592942151003,0.019316815237293786
A5,190.0,0.3838120104438642,0.24924341319594207,0.020022282657825588
A5,191.0,0.37597911227154046,0.23862508295173124,0.020581935612552508
A5,192.0,0.36553524804177545,0.2268642499917058,0.02161969571827013
A5,193.0,0.3577023498694517,0.2158230780679979,0.021416997183844207
A5,194.0,0.34986945169712796,0.21299333629309547,0.021160014405707344
A5,195.0,0.3394255874673629,0.19719365157539975,0.021316629499976925
A5,196.0,0.33159268929503916,0.18887066069824665,0.020503624068146705
A5,197.0,0.3237597911227154,0.18302714461562064,0.02158968246951678
A5,198.0,0.3185378590078329,0.17440701723430052,0.021760463521908798
A5,199.0,0.30809399477806787,0.15675740526489057,0.022193143886340288
A5,200.0,0.3002610966057441,0.14179605126828165,0.023672565580889395
A5,201.0,0.2924281984334204,0.10391326361440378,0.026068964000589733
A5,202.0,0.2845953002610966,0.16037334685132043,0.02248073384874335
A5,203.0,0.2741514360313316,0.07035141264542444,0.02659707804086378
A5,204.0,0.26370757180156656,0.07277948968356851,0.029565380797331786
A5,205.0,0.06318537859007833,0.038807246697332376,0.018051635180248913
A5,206.0,0.05796344647519582,0.03756295004462029,0.01851182482249531
A5,207.0,0.056657963446475196,0.035548379685697684,0.01986589994759494
A5,208.0,0.05456919060052219,0.03661795971660742,0.019219441991072797
A5,209.0,0.053263707571801565,0.036930794701165115,0.018485908421942244
A5,210.0,0.05221932114882506,0.040421923647961266,0.020058455577323334
A5,211.0,0.05039164490861619,0.03218984450257112,0.01939888067849427
A5,212.0,0.04882506527415144,0.033673530552814745,0.018875484962233263
A5,213.0,0.04699738903394256,0.04432904828390227,0.01711055766629134
A5,214.0,0.04490861618798955,0.05116437301922627,0.019463192311625663
A5,215.0,0.042819843342036555,0.04674452817067898,0.017510376697169656
A5,216.0,0.0412532637075718,0.03713362383608998,0.016589751332720937
A5,217.0,0.04203655352480418,0.044638493334043794,0.017130805467620726
A5,218.0,0.04308093994778068,0.04614765681831323,0.017536814804573735
A5,219.0,0.04203655352480418,0.04266917271627968,0.01659728470805336
A5,220.0,0.0433420365535248,0.04458422209193025,0.017374696912772537
A5,221.0,0.04255874673629243,0.047262575148696806,0.01860040453647972
A5,222.0,0.042819843342036555,0.04315338390395307,0.017081664458559763
A5,223.0,0.04151436031331593,0.051832705691982506,0.017040606784218863
A5,224.0,0.0402088772845953,0.04683192053259411,0.018137124016629317
A5,225.0,0.038903394255874676,0.037467333425443505,0.016984740898934803
A5,226.0,0.038642297650130546,0.05032335176359359,0.016703006849071108
A5,227.0,0.03759791122715405,0.04791565248585128,0.016026916656095062
A5,228.0,0.037075718015665796,0.04652484468653728,0.015797981404223158
A5,229.0,0.03733681462140992,0.05039489392534224,0.016918866734433963
A5,230.0,0.0381201044386423,0.03939002067806863,0.018087860773166344
A5,231.0,0.0381201044386423,0.04251005659620544,0.0160872317788899
A5,232.0,0.038642297650130546,0.051207992217030984,0.01734180889651813
A5,233.0,0.03838120104438642,0.05011945258454764,0.017221615965693857
A5,234.0,0.037859007832898174,0.04490391950185013,0.017519286740097645
A5,235.0,0.03733681462140992,0.05154682245731146,0.017804268971938764
A5,236.0,0.03681462140992167,0.044116434444590125,0.017356814751935238
A5,237.0,0.03629242819843342,0.046839522793006405,0.01604557073187219
A5,238.0,0.03629242819843342,0.05090262748179453,0.01785064207728239
A5,239.0,0.03577023498694517,0.05011675828550566,0.01769652948721015
A5,240.0,0.03498694516971279,0.04726562037554882,0.016604358492895415
A5,241.0,0.03472584856396867,0.05105609440707348,0.018198065622063334
A5,242.0,0.03446475195822454,0.050035871677017396,0.017914479095765906
A5,243.0,0.03420365535248042,0.04758435529142968,0.017018565110176877
A5,244.0,0.03446475195822454,0.05097864254176554,0.018393506004384576
A5,245.0,0.03446475195822454,0.05099830144691575,0.018223543250567308
A5,246.0,0.03420365535248042,0.05065932746732971,0.018414051839682817
A5,247.0,0.03420365535248042,0.05423592111159736,0.02017980741024763
A5,248.0,0.033681462140992165,0.04618876978465436,0.0164900784542551
A5,249.0,0.03315926892950392,0.04726811196549885,0.017012357832487827
A5,250.0,0.03315926892950392,0.052573977124047655,0.018396618153697395
A5,251.0,0.03263707571801567,0.04792574861967014,0.017549113802429465
A5,252.0,0.032114882506527415,0.04760109525133982,0.017850276633047977
A5,253.0,0.03185378590078329,0.05301465437221753,0.019233832687284878
A5,254.0,0.03080939947780679,0.0498477686205957,0.01804468884914178
A5,255.0,0.030287206266318537,0.04624216995422925,0.016862904837762975
A5,256.0,0.029503916449086162,0.047271809232201756,0.01808627485974286
A5,257.0,0.029242819843342035,0.04884116063130517,0.019570939415134648
A5,258.0,0.028720626631853787,0.04614621903403415,0.018174893243156305
A5,259.0,0.02845953002610966,0.04572735256365723,0.019071709899562594
A5,260.0,0.02845953002610966,0.04573671294247994,0.018898572292945823
A5,261.0,0.02793733681462141,0.044873095680481256,0.018628939173563962
A5,262.0,0.027676240208877285,0.044428162809182714,0.01946340528325059
A5,263.0,0.02741514360313316,0.0435224719955114,0.019146104543048804
A5,264.0,0.027154046997389034,0.04284140443090778,0.018903460912752586
A5,265.0,0.02689295039164491,0.0421552176924036,0.019893045449689943
A5,266.0,0.026631853785900782,0.043266780822789785,0.020409787013255427
A5,267.0,0.02600522193211488,0.04065967170615159,0.01902905793757833
A5,268.0,0.02600522193211488,0.04030370186877208,0.01863189649115974
A5,269.0,0.025900783289817233,0.03998958997246882,0.01976718957294451
A5,270.0,0.025926892950391644,0.04041008547621683,0.019556419510390447
A5,271.0,0.025822454308093996,0.04063239409414887,0.020189991515738415
A5,272.0,0.025822454308093996,0.03914761575768688,0.020286531138959698
A5,273.0,0.02563968668407311,0.042050460301588544,0.02085397633211874
A5,274.0,0.025744125326370756,0.04171470432682112,0.02106103717445974
A5,275.0,0.025691906005221934,0.04342139364720454,0.021119155787778066
A5,276.0,0.02485639686684073,0.03914451496470983,0.020737395694501084
A5,277.0,0.02472584856396867,0.03893301448190778,0.021209187840721892
A5,278.0,0.02451697127937337,0.038238532006574455,0.02237071084506313
A5,279.0,0.024334203655352483,0.038609642967154856,0.021773342393309778
A5,280.0,0.02381201044386423,0.03585705314153842,0.02189020726243938
A5,281.0,0.024073107049608355,0.036635496495247666,0.022489410494234013
A5,282.0,0.023864229765013057,0.03598825568572184,0.021998456419684464
A5,283.0,0.023968668407310705,0.03777099732631739,0.022416844099040982
A5,284.0,0.024099216710182766,0.03674892159513743,0.022010426122920923
A5,285.0,0.024360313315926894,0.03823025011052983,0.02214083122268177
A5,286.0,0.024151436031331592,0.039027758363652354,0.0228641599591883
A5,287.0,0.024281984334203654,0.0391433167975056,0.022880511997671205
A5,288.0,0.02412532637075718,0.04025047505472701,0.02386752747714687
A5,289.0,0.02360313315926893,0.03694751421940856,0.022544274063576942
A5,290.0,0.023446475195822453,0.0348221909398615,0.022742733119819836
A5,291.0,0.023342036553524806,0.03612389792243087,0.0241535082435964
A5,292.0,0.023080939947780682,0.03636848859712549,0.023888156774485893
A5,293.0,0.022872062663185377,0.035784305799441474,0.024663207058899923
A5,294.0,0.022689295039164493,0.03489117782680484,0.02409254902106826
A5,295.0,0.022637075718015667,0.03517290406804785,0.024038619258819397
A5,296.0,0.022715404699738904,0.03533969463742803,0.025292538456232493
A5,297.0,0.022140992167101827,0.03401771289387423,0.02575175673551511
A5,298.0,0.02240208877284595,0.03581415192469051,0.024770188246380474
A6,1.0,1.0,0.9998010540431497,0.003344122870509933
A6,2.0,0.995049504950495,0.9914064882154503,0.0031203391478516504
A6,3.0,0.9925742574257426,0.9840634819302719,0.002652704356999202
A6,4.0,0.9900990099009901,0.9777257037333205,0.0025688878021463118
A6,5.0,0.9851485148514851,0.9756055942015354,0.002641226353294197
A6,6.0,0.9801980198019802,0.9739784275623388,0.0026555964914995018
A6,7.0,0.9777227722772277,0.9682150616314571,0.002717982057080108
A6,8.0,0.9752475247524752,0.9667636536054542,0.0026836705329032788
A6,9.0,0.9727722772277227,0.9634801840428883,0.002527260458864038
A6,10.0,0.9702970297029703,0.9609426687829264,0.0025221858370040704
A6,11.0,0.9678217821782178,0.9581411730508744,0.0024797714081063655
A6,12.0,0.9653465346534653,0.9577787562430026,0.002572825090494903
A6,13.0,0.9628712871287128,0.954695955056909,0.002547292512919786
A6,14.0,0.9603960396039604,0.9542509346257102,0.002632716064780692
A6,15.0,0.9579207920792079,0.9521485761010838,0.002679637998991682
A6,16.0,0.9579207920792079,0.951607309139997,0.0026296220107709396
A6,17.0,0.9579207920792079,0.9487177652324623,0.0025189059979919813
A6,18.0,0.9554455445544554,0.9475838512977359,0.0024924090418890392
A6,19.0,0.9529702970297029,0.9458824882855927,0.0025286319429648203
A6,20.0,0.9504950495049505,0.9431253894861704,0.0025453653335882807
A6,21.0,0.9504950495049505,0.9420091205434111,0.0026014250224833456
A6,22.0,0.9504950495049505,0.9407221012912038,0.0026198335213550865
A6,23.0,0.948019801980198,0.938658669797495,0.0027495619816243753
A6,24.0,0.948019801980198,0.93813150908468,0.0027225623651736955
A6,25.0,0.9455445544554455,0.9377170423979382,0.002722141699361759
A6,26.0,0.9455445544554455,0.9360315598897708,0.002768006334369668
A6,27.0,0.9455445544554455,0.9341166020719962,0.0027401977271395493
A6,28.0,0.943069306930693,0.9335382155229606,0.002749376368362218
A6,29.0,0.943069306930693,0.9323124143693053,0.0027114436090943145
A6,30.0,0.9405940594059405,0.932037450963243,0.002909498815367082
A6,31.0,0.9405940594059405,0.9311582359429422,0.0028728987596977926
A6,32.0,0.9405940594059405,0.9308867758552926,0.0027377144323327495
A6,33.0,0.9381188118811881,0.9286135849239219,0.0027657422867383404
A6,34.0,0.9381188118811881,0.9301671030391069,0.0027502939375198114
A6,35.0,0.9356435643564357,0.9277051673685061,0.0027460192712740164
A6,36.0,0.9356435643564357,0.9278953446610808,0.0028978460961024085
A6,37.0,0.9356435643564357,0.9270316397233268,0.0028964029753623835
A6,38.0,0.9356435643564357,0.9264136664196094,0.003026075444293567
A6,39.0,0.9356435643564357,0.924574850814807,0.003116443114070921
A6,40.0,0.9331683168316832,0.9241346472206022,0.003104882786325934
A6,41.0,0.9331683168316832,0.9234294834781944,0.003129131837875675
A6,42.0,0.9331683168316832,0.9220632752980814,0.003061898114509663
A6,43.0,0.9306930693069307,0.9224386078868958,0.003211045540842185
A6,44.0,0.9306930693069307,0.9217722780157785,0.0031053628734149315
A6,45.0,0.9306930693069307,0.9218562043234388,0.0030954617375314806
A6,46.0,0.9306930693069307,0.9191519885208879,0.0030853942222425286
A6,47.0,0.9306930693069307,0.9189714347695317,0.003021829223829047
A6,48.0,0.9282178217821783,0.9173172199915554,0.003034252294349767
A6,49.0,0.9282178217821783,0.9171594107692373,0.00320514008028705
A6,50.0,0.9282178217821783,0.9159939382060218,0.0033277047327151922
A6,51.0,0.9257425742574258,0.9161176855849777,0.003248868094813677
A6,52.0,0.9282178217821783,0.9151081926938428,0.0030826400311108255
A6,53.0,0.9257425742574258,0.9144706204927722,0.0032135125736158813
A6,54.0,0.9257425742574258,0.9138626922646756,0.003083819944871936
A6,55.0,0.9257425742574258,0.915387176380444,0.0030375991068906697
A6,56.0,0.9257425742574258,0.9138469992593264,0.003062271112504322
A6,57.0,0.9232673267326733,0.913157507537341,0.003214288333917588
A6,58.0,0.9232673267326733,0.9121844031064926,0.0033350487278950057
A6,59.0,0.9232673267326733,0.9112206719215491,0.003194878522654481
A6,60.0,0.9232673267326733,0.9107056399374979,0.003316294303101785
A6,61.0,0.9232673267326733,0.9098116328302142,0.003303094171247593
A6,62.0,0.9207920792079208,0.9100993257193241,0.003316846946120768
A6,63.0,0.9207920792079208,0.9102329681209196,0.003370563025521659
A6,64.0,0.9207920792079208,0.9098115427946205,0.0031842244668233433
A6,65.0,0.9183168316831684,0.9097597397903094,0.003354845032077916
A6,66.0,0.9207920792079208,0.9087373766887918,0.0031259789667293938
A6,67.0,0.9183168316831684,0.9090237824205802,0.0032406548446655948
A6,68.0,0.9183168316831684,0.9084098980927037,0.003275581207105829
A6,69.0,0.9183168316831684,0.9074064534093051,0.0032609582270607435
A6,70.0,0.9183168316831684,0.907125153321994,0.0032478369347146334
A6,71.0,0.9158415841584159,0.9064399264667904,0.0035437372945052547
A6,72.0,0.9183168316831684,0.9064847120753428,0.0032652598950983843
A6,73.0,0.9158415841584159,0.9058720216439075,0.00331110141411145
A6,74.0,0.9158415841584159,0.9058741979486473,0.0032946696915442508
A6,75.0,0.9158415841584159,0.9060944833665151,0.003326489411460523
A6,76.0,0.9158415841584159,0.9040345344472689,0.0033045367879675157
A6,77.0,0.9158415841584159,0.9050017303770218,0.003306840189793898
A6,78.0,0.9158415841584159,0.9027208616987089,0.0033166837906574986
A6,79.0,0.9158415841584159,0.9027650601292199,0.0033888101375638465
A6,80.0,0.9158415841584159,0.9014186080328256,0.0034480805660975756
A6,81.0,0.9133663366336634,0.9018771302800133,0.003422046281669099
A6,82.0,0.9133663366336634,0.9012261612530028,0.0034287285189320096
A6,83.0,0.9133663366336634,0.9016882504788476,0.0034198556177881907
A6,84.0,0.9133663366336634,0.9010820455588368,0.0034007603502349483
A6,85.0,0.9133663366336634,0.9009575894733524,0.003435734210652409
A6,86.0,0.9108910891089109,0.9004882064759564,0.0034653157938580865
A6,87.0,0.9108910891089109,0.8993618290510297,0.0034550648568779266
A6,88.0,0.9108910891089109,0.9007329427816736,0.003579565583259314
A6,89.0,0.9108910891089109,0.898931104405083,0.0034752957522454493
A6,90.0,0.9108910891089109,0.8995129432547249,0.003506616272533131
A6,91.0,0.9108910891089109,0.8991019878721082,0.0034734667644452334
A6,92.0,0.9108910891089109,0.8988229146837597,0.0035182639151462186
A6,93.0,0.9108910891089109,0.8967050374024189,0.003306788720753473
A6,94.0,0.9084158415841584,0.8973090416853539,0.003309351563961179
A6,95.0,0.9084158415841584,0.8974187272556601,0.0034457714237971283
A6,96.0,0.905940594059406,0.897489069522404,0.003720391365175537
A6,97.0,0.9084158415841584,0.8983301469576594,0.0036916274011412286
A6,98.0,0.9084158415841584,0.8956334971006477,0.0036051002297917104
A6,99.0,0.9084158415841584,0.8943675370224643,0.003648219348651655
A6,100.0,0.905940594059406,0.8954153930050698,0.0037027083837702763
A6,101.0,0.905940594059406,0.8945707859850354,0.0036854651962121756
A6,102.0,0.905940594059406,0.8956702564297896,0.003785231336575681
A6,103.0,0.905940594059406,0.8935122463815807,0.0037262304378219927
A6,104.0,0.905940594059406,0.893583895516927,0.0037665819785688845
A6,105.0,0.905940594059406,0.8938689900058339,0.0038936749221460667
A6,106.0,0.905940594059406,0.8937502819226142,0.003703548823202285
A6,107.0,0.905940594059406,0.8937158347401342,0.003581542262733323
A6,108.0,0.9034653465346535,0.8920283836573789,0.0038624802869444324
A6,109.0,0.9034653465346535,0.891441373864647,0.0038188052042429617
A6,110.0,0.9034653465346535,0.8912524299905533,0.0038547182424736467
A6,111.0,0.9034653465346535,0.891328321129745,0.0037662351140944784
A6,112.0,0.905940594059406,0.89060211805213,0.0036216275268402195
A6,113.0,0.9034653465346535,0.8903034473928823,0.0039208823133505075
A6,114.0,0.9034653465346535,0.889871458045713,0.0038388937849052154
A6,115.0,0.9034653465346535,0.8896068201682278,0.0038547416608253225
A6,116.0,0.9034653465346535,0.8892214003572437,0.003913898011998717
A6,117.0,0.9034653465346535,0.889497482203352,0.003968652707381025
A6,118.0,0.900990099009901,0.8885496411967403,0.003949788132132315
A6,119.0,0.900990099009901,0.8878928735862353,0.004034047210978276
A6,120.0,0.900990099009901,0.8880804801721788,0.004046488565279158
A6,121.0,0.900990099009901,0.8880531482096073,0.0039950898201379205
A6,122.0,0.900990099009901,0.8877580237456081,0.004019437625892175
A6,123.0,0.900990099009901,0.8865931186969479,0.00383780726863409
A6,124.0,0.8985148514851485,0.8869300272335929,0.004096698585154925
A6,125.0,0.900990099009901,0.8863593844480444,0.0037110193543404076
A6,126.0,0.900990099009901,0.8871979735521992,0.0038471804739794815
A6,127.0,0.8985148514851485,0.8866434488230008,0.004160908810614744
A6,128.0,0.8985148514851485,0.8849549913277421,0.00415009771945724
A6,129.0,0.900990099009901,0.8848000860409114,0.003904029322749876
A6,130.0,0.8985148514851485,0.8841543697988232,0.004158761105243525
A6,131.0,0.8985148514851485,0.8850901476774641,0.004269333922149194
A6,132.0,0.8985148514851485,0.8842203089454085,0.0043009561457659435
A6,133.0,0.8985148514851485,0.8832470519863005,0.004318986513730472
A6,134.0,0.900990099009901,0.883579261487938,0.003993675242536828
A6,135.0,0.8985148514851485,0.884368109645693,0.0040593517088575205
A6,136.0,0.8960396039603961,0.8832203447857865,0.0043185688926385335
A6,137.0,0.8985148514851485,0.8819984675067851,0.004288908934993704
A6,138.0,0.8985148514851485,0.8819204000504806,0.0040843037825024605
A6,139.0,0.8985148514851485,0.8818159187988305,0.004277904963628252
A6,140.0,0.8985148514851485,0.8816570241231134,0.004177709743088434
A6,141.0,0.8960396039603961,0.881816266054347,0.004233871656052041
A6,142.0,0.8960396039603961,0.8811829971340662,0.0044360447879926565
A6,143.0,0.8960396039603961,0.8810940035430419,0.004324444336367635
A6,144.0,0.8960396039603961,0.8815190339042867,0.004368881790525744
A6,145.0,0.8960396039603961,0.8808290122804981,0.004422338207651496
A6,146.0,0.8935643564356436,0.8804106873817863,0.00435870106001107
A6,147.0,0.8960396039603961,0.8794396753276504,0.004481359537379264
A6,148.0,0.8935643564356436,0.8795149634858981,0.004446850287662452
A6,149.0,0.8935643564356436,0.8795918699996059,0.00461934402403053
A6,150.0,0.8935643564356436,0.8790952005924877,0.004634411244051311
A6,151.0,0.8935643564356436,0.878404396293821,0.004662970366693799
A6,152.0,0.8935643564356436,0.8788974679150188,0.004669418710944838
A6,153.0,0.8935643564356436,0.8784936255388363,0.004648441985132136
A6,154.0,0.8935643564356436,0.880119146093368,0.004659361989813229
A6,155.0,0.8910891089108911,0.8778020273696048,0.004594545568255989
A6,156.0,0.8935643564356436,0.8778613569881834,0.004713913970470251
A6,157.0,0.8935643564356436,0.8757425784317435,0.004341403305086494
A6,158.0,0.8935643564356436,0.8743027487233325,0.004135811848167875
A6,159.0,0.8935643564356436,0.8749052831130998,0.004227086465077669
A6,160.0,0.8910891089108911,0.8748889953259888,0.004503689497733474
A6,161.0,0.8910891089108911,0.8766399696470567,0.0046022042161213104
A6,162.0,0.8935643564356436,0.8738526562574327,0.0042206758014681055
A6,163.0,0.8910891089108911,0.8747397763856509,0.004334848087666286
A6,164.0,0.8910891089108911,0.8741564176991523,0.00427366250343164
A6,165.0,0.8910891089108911,0.8730101587365489,0.004287390909676866
A6,166.0,0.8910891089108911,0.8740909887864466,0.004523390614209555
A6,167.0,0.8886138613861386,0.8731698785773959,0.004634627485966129
A6,168.0,0.8886138613861386,0.8739416245805388,0.004639035214669064
A6,169.0,0.8910891089108911,0.8736527458285934,0.004494843251845766
A6,170.0,0.8910891089108911,0.8732526757261909,0.004537777869527909
A6,171.0,0.8910891089108911,0.8730579321589528,0.0045145416261790534
A6,172.0,0.8886138613861386,0.8737007022974219,0.004579914606639836
A6,173.0,0.8886138613861386,0.8717219223922233,0.004373032010558835
A6,174.0,0.8886138613861386,0.8727705102130519,0.004511435188633283
A6,175.0,0.8886138613861386,0.8725815475545049,0.004573917296812174
A6,176.0,0.8886138613861386,0.8717281359083688,0.004554749807192827
A6,177.0,0.8886138613861386,0.8719379962213374,0.004585482389641918
A6,178.0,0.8886138613861386,0.8705466184263223,0.004477725373558393
A6,179.0,0.8886138613861386,0.8695125276917568,0.004474247989175165
A6,180.0,0.8886138613861386,0.869202080556711,0.004471193360377473
A6,181.0,0.8861386138613861,0.8688943233048089,0.004472025048926903
A6,182.0,0.8861386138613861,0.8696868557860173,0.004492898688029396
A6,183.0,0.8861386138613861,0.8696846722296532,0.0045272031217727495
A6,184.0,0.8861386138613861,0.8681601983501591,0.004483528058110504
A6,185.0,0.8861386138613861,0.8681593934565581,0.004531464637972225
A6,186.0,0.8861386138613861,0.8676840616932598,0.0046219552666361624
A6,187.0,0.8861386138613861,0.8675798690092021,0.004612223243233946
A6,188.0,0.8861386138613861,0.867490383808337,0.0046122851640853415
A6,189.0,0.8861386138613861,0.8677383217526149,0.004610301401613802
A6,190.0,0.8861386138613861,0.8668968255285622,0.004582961753580623
A6,191.0,0.8836633663366337,0.8671133847068502,0.0047029217365202785
A6,192.0,0.8836633663366337,0.866507718421394,0.004632617121998496
A6,193.0,0.8836633663366337,0.8664856625767794,0.004633098881596475
A6,194.0,0.8836633663366337,0.8661190326956728,0.00469932199881508
A6,195.0,0.8836633663366337,0.865933137669756,0.004769143024919627
A6,196.0,0.8836633663366337,0.866265383161639,0.004767478384322579
A6,197.0,0.8836633663366337,0.8643935298186929,0.004723121795063811
A6,198.0,0.8836633663366337,0.864688585954158,0.0048345846402680906
A6,199.0,0.8836633663366337,0.8646290386867023,0.004809959340274136
A6,200.0,0.8836633663366337,0.8643775020812697,0.004706593870047983
A6,201.0,0.8836633663366337,0.8627197841801129,0.004673335264630355
A6,202.0,0.8811881188118812,0.8648363921277407,0.005068731975588923
A6,203.0,0.8836633663366337,0.8634148511367801,0.004709407544685421
A6,204.0,0.8836633663366337,0.8644855132253785,0.004972686325214792
A6,205.0,0.8836633663366337,0.8623492368671464,0.004772880005746499
A6,206.0,0.8811881188118812,0.8638265019743347,0.005115818981921946
A6,207.0,0.8836633663366337,0.8629292554238455,0.005160027762055414
A6,208.0,0.8811881188118812,0.8626956701689206,0.005023441471449467
A6,209.0,0.8787128712871287,0.862172671534219,0.00531883715697442
A6,210.0,0.8836633663366337,0.8615174003078396,0.004922527018745698
A6,211.0,0.8787128712871287,0.863139413292088,0.005391111052760865
A6,212.0,0.8811881188118812,0.8629158796041524,0.005141907291413939
A6,213.0,0.8811881188118812,0.8623243020163515,0.005024317054669067
A6,214.0,0.8787128712871287,0.8614214351242621,0.005293589248617787
A6,215.0,0.8811881188118812,0.860670439444767,0.005296219721324912
A6,216.0,0.8811881188118812,0.8583341124283088,0.0050466261078139845
A6,217.0,0.8787128712871287,0.8601736438445706,0.0054100320206881235
A6,218.0,0.8787128712871287,0.8610859483274325,0.005425828939593993
A6,219.0,0.8811881188118812,0.8596249488031081,0.005182404619429756
A6,220.0,0.8787128712871287,0.8609073577552044,0.005412220438865923
A6,221.0,0.8787128712871287,0.8602328605047411,0.005354732435744017
A6,222.0,0.8787128712871287,0.8608581934988813,0.005504169294255715
A6,223.0,0.8762376237623762,0.8600518626879011,0.005567752862000048
A6,224.0,0.8787128712871287,0.8596947131166834,0.005603889726917274
A6,225.0,0.8787128712871287,0.8583597186240665,0.00539913054937247
A6,226.0,0.8787128712871287,0.8590500058057506,0.005582823247325521
A6,227.0,0.8787128712871287,0.8574581559354952,0.005423603932887477
A6,228.0,0.8762376237623762,0.8594652731973706,0.005613652016679226
A6,229.0,0.8787128712871287,0.857921094267589,0.0055372350943421215
A6,230.0,0.8762376237623762,0.8584273775890074,0.00566091107186475
A6,231.0,0.8787128712871287,0.8567975839758535,0.005498277409760195
A6,232.0,0.8762376237623762,0.8574011591355973,0.005612187992636861
A6,233.0,0.8787128712871287,0.8565740616393149,0.005590191732548606
A6,234.0,0.8762376237623762,0.8571591872469246,0.005665512383439676
A6,235.0,0.8762376237623762,0.8558023220171123,0.005650477090224643
A6,236.0,0.8762376237623762,0.8573882779575104,0.0057667975476264595
A6,237.0,0.8762376237623762,0.8555557801354854,0.005630589862962784
A6,238.0,0.8737623762376238,0.8571422821834902,0.0057357403952850595
A6,239.0,0.8762376237623762,0.8552185709436942,0.005620063966172011
A6,240.0,0.8762376237623762,0.8533738362335282,0.005215133543900583
A6,241.0,0.8762376237623762,0.8550653762461891,0.005560377173602926
A6,242.0,0.8762376237623762,0.8537020315694018,0.005350957090161671
A6,243.0,0.8762376237623762,0.8539957776988609,0.005580304040536762
A6,244.0,0.8762376237623762,0.8525059059068769,0.00530091993278781
A6,245.0,0.8737623762376238,0.8542552076583418,0.005618588671733757
A6,246.0,0.8762376237623762,0.8517441686147144,0.005419279928652079
A6,247.0,0.8712871287128713,0.8550723025360293,0.005755704285696386
A6,248.0,0.8762376237623762,0.8519559427656351,0.005565028078431777
A6,249.0,0.8762376237623762,0.8518222599034939,0.005579564267168322
A6,250.0,0.8737623762376238,0.851710198958948,0.005496987163976452
A6,251.0,0.8737623762376238,0.8520156580513153,0.0056712092943578185
A6,252.0,0.8712871287128713,0.8524170258311936,0.005622883008845036
A6,253.0,0.8737623762376238,0.8503621509282058,0.005492756054670484
A6,254.0,0.8688118811881188,0.8530322191011545,0.0058931328959976
A6,255.0,0.8737623762376238,0.8499710489079357,0.005605642860331175
A6,256.0,0.8712871287128713,0.8509911873979461,0.0056958373650804325
A6,257.0,0.8737623762376238,0.8502113877114618,0.005597960522723858
A6,258.0,0.8712871287128713,0.8491688691464854,0.005530217936790975
A6,259.0,0.8712871287128713,0.848316865391773,0.005506425593392963
A6,260.0,0.8688118811881188,0.8494092029975404,0.005869788737507424
A6,261.0,0.8737623762376238,0.8482895932019738,0.005715364219333254
A6,262.0,0.8712871287128713,0.8467551260483241,0.005529777909070205
A6,263.0,0.8712871287128713,0.8490349026074523,0.005778230197827219
A6,264.0,0.8712871287128713,0.8459897824392133,0.005523706024742001
A6,265.0,0.8712871287128713,0.8486034454375794,0.005825894719209352
A6,266.0,0.8712871287128713,0.8462815572921206,0.005585035272221983
A7,1.0,1.0,1.0093793746520248,0.008242713551353666
A7,2.0,0.9925373134328358,1.0094397227491703,0.00708496053800233
A7,3.0,0.9875621890547264,1.002907908261701,0.0071718907415003925
A7,4.0,0.9800995024875622,0.9930505551901718,0.006724404724336149
A7,5.0,0.9751243781094527,0.9875965596229228,0.006740385393916079
A7,6.0,0.9701492537313433,0.9805230821823323,0.00658562933771475
A7,7.0,0.9651741293532339,0.9767874026618188,0.006569122700247801
A7,8.0,0.9626865671641791,0.9777403343833964,0.006708978320764596
A7,9.0,0.9601990049751243,0.9728782996589067,0.006093879266622092
A7,10.0,0.9577114427860697,0.9742578609939079,0.006463417628624977
A7,11.0,0.9527363184079602,0.962665692277654,0.006076432734117844
A7,12.0,0.9502487562189055,0.9617558128112789,0.005516659854078992
A7,13.0,0.9477611940298507,0.9630735044539124,0.006618504030390173
A7,14.0,0.945273631840796,0.9551778350267399,0.005587154927865667
A7,15.0,0.9427860696517413,0.9531522731564416,0.00556022160916268
A7,16.0,0.9427860696517413,0.9586850539730486,0.006217422640866277
A7,17.0,0.9378109452736318,0.9557258802682485,0.006178737887647572
A7,18.0,0.9378109452736318,0.9549613575862425,0.00615537641647955
A7,19.0,0.9328358208955224,0.9453210503600804,0.005733531975596868
A7,20.0,0.9328358208955224,0.9480718251376381,0.006036029249704476
A7,21.0,0.9303482587064676,0.943272390491021,0.006231522898891267
A7,22.0,0.9303482587064676,0.9435053559479588,0.006090087523278613
A7,23.0,0.927860696517413,0.9410645385117805,0.006012161122951792
A7,24.0,0.927860696517413,0.9454200601408282,0.005193882538705987
A7,25.0,0.9253731343283582,0.9453277983023878,0.005797463334070754
A7,26.0,0.9228855721393034,0.9431182969411214,0.0057051535483994996
A7,27.0,0.9203980099502488,0.9388721618578332,0.005704502228853054
A7,28.0,0.9203980099502488,0.934072194391364,0.005291891805456134
A7,29.0,0.917910447761194,0.9370327569413625,0.005659554675954526
A7,30.0,0.917910447761194,0.9346342576449763,0.005721803587633863
A7,31.0,0.917910447761194,0.9358691169088632,0.005908202576818707
A7,32.0,0.9154228855721394,0.9360838477719143,0.006017307216587768
A7,33.0,0.9129353233830846,0.9312059488309278,0.0054818303321570745
A7,34.0,0.9104477611940298,0.9284058203435448,0.006105965402411857
A7,35.0,0.9104477611940298,0.9290790945884664,0.005458501049650398
A7,36.0,0.9079601990049752,0.922854169223573,0.005063963757575167
A7,37.0,0.9079601990049752,0.9258640258907269,0.005050142731868778
A7,38.0,0.9079601990049752,0.9298162622053099,0.00575453594427766
A7,39.0,0.9054726368159204,0.9257727880164115,0.0055770671156265775
A7,40.0,0.9054726368159204,0.9258685491431473,0.005582359065206456
A7,41.0,0.9029850746268657,0.9209143241247814,0.005152994158912473
A7,42.0,0.900497512437811,0.9181775437130346,0.005286952215423939
A7,43.0,0.900497512437811,0.9171492437503853,0.005226568199096328
A7,44.0,0.8980099502487562,0.9161797208290405,0.004529602826485643
A7,45.0,0.900497512437811,0.9211491510601092,0.004958928823579884
A7,46.0,0.8980099502487562,0.9205827136138514,0.004945354772446221
A7,47.0,0.8955223880597015,0.9155537976197361,0.004535107264585561
A7,48.0,0.8930348258706468,0.914679868966235,0.004610232473367619
A7,49.0,0.8930348258706468,0.910904167356872,0.0046777912662668165
A7,50.0,0.8930348258706468,0.9090038712895822,0.004751556341410099
A7,51.0,0.8930348258706468,0.9121725947816315,0.004016803176784553
A7,52.0,0.8905472636815921,0.9136834395505292,0.0043646111094661055
A7,53.0,0.8905472636815921,0.9118045126157086,0.0043932571812468745
A7,54.0,0.8880597014925373,0.9065854607398851,0.004139049664979514
A7,55.0,0.8880597014925373,0.9107119626815974,0.0042977233611195
A7,56.0,0.8830845771144279,0.9057242212638403,0.004311237874674013
A7,57.0,0.8830845771144279,0.9031253126834734,0.004257544282865123
A7,58.0,0.8830845771144279,0.9043816403847007,0.0036948577160660066
A7,59.0,0.8805970149253731,0.9016737127604183,0.0037857253988833575
A7,60.0,0.8830845771144279,0.9066800361972778,0.0039434864304930236
A7,61.0,0.8805970149253731,0.9013727889449185,0.003747234647353117
A7,62.0,0.8805970149253731,0.9040190471450912,0.003867517403775316
A7,63.0,0.8756218905472637,0.9003190595549154,0.0038866494418055213
A7,64.0,0.8756218905472637,0.8966494085296783,0.004134662590029914
A7,65.0,0.8756218905472637,0.9003195601059637,0.003415848197671814
A7,66.0,0.8731343283582089,0.8983048170406711,0.003498238549455288
A7,67.0,0.8706467661691543,0.8983364886576121,0.0034066094782965605
A7,68.0,0.8706467661691543,0.8970078252604581,0.0034848133067985287
A7,69.0,0.8706467661691543,0.8939979382485164,0.0031508770098976594
A7,70.0,0.8681592039800995,0.8958321010299544,0.00307675518229415
A7,71.0,0.8681592039800995,0.8946475740568733,0.0031803233006848365
A7,72.0,0.8656716417910447,0.888889375003024,0.003042091568726217
A7,73.0,0.8656716417910447,0.8900535760149456,0.0029787183232046037
A7,74.0,0.8631840796019901,0.8870514089882076,0.002806012172707937
A7,75.0,0.8631840796019901,0.8841454192821772,0.0028459457020384867
A7,76.0,0.8606965174129353,0.8829785894591313,0.0026207333198146393
A7,77.0,0.8606965174129353,0.8833455576704105,0.0027158946533561365
A7,78.0,0.8582089552238806,0.8820328859531885,0.002549886282618598
A7,79.0,0.8557213930348259,0.8781171954946663,0.002575661355103179
A7,80.0,0.8507462686567164,0.8708051625835216,0.0026609945196867453
A7,81.0,0.8482587064676617,0.8703866351367291,0.002726604576979026
A7,82.0,0.845771144278607,0.8665484274221827,0.002669014959970307
A7,83.0,0.8432835820895522,0.8654830347924922,0.0029064806499148753
A7,84.0,0.8407960199004975,0.8618706397615007,0.0029321771371686937
A7,85.0,0.8383084577114428,0.8574245968738572,0.002965283400133492
A7,86.0,0.835820895522388,0.8575974902315942,0.003102768009759617
A7,87.0,0.8333333333333334,0.8542200641168709,0.0031431814068887333
A7,88.0,0.8283582089552238,0.8491811610172911,0.0032489567166516403
A7,89.0,0.8258706467661692,0.8481812622209135,0.0036921657090838006
A7,90.0,0.8233830845771144,0.8455822753620226,0.003824098816866144
A7,91.0,0.818407960199005,0.8421487814112006,0.004226075802240316
A7,92.0,0.818407960199005,0.8385406937947977,0.004214370286604361
A7,93.0,0.8134328358208955,0.8349317082940942,0.0045034025851736995
A7,94.0,0.8109452736318408,0.8337616092049438,0.004756948799002422
A7,95.0,0.8034825870646766,0.8254518691622169,0.004750379234377516
A7,96.0,0.8034825870646766,0.8330995896061738,0.006862726878373935
A7,97.0,0.8009950248756219,0.8303605021786917,0.005588968617354644
A7,98.0,0.7985074626865671,0.8257461280662274,0.0053346885486565245
A7,99.0,0.7985074626865671,0.8247340067786973,0.005470406522938244
A7,100.0,0.7960199004975125,0.8229832600399978,0.0056877376053806605
A7,101.0,0.7935323383084577,0.8200282076976514,0.005945132292927138
A7,102.0,0.7910447761194029,0.8163434923845476,0.005859046516866096
A7,103.0,0.7885572139303483,0.8164089680714075,0.006141507339759414
A7,104.0,0.7860696517412935,0.8149012260935898,0.00601556034588064
A7,105.0,0.7810945273631841,0.81661110195284,0.00793317510248002
A7,106.0,0.7835820895522388,0.8112046309859656,0.006331967271086668
A7,107.0,0.7835820895522388,0.8027107324411623,0.005759696391612973
A7,108.0,0.7761194029850746,0.8087317235410826,0.007043390774704742
A7,109.0,0.7761194029850746,0.805263775803881,0.0062082682318448925
A7,110.0,0.7736318407960199,0.8018556468856294,0.00604965224432773
A7,111.0,0.7711442786069652,0.8007224439012648,0.0063084153783096834
A7,112.0,0.7711442786069652,0.791671020938794,0.006215781782238816
A7,113.0,0.763681592039801,0.798033890655169,0.007100839620924247
A7,114.0,0.763681592039801,0.7940181024055807,0.006408027269983747
A7,115.0,0.7611940298507462,0.792899281299878,0.0066173148853158606
A7,116.0,0.7587064676616916,0.7902959577538025,0.006661618420285576
A7,117.0,0.7562189054726368,0.7876155059953451,0.006413091334768915
A7,118.0,0.753731343283582,0.786378614174486,0.006364209222315591
A7,119.0,0.7512437810945274,0.7845310158055415,0.006376699087344749
A7,120.0,0.7487562189054726,0.782947945703308,0.006484738653704113
A7,121.0,0.746268656716418,0.7793474227811866,0.006522521524960554
A7,122.0,0.7437810945273632,0.7765315752907793,0.006568034310991211
A7,123.0,0.7412935323383084,0.7774780344628262,0.007964132962637809
A7,124.0,0.7437810945273632,0.7623474541016014,0.006846166511369809
A7,125.0,0.736318407960199,0.7728411149344989,0.007793988571021994
A7,126.0,0.7313432835820896,0.76650843423436,0.0074450967392821876
A7,127.0,0.7288557213930348,0.7635365285097717,0.007322975697711385
A7,128.0,0.7263681592039801,0.7608995320804485,0.006612794803133846
A7,129.0,0.7263681592039801,0.7448521563793578,0.00647622792004565
A7,130.0,0.7213930348258707,0.75502053796892,0.0071847170317186695
A7,131.0,0.7139303482587065,0.7517442639824196,0.007498892584036614
A7,132.0,0.7114427860696517,0.749734816298089,0.00873179642144141
A7,133.0,0.7089552238805971,0.7457043449620181,0.009301254359035373
A7,134.0,0.7114427860696517,0.7426799458209553,0.008217572011672383
A7,135.0,0.7014925373134329,0.7240354480043164,0.007168117488735892
A7,136.0,0.6965174129353234,0.7356632532743477,0.007426473387259452
A7,137.0,0.6965174129353234,0.7265877657889037,0.00725345721413319
A7,138.0,0.6940298507462687,0.7141656440081101,0.007180002553164423
A7,139.0,0.6890547263681592,0.7062602346946192,0.006875521265027355
A7,140.0,0.6865671641791045,0.7184756907174208,0.007799085611040139
A7,141.0,0.6766169154228856,0.7120973325645089,0.008114418173278327
A7,142.0,0.6716417910447762,0.7093611621170692,0.009465906882007298
A7,143.0,0.6691542288557214,0.7010508320380686,0.008497162973982746
A7,144.0,0.664179104477612,0.6963846847820936,0.008125101180542233
A7,145.0,0.6592039800995025,0.6928828393101364,0.008351406722634477
A7,146.0,0.654228855721393,0.6849431199361674,0.00830159794866884
A7,147.0,0.6492537313432836,0.6823644307241071,0.008369327943632984
A7,148.0,0.6442786069651741,0.673996935030432,0.008149214949524647
A7,149.0,0.6393034825870647,0.6717590561680609,0.00968463230812766
A7,150.0,0.6343283582089553,0.6669379243870907,0.010042755922940839
A7,151.0,0.6293532338308457,0.6576463389439576,0.010544349753960144
A7,152.0,0.6218905472636815,0.6520827893957196,0.010698750756431586
A7,153.0,0.6144278606965174,0.6492891066290312,0.01099620365758625
A7,154.0,0.6094527363184079,0.636355786694534,0.011530060828218117
A7,155.0,0.6044776119402985,0.6328041529982636,0.011566288818397014
A7,156.0,0.5970149253731343,0.6253205982586784,0.011282714746407053
A7,157.0,0.5920398009950248,0.6203972473817997,0.011002361320169322
A7,158.0,0.5845771144278606,0.6149748814157959,0.01145772727739101
A7,159.0,0.5771144278606966,0.576776454646813,0.011344662863133691
A7,160.0,0.5671641791044776,0.5843887739816422,0.011359017701503273
A7,161.0,0.5597014925373134,0.5939875488419775,0.010504914549266942
A7,162.0,0.554726368159204,0.5778953378344327,0.011084654775724569
A7,163.0,0.5447761194029851,0.5565162193727464,0.012621324911770882
A7,164.0,0.5373134328358209,0.5515504385623838,0.013211512253279467
A7,165.0,0.5298507462686567,0.5498265909213503,0.013469854774244429
A7,166.0,0.5199004975124378,0.5451885353206172,0.01372902452085857
A7,167.0,0.5124378109452736,0.5408973089257625,0.01449912513008626
A7,168.0,0.5049751243781094,0.5624031032425107,0.01255626175287246
A7,169.0,0.4975124378109453,0.5289034782462975,0.015901427251653964
A7,170.0,0.4900497512437811,0.5245132125148473,0.017097345060424256
A7,171.0,0.48009950248756217,0.5236692242307874,0.01746959028493763
A7,172.0,0.4701492537313433,0.5143109160524086,0.01985400737751363
A7,173.0,0.4601990049751244,0.5154652218376433,0.020036860342645197
A7,174.0,0.4527363184079602,0.5145289719105481,0.021231686605042092
A7,175.0,0.4427860696517413,0.509808069118932,0.02232959522159458
A7,176.0,0.43532338308457713,0.5091380194514024,0.02313429807446935
A7,177.0,0.4253731343283582,0.49711977124327633,0.025244478431488367
A7,178.0,0.4154228855721393,0.497555446599261,0.02660176682669512
A7,179.0,0.4079601990049751,0.4907800958298443,0.02741293167101192
A7,180.0,0.39800995024875624,0.4883178706183253,0.027649098079815165
A7,181.0,0.3880597014925373,0.486021014080272,0.02823790718286579
A7,182.0,0.3781094527363184,0.4799653450459749,0.029397872335186183
A7,183.0,0.3681592039800995,0.4727908849605371,0.029999389769579266
A7,184.0,0.36069651741293535,0.4661427666793284,0.030820200824238215
A7,185.0,0.35074626865671643,0.4634742990564163,0.029925523358222916
A7,186.0,0.34328358208955223,0.4601584074112127,0.031246717685355304
A7,187.0,0.3358208955223881,0.4537642148445131,0.0310354365567841
A7,188.0,0.3283582089552239,0.4484175265763091,0.03119316999476801
A7,189.0,0.3208955223880597,0.4354495488090037,0.029722259228127018
A7,190.0,0.31343283582089554,0.42891342775690283,0.02903020220980536
A7,191.0,0.30597014925373134,0.4154488787681651,0.02773549118832566
A7,192.0,0.29850746268656714,0.3994540240774323,0.029288163211471582
A7,193.0,0.291044776119403,0.39079887913999833,0.028896161544324846
A7,194.0,0.2835820895522388,0.3658609443544268,0.026686868542968943
A7,195.0,0.27860696517412936,0.3503430517061936,0.025825491663387313
A7,196.0,0.27114427860696516,0.3372089034162424,0.025235246267649707
A7,197.0,0.26616915422885573,0.31994167791683636,0.025359188379292658
A7,198.0,0.25870646766169153,0.27993601173906363,0.02955484768064509
A7,199.0,0.24875621890547264,0.25543200900122276,0.030634541558058507
A7,200.0,0.04776119402985075,0.0027897732047242885,0.01964767686546229
A7,201.0,0.04203980099502488,-0.0043636485635466515,0.017174689465458845
A7,202.0,0.03980099502487562,-0.015133523742441257,0.017457019403964668
A7,203.0,0.03805970149253731,-0.023883676469773962,0.01876395288964033
A7,204.0,0.03731343283582089,-0.008646959543981536,0.01641164546591862
A7,205.0,0.03631840796019901,-0.012448105708377732,0.017098733860576552
A7,206.0,0.036069651741293535,-0.0011430618500680723,0.016035993166106172
A7,207.0,0.035323383084577116,-0.00718598118949354,0.016170385569901653
A7,208.0,0.03557213930348259,-0.010099031214839682,0.016111490431929908
A7,209.0,0.03582089552238806,-0.012889925096355115,0.01619754150156677
A7,210.0,0.03582089552238806,-0.009357392409643062,0.015552789502273665
A7,211.0,0.03507462686567164,-0.005884728789400384,0.015676199336354123
A7,212.0,0.03482587064676617,-0.0058677050450473,0.015957987831974347
A7,213.0,0.03407960199004975,-0.0035933909769462202,0.015326728473911139
A7,214.0,0.03333333333333333,-0.00514879798886414,0.016289717072111055
A7,215.0,0.032587064676616914,-0.012578697730168287,0.01788365262287418
A7,216.0,0.031840796019900496,-0.012439503223422466,0.017418842661183855
A7,217.0,0.030845771144278607,-0.005730331165699765,0.017504248149135922
A7,218.0,0.03034825870646766,-4.926973532504153e-05,0.016803332296979334
A7,219.0,0.03034825870646766,0.00539598347448722,0.016488341322628646
A7,220.0,0.030597014925373135,-0.007007707598555402,0.01797145784759269
A7,221.0,0.030845771144278607,-0.002048497488550849,0.01626473896860653
A7,222.0,0.030845771144278607,-0.0034737651905701883,0.016073288014790937
A7,223.0,0.03109452736318408,-0.007718437584885551,0.016768033516298842
A7,224.0,0.030845771144278607,-0.0008744046092803437,0.016067932648202707
A7,225.0,0.03009950248756219,-0.006792524806310429,0.017496058197371475
A7,226.0,0.029601990049751243,-0.0039019637984779587,0.01786278178049047
A7,227.0,0.02935323383084577,0.0019195132077480803,0.016525365742419498
A7,228.0,0.029104477611940297,0.008913093846381281,0.015660743218031303
A7,229.0,0.028358208955223882,0.005602574087801626,0.017084316938819004
A7,230.0,0.02810945273631841,0.014364726314085252,0.015683836983054183
A7,231.0,0.027860696517412936,0.009121121674048105,0.0168604160286745
A7,232.0,0.02810945273631841,0.003125719450309039,0.01734251152447007
A7,233.0,0.028606965174129355,0.004655066150569209,0.016889037451916923
A7,234.0,0.028606965174129355,0.00735159835954835,0.015569932292851129
A7,235.0,0.028855721393034824,0.0006130162963124963,0.017122439640469795
A7,236.0,0.028606965174129355,0.0048271442771993245,0.016399210666709137
A7,237.0,0.02810945273631841,0.00741694697512707,0.01562923200372477
A7,238.0,0.02810945273631841,0.0065531798083471315,0.017069826244923345
A7,239.0,0.027860696517412936,0.009460455571546622,0.01636028956997305
A7,240.0,0.027611940298507463,0.011328759510681685,0.01633072486069578
A7,241.0,0.02736318407960199,0.009438958058161528,0.017471519489526573
A7,242.0,0.027114427860696518,0.01331190814963168,0.016800382591678584
A7,243.0,0.026865671641791045,0.015043180834269476,0.016394437828642895
A7,244.0,0.02661691542288557,0.013357832744859799,0.01710801829418908
A7,245.0,0.02661691542288557,0.01688115495215925,0.016116374051472846
A7,246.0,0.02661691542288557,0.014606985669856742,0.016714304184666014
A7,247.0,0.02661691542288557,0.01326654697977514,0.016939945287303634
A7,248.0,0.02661691542288557,0.014616748164970939,0.0164475440918056
A7,249.0,0.02661691542288557,0.013147840080091067,0.017240226355400852
A7,250.0,0.0263681592039801,0.01814154247313471,0.016204147972198855
A7,251.0,0.026119402985074626,0.016968314949538654,0.015622090548016974
A7,252.0,0.025870646766169153,0.016929703161356557,0.01763631995311878
A7,253.0,0.02562189054726368,0.018020706061200986,0.017674381889164446
A7,254.0,0.025373134328358207,0.019398270659110817,0.01604639377361781
A7,255.0,0.025124378109452738,0.02098645625070006,0.015485006638314631
A7,256.0,0.024626865671641792,0.021851820225189167,0.01746079534611307
A7,257.0,0.024353233830845773,0.02402509518668472,0.015400783228893806
A7,258.0,0.02390547263681592,0.025461109794912784,0.015992794949658072
A7,259.0,0.023606965174129354,0.02347246142883541,0.017992541423041797
A7,260.0,0.023407960199004974,0.028049939310172967,0.01628406570593755
A7,261.0,0.02318407960199005,0.02584384353095759,0.017777227448859696
A7,262.0,0.023109452736318408,0.026804872847270844,0.016404487561781447
A7,263.0,0.022885572139303482,0.02546634179635321,0.017433817832035257
A7,264.0,0.022711442786069652,0.025574253917330703,0.017948466398290314
A7,265.0,0.022437810945273633,0.02687266302406377,0.017775688857990343
A7,266.0,0.022338308457711443,0.029143283036528578,0.016781402083471092
A7,267.0,0.02208955223880597,0.02813263615599726,0.018251686071039448
A7,268.0,0.021940298507462687,0.028113010239574465,0.018662257740064192
A7,269.0,0.02171641791044776,0.030989725237726473,0.017258591754295345
A7,270.0,0.021592039800995024,0.027303057508463402,0.01853336696964878
A7,271.0,0.021467661691542288,0.028301441901111835,0.018501686072808245
A7,272.0,0.021517412935323384,0.028028947893892653,0.017868482102700922
A7,273.0,0.02144278606965174,0.027214938911798048,0.01888151957458662
A7,274.0,0.021318407960199005,0.026496953606848117,0.018687884708821184
A7,275.0,0.021318407960199005,0.03072140218797248,0.017742250071452373
A7,276.0,0.021218905472636815,0.02823203303878341,0.017354115202162648
A7,277.0,0.021194029850746268,0.026287967464113104,0.018333757895298577
A7,278.0,0.02082089552238806,0.028990548948869543,0.018514240805240254
A7,279.0,0.02064676616915423,0.027273686594516455,0.019691976813951732
A7,280.0,0.020522388059701493,0.031028717197345013,0.019976225231699687
A7,281.0,0.020298507462686566,0.026202498254607187,0.01965396472743749
A7,282.0,0.020099502487562187,0.029300525561426705,0.02174892918523418
A7,283.0,0.02017412935323383,0.0273661830020695,0.021503581606576453
A7,284.0,0.02017412935323383,0.026852252375784036,0.019662783240533777
A7,285.0,0.01997512437810945,0.02863515122680027,0.021163642356736352
A7,286.0,0.020074626865671644,0.025963007810908767,0.019121226303124097
A7,287.0,0.020248756218905473,0.025350351468259813,0.019354126750516742
A7,288.0,0.02019900497512438,0.02505637219414547,0.018891008451764075
A7,289.0,0.020124378109452737,0.026059028435480136,0.019253577603121585
A7,290.0,0.020149253731343283,0.02599988362961292,0.02006092487973849
A7,291.0,0.019850746268656717,0.02578196672624533,0.02096097290133274
A7,292.0,0.01962686567164179,0.02512568318315045,0.021859406112179736
A7,293.0,0.0195273631840796,0.026529194279906965,0.02190613016763509
A7,294.0,0.01945273631840796,0.02816388610889886,0.022637619842993662
A7,295.0,0.019228855721393035,0.02722797054896975,0.023745093777456767
A7,296.0,0.01912935323383085,0.027690226310778443,0.02407446316239511
A7,297.0,0.019303482587064675,0.02785569920942388,0.023658460889170934
A7,298.0,0.0191044776119403,0.02569313082209801,0.024372366164728702
A7,299.0,0.018930348258706466,0.02610995692834528,0.025310100106423504
A7,300.0,0.01917910447761194,0.025660819010608904,0.02409731884795624
A8,1.0,1.0,0.987908235146089,0.0029760522294716824
A8,2.0,0.9950372208436724,0.984523910703931,0.003109174380815715
A8,3.0,0.9875930521091811,0.9778421297777633,0.002768980353182638
A8,4.0,0.9851116625310173,0.9733775913417186,0.002746653685761106
A8,5.0,0.9801488833746899,0.9680516868535575,0.0027822909674405376
A8,6.0,0.9751861042183623,0.9652092784748398,0.0027273061186534387
A8,7.0,0.9727047146401985,0.9640475254868102,0.0028088167076386885
A8,8.0,0.9702233250620348,0.9643476555458318,0.0029334590817933297
A8,9.0,0.967741935483871,0.9615052968879922,0.0028786460467436588
A8,10.0,0.9627791563275434,0.9577205177991976,0.002541944097867129
A8,11.0,0.9602977667493796,0.955397137096952,0.002554480649704653
A8,12.0,0.9578163771712159,0.9526754480396415,0.002569868830061298
A8,13.0,0.9578163771712159,0.9524460277962323,0.002538766611421223
A8,14.0,0.9553349875930521,0.9528739525730732,0.002623156038752476
A8,15.0,0.9528535980148883,0.9525046367553616,0.002727412084700423
A8,16.0,0.9503722084367245,0.9504326810663379,0.0027434830329048105
A8,17.0,0.9478908188585607,0.9500322134703245,0.0027242820831637152
A8,18.0,0.9478908188585607,0.9447261474491766,0.002637219040568046
A8,19.0,0.9454094292803971,0.9418278849411125,0.002612408730146945
A8,20.0,0.9454094292803971,0.9407266699483403,0.002562733794255242
A8,21.0,0.9429280397022333,0.9391836652455453,0.0025847328101479606
A8,22.0,0.9429280397022333,0.9387727368722424,0.002528522303451605
A8,23.0,0.9404466501240695,0.9394869036423235,0.0025690518522711817
A8,24.0,0.9404466501240695,0.9400188885153811,0.0026340534567932637
A8,25.0,0.9379652605459057,0.9392188498229759,0.002595261759755578
A8,26.0,0.9354838709677419,0.9351463836817878,0.002611311470233713
A8,27.0,0.9354838709677419,0.9351532351492156,0.0025661130729605743
A8,28.0,0.9330024813895782,0.9324275885978504,0.002579228199031061
A8,29.0,0.9330024813895782,0.9316596867074891,0.0025637983316667765
A8,30.0,0.9330024813895782,0.9327032553655553,0.00262765240036724
A8,31.0,0.9330024813895782,0.9333649763099416,0.0026429729827055215
A8,32.0,0.9305210918114144,0.931887812546624,0.002655513131858234
A8,33.0,0.9280397022332506,0.9288750391498575,0.00262562068489568
A8,34.0,0.9280397022332506,0.9269535202432858,0.0026339876360796234
A8,35.0,0.9280397022332506,0.9272737966770725,0.0025833568045361016
A8,36.0,0.9255583126550868,0.9268632009012345,0.0025915602550922226
A8,37.0,0.9255583126550868,0.9284665647099088,0.002633919480331498
A8,38.0,0.9255583126550868,0.9274770608175189,0.002616725025557111
A8,39.0,0.9255583126550868,0.9265021386517962,0.002602578574917989
A8,40.0,0.9230769230769231,0.9226498832906251,0.0025933172373406766
A8,41.0,0.9230769230769231,0.9210837095143682,0.002576469711707492
A8,42.0,0.9205955334987593,0.9220542237537833,0.002556499809298457
A8,43.0,0.9205955334987593,0.9210582516840569,0.0025565861540423817
A8,44.0,0.9205955334987593,0.923753786102572,0.0026303971088938445
A8,45.0,0.9205955334987593,0.9222526248184872,0.0026704371405830564
A8,46.0,0.9181141439205955,0.9194643395727355,0.0026147354579916064
A8,47.0,0.9181141439205955,0.9186461668530024,0.0025988479125377923
A8,48.0,0.9156327543424317,0.9159450330885774,0.0026149096402886198
A8,49.0,0.9156327543424317,0.9167206994173801,0.00260489549433223
A8,50.0,0.9156327543424317,0.9179196396184072,0.002547609632893486
A8,51.0,0.9156327543424317,0.9167347684347966,0.0025961664968134467
A8,52.0,0.9156327543424317,0.9169974679247832,0.0025773747178125484
A8,53.0,0.913151364764268,0.9131684767186334,0.002590289718942767
A8,54.0,0.913151364764268,0.9154137870857793,0.002578319295679415
A8,55.0,0.913151364764268,0.9127141847857012,0.0025942763890095077
A8,56.0,0.9106699751861043,0.9131640253940355,0.0026078233530203504
A8,57.0,0.913151364764268,0.9136277638498491,0.0025557773155044958
A8,58.0,0.9106699751861043,0.9089810961886601,0.0026004380664339474
A8,59.0,0.9106699751861043,0.9113061981507258,0.0026198027560837994
A8,60.0,0.9081885856079405,0.9086685701147861,0.002615038895572425
A8,61.0,0.9106699751861043,0.911642862070777,0.0026165892202909017
A8,62.0,0.9081885856079405,0.9066461529307427,0.002565321675203996
A8,63.0,0.9057071960297767,0.905775146659663,0.002637374510160228
A8,64.0,0.9081885856079405,0.9084470383502701,0.002591858816525505
A8,65.0,0.9057071960297767,0.9042385165898666,0.0025994719367252307
A8,66.0,0.9057071960297767,0.9062489905518399,0.002618420000601312
A8,67.0,0.9057071960297767,0.907647296463067,0.0025695719126848132
A8,68.0,0.9032258064516129,0.9026390507581628,0.002639995111671217
A8,69.0,0.9057071960297767,0.9054958805379609,0.002649839944098959
A8,70.0,0.9032258064516129,0.9052524107330283,0.0026213841229756124
A8,71.0,0.9032258064516129,0.9021169955586181,0.0025912531002126884
A8,72.0,0.9007444168734491,0.9015565703239115,0.002675569991611212
A8,73.0,0.9007444168734491,0.8988944403312384,0.002638557036662707
A8,74.0,0.9007444168734491,0.8995476834845799,0.002707796909705408
A8,75.0,0.9007444168734491,0.8979685797072001,0.002662417464492143
A8,76.0,0.8982630272952854,0.8978637769552706,0.002690936779748942
A8,77.0,0.9007444168734491,0.8988158632890755,0.0026692513387179713
A8,78.0,0.8982630272952854,0.8976878490471376,0.002625497529411337
A8,79.0,0.8982630272952854,0.8975461089517915,0.0026320645942888377
A8,80.0,0.8957816377171216,0.8950826059884669,0.002657317499868555
A8,81.0,0.8957816377171216,0.894576703614675,0.002653790256720071
A8,82.0,0.8957816377171216,0.8940316744372735,0.0026755327099330733
A8,83.0,0.8957816377171216,0.8931654430856433,0.00270258013050599
A8,84.0,0.8957816377171216,0.8940055923540592,0.002743316662084903
A8,85.0,0.8933002481389578,0.8922559044154857,0.0027092941306288837
A8,86.0,0.8933002481389578,0.8914353762089438,0.002723736754862426
A8,87.0,0.8933002481389578,0.8910008095635759,0.002754577754524486
A8,88.0,0.8933002481389578,0.8908316085393572,0.0026863360828039357
A8,89.0,0.890818858560794,0.8886154503852097,0.0026776519919550802
A8,90.0,0.890818858560794,0.8881465862742816,0.002726557636927795
A8,91.0,0.890818858560794,0.887294164191376,0.0027664547388654044
A8,92.0,0.890818858560794,0.8890400262106384,0.0027330900944172597
A8,93.0,0.890818858560794,0.8884348673764298,0.002755259493338309
A8,94.0,0.8883374689826302,0.8897370829394861,0.0027427498114664588
A8,95.0,0.8883374689826302,0.8842704765951912,0.0028072144078486808
A8,96.0,0.8883374689826302,0.8828522779061003,0.0028984585169361107
A8,97.0,0.8883374689826302,0.8849674903428836,0.0028107498488562153
A8,98.0,0.8858560794044665,0.8848958577546772,0.002787962428134847
A8,99.0,0.8858560794044665,0.8841843605109537,0.002815332953315935
A8,100.0,0.8858560794044665,0.88334250247921,0.002795192837756619
A8,101.0,0.8858560794044665,0.8813529758828331,0.002849134771969694
A8,102.0,0.8833746898263027,0.8817619325588096,0.0028809109297949958
A8,103.0,0.8833746898263027,0.8798788576519255,0.0028129069179628646
A8,104.0,0.8833746898263027,0.8804618464324161,0.0027892670502404847
A8,105.0,0.8833746898263027,0.8787558770310734,0.002880608397902216
A8,106.0,0.8833746898263027,0.8829000943535119,0.002764785339871545
A8,107.0,0.8808933002481389,0.8758593978854353,0.002813905355906727
A8,108.0,0.8808933002481389,0.8770439548479388,0.00279762052745816
A8,109.0,0.8808933002481389,0.8782290231250183,0.002776921569714222
A8,110.0,0.8808933002481389,0.8750276503758279,0.002843775921423912
A8,111.0,0.8808933002481389,0.8823471655309085,0.0027509109707732353
A8,112.0,0.8784119106699751,0.8742704200132774,0.002879289960884134
A8,113.0,0.8784119106699751,0.8748139446362831,0.0028455695789912257
A8,114.0,0.8784119106699751,0.8755975772210448,0.002926551255640602
A8,115.0,0.8759305210918115,0.8752760940286148,0.0028751864544012988
A8,116.0,0.8759305210918115,0.8726745562343707,0.002902166809535658
A8,117.0,0.8759305210918115,0.8729443947950587,0.0028725371237912876
A8,118.0,0.8759305210918115,0.8706740467814053,0.0028166775291252485
A8,119.0,0.8759305210918115,0.8720806825947451,0.0028331048948016468
A8,120.0,0.8734491315136477,0.8690061151710566,0.00283566641822849
A8,121.0,0.8734491315136477,0.8685376353333546,0.0028364801761124217
A8,122.0,0.8734491315136477,0.8672503629228236,0.0028948475107101997
A8,123.0,0.8734491315136477,0.8693299443060012,0.0028727740512877855
A8,124.0,0.8734491315136477,0.8696657179246041,0.002882988787773002
A8,125.0,0.8734491315136477,0.8645481075442333,0.0030179997811059923
A8,126.0,0.8709677419354839,0.8642005055259667,0.003037066570482511
A8,127.0,0.8709677419354839,0.8662355335616523,0.002872826786370024
A8,128.0,0.8709677419354839,0.8671907521997964,0.0028777077185229935
A8,129.0,0.8684863523573201,0.8660265038501335,0.0028802381163574218
A8,130.0,0.8684863523573201,0.8634344427051803,0.0030159643900410293
A8,131.0,0.8684863523573201,0.8673738336232835,0.002915712882994279
A8,132.0,0.8684863523573201,0.864867939427404,0.0029093437381281805
A8,133.0,0.8709677419354839,0.8695839497420965,0.0028586025488392033
A8,134.0,0.8684863523573201,0.8628468463204358,0.003075940850755469
A8,135.0,0.8660049627791563,0.861568770472046,0.002893146934442773
A8,136.0,0.8660049627791563,0.8616238636712237,0.0028738784025411175
A8,137.0,0.8684863523573201,0.8650939216627878,0.002835395668108967
A8,138.0,0.8684863523573201,0.8713762111343203,0.002901255961602241
A8,139.0,0.8660049627791563,0.8635000092039359,0.0027918199166463886
A8,140.0,0.8635235732009926,0.857455939952785,0.003058628308752349
A8,141.0,0.8635235732009926,0.8566079687361786,0.0030246742060017094
A8,142.0,0.8635235732009926,0.8565595760665585,0.0031053779264014125
A8,143.0,0.8635235732009926,0.8591348743894582,0.002979914367992013
A8,144.0,0.8610421836228288,0.8585765546837866,0.002906908955192818
A8,145.0,0.8610421836228288,0.8574847224588409,0.0030200671300372292
A8,146.0,0.8610421836228288,0.8576965005367982,0.0029169977890324615
A8,147.0,0.8610421836228288,0.8563606914655024,0.0029601375035750947
A8,148.0,0.8610421836228288,0.8669579553789227,0.0028050363398656997
A8,149.0,0.8610421836228288,0.8592575946809058,0.002866395791235684
A8,150.0,0.8610421836228288,0.856437739878329,0.002894112185561008
A8,151.0,0.858560794044665,0.8562175900190603,0.0028914050525678868
A8,152.0,0.858560794044665,0.8564209852849786,0.0029731022942434673
A8,153.0,0.858560794044665,0.8569666247047948,0.002987427742892911
A8,154.0,0.8560794044665012,0.8546878376251985,0.0030329985519933146
A8,155.0,0.8560794044665012,0.8548548545660986,0.003027607805606343
A8,156.0,0.8560794044665012,0.8617776685076255,0.0028545668888672023
A8,157.0,0.8535980148883374,0.8520812734869281,0.0030392630089811235
A8,158.0,0.8535980148883374,0.8546321343927796,0.002939949923050205
A8,159.0,0.8560794044665012,0.8638698266857774,0.002732267951439887
A8,160.0,0.8535980148883374,0.8622631113544909,0.0027432533958125717
A8,161.0,0.8511166253101737,0.8556742600422816,0.002797961870924425
A8,162.0,0.8535980148883374,0.8538898136273991,0.002886396197389984
A8,163.0,0.8535980148883374,0.8607320568606842,0.002769731851728826
A8,164.0,0.8511166253101737,0.8600716436787414,0.002746990111862429
A8,165.0,0.8511166253101737,0.8587335702677865,0.002745612279263351
A8,166.0,0.8511166253101737,0.8592756625030347,0.0027097872224712827
A8,167.0,0.8511166253101737,0.858942785630068,0.0027355952759823246
A8,168.0,0.8486352357320099,0.8519551992076126,0.0027922791083095475
A8,169.0,0.8486352357320099,0.857559900391644,0.0026930122469363024
A8,170.0,0.8486352357320099,0.8555475471655953,0.002696418847443687
A8,171.0,0.8486352357320099,0.8565623419081498,0.002695811485835828
A8,172.0,0.8461538461538461,0.8555297500717515,0.0027126786722105204
A8,173.0,0.8461538461538461,0.8559320504515397,0.002724258400770731
A8,174.0,0.8461538461538461,0.8555666454701483,0.0027550912768833057
A8,175.0,0.8436724565756824,0.8547530322311979,0.0027249413434514065
A8,176.0,0.8436724565756824,0.8542623109464608,0.002735702562426016
A8,177.0,0.8436724565756824,0.853073990490085,0.0027629462968543
A8,178.0,0.8436724565756824,0.85365359064808,0.0027540028441085797
A8,179.0,0.8411910669975186,0.8525299924889529,0.0027408869379150166
A8,180.0,0.8411910669975186,0.8523376122551274,0.002762844696263527
A8,181.0,0.8411910669975186,0.8522568313103895,0.0027772827816790065
A8,182.0,0.8387096774193549,0.8507086361113514,0.0027506211698199016
A8,183.0,0.8387096774193549,0.8498886135486857,0.0027439172855579334
A8,184.0,0.8387096774193549,0.8492987763306332,0.0027440666030901896
A8,185.0,0.8387096774193549,0.8486384648672651,0.002724408392704676
A8,186.0,0.8362282878411911,0.848956471072716,0.002708584919611108
A8,187.0,0.8362282878411911,0.8477676767852961,0.002728073190285046
A8,188.0,0.8362282878411911,0.8480588593518092,0.0027265612622266126
A8,189.0,0.8362282878411911,0.8475138675735006,0.002774973084559118
A8,190.0,0.8337468982630273,0.8479457101652569,0.0027799976060964137
A8,191.0,0.8337468982630273,0.8454982816684399,0.002766397179395132
A8,192.0,0.8337468982630273,0.8454056203866771,0.002767754313588679
A8,193.0,0.8312655086848635,0.8454341266171811,0.0027781564100138097
A8,194.0,0.8312655086848635,0.8427782005417619,0.002796593487836796
A8,195.0,0.8312655086848635,0.8420262130036731,0.0027678117952802976
A8,196.0,0.8287841191066998,0.8409834147073193,0.0027953675003874905
A8,197.0,0.8287841191066998,0.8397738575221197,0.0027442130214729034
A8,198.0,0.8287841191066998,0.8398313194077672,0.0027475238139895637
A8,199.0,0.8287841191066998,0.8393852025167878,0.0027402858037683174
A8,200.0,0.826302729528536,0.837791088861999,0.002704416974617547
A8,201.0,0.826302729528536,0.8355893184515097,0.002744830580784305
A8,202.0,0.826302729528536,0.8314209659960251,0.0030352311383641693
A8,203.0,0.8238213399503722,0.8298026337074964,0.0029620861135464726
A8,204.0,0.8238213399503722,0.830632597778752,0.002965010787401582
A8,205.0,0.8213399503722084,0.8251649563805925,0.0029332884184890703
A8,206.0,0.8238213399503722,0.8246010086708981,0.003074115811035183
A8,207.0,0.8188585607940446,0.82224348532336,0.002910612055310907
A8,208.0,0.8188585607940446,0.8277550881032425,0.0028389381256453375
A8,209.0,0.8163771712158809,0.8176144226729299,0.0030486245181775167
A8,210.0,0.8188585607940446,0.8270705256009194,0.002838543766383516
A8,211.0,0.8138957816377171,0.8283519671064495,0.0027662485682646725
A8,212.0,0.8163771712158809,0.8284085317168622,0.0029551552828573765
A8,213.0,0.8163771712158809,0.8257678233596606,0.0029493368129333286
A8,214.0,0.8114143920595533,0.8223373492641679,0.0028067867682333492
A8,215.0,0.8138957816377171,0.8243598564771321,0.003167321132812515
A8,216.0,0.8114143920595533,0.8195933904654785,0.002843383352654701
A8,217.0,0.8138957816377171,0.8159688698986752,0.0028594158956163434
A8,218.0,0.8114143920595533,0.8211891970989214,0.0031341741797764004
A8,219.0,0.8114143920595533,0.8161999277437164,0.0028992682633151596
A8,220.0,0.8064516129032258,0.8188477107671446,0.003108281425492492
A8,221.0,0.8064516129032258,0.8204517866927579,0.003208725509411414
A8,222.0,0.8039702233250621,0.8155613703291139,0.0029469915084674434
A8,223.0,0.8039702233250621,0.8126939913430832,0.002941079649198385
A8,224.0,0.8014888337468983,0.8100049521510079,0.0028737871782913084
A8,225.0,0.8014888337468983,0.81124194381067,0.0032489278254756913
A8,226.0,0.7965260545905707,0.8012067429003591,0.002905459005288214
A8,227.0,0.7990074441687345,0.8089075491322881,0.0032474904786482365
A8,228.0,0.7965260545905707,0.8034818802957027,0.002893791832240399
A8,229.0,0.7965260545905707,0.8068362175092508,0.003361954175019563
A8,230.0,0.7915632754342432,0.8013238243746825,0.0028654108410544254
A8,231.0,0.7915632754342432,0.8034595343320605,0.003352173047683948
A8,232.0,0.7890818858560794,0.7996681021574671,0.002880186965105601
A8,233.0,0.7890818858560794,0.7940416182240104,0.0029577544193230476
A8,234.0,0.7866004962779156,0.7898920265008768,0.003001223877935815
A8,235.0,0.7841191066997518,0.7888806375952009,0.0030785825062316892
A8,236.0,0.7841191066997518,0.7948535368758662,0.003030408896471393
A8,237.0,0.7791563275434243,0.7907314681801961,0.0029983685922870236
A8,238.0,0.7791563275434243,0.7851653532362415,0.003127030384693955
A8,239.0,0.7741935483870968,0.780069675804948,0.003120165025303787
A8,240.0,0.771712158808933,0.7830574752212096,0.0031409838605551254
A8,241.0,0.7692307692307693,0.7791367080109247,0.0031224648567127773
A8,242.0,0.7692307692307693,0.78404672304243,0.003110488396800672
A8,243.0,0.7642679900744417,0.7748430072875719,0.0031161023766371134
A8,244.0,0.7642679900744417,0.7770134551035133,0.0031944200443954165
A8,245.0,0.7617866004962779,0.7696790875382449,0.0031508998436769664
A8,246.0,0.7593052109181141,0.774446378860057,0.00318953570799189
A8,247.0,0.7568238213399504,0.7736464797550926,0.003105851640122341
A8,248.0,0.7543424317617866,0.7668930631478573,0.0032638878564930753
A8,249.0,0.7543424317617866,0.7652668276863458,0.0034764957315191873
A8,250.0,0.7518610421836228,0.77153241404539,0.0032914844182263376
A8,251.0,0.749379652605459,0.7594947176334246,0.0033045320739375854
A8,252.0,0.7468982630272953,0.7644557809181987,0.003174199288984988
A8,253.0,0.7419354838709677,0.754775859513971,0.0033249811298303807
A8,254.0,0.7419354838709677,0.7532798059153251,0.003666615203309389
A8,255.0,0.7419354838709677,0.760581343569984,0.0034882049280251515
A8,256.0,0.7369727047146402,0.754143977788544,0.0031376742100028524
A8,257.0,0.7344913151364765,0.7511929947205493,0.0031499315035130276
A8,258.0,0.7320099255583127,0.7438576644218566,0.003254205398217865
A8,259.0,0.7295285359801489,0.7474829616747192,0.0032688415471789005
A8,260.0,0.7270471464019851,0.7395102544337147,0.003405368665960612
A8,261.0,0.7270471464019851,0.7485738389393942,0.0035177197961078948
A8,262.0,0.7220843672456576,0.7344646583871776,0.003447257259785051
A8,263.0,0.7220843672456576,0.7392961659433711,0.0034187807500378436
A8,264.0,0.7196029776674938,0.7244870022619404,0.003534175204245415
A8,265.0,0.71712158808933,0.730139022613247,0.0033796503815658394
A8,266.0,0.7121588089330024,0.7221163926536264,0.003501603708550313
B1,1.0,1.0,0.9324601865375357,0.14180729155644908
B1,2.0,1.019672131147541,0.9652320762302916,0.12155655768138904
B1,3.0,1.0295081967213116,0.9495670969915023,0.11920476228501836
B1,4.0,1.0360655737704918,0.9592942426287971,0.11676477494236147
B1,5.0,1.039344262295082,0.9634922489044954,0.11764039870173788
B1,6.0,1.0262295081967212,0.9733060137703619,0.10440400634362992
B1,7.0,0.9934426229508196,0.9474576482760877,0.06547230311150433
B1,8.0,0.9704918032786886,0.9307794976176009,0.042624229631454
B1,9.0,0.9540983606557377,0.9025841888230708,0.039276140167114205
B1,10.0,0.9311475409836065,0.8757634643019025,0.04005988323475526
B1,11.0,0.9114754098360656,0.8546127626213647,0.04165932866820407
B1,12.0,0.8885245901639345,0.8362299914124566,0.043637081746401754
B1,13.0,0.8622950819672132,0.8236185239664398,0.0493745427497155
B1,14.0,0.839344262295082,0.8142405310881752,0.038344342802812514
B1,15.0,0.8163934426229508,0.8042842693308966,0.036066323620811414
B1,16.0,0.7934426229508197,0.7932193008450185,0.034424116387329236
B1,17.0,0.7737704918032787,0.7796555665487311,0.034379279120660154
B1,18.0,0.7540983606557377,0.7718721144936167,0.037101029859532016
B1,19.0,0.7344262295081967,0.7611331925695816,0.054558925654710204
B1,20.0,0.7081967213114754,0.6255006001933998,0.11576451182388783
B1,21.0,0.6754098360655738,0.6338438854309418,0.11765832750067595
B1,22.0,0.6557377049180327,0.5168313291826977,0.10534847885159077
B1,23.0,0.6459016393442623,0.6292110635527399,0.13704827057879992
B1,24.0,0.6327868852459017,0.5405848071688967,0.13446838096065755
B1,25.0,0.6196721311475409,0.5184942084143779,0.128531759076865
B1,26.0,0.6131147540983607,0.5261772403262713,0.15075173595950667
B1,27.0,0.5934426229508196,0.49887491330791733,0.150160025107991
B1,28.0,0.5672131147540984,0.5925897492739939,0.11663971419843028
B1,29.0,0.5540983606557377,0.5432953780098886,0.15167821478470045
B1,30.0,0.5344262295081967,0.5933346054232583,0.12268566594669737
B1,31.0,0.5147540983606558,0.5784535394188289,0.16005653401758743
B1,32.0,0.5114754098360655,0.5621635262120844,0.14916839571732488
B1,33.0,0.49508196721311476,0.5693101056925108,0.16497571335476383
B1,34.0,0.47540983606557374,0.5539173957667499,0.23483729751669277
B1,35.0,0.4426229508196721,0.5212151471655124,0.2651337809858464
B1,36.0,0.4491803278688525,0.4779275930185677,0.23074254939638625
B1,37.0,0.4426229508196721,0.45928679013048956,0.19998512197375667
B1,38.0,0.4131147540983607,0.4078882052800123,0.1994427643997093
B1,39.0,0.35737704918032787,0.5518409500657042,0.2830699357434861
B1,40.0,0.39672131147540984,0.45978741708070314,0.24687294416024885
B1,41.0,0.36721311475409835,0.5193131809435749,0.2762042392404429
B1,42.0,0.3442622950819672,0.5954890244823546,0.32020096302127654
B1,43.0,0.3639344262295082,0.3778026527798085,0.19788820612673494
B1,44.0,0.35737704918032787,0.5129084363906382,0.28373572373895506
B1,45.0,0.3475409836065574,0.4815576671140415,0.27012961067650004
B1,46.0,0.3377049180327869,0.5396112208637674,0.29802481366710326
B1,47.0,0.3118032786885246,0.5606067892952391,0.31691696492616656
B1,48.0,0.30885245901639347,0.5519586191914275,0.3118627007239364
B1,49.0,0.2862295081967213,0.552108953580563,0.31210815870110664
B1,50.0,0.28688524590163933,0.5934196319819972,0.32551569759085297
B1,51.0,0.2839344262295082,0.5409140866966273,0.31198060346303885
B1,52.0,0.28918032786885245,0.4934337563490774,0.28847596719639834
B1,53.0,0.2537704918032787,0.6102903055371811,0.3325131618510458
B1,54.0,0.259672131147541,0.6227023553910406,0.33608389233714153
B1,55.0,0.2698360655737705,0.5405140418751146,0.31027498941739107
B1,56.0,0.2659016393442623,0.4785086189205531,0.285897277095004
B1,57.0,0.25934426229508195,0.48995359088295853,0.2900933752107033
B1,58.0,0.2498360655737705,0.5643236526742254,0.3232140599684501
B1,59.0,0.24721311475409835,0.47861657749433817,0.2744231397685634
B1,60.0,0.23737704918032787,0.4780090977993469,0.29349774612516577
B1,61.0,0.23344262295081966,0.510361617675279,0.3037464221996774
B1,62.0,0.21868852459016394,0.6539965106838679,0.3404548655932562
B1,63.0,0.2,0.677504752522819,0.3427619800834244
B1,64.0,0.20688524590163934,0.6726382046740798,0.34209679131311216
B1,65.0,0.18754098360655738,0.6809033332103142,0.34326999134706015
B1,66.0,0.18754098360655738,0.684061579906704,0.3436298524134176
B1,67.0,0.14163934426229507,0.6870150690621547,0.3437613169076267
B1,68.0,0.20655737704918034,0.48440611511523546,0.2982909131949835
B1,69.0,0.18918032786885247,0.6501736880255428,0.3389169698705412
B1,70.0,0.2022950819672131,0.4981062020624796,0.3037129694235325
B1,71.0,0.14557377049180328,0.664807043985412,0.3428351968852598
B1,72.0,0.18786885245901638,0.6342409509513418,0.33599292139436415
B1,73.0,0.17245901639344263,0.6288152564241976,0.3356487655398569
B1,74.0,0.13409836065573771,0.6866786807398955,0.34375871450186074
B1,75.0,0.1921311475409836,0.30144925579088144,0.17895673190385297
B1,76.0,0.14426229508196722,0.6839783730748967,0.3437198383953301
B1,77.0,0.17901639344262296,0.6517178548188867,0.34023260856728804
B1,78.0,0.15934426229508197,0.6756317974354273,0.3433057295934761
B1,79.0,0.17934426229508196,0.36321074327539676,0.24536750804515378
B1,80.0,0.15377049180327867,0.6843018976363711,0.3437356329972509
B1,81.0,0.17573770491803278,0.22823607653978728,0.1622565420039782
B1,82.0,0.16459016393442624,0.6553111729169567,0.3409848947329924
B1,83.0,0.17278688524590163,0.19249768601988293,0.09622285838776165
B1,84.0,0.1678688524590164,0.29521565389144294,0.20207328045907796
B1,85.0,0.12918032786885245,0.6835181792685078,0.34373334382783877
B1,86.0,0.16262295081967212,0.3291432169819186,0.21499686216795405
B1,87.0,0.12819672131147541,0.6879645630160903,0.34377155589827774
B1,88.0,0.16131147540983606,0.24819988732917803,0.18528731486768582
B1,89.0,0.08885245901639344,0.6185983695876348,0.338580854714591
B1,90.0,0.07901639344262296,0.6882946452339945,0.34377270240484553
B1,91.0,0.15770491803278688,0.16662777166577158,0.09397493210738482
B1,92.0,0.14524590163934425,0.649438217295189,0.34059666521975995
B1,93.0,0.1557377049180328,0.16897632973324295,0.10663708135718088
B1,94.0,0.15147540983606558,0.197441107282257,0.14363427584614596
B1,95.0,0.14622950819672131,0.4535583264635973,0.2865880431673751
B1,96.0,0.09377049180327869,0.6898163634161837,0.3437766997939866
B1,97.0,0.14622950819672131,0.2924883282487009,0.18651709760534008
B1,98.0,0.12360655737704918,0.6826069386367456,0.34368452067252137
B1,99.0,0.14065573770491804,0.4389622596213197,0.28273688682969983
B1,100.0,0.08459016393442623,0.6890466125001352,0.3437750099926441
B1,101.0,0.1360655737704918,0.6753301186740435,0.34354626860078
B1,102.0,0.14295081967213114,0.16114913866865666,0.08769083396167615
B2,1.0,1.0,0.8389148083068083,0.26273891669167354
B2,2.0,0.9801324503311258,0.7580833427412541,0.18188872867545638
B2,3.0,0.9701986754966887,0.7625656021780821,0.17416543388849978
B2,4.0,0.9602649006622517,0.7839355204328655,0.13442493652827772
B2,5.0,0.9470198675496688,0.7987096851174456,0.10983645192600644
B2,6.0,0.9271523178807947,0.7998437166564242,0.09499735451375754
B2,7.0,0.9139072847682119,0.7919056954194758,0.08612226966735427
B2,8.0,0.8940397350993378,0.7969962358027943,0.07358447719085552
B2,9.0,0.8774834437086093,0.7820373706852196,0.06963640657428317
B2,10.0,0.8576158940397351,0.771608877950374,0.07417492359669967
B2,11.0,0.8377483443708609,0.7593366259593326,0.06295642682214667
B2,12.0,0.8178807947019867,0.7468458635461892,0.06130738119323088
B2,13.0,0.8013245033112583,0.7341716729726958,0.060906763276541674
B2,14.0,0.7814569536423841,0.7281463930814494,0.08146026587269557
B2,15.0,0.7682119205298014,0.723770392891522,0.08142808450742584
B2,16.0,0.7516556291390728,0.7225145160732067,0.07363756569842388
B2,17.0,0.7350993377483444,0.72222110686317,0.06482882788420047
B2,18.0,0.7185430463576159,0.7238893091281191,0.08621988238610777
B2,19.0,0.7019867549668874,0.7222048810093031,0.08277121476086975
B2,20.0,0.6854304635761589,0.7233830572700295,0.09854308584302329
B2,21.0,0.6688741721854304,0.7221576607770037,0.10762192920847981
B2,22.0,0.652317880794702,0.7138886605098271,0.11269078499590496
B2,23.0,0.6357615894039735,0.7139238088200154,0.13313776649721049
B2,24.0,0.6158940397350994,0.6900563396325674,0.1315175291483663
B2,25.0,0.5993377483443708,0.6710828143686475,0.13812519742033233
B2,26.0,0.5827814569536424,0.6727486412364894,0.15798531646107272
B2,27.0,0.5629139072847682,0.628726887664056,0.14793267752464428
B2,28.0,0.5463576158940397,0.6038272041945585,0.15244600424278104
B2,29.0,0.5264900662251656,0.5733390461333631,0.14762758629913775
B2,30.0,0.5033112582781457,0.545843723400798,0.14709163420661345
B2,31.0,0.4867549668874172,0.5280997480147807,0.15899058145878436
B2,32.0,0.46357615894039733,0.510357415917387,0.15846239658098202
B2,33.0,0.4470198675496689,0.5034264256999105,0.15925043357904664
B2,34.0,0.4271523178807947,0.49423239361199867,0.15639218160424626
B2,35.0,0.40728476821192056,0.48277759790551944,0.1382839913944683
B2,36.0,0.38741721854304634,0.47400632536764187,0.13469326029044035
B2,37.0,0.3675496688741722,0.4478328236307373,0.10373113468787422
B2,38.0,0.3543046357615894,0.44920501564771076,0.13090448150640274
B2,39.0,0.33774834437086093,0.42952083776492106,0.11729312060785287
B2,40.0,0.3211920529801324,0.41201849922244377,0.13097378296067655
B2,41.0,0.30993377483443707,0.3975515568164775,0.1469600800486265
B2,42.0,0.2933774834437086,0.36147080299601203,0.15346105263373275
B2,43.0,0.2854304635761589,0.35719713798996017,0.1404003783567153
B2,44.0,0.2705298013245033,0.3559791618225986,0.13743245496722534
B2,45.0,0.2589403973509934,0.35274903657919,0.1549055402074344
B2,46.0,0.2509933774834437,0.344410930556328,0.15418242413715347
B2,47.0,0.23973509933774834,0.33220576735158824,0.18695744710275988
B2,48.0,0.23112582781456953,0.32950487056027183,0.21945677068610694
B2,49.0,0.22748344370860926,0.3133159679425289,0.17934551477221045
B2,50.0,0.21456953642384105,0.3065708993836407,0.20919154129458406
B2,51.0,0.20794701986754968,0.2885613415224884,0.1955219076340584
B2,52.0,0.2052980132450331,0.26711120249114334,0.15687870855112696
B2,53.0,0.19602649006622516,0.25540849100195623,0.1652907886076656
B2,54.0,0.1890728476821192,0.23123093918942117,0.13818135407271456
B2,55.0,0.18443708609271522,0.21835287075683935,0.12588256706089224
B2,56.0,0.17913907284768213,0.2009329484943364,0.08737347629910586
B2,57.0,0.17516556291390728,0.19170597563731517,0.0833962240642164
B2,58.0,0.1728476821192053,0.18902826452842725,0.1046635388042187
B2,59.0,0.17019867549668874,0.17464503626853278,0.07572972235486033
B2,60.0,0.16225165562913907,0.16542334895544186,0.08568071576149865
B2,61.0,0.15894039735099338,0.17574532145360622,0.07899444660924741
B2,62.0,0.15894039735099338,0.17226381076374464,0.08035346543596134
B2,63.0,0.15264900662251657,0.17498397954110945,0.07216599061962614
B2,64.0,0.1533112582781457,0.16716421596730713,0.08486255690855167
B2,65.0,0.147682119205298,0.17005136546263067,0.07405084082314596
B2,66.0,0.14437086092715232,0.17318378917688115,0.07638546538192616
B2,67.0,0.1423841059602649,0.17409423338076657,0.07363692853399852
B2,68.0,0.13940397350993378,0.16160977809465837,0.08243729294826944
B2,69.0,0.13841059602649006,0.159285141399773,0.0842947517560421
B2,70.0,0.13543046357615893,0.19405661632102678,0.097922808230412
B2,71.0,0.1317880794701987,0.17275920235144326,0.08843440420006679
B2,72.0,0.12980132450331125,0.1661006676057153,0.08592345738156228
B2,73.0,0.12980132450331125,0.1813389399804506,0.11081602710903977
B2,74.0,0.12582781456953643,0.18354627645803434,0.1255252058608181
B2,75.0,0.123841059602649,0.1751971313073064,0.1237543312447604
B2,76.0,0.12251655629139073,0.18876123163264447,0.13923297061900902
B2,77.0,0.12417218543046357,0.16778210801258386,0.1196848823374143
B2,78.0,0.12086092715231789,0.15764809659500822,0.12020234751184283
B2,79.0,0.12019867549668874,0.18545995414129224,0.1501431892679879
B2,80.0,0.1195364238410596,0.1893502291918202,0.16127835933864898
B2,81.0,0.1162251655629139,0.15490521301254545,0.13009983767441444
B2,82.0,0.11390728476821192,0.1499139020925061,0.1341003537742549
B2,83.0,0.11390728476821192,0.20850613639581161,0.17638445400004585
B2,84.0,0.1119205298013245,0.19189026112928176,0.16633210432305784
B2,85.0,0.11059602649006622,0.22199243152282822,0.18788441473231995
B2,86.0,0.10894039735099338,0.22390700649668122,0.19279202657093542
B2,87.0,0.10927152317880795,0.2455962021291508,0.20682131496419062
B2,88.0,0.10662251655629139,0.2013152532926265,0.17756938284698795
B2,89.0,0.10629139072847682,0.25573195866731535,0.20909110376395423
B2,90.0,0.10529801324503311,0.17181603298272308,0.15943007300962905
B2,91.0,0.10397350993377484,0.18890354767676198,0.17060757032596405
B2,92.0,0.10529801324503311,0.25122137334721234,0.2080475919318346
B2,93.0,0.10231788079470198,0.1914668465662438,0.17926947118857073
B2,94.0,0.10132450331125828,0.24993838864565576,0.20446030198114024
B2,95.0,0.10066225165562914,0.2817720618940524,0.223960370725503
B2,96.0,0.09900662251655629,0.20448678017777888,0.17373434374829003
B2,97.0,0.09834437086092715,0.20966782475767726,0.17638410204880328
B2,98.0,0.09768211920529801,0.2434130758412652,0.1930134087370005
B2,99.0,0.09668874172185431,0.27290540888404363,0.2186187081864736
B2,100.0,0.09503311258278145,0.2443166805997976,0.19086632068308415
B2,101.0,0.09437086092715231,0.2365002500767595,0.18886332585315044
B2,102.0,0.09470198675496688,0.22332556124408148,0.17791061471268882
B2,103.0,0.09370860927152318,0.29189347149433365,0.2291068489810567
B2,104.0,0.09370860927152318,0.2650567868938615,0.20035646051257525
B2,105.0,0.0923841059602649,0.2700057916999535,0.21337477740973007
B2,106.0,0.09172185430463577,0.27960952834071395,0.22257146358910812
B2,107.0,0.09205298013245033,0.24447868304636988,0.19888670654023935
B2,108.0,0.0913907284768212,0.24600735221367437,0.18997463655471317
B2,109.0,0.09105960264900662,0.29383366326158994,0.2157680389274752
B2,110.0,0.08940397350993377,0.30362748086856767,0.2286610264142825
B2,111.0,0.08841059602649007,0.29187448482319345,0.2179757740044545
B2,112.0,0.0880794701986755,0.2693439837676812,0.20007935545900205
B2,113.0,0.08741721854304636,0.28329014533877883,0.20482324171085306
B2,114.0,0.08675496688741721,0.27704093040572536,0.20565786888492052
B2,115.0,0.08642384105960264,0.2875206436592832,0.2084929550949019
B3,1.0,1.0,1.0265386942821988,0.11525089595638167
B3,2.0,1.0161290322580645,1.0543009575143962,0.0930240836101711
B3,3.0,1.0258064516129033,1.064199166739499,0.09232549577742036
B3,4.0,1.032258064516129,1.0689666103811426,0.11252051418558356
B3,5.0,1.0354838709677419,1.065832835125069,0.11930551660811162
B3,6.0,1.032258064516129,1.0587805601143492,0.12366487011622951
B3,7.0,1.0064516129032257,1.042193937021814,0.11833419381803918
B3,8.0,0.9838709677419355,1.0013412547782836,0.10148812348225775
B3,9.0,0.964516129032258,0.980326109258713,0.09490425945353373
B3,10.0,0.9483870967741935,0.9729702642900708,0.08517531532014881
B3,11.0,0.9290322580645162,0.9531573276429399,0.08868464621749599
B3,12.0,0.9096774193548387,0.9366038505072607,0.08900486447357223
B3,13.0,0.8935483870967742,0.9199985632697036,0.0874424485551143
B3,14.0,0.8741935483870967,0.8965718969647181,0.0891224329470117
B3,15.0,0.8548387096774194,0.8759508539269485,0.08768892332949267
B3,16.0,0.8387096774193549,0.8503634906806915,0.08486194459776406
B3,17.0,0.8258064516129032,0.8228835348328176,0.08879579088719566
B3,18.0,0.8032258064516129,0.8187447022820653,0.09126160035683029
B3,19.0,0.7870967741935484,0.7993686719847407,0.09282231319870195
B3,20.0,0.7741935483870968,0.7942826039913957,0.06920839603468416
B3,21.0,0.7580645161290323,0.7577700975786387,0.09412757763732475
B3,22.0,0.7451612903225806,0.7610275664348536,0.05193553681621875
B3,23.0,0.7290322580645161,0.7387931401151482,0.052825827123386626
B3,24.0,0.7161290322580646,0.697710338494208,0.08972613554543095
B3,25.0,0.5903225806451613,0.6656547228419871,0.14776570494504834
B3,26.0,0.5387096774193548,0.648748235566619,0.12839862106216451
B3,27.0,0.5129032258064516,0.6252055506495137,0.12412907486111728
B3,28.0,0.5096774193548387,0.5892115127176706,0.10924092824954129
B3,29.0,0.5419354838709678,0.5455676367803771,0.09952420101904311
B3,30.0,0.4161290322580645,0.42344909596240876,0.10491555688358677
B3,31.0,0.3935483870967742,0.42254210887499755,0.12050957546716495
B3,32.0,0.3741935483870968,0.41439643031648243,0.15637482588927762
B3,33.0,0.3548387096774194,0.38151120810057304,0.12200660398427055
B3,34.0,0.33225806451612905,0.36549923464483663,0.1368581653307912
B3,35.0,0.31,0.36622628684897757,0.1574547845553025
B3,36.0,0.2880645161290323,0.3655873935418688,0.20559352326530136
B3,37.0,0.27064516129032257,0.3680879822843356,0.21731368198676132
B3,38.0,0.2461290322580645,0.3711951159612912,0.22512747723188656
B3,39.0,0.22806451612903225,0.3527912400077343,0.23447346349958542
B3,40.0,0.2103225806451613,0.34105735940449006,0.21171446364702742
B3,41.0,0.1967741935483871,0.3519796024276041,0.20530027733871906
B3,42.0,0.18419354838709678,0.35717232134788,0.2093456140492357
B3,43.0,0.1735483870967742,0.36768346082582526,0.23359133292714776
B3,44.0,0.16741935483870968,0.32995117877330654,0.22368370471302307
B3,45.0,0.15645161290322582,0.3366959840067479,0.22539270790266494
B3,46.0,0.14806451612903226,0.3152699382072701,0.19863077796381232
B3,47.0,0.14225806451612905,0.3089576701819327,0.22476165169919846
B3,48.0,0.13709677419354838,0.31742905625153695,0.20597996907808563
B3,49.0,0.13096774193548388,0.3396223441909135,0.25479095921604517
B3,50.0,0.12612903225806452,0.34957044036552964,0.2633943627478967
B3,51.0,0.12225806451612903,0.366175210392253,0.2600714892356334
B3,52.0,0.11806451612903225,0.40901864542855,0.29569736724984574
B3,53.0,0.11451612903225807,0.44532667750941346,0.30213161238677105
B3,54.0,0.11064516129032258,0.4490986284307631,0.28512340168125405
B3,55.0,0.10774193548387097,0.4734597617883862,0.2896925284565105
B3,56.0,0.10516129032258065,0.49423481526498547,0.305307125051923
B3,57.0,0.10290322580645161,0.4984304478778381,0.30271729847646683
B3,58.0,0.10161290322580645,0.49721509787039264,0.30077876446447344
B3,59.0,0.09806451612903226,0.49021285774338663,0.30037128521321654
B3,60.0,0.0964516129032258,0.49917707824957835,0.30145336881868756
B3,61.0,0.09451612903225806,0.4982176123098324,0.3051458568345037
B3,62.0,0.09225806451612903,0.4745459584521183,0.29501756306034543
B3,63.0,0.09064516129032259,0.48538951828546606,0.30565440416233686
B3,64.0,0.09,0.47454255792160693,0.30288945245199583
B3,65.0,0.0867741935483871,0.4958520641440723,0.30750603935319515
B3,66.0,0.08612903225806452,0.4940258801944801,0.30930526106764095
B3,67.0,0.08354838709677419,0.492597423776553,0.3065123923789644
B3,68.0,0.08258064516129032,0.49798332401782297,0.30710892839746207
B3,69.0,0.08064516129032258,0.49012206927873725,0.29832194382705857
B3,70.0,0.08,0.506586015171291,0.3081785153259514
B3,71.0,0.07935483870967742,0.5061938684103244,0.30645711099512357
B3,72.0,0.07903225806451612,0.5023952563188289,0.3066940827008674
B3,73.0,0.07838709677419355,0.5107092219258518,0.3088728003121739
B3,74.0,0.07612903225806451,0.5275568915484086,0.31178493254332773
B3,75.0,0.07516129032258065,0.4915669918873661,0.2972961495194373
B3,76.0,0.0732258064516129,0.5246668823102946,0.311965801921703
B3,77.0,0.07258064516129033,0.5219505240110025,0.312057232508166
B3,78.0,0.07258064516129033,0.5233128760458566,0.31270972258312824
B3,79.0,0.07064516129032258,0.5317672410182549,0.3141105859461588
B3,80.0,0.07,0.5001656805213542,0.3043992322130182
B3,81.0,0.06806451612903226,0.5202431558947147,0.31003178696512496
B3,82.0,0.06741935483870967,0.5605370500322976,0.32086724579752335
B3,83.0,0.06806451612903226,0.5430606113228124,0.31806694070262603
B3,84.0,0.0667741935483871,0.5073758130120358,0.3087324067632522
B3,85.0,0.06548387096774194,0.5392549855379356,0.3166150689931008
B3,86.0,0.06451612903225806,0.5535422077701461,0.31914797505611137
B3,87.0,0.06516129032258064,0.5800228533628964,0.32524363369407416
B3,88.0,0.0635483870967742,0.5656843441309372,0.3229328998519722
B3,89.0,0.06483870967741935,0.5737237227001768,0.3245971101648575
B3,90.0,0.06322580645161291,0.5794096942383322,0.32529543105668274
B3,91.0,0.0635483870967742,0.5829196101007811,0.32553408207707
B3,92.0,0.06193548387096774,0.5912368479006622,0.3275223513304306
B3,93.0,0.06129032258064516,0.5974999783437859,0.3286660769940397
B3,94.0,0.06129032258064516,0.5952550655867276,0.32841673291714074
B3,95.0,0.06129032258064516,0.6009324149964437,0.32939668603462685
B3,96.0,0.05967741935483871,0.605392157444598,0.3299142384323322
B3,97.0,0.06,0.6111623915058103,0.3305972633795683
B3,98.0,0.05838709677419355,0.621434027945761,0.33233535980923146
B3,99.0,0.05870967741935484,0.6130322129699334,0.3311027883016751
B3,100.0,0.059032258064516126,0.6147483572593802,0.3315323985111027
B3,101.0,0.059032258064516126,0.6214875161589801,0.3324795890185713
B3,102.0,0.05838709677419355,0.6422421147103196,0.3349720718498458
B3,103.0,0.057741935483870965,0.6335136464516931,0.33398692278121045
B3,104.0,0.05709677419354839,0.6411851765171512,0.3348173309348249
B3,105.0,0.056451612903225805,0.6415426362021316,0.3351277303193077
B3,106.0,0.05548387096774193,0.6572515165044087,0.3365231507525393
B3,107.0,0.05419354838709677,0.6409614491921326,0.33488152117543796
B3,108.0,0.05548387096774193,0.6451947459998996,0.3353375686817206
B3,109.0,0.054838709677419356,0.6492713240217646,0.33576523888086585
B3,110.0,0.05451612903225807,0.6665320587083099,0.33746292233907466
B3,111.0,0.052258064516129035,0.6521528318846991,0.3360895994879508
B3,112.0,0.053548387096774196,0.6708287798716427,0.3376185531575801
B3,113.0,0.0532258064516129,0.6618776781478427,0.3369438277172286
B3,114.0,0.0532258064516129,0.6587878212783891,0.3366870778833885
B3,115.0,0.05290322580645161,0.6595598929445211,0.33675670287985937
B3,116.0,0.0532258064516129,0.6706188889103547,0.3376109877885853
B3,117.0,0.052258064516129035,0.6678502942485922,0.3374266766825044
B3,118.0,0.05161290322580645,0.6674944397083762,0.33740592034519273
B3,119.0,0.05193548387096774,0.6750769020643264,0.33792301555838566
B3,120.0,0.05161290322580645,0.6843099584751077,0.33842108586220043
B3,121.0,0.05064516129032258,0.690304513050785,0.3385945945328734
B3,122.0,0.04903225806451613,0.6826363837568261,0.3383047182418292
B3,123.0,0.048709677419354835,0.6710880029178252,0.33768364876223406
B3,124.0,0.04967741935483871,0.6772436072985315,0.3380474980735848
B3,125.0,0.04935483870967742,0.6789272750628346,0.33813657748421044
B3,126.0,0.04903225806451613,0.6806582084433185,0.33822564158541335
B3,127.0,0.04935483870967742,0.68232146961114,0.3383016094839744
B4,1.0,1.0,0.7784554329961203,0.30605704222791125
B4,2.0,1.0163398692810457,0.7727136300379337,0.2881546176279723
B4,3.0,1.0294117647058822,0.8022913304070025,0.27299224096398533
B4,4.0,1.0359477124183007,0.8138715940983708,0.26841038029086667
B4,5.0,1.0392156862745099,0.8239743781582741,0.2653953879866539
B4,6.0,1.0196078431372548,0.8365652031331635,0.26475229726765687
B4,7.0,0.9836601307189542,0.8323322002681782,0.28331167980900135
B4,8.0,0.9640522875816994,0.8232159434616847,0.28301177881392536
B4,9.0,0.9444444444444444,0.8088101352515916,0.28361239947371725
B4,10.0,0.9215686274509803,0.7971017731741993,0.28377770901545096
B4,11.0,0.8954248366013072,0.7889457881211194,0.287357690651136
B4,12.0,0.869281045751634,0.7751526923755275,0.27657872334236955
B4,13.0,0.8431372549019608,0.7710519851242095,0.2909207701425867
B4,14.0,0.8169934640522876,0.7619805307781379,0.28960893242323305
B4,15.0,0.7941176470588235,0.7384224216226927,0.27596772703315275
B4,16.0,0.7712418300653595,0.7279635001554516,0.2756434909295668
B4,17.0,0.7516339869281046,0.73455158996393,0.284610279863954
B4,18.0,0.7320261437908496,0.714006546619052,0.2788051184677591
B4,19.0,0.7091503267973857,0.7136823741666434,0.30501392771658603
B4,20.0,0.6111111111111112,0.6124577706163601,0.2989683718198567
B4,21.0,0.565359477124183,0.5815938590713355,0.2870534555624511
B4,22.0,0.5392156862745098,0.5748338469523735,0.2883113559060716
B4,23.0,0.49019607843137253,0.5888618296283518,0.2947456234936975
B4,24.0,0.5196078431372549,0.6101337276358769,0.30067485456416326
B4,25.0,0.4803921568627451,0.6118820449140924,0.3025201970432255
B4,26.0,0.38235294117647056,0.5463716125612701,0.2988101658051412
B4,27.0,0.3627450980392157,0.5219703700353644,0.29445577010207263
B4,28.0,0.3431372549019608,0.5123427453248066,0.2952376603956246
B4,29.0,0.3209150326797386,0.504325518705224,0.2920985174514713
B4,30.0,0.3,0.5083606692800542,0.2886272613241546
B4,31.0,0.2803921568627451,0.47976504783812085,0.276549119662198
B4,32.0,0.26176470588235295,0.4950560452401868,0.2672438864111278
B4,33.0,0.24444444444444444,0.4682672804667688,0.25524667814646834
B4,34.0,0.2284313725490196,0.45343507521303517,0.25646122349494743
B4,35.0,0.21535947712418302,0.42659997724757737,0.2521641472621075
B4,36.0,0.20294117647058824,0.4080410114376694,0.2504234223083678
B4,37.0,0.19183006535947714,0.3936126148418678,0.24558076400257034
B4,38.0,0.1830065359477124,0.4150232936307028,0.2529260352508784
B4,39.0,0.17483660130718953,0.40809116168210025,0.2517796304051885
B4,40.0,0.1676470588235294,0.4244847664599892,0.24601832728622752
B4,41.0,0.16013071895424835,0.4425356343711102,0.24199606605841484
B4,42.0,0.15522875816993464,0.4244306869619066,0.24163016468943632
B4,43.0,0.14967320261437908,0.4375734450171618,0.23649138062219194
B4,44.0,0.1450980392156863,0.42769524437643003,0.23852694232927718
B4,45.0,0.14183006535947712,0.4258886500469768,0.24030680730331375
B4,46.0,0.13725490196078433,0.4364033368935819,0.26066762177700364
B4,47.0,0.1323529411764706,0.4381044458024262,0.2592158877140084
B4,48.0,0.12941176470588237,0.435659817043913,0.25207357289101734
B4,49.0,0.12581699346405228,0.43101918503588177,0.25514753209207675
B4,50.0,0.12450980392156863,0.4366557395390606,0.26549458220388944
B4,51.0,0.12156862745098039,0.44750945093117167,0.27669344697444825
B4,52.0,0.11797385620915032,0.43699478974704153,0.27239719288636993
B4,53.0,0.11633986928104575,0.4409416499367236,0.2774692623197228
B4,54.0,0.11339869281045752,0.4662683410260967,0.28744187226291057
B4,55.0,0.11176470588235295,0.4586684211048734,0.28813572484354844
B4,56.0,0.11013071895424836,0.4528509132735219,0.28880830497522114
B4,57.0,0.10718954248366012,0.47098692818266974,0.2950941202123049
B4,58.0,0.10588235294117647,0.4674731561073804,0.2944256645628056
B4,59.0,0.1042483660130719,0.5243274917074945,0.3088708522394539
B4,60.0,0.1022875816993464,0.472167202310081,0.30050959519755027
B4,61.0,0.10098039215686275,0.48779183942303683,0.30387232563483235
B4,62.0,0.09934640522875816,0.5232444477202925,0.31204477527106445
B4,63.0,0.0977124183006536,0.5444549557089253,0.31718824460347633
B4,64.0,0.09673202614379085,0.5445883252445682,0.3177473441065492
B4,65.0,0.09542483660130718,0.48893724246998715,0.3084506794315417
B4,66.0,0.09444444444444444,0.5515690058650662,0.3192809080872579
B4,67.0,0.09313725490196079,0.4885069423166526,0.30914291425563817
B4,68.0,0.09215686274509804,0.5225227921458017,0.31652653540793085
B4,69.0,0.09117647058823529,0.4944489581285987,0.3108077239726032
B4,70.0,0.0915032679738562,0.5565358580132936,0.3218406017150092
B4,71.0,0.08888888888888889,0.5023277239506864,0.3114703809909101
B4,72.0,0.08823529411764706,0.49982911330806873,0.3115093804128675
B4,73.0,0.08823529411764706,0.5352761980429942,0.31600316872153456
B4,74.0,0.08594771241830065,0.5387567705227075,0.31879098638091463
B4,75.0,0.08496732026143791,0.5117630860216331,0.3138281509563321
B4,76.0,0.08398692810457517,0.5450434969059019,0.3194161493273414
B4,77.0,0.08366013071895424,0.5426645566131031,0.3157540877373076
B4,78.0,0.08333333333333333,0.510628869785424,0.3121280931457103
B4,79.0,0.08202614379084967,0.5697948572393712,0.3215422294085438
B4,80.0,0.08104575163398693,0.5252780722875133,0.3146632418409331
B4,81.0,0.0803921568627451,0.5463427844379712,0.3165877077577185
B4,82.0,0.08006535947712418,0.5206490548079545,0.3146854503708978
B4,83.0,0.07941176470588235,0.5466949230493982,0.3159288166927286
B4,84.0,0.07908496732026143,0.5598234804426779,0.3203804287492559
B4,85.0,0.07745098039215687,0.5224776647971511,0.3133114947877539
B4,86.0,0.07712418300653595,0.5254700215665785,0.31337570425037153
B4,87.0,0.07647058823529412,0.5417545225015196,0.31581571286591437
B4,88.0,0.07647058823529412,0.5770698555956579,0.3230218661015323
B4,89.0,0.07483660130718954,0.5855661883215715,0.32380103170598457
B4,90.0,0.0738562091503268,0.5323178972713154,0.315674557870296
B4,91.0,0.0738562091503268,0.532269482963158,0.3149132708344959
B4,92.0,0.0738562091503268,0.5950951900475823,0.3253381806136502
B4,93.0,0.07254901960784314,0.5797787402311667,0.32348509624727556
B4,94.0,0.07222222222222222,0.5397994617871403,0.3170589148579393
B4,95.0,0.0718954248366013,0.5878798846243889,0.3246731723687283
B4,96.0,0.07091503267973856,0.5382582743965685,0.31565367122803045
B4,97.0,0.07091503267973856,0.5760463359019962,0.3232066698235077
B4,98.0,0.07058823529411765,0.5352955112506913,0.3155741509096705
B4,99.0,0.06993464052287582,0.5584423035322551,0.3191856584062622
B4,100.0,0.06993464052287582,0.5560770055477435,0.3185946768065896
B4,101.0,0.06928104575163399,0.58248159707714,0.32394843338947954
B4,102.0,0.06862745098039216,0.5574567896557836,0.3195273700805111
B4,103.0,0.06797385620915032,0.5429583304735783,0.3162594517432368
B4,104.0,0.06830065359477124,0.5685884531107087,0.3202605288582842
B4,105.0,0.06797385620915032,0.5613118314670028,0.3189675229044131
B4,106.0,0.06699346405228758,0.5745807019375706,0.32223203134638106
B4,107.0,0.06666666666666667,0.5865526951854705,0.32355613138109035
B4,108.0,0.06601307189542484,0.5764971244255157,0.3222287330917885
B4,109.0,0.06568627450980392,0.5708073721844414,0.3215269039751497
B4,110.0,0.06601307189542484,0.5507105637596843,0.31666426107048623
B4,111.0,0.06535947712418301,0.577644914269738,0.32209295984802455
B4,112.0,0.0650326797385621,0.5497006476522688,0.3163577313357409
B4,113.0,0.06535947712418301,0.5484112462623775,0.3160817451903463
B4,114.0,0.06405228758169934,0.5902344179834933,0.32372643481984636
B4,115.0,0.06339869281045751,0.5832456908133316,0.32237983393040853
B4,116.0,0.0630718954248366,0.554531707384219,0.31651572889632934
B4,117.0,0.0630718954248366,0.5760605585824017,0.3213909385828305
B4,118.0,0.06274509803921569,0.5887720511593243,0.32315961033971824
B4,119.0,0.06143790849673202,0.5783693466112615,0.3215674889757202
B4,120.0,0.06143790849673202,0.5721349094429442,0.3205468034502218
B4,121.0,0.06143790849673202,0.5697914018640049,0.320053111279867
B4,122.0,0.060784313725490195,0.5557134902743502,0.3161528114472113
B4,123.0,0.061764705882352944,0.5697820279123201,0.3188546624015758
B4,124.0,0.06143790849673202,0.5731908658041442,0.32051140805496087
B4,125.0,0.060784313725490195,0.5525201683002021,0.3155774859291699
B4,126.0,0.06045751633986928,0.5750886637064594,0.31970020841686053
B4,127.0,0.060784313725490195,0.5607214125516893,0.3170987795292238
B4,128.0,0.06045751633986928,0.5617199163776116,0.31699059038318295
B4,129.0,0.059803921568627454,0.5803428595066058,0.32173592055730527
B4,130.0,0.058823529411764705,0.5860776499603064,0.3228127691826097
B4,131.0,0.05849673202614379,0.5694173074477211,0.3201170281865416
B4,132.0,0.05816993464052288,0.5721266786135836,0.32040803873078805
B4,133.0,0.05784313725490196,0.5860375274474583,0.3229107676626611
B4,134.0,0.05784313725490196,0.5730301838684744,0.3207938296453058
B4,135.0,0.05718954248366013,0.5735347324330213,0.32086942334484164
B5,1.0,1.0,1.0168797786505026,0.013734587322372243
B5,2.0,0.995049504950495,1.0037131437395794,0.014023973630972375
B5,3.0,0.995049504950495,1.0233186458722834,0.011265877565256262
B5,4.0,0.9900990099009901,1.0149596013840991,0.0110592412465971
B5,5.0,0.9876237623762376,1.0080668550584941,0.011864585656174242
B5,6.0,0.9851485148514851,1.0054769563367225,0.011130087012589177
B5,7.0,0.9826732673267327,1.000876444182687,0.010658017369648422
B5,8.0,0.9801980198019802,0.9978584522943601,0.010982281974882045
B5,9.0,0.9777227722772277,0.9953395241862313,0.011242539386736522
B5,10.0,0.9752475247524752,0.9903650188347081,0.011179206421067183
B5,11.0,0.9752475247524752,0.992730644507559,0.010515820076834187
B5,12.0,0.9727722772277227,0.9874278185985814,0.011238500007617067
B5,13.0,0.9702970297029703,0.9864176042825021,0.01113241424991175
B5,14.0,0.9702970297029703,0.9809673495880482,0.01120963020556953
B5,15.0,0.9678217821782178,0.9805604022714852,0.01079495233858415
B5,16.0,0.9653465346534653,0.9772360512793425,0.011055883250514159
B5,17.0,0.9628712871287128,0.9832218175685765,0.010259258730677928
B5,18.0,0.9628712871287128,0.9739497851457475,0.011378850002095322
B5,19.0,0.9603960396039604,0.9787721374851976,0.010415404200081232
B5,20.0,0.9603960396039604,0.9732543495366232,0.01125372650232197
B5,21.0,0.9579207920792079,0.9821872273970963,0.010651704649180855
B5,22.0,0.9579207920792079,0.9802759826151507,0.010772976255897437
B5,23.0,0.9579207920792079,0.9800896228101292,0.010935538479487847
B5,24.0,0.9554455445544554,0.9673770058370058,0.011307531394911014
B5,25.0,0.9529702970297029,0.9745017278604214,0.009979920961384336
B5,26.0,0.9554455445544554,0.9707094161034289,0.01013664180303312
B5,27.0,0.9529702970297029,0.971326504181252,0.01009661006015066
B5,28.0,0.9504950495049505,0.9678175282444615,0.010936462807027461
B5,29.0,0.9504950495049505,0.9637282144756848,0.01118861631123983
B5,30.0,0.948019801980198,0.9655651632460034,0.011028157040549965
B5,31.0,0.948019801980198,0.9638839703883306,0.01042965048106759
B5,32.0,0.948019801980198,0.9644711811112425,0.011011650154731847
B5,33.0,0.948019801980198,0.9683520418077544,0.009730467215128881
B5,34.0,0.9455445544554455,0.9664783169170288,0.010139146437151006
B5,35.0,0.9455445544554455,0.9669811272353601,0.00989682367568955
B5,36.0,0.9455445544554455,0.9653358788019784,0.009757165243322336
B5,37.0,0.943069306930693,0.958777608211641,0.010634253022023466
B5,38.0,0.943069306930693,0.9667024596175028,0.010600915707880368
B5,39.0,0.943069306930693,0.9595234904820279,0.01077884083348169
B5,40.0,0.9405940594059405,0.9564634887915612,0.010619611060364433
B5,41.0,0.9405940594059405,0.9533525128278802,0.010988823325801412
B5,42.0,0.9405940594059405,0.9545315514144916,0.010872581250835008
B5,43.0,0.9405940594059405,0.9555122077048043,0.009811568647482198
B5,44.0,0.9405940594059405,0.9522488260630788,0.010634000217893888
B5,45.0,0.9405940594059405,0.9519438603950405,0.010472133899276984
B5,46.0,0.9381188118811881,0.9511499470419295,0.010453855531485602
B5,47.0,0.9381188118811881,0.9510275262233019,0.010357191260992337
B5,48.0,0.9381188118811881,0.9485606441140063,0.011328336161398386
B5,49.0,0.9381188118811881,0.9514317882089434,0.010996419064915344
B5,50.0,0.9381188118811881,0.9494749600356531,0.011391777689684765
B5,51.0,0.9356435643564357,0.9488820124202965,0.009877158740473473
B5,52.0,0.9381188118811881,0.941763114612457,0.010714831330642141
B5,53.0,0.9356435643564357,0.9414827846877984,0.011744728459676286
B5,54.0,0.9356435643564357,0.9481181315944156,0.010247869090177207
B6,1.0,1.0,1.0367652667411926,0.012007353220917841
B6,2.0,0.9950738916256158,1.0336149997411521,0.010631243200448441
B6,3.0,0.9926108374384236,1.0276906201915899,0.008861772474429425
B6,4.0,0.9901477832512315,1.022300378971953,0.008023516788338722
B6,5.0,0.9876847290640394,1.0219728488983706,0.008518936874715827
B6,6.0,0.9852216748768473,1.0193647449409877,0.008655088929236738
B6,7.0,0.9827586206896551,1.0136032971439417,0.007551736337205141
B6,8.0,0.9802955665024631,1.0116899989221175,0.007891183206467502
B6,9.0,0.9778325123152709,1.008077907840249,0.0071826030289961484
B6,10.0,0.9753694581280788,1.0038937606834706,0.0075130348231734955
B6,11.0,0.9729064039408867,1.0019097977068017,0.007226054960001697
B6,12.0,0.9704433497536946,1.0003675451490293,0.0076439863998301345
B6,13.0,0.9704433497536946,1.0000206324000438,0.007175553333071666
B6,14.0,0.9679802955665024,0.9967156862218776,0.007235349065378305
B6,15.0,0.9655172413793104,0.9957509104196122,0.007065623965441051
B6,16.0,0.9630541871921182,0.9942027417248303,0.0073133205954326735
B6,17.0,0.9630541871921182,0.9950786624380503,0.006987044170665822
B6,18.0,0.9630541871921182,0.990612171516969,0.007143997176355471
B6,19.0,0.9605911330049262,0.9907364133258076,0.007039533105701014
B6,20.0,0.958128078817734,0.9904740923804201,0.00714839986803653
B6,21.0,0.958128078817734,0.9904842937775258,0.0071457121778571685
B6,22.0,0.9556650246305419,0.9886479566356566,0.00706880033402097
B6,23.0,0.9556650246305419,0.987781164967054,0.007203074377507345
B6,24.0,0.9532019704433498,0.9874892993389857,0.007013033781576579
B6,25.0,0.9532019704433498,0.9869966871682219,0.007234396721198809
B6,26.0,0.9507389162561576,0.9859996678596397,0.007315003813021977
B6,27.0,0.9507389162561576,0.98557870413047,0.0071062521221679845
B6,28.0,0.9482758620689655,0.9835046922262876,0.006959091947029732
B6,29.0,0.9482758620689655,0.9834471229997119,0.0073744988773272
B6,30.0,0.9482758620689655,0.9857810679416612,0.007470664299761448
B6,31.0,0.9458128078817734,0.9831352085106209,0.007297703854890548
B6,32.0,0.9482758620689655,0.9801968065315474,0.006887113029004487
B6,33.0,0.9458128078817734,0.9808772911058149,0.007306477217571207
B6,34.0,0.9433497536945813,0.9791792764265952,0.006966649988871446
B6,35.0,0.9458128078817734,0.9789298584880063,0.00691588629127384
B6,36.0,0.9433497536945813,0.9789499473940462,0.007079603002295824
B6,37.0,0.9433497536945813,0.9777484026930379,0.007205436734952434
B6,38.0,0.9433497536945813,0.977668438822041,0.006973515539426194
B6,39.0,0.9408866995073891,0.9785131141380454,0.007177543144934734
B6,40.0,0.9408866995073891,0.9766227722116749,0.006917713639615786
B6,41.0,0.9408866995073891,0.9732562667493654,0.007101941297056967
B6,42.0,0.9408866995073891,0.9745665724679551,0.007067205569255258
B6,43.0,0.9384236453201971,0.9728184169240864,0.0068254024318626745
B6,44.0,0.9384236453201971,0.9730210897463483,0.006991688467207382
B6,45.0,0.9384236453201971,0.9728595838029732,0.007009758730355165
B6,46.0,0.9384236453201971,0.9715436756719695,0.007042599630636192
B6,47.0,0.9359605911330049,0.9717272647704398,0.006753261152321135
B6,48.0,0.9359605911330049,0.9690577478321278,0.0073357281673590525
B6,49.0,0.9359605911330049,0.9681022648079851,0.007169680811263364
B6,50.0,0.9359605911330049,0.9690342422313099,0.007389015668824001
B6,51.0,0.9359605911330049,0.9678799838354337,0.007135938082461254
B6,52.0,0.9359605911330049,0.9581078598218662,0.0068644979487261885
B6,53.0,0.9334975369458128,0.9662684553274016,0.007674949075965039
B6,54.0,0.9334975369458128,0.9641446044811661,0.007137812660162662
