channel,cycle,y_true,y_pred,y_std,sigma_scale,y_std_cal
A1,1.0,1.0,1.0007334190927637,0.0041246947424694,6.912380792142037,0.014546930931481137
A1,2.0,0.995049504950495,0.9948802157581742,0.0036179484826124,6.912380792142037,0.012759743441937876
A1,3.0,0.9876237623762376,0.9906536485714386,0.0034213859016782,6.912380792142037,0.012066508556184463
A1,4.0,0.9826732673267328,0.9831528619907646,0.0032826532695381,6.912380792142037,0.011577227738162913
A1,5.0,0.9777227722772276,0.9806364926225938,0.003356743190598,6.912380792142037,0.01183852730859658
A1,6.0,0.9727722772277227,0.9755369078565042,0.0032949635062681,6.912380792142037,0.011620643354261155
A1,7.0,0.9702970297029704,0.9710938676144713,0.0031714181177954,6.912380792142037,0.01118492475077017
A1,8.0,0.9678217821782178,0.968892344410856,0.0032196997283387,6.912380792142037,0.011355203837511405
A1,9.0,0.9653465346534652,0.9662911849872664,0.0031849098190665,6.912380792142037,0.011232507143842335
A1,10.0,0.9603960396039604,0.9638924831087784,0.003130989173185,6.912380792142037,0.011042340365355004
A1,11.0,0.957920792079208,0.9607427799019176,0.0032202351969194,6.912380792142037,0.011357092322586245
A1,12.0,0.9554455445544554,0.957764140269148,0.0032117564373013,6.912380792142037,0.011327189520500266
A1,13.0,0.9529702970297028,0.9575267860486524,0.0031403946194698,6.912380792142037,0.0110755113964318
A1,14.0,0.9529702970297028,0.952888599420596,0.0030178415665765,6.912380792142037,0.010643292551840728
A1,15.0,0.9504950495049505,0.9525291470945036,0.0031679847741775,6.912380792142037,0.011172816069863586
A1,16.0,0.948019801980198,0.9502528542619516,0.0032822411812656,6.912380792142037,0.01157577438948816
A1,17.0,0.9455445544554456,0.9477605974678798,0.0031574344168814,6.912380792142037,0.01113560717842525
A1,18.0,0.9405940594059404,0.9461085881882676,0.0032879222784045,6.912380792142037,0.011595810424359709
A1,19.0,0.9405940594059404,0.9446869124818036,0.003194610348332,6.912380792142037,0.01126671887053597
A1,20.0,0.9405940594059404,0.9417852295939826,0.0031694094271569,6.912380792142037,0.01117784052131675
A1,21.0,0.938118811881188,0.939305516641082,0.0029859047362739,6.912380792142037,0.010530658067693613
A1,22.0,0.938118811881188,0.939570653810653,0.0030498266362471,6.912380792142037,0.010756097166094016
A1,23.0,0.938118811881188,0.9357044938138744,0.0030165194395983,6.912380792142037,0.01063862968803253
A1,24.0,0.9356435643564356,0.9355187999193284,0.0030698197511504,6.912380792142037,0.010826608677796662
A1,25.0,0.9356435643564356,0.9346377062244436,0.0030933710671064,6.912380792142037,0.010909669216320856
A1,26.0,0.9331683168316832,0.9323785880249488,0.0030434711705825,6.912380792142037,0.010733682775252336
A1,27.0,0.9331683168316832,0.9320618308904256,0.0029568194487982,6.912380792142037,0.010428080375416203
A1,28.0,0.9306930693069309,0.9309584502575858,0.0030391784838515,6.912380792142037,0.0107185433719061
A1,29.0,0.9306930693069309,0.9284859397902347,0.0030451535968873,6.912380792142037,0.010739616339014338
A1,30.0,0.9306930693069309,0.9281073394476058,0.003066563867002,6.912380792142037,0.010815125859119196
A1,31.0,0.9282178217821784,0.9269161562147642,0.0032121961450692,6.912380792142037,0.011328740277326903
A1,32.0,0.9282178217821784,0.9268156476315876,0.0030890776945077,6.912380792142037,0.010894527394063483
A1,33.0,0.9257425742574258,0.922023752679813,0.0030301442096205,6.912380792142037,0.010686681386605406
A1,34.0,0.9257425742574258,0.922996935841124,0.0030272509824562,6.912380792142037,0.010676477582843926
A1,35.0,0.9232673267326732,0.9209111691135208,0.0031573710500845,6.912380792142037,0.011135383697058649
A1,36.0,0.9232673267326732,0.9212909913094224,0.0031609150727817,6.912380792142037,0.011147882719802066
A1,37.0,0.9232673267326732,0.922012747921437,0.0031104459021263,6.912380792142037,0.010969888568590358
A1,38.0,0.9207920792079208,0.9204378608899138,0.0032370293171215,6.912380792142037,0.011416321652727818
A1,39.0,0.9207920792079208,0.9195801167804288,0.0031206875382539,6.912380792142037,0.011006008665391597
A1,40.0,0.9207920792079208,0.914491660070486,0.0031252841888999,6.912380792142037,0.011022220085542286
A1,41.0,0.9183168316831684,0.9143244039997112,0.0031820742331584,6.912380792142037,0.011222506628669492
A1,42.0,0.9183168316831684,0.9147985395082748,0.0031812578819127,6.912380792142037,0.011219627529504951
A1,43.0,0.915841584158416,0.9140631667953734,0.0031403693896825,6.912380792142037,0.011075422416277828
A1,44.0,0.915841584158416,0.9139702365537002,0.0030926570477295,6.912380792142037,0.010907151020137135
A1,45.0,0.915841584158416,0.9128516738073696,0.0032285107510695,6.912380792142037,0.011386278461720788
A1,46.0,0.915841584158416,0.9136855902609836,0.0031309214987549,6.912380792142037,0.011042101691872006
A1,47.0,0.9133663366336634,0.9107771350962756,0.0031647125553198,6.912380792142037,0.011161275642101615
A1,48.0,0.9108910891089108,0.90855881842455,0.0032558261701328,6.912380792142037,0.01148261420031181
A1,49.0,0.9108910891089108,0.9084814585128498,0.0031844482345754,6.912380792142037,0.011230879232413659
A1,50.0,0.9108910891089108,0.9071849242429376,0.0031351312429295,6.912380792142037,0.011056948574264678
A1,51.0,0.9108910891089108,0.9058977548547056,0.003200519121154,6.912380792142037,0.011287557869661513
A1,52.0,0.9108910891089108,0.905833935636804,0.0031724657925731,6.912380792142037,0.01118861967938463
A1,53.0,0.9084158415841584,0.9040156814668456,0.0032164269051458,6.912380792142037,0.011343661278386276
A1,54.0,0.9084158415841584,0.9049146361518108,0.0031383285982099,6.912380792142037,0.011068224973933356
A1,55.0,0.905940594059406,0.9023277839297424,0.00320002752739,6.912380792142037,0.01128582412183828
A1,56.0,0.9034653465346536,0.9035837241321376,0.0032661870564868,6.912380792142037,0.011519154867583183
A1,57.0,0.9034653465346536,0.9004843252411638,0.0033551439667293,6.912380792142037,0.011832887182329192
A1,58.0,0.9034653465346536,0.9003916445915374,0.0032793717558082,6.912380792142037,0.011565654529341407
A1,59.0,0.9034653465346536,0.8988561222327975,0.0032134430870916,6.912380792142037,0.011333137979607425
A1,60.0,0.9034653465346536,0.8955642949309207,0.0033714451443811,6.912380792142037,0.011890378007761906
A1,61.0,0.9034653465346536,0.8988470772970281,0.0031722124875861,6.912380792142037,0.011187726325965637
A1,62.0,0.900990099009901,0.8942847765632761,0.0033264907540753,6.912380792142037,0.011731833327082383
A1,63.0,0.900990099009901,0.8952692703187068,0.0032871295945476,6.912380792142037,0.011593014795098205
A1,64.0,0.900990099009901,0.8948556519178983,0.0032134456672006,6.912380792142037,0.01133314707910927
A1,65.0,0.8985148514851485,0.8919476289036827,0.0033398659091612,6.912380792142037,0.011779004686269062
A1,66.0,0.8985148514851485,0.8949550827414857,0.0031367533576659,6.912380792142037,0.011062669431808482
A1,67.0,0.8960396039603961,0.8927024517327287,0.0032184353522279,6.912380792142037,0.011350744648867492
A1,68.0,0.8960396039603961,0.8918699781607872,0.0031625245488393,6.912380792142037,0.011153559003383664
A1,69.0,0.8960396039603961,0.8897176890903129,0.0031738487856618,6.912380792142037,0.011193497205164389
A1,70.0,0.8960396039603961,0.8885656506993143,0.0031773668479698,6.912380792142037,0.011205904671074579
A1,71.0,0.8935643564356436,0.8879900072377271,0.0032334954489141,6.912380792142037,0.011403858442734435
A1,72.0,0.8960396039603961,0.8883204646006657,0.0031653304365713,6.912380792142037,0.011163454779334942
A1,73.0,0.8935643564356436,0.8867512127316075,0.0031706087347691,6.912380792142037,0.011182070227050036
A1,74.0,0.8935643564356436,0.8852529021113427,0.0031908872547046,6.912380792142037,0.01125358830228044
A1,75.0,0.8910891089108911,0.8842710798406765,0.0031275355990773,6.912380792142037,0.011030160335765376
A1,76.0,0.8910891089108911,0.8824132589017006,0.0031666918340504,6.912380792142037,0.011168256141941208
A1,77.0,0.8886138613861386,0.8827138991116912,0.00321426206498,6.912380792142037,0.011336026342388384
A1,78.0,0.8886138613861386,0.8799446236778923,0.0034025453346934,6.912380792142037,0.012000061838609008
A1,79.0,0.8886138613861386,0.8795913732444535,0.0033150457479189,6.912380792142037,0.011691469197258835
A1,80.0,0.8861386138613861,0.8804993421194415,0.0032861760164538,6.912380792142037,0.011589651725699285
A1,81.0,0.8861386138613861,0.878336911974794,0.0033120824378971,6.912380792142037,0.011681018225997415
A1,82.0,0.8861386138613861,0.8775707046804285,0.0033501948909217,6.912380792142037,0.011815432832748713
A1,83.0,0.8861386138613861,0.8775159031316911,0.003216936119515,6.912380792142037,0.011345457170378426
A1,84.0,0.8836633663366337,0.8780387356643734,0.0033525931065538,6.912380792142037,0.011823890834937276
A1,85.0,0.8836633663366337,0.8762263968570547,0.0031951706123601,6.912380792142037,0.011268694803939296
A1,86.0,0.8836633663366337,0.8747235083523914,0.0032102296913163,6.912380792142037,0.011321805008486558
A1,87.0,0.8836633663366337,0.8734263827536517,0.0031833397602433,6.912380792142037,0.011226969876557004
A1,88.0,0.8811881188118812,0.8755515272249323,0.0032007081307316,6.912380792142037,0.011288224466692908
A1,89.0,0.8811881188118812,0.8738442075269428,0.0031147767270186,6.912380792142037,0.010985162477211024
A1,90.0,0.8811881188118812,0.8729327546174195,0.0031615779081392,6.912380792142037,0.011150220400713388
A1,91.0,0.8787128712871287,0.8700505744518905,0.0032828922002204,6.912380792142037,0.011578070396432152
A1,92.0,0.8787128712871287,0.871055942750425,0.0031616674712518,6.912380792142037,0.011150536270976364
A1,93.0,0.8787128712871287,0.8694030186122648,0.0033071595923058,6.912380792142037,0.0116636563848736
A1,94.0,0.8762376237623762,0.8659002995673195,0.0033050512284926,6.912380792142037,0.011656220629094327
A1,95.0,0.8762376237623762,0.8689429437593552,0.0032820640502835,6.912380792142037,0.01157514968576502
A1,96.0,0.8737623762376238,0.8671401505886353,0.003331765329976,6.912380792142037,0.011750435647038404
A1,97.0,0.8737623762376238,0.8668709700827022,0.0033708052292105,6.912380792142037,0.011888121161529656
A1,98.0,0.8737623762376238,0.8660773776587696,0.0031390901416906,6.912380792142037,0.01107091077763684
A1,99.0,0.8737623762376238,0.864896715888624,0.0031560176625776,6.912380792142037,0.011130610583939831
A1,100.0,0.8737623762376238,0.8647990596170143,0.0031065843379035,6.912380792142037,0.01095626964366528
A1,101.0,0.8737623762376238,0.8627692108404829,0.003095609258183,6.912380792142037,0.010917562845555409
A1,102.0,0.8712871287128713,0.8621516621664858,0.003116026428656,6.912380792142037,0.010989569912073305
A1,103.0,0.8712871287128713,0.8613130641054833,0.0030764612944596,6.912380792142037,0.010850032004328587
A1,104.0,0.8712871287128713,0.8616230846025399,0.003039268173632,6.912380792142037,0.010718859688900123
A1,105.0,0.8688118811881188,0.8618177724385241,0.0030561223939333,6.912380792142037,0.010778300979452498
A1,106.0,0.8712871287128713,0.8590516135522335,0.0030082518306145,6.912380792142037,0.010609471569828654
A1,107.0,0.8663366336633663,0.8602185107568441,0.0030421029568755,6.912380792142037,0.01072885737324372
A1,108.0,0.8688118811881188,0.8577976466235789,0.0031191066819014,6.912380792142037,0.01100043331749115
A1,109.0,0.8663366336633663,0.8562856282060372,0.00322363522873,6.912380792142037,0.011369083519753971
A1,110.0,0.8663366336633663,0.8580546171036825,0.003006288917568,6.912380792142037,0.010602548788315168
A1,111.0,0.8663366336633663,0.8566887931427047,0.0030419038149335,6.912380792142037,0.01072815504149393
A1,112.0,0.8638613861386139,0.8567588617079801,0.0030148335196418,6.912380792142037,0.0106326838028957
A1,113.0,0.8638613861386139,0.8529077115702433,0.0031040648806392,6.912380792142037,0.01094738404773712
A1,114.0,0.8638613861386139,0.8540357536742773,0.0030193999112717,6.912380792142037,0.01064878850586009
A1,115.0,0.8638613861386139,0.8545236303011152,0.0030627205171237,6.912380792142037,0.010801571172356684
A1,116.0,0.8613861386138614,0.8538968268552335,0.0030281414837631,6.912380792142037,0.010679618193680527
A1,117.0,0.8613861386138614,0.8547615381390974,0.0030447039119195,6.912380792142037,0.010738030394701864
A1,118.0,0.8613861386138614,0.8509637138505863,0.003023338107309,6.912380792142037,0.010662677695079201
A1,119.0,0.8589108910891089,0.8516372848507858,0.0030345381027901,6.912380792142037,0.010702177723776822
A1,120.0,0.8589108910891089,0.8517329250950126,0.0029691507787693,6.912380792142037,0.010471570382939888
A1,121.0,0.8589108910891089,0.8492257982134126,0.0029602548942194,6.912380792142037,0.010440196468941017
A1,122.0,0.8589108910891089,0.8477095699287868,0.0029935819140413,6.912380792142037,0.010557733859165204
A1,123.0,0.8564356435643564,0.8478891773961819,0.0030076587029193,6.912380792142037,0.01060737973318271
A1,124.0,0.8564356435643564,0.8480530085781155,0.0029786683236002,6.912380792142037,0.0105051367620144
A1,125.0,0.8589108910891089,0.846208147653306,0.002919619287116,6.912380792142037,0.010296883228374257
A1,126.0,0.8514851485148515,0.8444933452968397,0.0031488348435481,6.912380792142037,0.011105278291772942
A1,127.0,0.8539603960396039,0.8430538604242266,0.0031184020490935,6.912380792142037,0.010997948225762291
A1,128.0,0.8539603960396039,0.8448509016113936,0.0029043869516618,6.912380792142037,0.010243161984594473
A1,129.0,0.8514851485148515,0.8442770028901103,0.0029702303280441,6.912380792142037,0.010475377726202396
A1,130.0,0.8514851485148515,0.8421680705427943,0.0030372754390009,6.912380792142037,0.010711831732929245
A1,131.0,0.849009900990099,0.8385282270844616,0.0032043917962156,6.912380792142037,0.011301215980178423
A1,132.0,0.8514851485148515,0.8422099683598613,0.0029538899401638,6.912380792142037,0.010417748614539693
A1,133.0,0.8514851485148515,0.8410802646581169,0.0029289169371666,6.912380792142037,0.010329674084802625
A1,134.0,0.8514851485148515,0.8374294892956243,0.0029796538720575,6.912380792142037,0.010508612584162
A1,135.0,0.8465346534653465,0.8372367361058157,0.0031309925880766,6.912380792142037,0.011042352408959524
A1,136.0,0.8465346534653465,0.8357383341712254,0.0030232689561789,6.912380792142037,0.010662433813585854
A1,137.0,0.8465346534653465,0.8373575522296676,0.0029474773019668,6.912380792142037,0.010395132588199647
A1,138.0,0.8465346534653465,0.8354138298608154,0.00297994764716,6.912380792142037,0.010509648667167477
A1,139.0,0.844059405940594,0.8338159193995793,0.0030463566381101,6.912380792142037,0.01074385921240703
A1,140.0,0.844059405940594,0.8336083109608319,0.0029771174667553,6.912380792142037,0.010499667216068346
A1,141.0,0.8415841584158416,0.8314645897829025,0.0031707880993901,6.912380792142037,0.011182702808347838
A1,142.0,0.8415841584158416,0.829289182490093,0.0031544602595017,6.912380792142037,0.011125117950813718
A1,143.0,0.8415841584158416,0.8282627414810584,0.0030675678036174,6.912380792142037,0.010818666532433378
A1,144.0,0.8391089108910891,0.8287329144051194,0.0031288802212678,6.912380792142037,0.011034902535456604
A1,145.0,0.8391089108910891,0.8265062471150616,0.0029777548833579,6.912380792142037,0.010501915250376711
A1,146.0,0.8366336633663366,0.8275053301700779,0.0030597381779277,6.912380792142037,0.010791053089199702
A1,147.0,0.8366336633663366,0.8253537220871184,0.0030096515436822,6.912380792142037,0.010614408063458126
A1,148.0,0.8341584158415841,0.824810793166669,0.003103720212108,6.912380792142037,0.010946168474311528
A1,149.0,0.8366336633663366,0.8247170482329655,0.0030189278210378,6.912380792142037,0.010647123542885918
A1,150.0,0.8366336633663366,0.8208935310679425,0.0029569218872574,6.912380792142037,0.010428441654318945
A1,151.0,0.8366336633663366,0.8204929245966239,0.00298778591498,6.912380792142037,0.010537292589377278
A1,152.0,0.8341584158415841,0.8177988652919225,0.003008010851295,6.912380792142037,0.01060862168644684
A1,153.0,0.8341584158415841,0.818422294631361,0.0029357286495065,6.912380792142037,0.010353697561719204
A1,154.0,0.8316831683168316,0.8160421078597944,0.0029679233472434,6.912380792142037,0.010467241490077455
A1,155.0,0.8292079207920792,0.8156036980193553,0.0029915500385375,6.912380792142037,0.010550567861567658
A1,156.0,0.8292079207920792,0.8135696766638285,0.0029916288189852,6.912380792142037,0.010550845703639133
A1,157.0,0.8292079207920792,0.8124619395721582,0.0030167347860882,6.912380792142037,0.01063938916981494
A1,158.0,0.8267326732673267,0.8117838617730663,0.0030766992679603,6.912380792142037,0.010850871286819618
A1,159.0,0.8267326732673267,0.8100874808203402,0.0031280978752274,6.912380792142037,0.011032143365499845
A1,160.0,0.8242574257425742,0.8118043082801037,0.0030480891343048,6.912380792142037,0.010749969362140985
A1,161.0,0.8242574257425742,0.8056329481127421,0.0030404333059896,6.912380792142037,0.010722968865697503
A1,162.0,0.8242574257425742,0.8058808184652391,0.0031313850018444,6.912380792142037,0.011043736369793758
A1,163.0,0.8217821782178217,0.8060811602604077,0.0031182578969871,6.912380792142037,0.010997439831598274
A1,164.0,0.8168316831683168,0.8033817098502404,0.0030964359400785,6.912380792142037,0.010920478378749253
A1,165.0,0.8168316831683168,0.8032553773365934,0.0030501176390304,6.912380792142037,0.010757123471712697
A1,166.0,0.8168316831683168,0.8021841047065217,0.0030838518632148,6.912380792142037,0.010876096986088156
A1,167.0,0.8143564356435643,0.8018003233442852,0.0031200056525848,6.912380792142037,0.011003603798037552
A1,168.0,0.8118811881188119,0.7982398911023458,0.0030813694053412,6.912380792142037,0.010867341879230006
A1,169.0,0.8118811881188119,0.796155170194238,0.0031877205740556,6.912380792142037,0.01124242008558582
A1,170.0,0.8094059405940595,0.793063870835087,0.0030983984901156,6.912380792142037,0.010927399880004926
A1,171.0,0.806930693069307,0.791626353818544,0.0030911442504703,6.912380792142037,0.010901815702345899
A1,172.0,0.8044554455445545,0.7924665599469527,0.003271188902225,6.912380792142037,0.011536795325611346
A1,173.0,0.8044554455445545,0.7898673294350846,0.0030984996549913,6.912380792142037,0.010927756667246501
A1,174.0,0.801980198019802,0.788857674992832,0.0031406000775377,6.912380792142037,0.011076236003829357
A1,175.0,0.801980198019802,0.7869340598893151,0.0030990290982729,6.912380792142037,0.010929623902358536
A1,176.0,0.7995049504950495,0.7840898666007278,0.0031315297900675,6.912380792142037,0.011044247007407602
A1,177.0,0.7995049504950495,0.7801916320113909,0.0031081255143673,6.912380792142037,0.01096170504894298
A1,178.0,0.7970297029702971,0.7780253292427437,0.0031319429281237,6.912380792142037,0.011045704058448695
A1,179.0,0.7945544554455446,0.7785242951477167,0.003167194812126,6.912380792142037,0.011170030039837329
A1,180.0,0.7945544554455446,0.7749654157235019,0.0031785770032077,6.912380792142037,0.011210172634102445
A1,181.0,0.7920792079207921,0.7741700507527332,0.0031716451176194,6.912380792142037,0.011185725331411251
A1,182.0,0.7896039603960396,0.770930159525782,0.0032158214946989,6.912380792142037,0.011341526123058155
A1,183.0,0.7871287128712872,0.7697524015877143,0.0032248749953259,6.912380792142037,0.011373455915814222
A1,184.0,0.7846534653465347,0.7653927726707075,0.0032358580785169,6.912380792142037,0.011412190940481414
A1,185.0,0.7846534653465347,0.7603609786561278,0.0031979436146359,6.912380792142037,0.011278474599802383
A1,186.0,0.7846534653465347,0.7599119412572262,0.0032925521935619,6.912380792142037,0.011612139161446563
A1,187.0,0.7772277227722773,0.7570238528958645,0.0032734009177623,6.912380792142037,0.011544596639223515
A1,188.0,0.7772277227722773,0.7570606502013193,0.0034078315754098,6.912380792142037,0.012018705297916887
A1,189.0,0.7772277227722773,0.75306757054048,0.0033741429376521,6.912380792142037,0.011899892557281553
A1,190.0,0.7722772277227723,0.7496323089763085,0.0033920455524432,6.912380792142037,0.011963031314721605
A1,191.0,0.7722772277227723,0.7534603654615379,0.0035996216687187,6.912380792142037,0.012695108623472218
A1,192.0,0.7698019801980198,0.7476934298867185,0.0036896038360943,6.912380792142037,0.013012456804514622
A1,193.0,0.7673267326732673,0.7442153710227835,0.0035293783030405,6.912380792142037,0.012447375044937434
A1,194.0,0.7623762376237624,0.740293662763121,0.0033208138437194,6.912380792142037,0.011711812058113991
A1,195.0,0.7623762376237624,0.7345997623263859,0.0034439459353019,6.912380792142037,0.012146073050389767
A1,196.0,0.7599009900990099,0.7350617277782061,0.0032615641562064,6.912380792142037,0.011502850870492276
A1,197.0,0.7574257425742574,0.7330009715160632,0.0034727671105755,6.912380792142037,0.01224771927447329
A1,198.0,0.754950495049505,0.7284910720600785,0.003592548399162,6.912380792142037,0.01267016268925759
A1,199.0,0.754950495049505,0.7278537561901094,0.0039656456767959,6.912380792142037,0.013985998324942635
A1,200.0,0.75,0.7257380574281058,0.0036621059022963,6.912380792142037,0.012915477374837246
A1,201.0,0.7475247524752475,0.7213611495538684,0.0036348173140343,6.912380792142037,0.012819236262839881
A1,202.0,0.7475247524752475,0.7215192568603921,0.0036348388369886,6.912380792142037,0.01281931216977341
A1,203.0,0.7425742574257426,0.7128385961324415,0.0038035550618561,6.912380792142037,0.013414338813781108
A1,204.0,0.7400990099009901,0.7088183517090555,0.0034875546378931,6.912380792142037,0.012299871773498642
A1,205.0,0.7376237623762376,0.7070375660159177,0.003786055620072,6.912380792142037,0.013352621962749273
A1,206.0,0.7351485148514851,0.7066963699709222,0.0035187342613713,6.912380792142037,0.012409835748417043
A1,207.0,0.7277227722772277,0.7027890685249892,0.0037456798432313,6.912380792142037,0.013210225088876633
A1,208.0,0.7301980198019802,0.6968462301533185,0.0038391333778608,6.912380792142037,0.013539816052193406
A1,209.0,0.7227722772277227,0.6961468735478193,0.0038824918266596,6.912380792142037,0.013692732182804977
A1,210.0,0.7277227722772277,0.6882662124312489,0.0038591400187592,6.912380792142037,0.013610375267236244
A1,211.0,0.7227722772277227,0.6876964542804399,0.004208100597329,6.912380792142037,0.014841085841281165
A1,212.0,0.7178217821782178,0.685197021194774,0.0041270189130596,6.912380792142037,0.014555127792378624
A1,213.0,0.7128712871287128,0.6831529312540972,0.0041152893886599,6.912380792142037,0.014513760226545276
A1,214.0,0.7153465346534653,0.6762337353558229,0.0041009611068434,6.912380792142037,0.014463227389822761
A1,215.0,0.7079207920792079,0.6762459754901323,0.0040968509574772,6.912380792142037,0.014448731757374482
A1,216.0,0.7079207920792079,0.6701594165302183,0.0043435845541781,6.912380792142037,0.015318909264749273
A1,217.0,0.7029702970297029,0.671835357090983,0.0044494978341252,6.912380792142037,0.015692443129511024
A1,218.0,0.7103960396039604,0.6654100830080989,0.0046006245266039,6.912380792142037,0.016225435191870207
A1,219.0,0.7029702970297029,0.666456052095806,0.0043296219686269,6.912380792142037,0.015269666161848374
A1,220.0,0.7029702970297029,0.6643621568867949,0.0047055345425164,6.912380792142037,0.01659543075536882
A1,221.0,0.7004950495049505,0.6603795933877802,0.0048077875072848,6.912380792142037,0.016956055458261274
A1,222.0,0.698019801980198,0.6574536911429957,0.0044428595876631,6.912380792142037,0.015669031430265497
A1,223.0,0.6955445544554455,0.6583603072391531,0.0053327396969699,6.912380792142037,0.018807451433592793
A1,224.0,0.693069306930693,0.6541441744868459,0.0051442416793473,6.912380792142037,0.018142658566658008
A1,225.0,0.6905940594059405,0.646968623753533,0.0049028236308678,6.912380792142037,0.017291227879997848
A1,226.0,0.6905940594059405,0.6474307756094173,0.0052631491014836,6.912380792142037,0.01856202003824697
A1,227.0,0.6856435643564357,0.6466836744461885,0.0049381595515878,6.912380792142037,0.017415850241216852
A1,228.0,0.6856435643564357,0.6399114115759589,0.0054025469833801,6.912380792142037,0.01905364705225701
A1,229.0,0.6806930693069307,0.6376718883747968,0.0050997630883866,6.912380792142037,0.017985791930207832
A1,230.0,0.6806930693069307,0.6350983958001073,0.0057985591950142,6.912380792142037,0.020450298841139566
A1,231.0,0.6757425742574258,0.6298355114779973,0.0055152013324264,6.912380792142037,0.0194509552500817
A1,232.0,0.6757425742574258,0.6268533502372498,0.0059575714739574,6.912380792142037,0.021011101708616566
A1,233.0,0.6707920792079208,0.6306263646618134,0.0069587068983744,6.912380792142037,0.024541895811293412
A1,234.0,0.6683168316831684,0.6248230814473169,0.0059282597328359,6.912380792142037,0.020907725361953722
A1,235.0,0.6707920792079208,0.626983680228656,0.0072215799750166,6.912380792142037,0.025468993870281082
A1,236.0,0.6633663366336634,0.6209545030990131,0.0060359947586253,6.912380792142037,0.02128768414118728
A1,237.0,0.6658415841584159,0.6161204734509843,0.0068857193203582,6.912380792142037,0.024284483972951625
A1,238.0,0.6584158415841584,0.6103458876468517,0.0070166883789804,6.912380792142037,0.024746384299858634
A1,239.0,0.655940594059406,0.600607349967288,0.0072002127822459,6.912380792142037,0.025393636274909325
A1,240.0,0.650990099009901,0.5967976751107692,0.0065543620316799,6.912380792142037,0.02311585650037403
A1,241.0,0.650990099009901,0.5938592652724043,0.0066089518123995,6.912380792142037,0.023308383176715977
A1,242.0,0.6460396039603961,0.5891398662449986,0.0077539192184667,6.912380792142037,0.02734644243074094
A1,243.0,0.6410891089108911,0.5855441623774036,0.0071201908593596,6.912380792142037,0.02511141578153667
A1,244.0,0.6410891089108911,0.5799084368248927,0.0075111124903267,6.912380792142037,0.026490114162958173
A1,245.0,0.6336633663366337,0.5775486772378688,0.0073413228709611,6.912380792142037,0.025891301882291037
A1,246.0,0.6361386138613861,0.5759641036260607,0.0077664418755317,6.912380792142037,0.027390607208688633
A1,247.0,0.6262376237623762,0.5677916483639116,0.0076967136189866,6.912380792142037,0.027144690311738606
A1,248.0,0.6262376237623762,0.5594817119165691,0.0083779674020622,6.912380792142037,0.029547329136661176
A1,249.0,0.6212871287128713,0.5572026836407292,0.0087436263064772,6.912380792142037,0.030836931194296487
A1,250.0,0.6163366336633663,0.5474689771937038,0.0085244121164926,6.912380792142037,0.03006380884706615
A1,251.0,0.6138613861386139,0.5464168926513062,0.0090600298412889,6.912380792142037,0.03195281992176792
A1,252.0,0.6089108910891089,0.5393477357488596,0.009470082747484,6.912380792142037,0.03339899028760256
A1,253.0,0.6064356435643564,0.536195250860855,0.0098882853206153,6.912380792142037,0.03487390281484247
A1,254.0,0.6014851485148515,0.529325930103965,0.0097921440368726,6.912380792142037,0.03453483272563832
A1,255.0,0.6014851485148515,0.5231080953927372,0.0104584113186454,6.912380792142037,0.03688461731213406
A1,256.0,0.5915841584158416,0.5200292914465314,0.0105135684597754,6.912380792142037,0.03707914494932733
A1,257.0,0.5891089108910891,0.509877446917626,0.0103474905572817,6.912380792142037,0.036493423113491616
A1,258.0,0.5816831683168316,0.500214283418002,0.0109515814053481,6.912380792142037,0.038623924494037586
A1,259.0,0.5792079207920792,0.4935733369627451,0.0116216932843895,6.912380792142037,0.0409872681665791
A1,260.0,0.5767326732673267,0.4827458578427255,0.0116234966423751,6.912380792142037,0.04099362823094729
A1,261.0,0.5742574257425742,0.4828822424977727,0.0124114074536392,6.912380792142037,0.04377242396426844
A1,262.0,0.5668316831683168,0.4753884680694707,0.0120814935343451,6.912380792142037,0.04260888695196768
A1,263.0,0.5643564356435643,0.4655892218626409,0.0131565485218642,6.912380792142037,0.04640037980838738
A1,264.0,0.556930693069307,0.4597502998973665,0.0132285588896406,6.912380792142037,0.04665434523172116
A1,265.0,0.551980198019802,0.4536789712383745,0.0139720997194009,6.912380792142037,0.049276657371305994
A1,266.0,0.5420792079207921,0.4419664732787201,0.0146407329295768,6.912380792142037,0.051634786089723626
A1,267.0,0.5371287128712872,0.4294637555737117,0.0162842293160387,6.912380792142037,0.05743105221672599
A2,1.0,1.0,0.9952160011998648,0.0037918395588296,7.494382686715315,0.014498989249112935
A2,2.0,0.9950372208436724,0.9906102824756686,0.0038395048913077,7.494382686715315,0.014681248844339235
A2,3.0,0.9875930521091812,0.9877274400630096,0.0035264063219287,7.494382686715315,0.01348404291805791
A2,4.0,0.9826302729528535,0.9821320985150798,0.0034825783777721,7.494382686715315,0.01331645647847411
A2,5.0,0.98014888337469,0.9762018402038488,0.0032804899839292,7.494382686715315,0.012543724034434966
A2,6.0,0.9751861042183624,0.9700590608110408,0.0035496811389803,7.494382686715315,0.013573039648265133
A2,7.0,0.9702233250620348,0.9672938952274576,0.0034570503449536,7.494382686715315,0.013218844048506035
A2,8.0,0.967741935483871,0.965266864142774,0.0033174075852514,7.494382686715315,0.012684887154965
A2,9.0,0.9652605459057072,0.9631018194911992,0.0034128525249992,7.494382686715315,0.01304984330192622
A2,10.0,0.9602977667493796,0.958223334546195,0.003454229392235,7.494382686715315,0.013208057473150018
A2,11.0,0.957816377171216,0.9540039816187172,0.0032719282596888,7.494382686715315,0.012510986270668992
A2,12.0,0.957816377171216,0.9526104031225135,0.0032865088938289,7.494382686715315,0.012566738750267
A2,13.0,0.955334987593052,0.9484511826707452,0.0035986766765668,7.494382686715315,0.01376038559518606
A2,14.0,0.9528535980148884,0.9489316124796848,0.0035686395674754,7.494382686715315,0.013645531652915079
A2,15.0,0.9503722084367244,0.9420539383512252,0.003399075741688,7.494382686715315,0.012997164534795552
A2,16.0,0.9478908188585607,0.942409370377176,0.0034812536210161,7.494382686715315,0.013311390959834692
A2,17.0,0.9429280397022332,0.940086051937984,0.0035504903489711,7.494382686715315,0.01357613385274685
A2,18.0,0.9429280397022332,0.94023063810521,0.0036472027527854,7.494382686715315,0.013945936446291239
A2,19.0,0.9404466501240696,0.9368430522590664,0.0035269975877106,7.494382686715315,0.013486303761662218
A2,20.0,0.9404466501240696,0.937829312438778,0.0034302663060332,7.494382686715315,0.013116428984173891
A2,21.0,0.9404466501240696,0.939274090110232,0.0034827300875597,7.494382686715315,0.013317036576483341
A2,22.0,0.9379652605459056,0.9374284819836232,0.0036367084571785,7.494382686715315,0.013905809041948103
A2,23.0,0.9379652605459056,0.935603264567809,0.0038514674476885,7.494382686715315,0.014726990488643052
A2,24.0,0.935483870967742,0.9333125483982728,0.0034691532892172,7.494382686715315,0.013265122498856585
A2,25.0,0.935483870967742,0.9300654248465212,0.0033674460547452,7.494382686715315,0.012876220997016222
A2,26.0,0.9330024813895782,0.9303982455066117,0.0035016784647605,7.494382686715315,0.013389490147648501
A2,27.0,0.9305210918114144,0.930377789745152,0.0035349511590297,7.494382686715315,0.013516716109879631
A2,28.0,0.9305210918114144,0.926202963481606,0.0034098627463971,7.494382686715315,0.013038411181147763
A2,29.0,0.9305210918114144,0.9282064325333292,0.0037825739137636,7.494382686715315,0.014463559878720611
A2,30.0,0.9305210918114144,0.9247875422411372,0.0036244711498967,7.494382686715315,0.013859016823035846
A2,31.0,0.9280397022332506,0.9231577022230364,0.003423264647733,7.494382686715315,0.013089656498986807
A2,32.0,0.9255583126550868,0.922848854066949,0.0035092824048284,7.494382686715315,0.013418565598649231
A2,33.0,0.9255583126550868,0.92281290772644,0.0034012162220029,7.494382686715315,0.01300534916407434
A2,34.0,0.9230769230769232,0.9231792797383273,0.0036778025124804,7.494382686715315,0.014062941815310646
A2,35.0,0.9230769230769232,0.9188632658629594,0.0035748867341131,7.494382686715315,0.01366941916200193
A2,36.0,0.9230769230769232,0.9169834421506968,0.0036515115631492,7.494382686715315,0.013962412194848619
A2,37.0,0.9205955334987592,0.9166619766209394,0.0036881943973454,7.494382686715315,0.01410267762812604
A2,38.0,0.9205955334987592,0.9154585984950248,0.0036791847134772,7.494382686715315,0.014068226985498306
A2,39.0,0.9205955334987592,0.9150317152277436,0.0033945740617542,7.494382686715315,0.012979951304132578
A2,40.0,0.9181141439205956,0.9144472965430062,0.003696958768557,7.494382686715315,0.014136190260187783
A2,41.0,0.9181141439205956,0.9140321983984244,0.0036283240976766,7.494382686715315,0.013873749473922427
A2,42.0,0.9156327543424316,0.9141187890593572,0.0035870007548493,7.494382686715315,0.013715739965847311
A2,43.0,0.9156327543424316,0.9103027971630264,0.0036452139068448,7.494382686715315,0.01393833162666121
A2,44.0,0.9156327543424316,0.9095197418540516,0.0036734984469187,7.494382686715315,0.01404648420961864
A2,45.0,0.9156327543424316,0.9102145359183742,0.0034832348612969,7.494382686715315,0.01331896669743792
A2,46.0,0.913151364764268,0.9080156989853072,0.00347046539424,7.494382686715315,0.013270139640622245
A2,47.0,0.9106699751861044,0.90576362222886,0.0036332584153224,7.494382686715315,0.013892616996503009
A2,48.0,0.9106699751861044,0.9064603986452286,0.003493042665007,7.494382686715315,0.013356469138757994
A2,49.0,0.9106699751861044,0.9064977405469062,0.0034374465564726,7.494382686715315,0.01314388435835616
A2,50.0,0.9106699751861044,0.9030032335387996,0.0036213422005537,7.494382686715315,0.013847052550238614
A2,51.0,0.9081885856079404,0.9015712766292444,0.0035249298445056,7.494382686715315,0.01347839725980894
A2,52.0,0.9081885856079404,0.8999475165674913,0.0035790536692297,7.494382686715315,0.013685352417225415
A2,53.0,0.9057071960297768,0.9001984588150685,0.0034572724394753,7.494382686715315,0.013219693279079335
A2,54.0,0.9057071960297768,0.8995357458167526,0.003509587409179,7.494382686715315,0.013419731854428695
A2,55.0,0.9032258064516128,0.898140405192281,0.0036291616291118,7.494382686715315,0.01387695197209946
A2,56.0,0.9032258064516128,0.8977377605607735,0.0034306742010851,7.494382686715315,0.013117988666718603
A2,57.0,0.9007444168734492,0.897213972404737,0.0034777341801184,7.494382686715315,0.013297933550852337
A2,58.0,0.9032258064516128,0.895747528672696,0.0033165229560479,7.494382686715315,0.012681504567407693
A2,59.0,0.9007444168734492,0.8940962308879261,0.0035742755959264,7.494382686715315,0.013667082331589881
A2,60.0,0.9007444168734492,0.8941011930632918,0.0036209637503858,7.494382686715315,0.013845605457124419
A2,61.0,0.8982630272952854,0.8911989872011866,0.0035484285629916,7.494382686715315,0.01356825012974461
A2,62.0,0.8982630272952854,0.8948937743458698,0.0035670946020512,7.494382686715315,0.013639624114706199
A2,63.0,0.8982630272952854,0.8912607914967391,0.0033946191530771,7.494382686715315,0.012980123721397552
A2,64.0,0.8957816377171216,0.8908783140233671,0.0035538059527831,7.494382686715315,0.013588811842751083
A2,65.0,0.8982630272952854,0.8896150117228558,0.0032983734510012,7.494382686715315,0.01261210567157729
A2,66.0,0.8933002481389578,0.8866653980148357,0.0036219684317078,7.494382686715315,0.013849447092156826
A2,67.0,0.8933002481389578,0.8858395036928035,0.0034910587603511,7.494382686715315,0.013348883213290716
A2,68.0,0.8933002481389578,0.888370448415646,0.0032938400109195,7.494382686715315,0.012594770998528421
A2,69.0,0.8933002481389578,0.8863756599840018,0.0032549414209651,7.494382686715315,0.012446033102632694
A2,70.0,0.890818858560794,0.8858909076740248,0.0032581713866647,7.494382686715315,0.01245838363519794
A2,71.0,0.8933002481389578,0.8857954114181875,0.0032850696221828,7.494382686715315,0.012561235357045952
A2,72.0,0.890818858560794,0.8807705565731769,0.0035373489505133,7.494382686715315,0.013525884628853851
A2,73.0,0.8883374689826302,0.8806249522571679,0.0033385464908426,7.494382686715315,0.012765716725981825
A2,74.0,0.8883374689826302,0.8803862840507835,0.0032477307040364,7.494382686715315,0.012418461232672066
A2,75.0,0.8883374689826302,0.8775318838472739,0.003239525825013,7.494382686715315,0.012387087950415559
A2,76.0,0.8858560794044665,0.8762400047249754,0.0032976430354839,7.494382686715315,0.012609312756273671
A2,77.0,0.8858560794044665,0.8792433026903158,0.0031844619314393,7.494382686715315,0.012176538218932246
A2,78.0,0.8858560794044665,0.8743332657342003,0.0032865844384033,7.494382686715315,0.012567027612692495
A2,79.0,0.8833746898263027,0.8776682844634275,0.0035385522222824,7.494382686715315,0.013530485621109263
A2,80.0,0.8833746898263027,0.8774218524060827,0.0035280855265192,7.494382686715315,0.013490463751251664
A2,81.0,0.8833746898263027,0.8757331217751512,0.0035100164810048,7.494382686715315,0.013421372511342802
A2,82.0,0.8833746898263027,0.8735512494203816,0.0033646083591097,7.494382686715315,0.012865370401184559
A2,83.0,0.8808933002481389,0.8733808945485836,0.0031803195914084,7.494382686715315,0.012160699008796277
A2,84.0,0.8808933002481389,0.8727505058678746,0.0032001471992488,7.494382686715315,0.012236514524841561
A2,85.0,0.8808933002481389,0.869090627175201,0.0032243683827714,7.494382686715315,0.01232912990955034
A2,86.0,0.8784119106699751,0.872040394892407,0.0032908247335987,7.494382686715315,0.012583241377409415
A2,87.0,0.8784119106699751,0.8698797191256706,0.0033006783973552,7.494382686715315,0.01262091917538934
A2,88.0,0.8759305210918115,0.8668027847221813,0.0033027987294748,7.494382686715315,0.012629026763310626
A2,89.0,0.8759305210918115,0.8642288132602987,0.0032646064678731,7.494382686715315,0.01248298967978664
A2,90.0,0.8759305210918115,0.8655305623775411,0.0032210325921501,7.494382686715315,0.012316374730538903
A2,91.0,0.8759305210918115,0.8651955394449465,0.0032270898771695,7.494382686715315,0.012339536182655353
A2,92.0,0.8734491315136477,0.8615216451447172,0.0033066608296355,7.494382686715315,0.012643794410475074
A2,93.0,0.8734491315136477,0.862353374307979,0.0035512159888347,7.494382686715315,0.013578908507216752
A2,94.0,0.8709677419354839,0.8612337497628809,0.0036499948871244,7.494382686715315,0.013956612827803472
A2,95.0,0.8709677419354839,0.8589382868604524,0.0037830107482929,7.494382686715315,0.014465230218154995
A2,96.0,0.8709677419354839,0.8613947049389743,0.0035985332393924,7.494382686715315,0.013759837129456621
A2,97.0,0.8734491315136477,0.8587046066055872,0.0031949095311895,7.494382686715315,0.012216487070698525
A2,98.0,0.8709677419354839,0.8618611383135852,0.0031808428532146,7.494382686715315,0.012162699823225489
A2,99.0,0.8684863523573201,0.8586050842506255,0.0032161432374532,7.494382686715315,0.01229767913435515
A2,100.0,0.8684863523573201,0.8578345396163759,0.0031051221674901,7.494382686715315,0.011873163994712256
A2,101.0,0.8684863523573201,0.8587841352456568,0.0031193873217977,7.494382686715315,0.011927710163065082
A2,102.0,0.8684863523573201,0.8569379336229983,0.0030518487958955,7.494382686715315,0.011669460744606251
A2,103.0,0.8660049627791563,0.8570012301853585,0.0032527314172146,7.494382686715315,0.012437582634166966
A2,104.0,0.8660049627791563,0.8536550865191772,0.0032489555851587,7.494382686715315,0.012423144853365436
A2,105.0,0.8660049627791563,0.8512418293213346,0.0031707117728859,7.494382686715315,0.012123961257817131
A2,106.0,0.8635235732009926,0.8525383123687266,0.0031011706345103,7.494382686715315,0.01185805438015638
A2,107.0,0.8635235732009926,0.8489115660844693,0.0030663989552564,7.494382686715315,0.011725096696727519
A2,108.0,0.8610421836228288,0.850037414310699,0.0031359568239234,7.494382686715315,0.011991067546587351
A2,109.0,0.8635235732009926,0.8491320784487096,0.003078135644686,7.494382686715315,0.011769974685687704
A2,110.0,0.8610421836228288,0.8483958650373805,0.0031043387272172,7.494382686715315,0.011870168326800186
A2,111.0,0.8610421836228288,0.8483230809318882,0.003243974438784,7.494382686715315,0.012404098270139925
A2,112.0,0.8610421836228288,0.8476427844110468,0.0031604571381888,7.494382686715315,0.01208475025325851
A2,113.0,0.858560794044665,0.8482126141280817,0.0032448650368972,7.494382686715315,0.012407503681225555
A2,114.0,0.858560794044665,0.8441395278537842,0.0033168200429208,7.494382686715315,0.01268264054885137
A2,115.0,0.858560794044665,0.8456347898534837,0.0031551898010718,7.494382686715315,0.01206460935250415
A2,116.0,0.8560794044665012,0.8429863429115345,0.0032811863060051,7.494382686715315,0.012546386585456905
A2,117.0,0.8560794044665012,0.847067941940238,0.0032440532223219,7.494382686715315,0.01240439951750319
A2,118.0,0.8535980148883374,0.8444077140762126,0.0032163172203448,7.494382686715315,0.012298344398809433
A2,119.0,0.8535980148883374,0.8437175995049873,0.0032998138550452,7.494382686715315,0.012617613394787704
A2,120.0,0.8535980148883374,0.8430154649439274,0.003121982307371,7.494382686715315,0.01193763269996179
A2,121.0,0.8535980148883374,0.8414839642321442,0.0031363340947184,7.494382686715315,0.011992510130092228
A2,122.0,0.8511166253101737,0.8411001891391279,0.0031155334951245,7.494382686715315,0.01191297415152352
A2,123.0,0.8511166253101737,0.8390846785259536,0.0031169092102318,7.494382686715315,0.011918234521389152
A2,124.0,0.8511166253101737,0.8353267837234939,0.0031603289927402,7.494382686715315,0.012084260259034663
A2,125.0,0.8486352357320099,0.8366847538618143,0.003648107122794,7.494382686715315,0.013949394517453924
A2,126.0,0.8461538461538461,0.8367972855054145,0.0039805072872052,7.494382686715315,0.015220404626248966
A2,127.0,0.8461538461538461,0.8371918502881243,0.0038347669702072,7.494382686715315,0.014663132290082785
A2,128.0,0.8486352357320099,0.8355609320927407,0.0032408273623557,7.494382686715315,0.012392064684174031
A2,129.0,0.8461538461538461,0.8325229955755342,0.003259764252828,7.494382686715315,0.012464474333134561
A2,130.0,0.8436724565756824,0.8330592382661702,0.0033747069544166,7.494382686715315,0.012903984752481393
A2,131.0,0.8461538461538461,0.8323757359005199,0.0034519945770702,7.494382686715315,0.013199512132413558
A2,132.0,0.8461538461538461,0.8276031783529835,0.0033561468915623,7.494382686715315,0.01283301599243438
A2,133.0,0.8436724565756824,0.8300457401864041,0.0031958277623368,7.494382686715315,0.012219998143180984
A2,134.0,0.8411910669975186,0.8309328680183414,0.0035868365510539,7.494382686715315,0.013715112094064438
A2,135.0,0.8411910669975186,0.8282705343580792,0.0034171356042269,7.494382686715315,0.013066220661440526
A2,136.0,0.8387096774193549,0.8318202846494411,0.0034553104660675,7.494382686715315,0.013212191212890778
A2,137.0,0.8387096774193549,0.8265057354453604,0.0034906387159155,7.494382686715315,0.013347277074723557
A2,138.0,0.8387096774193549,0.8241613753012043,0.0034000019278605,7.494382686715315,0.013000706025185481
A2,139.0,0.8362282878411911,0.8290494284852333,0.0034629568786964,7.494382686715315,0.013241429067705215
A2,140.0,0.8362282878411911,0.8281210505538229,0.0033677257914216,7.494382686715315,0.012877290635908051
A2,141.0,0.8337468982630273,0.8260969716116526,0.0044752272229427,7.494382686715315,0.017112082509316853
A2,142.0,0.8362282878411911,0.8240308193872752,0.0034214879126751,7.494382686715315,0.013082862735141226
A2,143.0,0.8362282878411911,0.8209325072462519,0.0035143551637379,7.494382686715315,0.01343796248392116
A2,144.0,0.8337468982630273,0.8167820826746641,0.0033641133198383,7.494382686715315,0.012863477502246572
A2,145.0,0.8312655086848635,0.8219664493485668,0.0034530235774319,7.494382686715315,0.013203446757006751
A2,146.0,0.8312655086848635,0.8206698440526861,0.003615306202889,7.494382686715315,0.013823972495323217
A2,147.0,0.8287841191066998,0.8162880855018788,0.0037443120317191,7.494382686715315,0.014317256585079869
A2,148.0,0.8287841191066998,0.8214513168713976,0.0035605027393867,7.494382686715315,0.013614418579392433
A2,149.0,0.8287841191066998,0.8156914247166318,0.0036635228144515,7.494382686715315,0.014008340035623136
A2,150.0,0.8287841191066998,0.814930832245732,0.0037610350461192,7.494382686715315,0.014381200958843049
A2,151.0,0.826302729528536,0.8136559944849884,0.0037467347423123,7.494382686715315,0.014326520388123097
A2,152.0,0.826302729528536,0.8127255347370554,0.0036260885682114,7.494382686715315,0.0138652014018906
A2,153.0,0.8238213399503722,0.8103302250840635,0.0036794309906297,7.494382686715315,0.014069168684040926
A2,154.0,0.8238213399503722,0.8089982658361006,0.0038469701100463,7.494382686715315,0.01470979386175201
A2,155.0,0.8213399503722084,0.8068282816143546,0.0038283752208698,7.494382686715315,0.014638691935081428
A2,156.0,0.8213399503722084,0.8113496609992383,0.0040391516901755,7.494382686715315,0.01544464527646505
A2,157.0,0.8213399503722084,0.8094904279541643,0.0037962892950271,7.494382686715315,0.014516003860698677
A2,158.0,0.8188585607940446,0.8116838535951048,0.0039654061595217,7.494382686715315,0.015162661917324823
A2,159.0,0.8163771712158809,0.8125140692425165,0.0037907080195472,7.494382686715315,0.014494662542870244
A2,160.0,0.8163771712158809,0.8080200779801123,0.0040034047303516,7.494382686715315,0.015307958378685238
A2,161.0,0.8138957816377171,0.809468907735474,0.0039299986832636,7.494382686715315,0.01502727311470289
A2,162.0,0.8138957816377171,0.809987236351319,0.0041688496516486,7.494382686715315,0.015940575897962862
A2,163.0,0.8114143920595533,0.8069527061434336,0.0040245841558884,7.494382686715315,0.015388942887232122
A2,164.0,0.8114143920595533,0.803128052881422,0.0041509334553721,7.494382686715315,0.015872069113019104
A2,165.0,0.8089330024813896,0.8045453675604769,0.0041288586559479,7.494382686715315,0.015787660932092117
A2,166.0,0.8064516129032258,0.8016430288138908,0.0043072706189884,7.494382686715315,0.016469860981409547
A2,167.0,0.8064516129032258,0.8032461720383826,0.0040794159222308,7.494382686715315,0.015598605025720311
A2,168.0,0.8039702233250621,0.8014297532161897,0.0040696997232342,7.494382686715315,0.015561452856540078
A2,169.0,0.8014888337468983,0.7942929665766655,0.0045042727514615,7.494382686715315,0.0172231449103481
A2,170.0,0.8014888337468983,0.7963700179967297,0.0042099949462461,7.494382686715315,0.016097904596808144
A2,171.0,0.7990074441687345,0.7973022340741628,0.0043878059293916,7.494382686715315,0.016777806658328002
A2,172.0,0.7965260545905707,0.795540460155684,0.0043349283249394,7.494382686715315,0.01657561671685592
A2,173.0,0.7965260545905707,0.7907602396642749,0.0045496521506586,7.494382686715315,0.017396663702713103
A2,174.0,0.794044665012407,0.7917717128285682,0.0046303217687986,7.494382686715315,0.01770512293681185
A2,175.0,0.7915632754342432,0.7877247030870149,0.0046504057951445,7.494382686715315,0.017781918929245136
A2,176.0,0.7915632754342432,0.7876674191400296,0.0046139482092519,7.494382686715315,0.017642514785766932
A2,177.0,0.7890818858560794,0.7869402519886667,0.004672393321276,7.494382686715315,0.017865993400237153
A2,178.0,0.7866004962779156,0.7831174725956583,0.0049801168958215,7.494382686715315,0.01904264677119649
A2,179.0,0.7866004962779156,0.7833840009587584,0.0052671729775248,7.494382686715315,0.020140273128518765
A2,180.0,0.7841191066997518,0.7799625478920216,0.0050813427474239,7.494382686715315,0.019429707592559013
A2,181.0,0.7816377171215881,0.7756969334989346,0.0050523374967255,7.494382686715315,0.019318799203235246
A2,182.0,0.7791563275434243,0.7747695388041733,0.0051648333343987,7.494382686715315,0.019748953463637853
A2,183.0,0.7766749379652605,0.7727775534282214,0.0053115662317135,7.494382686715315,0.020310021163800554
A2,184.0,0.7741935483870968,0.7711834692314438,0.0053532821275115,7.494382686715315,0.020469531690369087
A2,185.0,0.7741935483870968,0.7698251337401256,0.0055360396152877,7.494382686715315,0.021168347874268998
A2,186.0,0.771712158808933,0.764631132927055,0.0058151257744165,7.494382686715315,0.02223549936050796
A2,187.0,0.7667493796526055,0.7668605386847736,0.0053472978907817,7.494382686715315,0.02044664955554683
A2,188.0,0.7642679900744417,0.763748993689102,0.0055891130173718,7.494382686715315,0.021371286493979146
A2,189.0,0.7617866004962779,0.7625395882421885,0.005882184831953,7.494382686715315,0.022491915419044325
A2,190.0,0.7593052109181141,0.7592361835423743,0.0056979765091508,7.494382686715315,0.02178755162662411
A2,191.0,0.7568238213399504,0.7609465490537728,0.005977073423234,7.494382686715315,0.022854744236957537
A2,192.0,0.7568238213399504,0.7578765387148167,0.0059093109978268,7.494382686715315,0.022595638686147765
A2,193.0,0.7518610421836228,0.7540173004734062,0.0059314279116856,7.494382686715315,0.02268020790150805
A2,194.0,0.749379652605459,0.7519102132717373,0.0060539201190518,7.494382686715315,0.02314858562956014
A2,195.0,0.749379652605459,0.7506834777163351,0.0062640572271101,7.494382686715315,0.023952094223029585
A2,196.0,0.7444168734491315,0.7488526421889689,0.0063405172465226,7.494382686715315,0.024244457067566966
A2,197.0,0.7419354838709677,0.7427439277026718,0.0063652614357809,7.494382686715315,0.02433907228755925
A2,198.0,0.739454094292804,0.741475126666424,0.0062529066950029,7.494382686715315,0.02390945754427884
A2,199.0,0.7344913151364765,0.738758364814111,0.0065803149626133,7.494382686715315,0.025161379963068928
A2,200.0,0.7320099255583127,0.7386430690265154,0.0065618533982125,7.494382686715315,0.025090787834995968
A2,201.0,0.7295285359801489,0.7335917717874476,0.0065414415265145,7.494382686715315,0.025012738248848677
A2,202.0,0.7270471464019851,0.7385062218913419,0.0068814622177752,7.494382686715315,0.026312887232100103
A2,203.0,0.7245657568238213,0.7335216101481662,0.0071929743575017,7.494382686715315,0.02750402707195577
A2,204.0,0.7196029776674938,0.7317348394589795,0.0076228137617059,7.494382686715315,0.029147619002392162
A2,205.0,0.71712158808933,0.7241806621696462,0.0073766159192781,7.494382686715315,0.028206223720462758
A2,206.0,0.7121588089330024,0.7258201714552702,0.0079195836739348,7.494382686715315,0.03028238847248945
A2,207.0,0.7146401985111662,0.7248287707296892,0.0082670302532159,7.494382686715315,0.0316109320829139
A2,208.0,0.707196029776675,0.7182810929083064,0.0076050490714647,7.494382686715315,0.029079691536362855
A2,209.0,0.707196029776675,0.7169944090146448,0.007730846168256,7.494382686715315,0.029560706285444077
A2,210.0,0.6997518610421837,0.714890065454346,0.0077840261388516,7.494382686715315,0.02976405239489069
A2,211.0,0.6972704714640199,0.7108485333389778,0.0082416310946573,7.494382686715315,0.03151381243395088
A2,212.0,0.6923076923076923,0.708252991010987,0.0081208113198147,7.494382686715315,0.031051829644504
A2,213.0,0.6898263027295285,0.7027953516629177,0.0082388923898119,7.494382686715315,0.03150334035265791
A2,214.0,0.6873449131513648,0.7031130445570819,0.008439655349428,7.494382686715315,0.03227100468758889
A2,215.0,0.684863523573201,0.6997515504160292,0.0083211796069896,7.494382686715315,0.03181798485664825
A2,216.0,0.6823821339950372,0.6989315582515098,0.0080505644834866,7.494382686715315,0.030783224364954752
A2,217.0,0.6823821339950372,0.695277032719278,0.0081538253809959,7.494382686715315,0.03117806666237074
A2,218.0,0.6823821339950372,0.6962914632312449,0.00866114715694,7.494382686715315,0.03311793064161695
A2,219.0,0.6774193548387096,0.6945824193434911,0.0086619637760874,7.494382686715315,0.03312105317674932
A2,220.0,0.674937965260546,0.6937412815920859,0.0084910747772896,7.494382686715315,0.03246761894834391
A2,221.0,0.6724565756823822,0.6894229759750461,0.0086608773261223,7.494382686715315,0.033116898880102726
A2,222.0,0.6699751861042184,0.6887416928896838,0.0087142614009882,7.494382686715315,0.033321025430170535
A2,223.0,0.6674937965260546,0.677770120637239,0.0086144019654652,7.494382686715315,0.03293918942165614
A2,224.0,0.6650124069478908,0.6845267299329919,0.0089142864366216,7.494382686715315,0.034085868139416726
A2,225.0,0.6625310173697271,0.6813242374391645,0.0089543081175736,7.494382686715315,0.03423890043755372
A2,226.0,0.6600496277915633,0.6793674475686671,0.0089843950554138,7.494382686715315,0.034353944911750416
A2,227.0,0.6550868486352357,0.6765478567799822,0.0091004026900827,7.494382686715315,0.03479752735288054
A2,228.0,0.6501240694789082,0.6762884292248131,0.0091844275878722,7.494382686715315,0.035118816286867985
A2,229.0,0.6476426799007444,0.6717171138090836,0.0093311570188432,7.494382686715315,0.03567987073265092
A2,230.0,0.6426799007444168,0.6705870204374518,0.0093824517893028,7.494382686715315,0.035876008336547596
A2,231.0,0.6401985111662531,0.665991812837034,0.0095370742504376,7.494382686715315,0.03646724363721967
A2,232.0,0.6377171215880894,0.6625322909592972,0.0096435023814952,7.494382686715315,0.03687419659608473
A2,233.0,0.6327543424317618,0.6618551055450295,0.009479316587348,7.494382686715315,0.03624639364523095
A2,234.0,0.630272952853598,0.6514680398018005,0.0098311872821975,7.494382686715315,0.03759185390074755
A2,235.0,0.6203473945409429,0.6542882828064552,0.0100254539972054,7.494382686715315,0.03833467831846353
A2,236.0,0.6203473945409429,0.6549923928917846,0.0108937585584424,7.494382686715315,0.041654844771449456
A2,237.0,0.6153846153846154,0.6494749526814534,0.0101287923284481,7.494382686715315,0.0387298167019482
A2,238.0,0.607940446650124,0.6473587470575862,0.0109315333739707,7.494382686715315,0.041799285651854506
A2,239.0,0.6029776674937966,0.6339588019838122,0.0104319787471063,7.494382686715315,0.03988912119160313
A2,240.0,0.5955334987593052,0.640409316507035,0.011324147001594,7.494382686715315,0.043300536081269436
A2,241.0,0.5955334987593052,0.6347324974676297,0.0113839879791078,7.494382686715315,0.04352935211532568
A2,242.0,0.5856079404466501,0.629655767150142,0.0115465196785496,7.494382686715315,0.04415083024652966
A2,243.0,0.5831265508684863,0.6265477661771781,0.0115385215503448,7.494382686715315,0.044120247524593446
A2,244.0,0.5732009925558312,0.62334097085706,0.0121034462097638,7.494382686715315,0.04628036965961412
A2,245.0,0.5707196029776674,0.6197848474327576,0.011898890969182,7.494382686715315,0.04549820464761117
A2,246.0,0.5583126550868487,0.6150872322809402,0.0126393752449459,7.494382686715315,0.04832962021434782
A2,247.0,0.5558312655086849,0.6129868056883468,0.0133469786521667,7.494382686715315,0.051035308056556206
A2,248.0,0.5459057071960298,0.5985395687064323,0.0129511431736171,7.494382686715315,0.049521738123317886
A2,249.0,0.5359801488833746,0.6023045569331464,0.0129431722538118,7.494382686715315,0.049491259439088366
A2,250.0,0.5359801488833746,0.5915187734673836,0.0127176946428152,7.494382686715315,0.04862909282917926
A2,251.0,0.5260545905707196,0.5890080262778192,0.0127117389028053,7.494382686715315,0.04860631965825936
A2,252.0,0.5210918114143921,0.5839057186325632,0.0131794240993788,7.494382686715315,0.050394623865724686
A2,253.0,0.5161290322580645,0.5848915316145636,0.0136880713514012,7.494382686715315,0.0523395561141081
A2,254.0,0.511166253101737,0.5764852795132656,0.0144583555643254,7.494382686715315,0.05528491874052593
A2,255.0,0.4987593052109181,0.5805125859542145,0.0143551811035277,7.494382686715315,0.05489040695418057
A2,256.0,0.4937965260545905,0.5735565267591646,0.0139303206500682,7.494382686715315,0.053265853211462634
A2,257.0,0.4863523573200992,0.5676714408054117,0.0139234579734177,7.494382686715315,0.05323961215525971
A2,258.0,0.4813895781637717,0.5604404036442263,0.0139557542967525,7.494382686715315,0.053363104733875476
A2,259.0,0.4764267990074441,0.5584066791673079,0.014093299884016,7.494382686715315,0.05388904259597531
A2,260.0,0.4689826302729528,0.5520056953893843,0.0147853758159374,7.494382686715315,0.05653535748900191
A2,261.0,0.4615384615384615,0.5571659460689155,0.0151645655870058,7.494382686715315,0.057985278649640704
A2,262.0,0.456575682382134,0.5459180224894009,0.0152956577330468,7.494382686715315,0.05848654026332519
A2,263.0,0.4491315136476427,0.5479050703333457,0.015946977896324,7.494382686715315,0.06097701590148786
A2,264.0,0.4441687344913151,0.5418875506794931,0.0160351357897466,7.494382686715315,0.06131410831511131
A2,265.0,0.4292803970223325,0.5417892520786964,0.0169535029615491,7.494382686715315,0.0648257009192068
A2,266.0,0.4193548387096774,0.5326537389455701,0.0174223878327145,7.494382686715315,0.06661859236427554
A3,1.0,1.0,0.9596182479028283,0.0096511329933204,7.494382686715315,0.03690337403281464
A3,2.0,0.9973753280839897,0.9536612543792036,0.0091036345208712,7.494382686715315,0.0348098850170513
A3,3.0,0.994750656167979,0.9567030218370104,0.0092059331361771,7.494382686715315,0.03520104780242432
A3,4.0,0.994750656167979,0.9527991655589124,0.0095431701754692,7.494382686715315,0.036490552838499224
A3,5.0,0.9921259842519684,0.9530996639330768,0.0097402003049532,7.494382686715315,0.03724394382058541
A3,6.0,0.9921259842519684,0.9544557245538552,0.0093921555772963,7.494382686715315,0.03591311304934216
A3,7.0,0.989501312335958,0.9549075537545022,0.0095965948927408,7.494382686715315,0.03669483479435205
A3,8.0,0.9868766404199476,0.9546180130809224,0.0099026081315207,7.494382686715315,0.03786494829475699
A3,9.0,0.9868766404199476,0.9464619293022256,0.0099046883930047,7.494382686715315,0.037872902663190544
A3,10.0,0.984251968503937,0.944842717521696,0.0101707303160079,7.494382686715315,0.038890176448536914
A3,11.0,0.984251968503937,0.9472609362938124,0.0097157399187132,7.494382686715315,0.03715041378809838
A3,12.0,0.9816272965879264,0.9409580380949518,0.0103105989127728,7.494382686715315,0.03942499688313589
A3,13.0,0.9816272965879264,0.9439324617105872,0.0100482702992311,7.494382686715315,0.03842192180876491
A3,14.0,0.9816272965879264,0.9437702611918029,0.0103295630963207,7.494382686715315,0.03949751089358206
A3,15.0,0.979002624671916,0.9470953258859288,0.0099487730319121,7.494382686715315,0.03804147063545114
A3,16.0,0.979002624671916,0.9451893115839364,0.0096856267688713,7.494382686715315,0.03703526908615603
A3,17.0,0.9763779527559056,0.9383180825028804,0.0095651493830459,7.494382686715315,0.03657459550154296
A3,18.0,0.973753280839895,0.93429327343404,0.0103274672527276,7.494382686715315,0.03948949694329415
A3,19.0,0.973753280839895,0.9348312191101902,0.0100347063691942,7.494382686715315,0.038370056936127356
A3,20.0,0.973753280839895,0.9375512319215892,0.0092323114135054,7.494382686715315,0.035301911341996436
A3,21.0,0.973753280839895,0.9388400652609342,0.0096484074206825,7.494382686715315,0.03689295216560179
A3,22.0,0.973753280839895,0.9375668521099804,0.0092481768058724,7.494382686715315,0.03536257639646227
A3,23.0,0.973753280839895,0.9402461694906478,0.0096373982468772,7.494382686715315,0.036850856003523155
A3,24.0,0.9711286089238844,0.941325836242586,0.0092603469799951,7.494382686715315,0.03540911191597125
A3,25.0,0.9711286089238844,0.9346440383456476,0.0091900785507774,7.494382686715315,0.035140424070936496
A3,26.0,0.968503937007874,0.9336349860742236,0.0094765698486059,7.494382686715315,0.03623589084444681
A3,27.0,0.968503937007874,0.9352413944022322,0.0091400762203763,7.494382686715315,0.03494922841519521
A3,28.0,0.9658792650918636,0.934927829622062,0.0092975990298591,7.494382686715315,0.03555155387906219
A3,29.0,0.968503937007874,0.9327476826890326,0.0100287332046846,7.494382686715315,0.03834721713853988
A3,30.0,0.9658792650918636,0.938305782679648,0.0098992904269858,7.494382686715315,0.03785226227214528
A3,31.0,0.9658792650918636,0.9402695169874103,0.0097757900560159,7.494382686715315,0.03738002959373873
A3,32.0,0.963254593175853,0.9330347707593408,0.0091674134353299,7.494382686715315,0.0350537586780303
A3,33.0,0.963254593175853,0.9296697234043894,0.0091278704601217,7.494382686715315,0.03490255682375179
A3,34.0,0.9606299212598424,0.9232493300989562,0.0099546217127405,7.494382686715315,0.038063834440442576
A3,35.0,0.963254593175853,0.9321029133783268,0.009360642776519,7.494382686715315,0.03579261645327296
A3,36.0,0.9606299212598424,0.9305347360780946,0.0099321748774737,7.494382686715315,0.03797800369308089
A3,37.0,0.9606299212598424,0.9317216651441204,0.0093988184805188,7.494382686715315,0.03593859022491673
A3,38.0,0.9606299212598424,0.924117152907038,0.0090741399640712,7.494382686715315,0.034697105650910984
A3,39.0,0.958005249343832,0.9223656616942538,0.00958874004898,7.494382686715315,0.03666479995414472
A3,40.0,0.958005249343832,0.9206083318129475,0.0095514924812247,7.494382686715315,0.03652237512944924
A3,41.0,0.958005249343832,0.919958741897672,0.0095579712577602,7.494382686715315,0.03654714825338506
A3,42.0,0.958005249343832,0.9254704270338118,0.0098719292033777,7.494382686715315,0.037747640206580134
A3,43.0,0.9553805774278216,0.9290874552627676,0.0092126503737871,7.494382686715315,0.035226732738292535
A3,44.0,0.9553805774278216,0.924068032729188,0.0094734278211757,7.494382686715315,0.03622387656451115
A3,45.0,0.952755905511811,0.9182272434148344,0.0091579948582194,7.494382686715315,0.03501774453604238
A3,46.0,0.952755905511811,0.9179050636717878,0.0094376671483909,7.494382686715315,0.036087137232004185
A3,47.0,0.952755905511811,0.9166803246456504,0.0089763816748951,7.494382686715315,0.03432330386900927
A3,48.0,0.952755905511811,0.917059909509711,0.0095712395026076,7.494382686715315,0.03659788250424466
A3,49.0,0.952755905511811,0.9196288687494624,0.0101416715461341,7.494382686715315,0.038779063416074455
A3,50.0,0.952755905511811,0.9220881546348172,0.009781244984788,7.494382686715315,0.037400887795251296
A3,51.0,0.9501312335958004,0.9126195840539046,0.0094611429579315,7.494382686715315,0.036176902504205855
A3,52.0,0.9501312335958004,0.911092321459898,0.0096349274291257,7.494382686715315,0.03684140825145989
A3,53.0,0.94750656167979,0.90891182800633,0.009749680209482,7.494382686715315,0.03728019246236288
A3,54.0,0.94750656167979,0.9076032021398048,0.0097282801407932,7.494382686715315,0.037198364272895676
A3,55.0,0.94750656167979,0.9104866523252222,0.0092650358010071,7.494382686715315,0.03542704072450581
A3,56.0,0.9422572178477692,0.9046530967697376,0.009331570140259,7.494382686715315,0.03568145039942567
A3,57.0,0.9448818897637796,0.9101120747839349,0.0093853139030617,7.494382686715315,0.03588695230080985
A3,58.0,0.9448818897637796,0.904357531591086,0.0094676551786264,7.494382686715315,0.0362018035097411
A3,59.0,0.9448818897637796,0.9145893748066314,0.0091493531776844,7.494382686715315,0.034984701040602424
A3,60.0,0.9422572178477692,0.902478950878288,0.0095120790468507,7.494382686715315,0.03637166860497919
A3,61.0,0.9422572178477692,0.9035559178885556,0.0090688783176511,7.494382686715315,0.03467698650987296
A3,62.0,0.9422572178477692,0.905606313849572,0.0091720181988846,7.494382686715315,0.03507136607313194
A3,63.0,0.9422572178477692,0.8996578126258665,0.0097097076713097,7.494382686715315,0.03712734807318761
A3,64.0,0.9422572178477692,0.9079663109338888,0.0089884387171467,7.494382686715315,0.03436940680223464
A3,65.0,0.9396325459317584,0.8974730167672422,0.0093783110426848,7.494382686715315,0.035860175219200145
A3,66.0,0.9396325459317584,0.9065307128761584,0.0093066331628843,7.494382686715315,0.035586098008784775
A3,67.0,0.937007874015748,0.9005909938820602,0.0089626061651156,7.494382686715315,0.034270629971526204
A3,68.0,0.937007874015748,0.9081133253347596,0.0087249702087474,7.494382686715315,0.03336197307211649
A3,69.0,0.937007874015748,0.9054215623861112,0.0091657446498491,7.494382686715315,0.035047377684749914
A3,70.0,0.937007874015748,0.9018184363192494,0.0087329035781976,7.494382686715315,0.03339230817374278
A3,71.0,0.9343832020997376,0.894791672473195,0.0092743939126549,7.494382686715315,0.035462823662593866
A3,72.0,0.9343832020997376,0.9022735281031184,0.009384914763935,7.494382686715315,0.03588542609860189
A3,73.0,0.9343832020997376,0.9035893394020894,0.0088461045706877,7.494382686715315,0.033825158759227335
A3,74.0,0.9343832020997376,0.9010663784808514,0.0094387270683035,7.494382686715315,0.036091190084763185
A3,75.0,0.9343832020997376,0.9002392890218904,0.0091960941356523,7.494382686715315,0.03516342607275516
A3,76.0,0.931758530183727,0.8991539642310236,0.009020467310311,7.494382686715315,0.034491875651654194
A3,77.0,0.931758530183727,0.8996270049069575,0.0090924989286435,7.494382686715315,0.034767305464439166
A3,78.0,0.9291338582677166,0.8858569957081558,0.0096030765168451,7.494382686715315,0.036719618806636066
A3,79.0,0.9291338582677166,0.8816632118246539,0.0099731120589221,7.494382686715315,0.038134536622415206
A3,80.0,0.9291338582677166,0.886227653264586,0.0094069634644062,7.494382686715315,0.03596973448405149
A3,81.0,0.9291338582677166,0.8947143888510556,0.0093964593778617,7.494382686715315,0.035929569641758564
A3,82.0,0.9291338582677166,0.8971679027023478,0.0092713247704269,7.494382686715315,0.03545108807634942
A3,83.0,0.926509186351706,0.8937357139639912,0.0093693342720687,7.494382686715315,0.03582585042812307
A3,84.0,0.926509186351706,0.89376464508139,0.0093278216152302,7.494382686715315,0.03566711703345663
A3,85.0,0.926509186351706,0.89406988288829,0.0094251665314126,7.494382686715315,0.03603933818661641
A3,86.0,0.9238845144356956,0.8952445430316396,0.0088593133666797,7.494382686715315,0.033875665693423894
A3,87.0,0.9238845144356956,0.8899416672733318,0.0093664699647632,7.494382686715315,0.03581489807632014
A3,88.0,0.9212598425196852,0.8887676894020345,0.009840530745259,7.494382686715315,0.03762758082652496
A3,89.0,0.9212598425196852,0.891448152826664,0.0098781469180335,7.494382686715315,0.03777141509909598
A3,90.0,0.9212598425196852,0.8914812363828737,0.009742445507383,7.494382686715315,0.037252528879469546
A3,91.0,0.9186351706036744,0.890221440578757,0.0097892819887991,7.494382686715315,0.03743161916796474
A3,92.0,0.9186351706036744,0.8890159443474501,0.0104526578925712,7.494382686715315,0.039968192761780263
A3,93.0,0.916010498687664,0.8673960524998925,0.0113117602661923,7.494382686715315,0.04325317248884036
A3,94.0,0.9133858267716536,0.8697955615844206,0.0110949990973107,7.494382686715315,0.04242433524283369
A3,95.0,0.9133858267716536,0.8653240774709308,0.0116103550450584,7.494382686715315,0.0443949197651827
A3,96.0,0.916010498687664,0.8848982420432967,0.0110209956440921,7.494382686715315,0.04214136565618142
A3,97.0,0.9133858267716536,0.88147225149675,0.0104877793321302,7.494382686715315,0.0401024878358937
A3,98.0,0.910761154855643,0.8807403938345483,0.0102345084294303,7.494382686715315,0.03913404704656547
A3,99.0,0.910761154855643,0.8806954504431355,0.0103234526762667,7.494382686715315,0.0394741462671795
A3,100.0,0.910761154855643,0.8803209798502785,0.0104596138681969,7.494382686715315,0.039994790568530614
A3,101.0,0.910761154855643,0.8817969223162346,0.0104968160707355,7.494382686715315,0.040137041928663846
A3,102.0,0.9081364829396326,0.8809802172139376,0.0103509751596245,7.494382686715315,0.03957938494727724
A3,103.0,0.9081364829396326,0.8796048036286236,0.0107597646277777,7.494382686715315,0.04114248750263254
A3,104.0,0.9081364829396326,0.8778566961502842,0.010911783186094,7.494382686715315,0.041723766169226226
A3,105.0,0.905511811023622,0.8614547897465119,0.011479498571775,7.494382686715315,0.04389455930164598
A3,106.0,0.905511811023622,0.8761946016723974,0.0108763002312834,7.494382686715315,0.041588088756629046
A3,107.0,0.9028871391076116,0.8644929061029607,0.0112291899653496,7.494382686715315,0.04293744554796107
A3,108.0,0.905511811023622,0.8820095070122795,0.0106383790851464,7.494382686715315,0.04067834136714779
A3,109.0,0.9028871391076116,0.8764520782695144,0.010569707022649,7.494382686715315,0.04041575760525161
A3,110.0,0.9028871391076116,0.8773317029930153,0.0106184327905106,7.494382686715315,0.04060207202426099
A3,111.0,0.9028871391076116,0.8759228376829467,0.0107798169549678,7.494382686715315,0.04121916228589755
A3,112.0,0.9002624671916011,0.8591122430424578,0.0116109387211979,7.494382686715315,0.044397151588006493
A3,113.0,0.9002624671916011,0.8755673519499105,0.011221274438565,7.494382686715315,0.04290717867195791
A3,114.0,0.9002624671916011,0.8762950688236651,0.0105839713667275,7.494382686715315,0.040470300675503154
A3,115.0,0.8976377952755905,0.8733337217371648,0.0111266850816596,7.494382686715315,0.0425454940469694
A3,116.0,0.8976377952755905,0.8735071082839957,0.0110398126322714,7.494382686715315,0.042213316830559844
A3,117.0,0.89501312335958,0.872144674955338,0.0110093488250726,7.494382686715315,0.04209683130784464
A3,118.0,0.89501312335958,0.8713835614206392,0.0110628673722414,7.494382686715315,0.04230147204434988
A3,119.0,0.89501312335958,0.8693683935513026,0.0111069059051516,7.494382686715315,0.04246986371949997
A3,120.0,0.89501312335958,0.8750468276700443,0.0106513171712133,7.494382686715315,0.04072781317835648
A3,121.0,0.89501312335958,0.8734825003777438,0.0111085269964856,7.494382686715315,0.0424760623430068
A3,122.0,0.8923884514435696,0.8733387153149172,0.0106022210193355,7.494382686715315,0.04054008250905866
A3,123.0,0.8923884514435696,0.8711815075356797,0.0112523610280494,7.494382686715315,0.043026045549032485
A3,124.0,0.8923884514435696,0.8543681926370452,0.0119697850410613,7.494382686715315,0.045769284784324835
A3,125.0,0.8871391076115486,0.8527330453975768,0.0117923485131665,7.494382686715315,0.04509081454041485
A3,126.0,0.8871391076115486,0.8514681403055702,0.0123208279646856,7.494382686715315,0.04711157986211998
A3,127.0,0.889763779527559,0.8705264023129464,0.011061245875411,7.494382686715315,0.042295271870332316
A3,128.0,0.8871391076115486,0.8658941947828169,0.0114113970826481,7.494382686715315,0.04363415726105851
A3,129.0,0.884514435695538,0.8553939456149118,0.0112856455543694,7.494382686715315,0.04315331675388917
A3,130.0,0.884514435695538,0.852505621586866,0.0116147038602656,7.494382686715315,0.044411548481655884
A3,131.0,0.889763779527559,0.8711202458402708,0.0106254765151105,7.494382686715315,0.04062900535982627
A3,132.0,0.8871391076115486,0.8548161955987402,0.0120105947020035,7.494382686715315,0.04592533010904937
A3,133.0,0.884514435695538,0.8545832493010093,0.0120254105380348,7.494382686715315,0.04598198193832685
A3,134.0,0.8818897637795275,0.843987418576179,0.0127322618892765,7.494382686715315,0.04868479411784263
A3,135.0,0.8818897637795275,0.8618945362118433,0.0114129819099292,7.494382686715315,0.04364021722044073
A3,136.0,0.8818897637795275,0.8667784618376828,0.0111162145926682,7.494382686715315,0.04250545767281275
A3,137.0,0.8792650918635171,0.860934152680584,0.0110728990372998,7.494382686715315,0.04233983047211978
A3,138.0,0.8792650918635171,0.8499122699834072,0.0119240933157853,7.494382686715315,0.04559457173983235
A3,139.0,0.8792650918635171,0.8567562336306436,0.0116844385273445,7.494382686715315,0.04467819536177322
A3,140.0,0.8792650918635171,0.8637648427422844,0.0108107297833701,7.494382686715315,0.04133736474665856
A3,141.0,0.8792650918635171,0.8443535480301753,0.0127075017825886,7.494382686715315,0.04859011803381929
A3,142.0,0.8818897637795275,0.8671678399074931,0.0116405872392255,7.494382686715315,0.044510519661065735
A3,143.0,0.8766404199475065,0.8628545396317301,0.0109075666846574,7.494382686715315,0.0417076433855352
A3,144.0,0.8766404199475065,0.8608161804330926,0.0114364124106038,7.494382686715315,0.04372980924355027
A3,145.0,0.8766404199475065,0.8581268368439134,0.0113133231115472,7.494382686715315,0.04325914839516423
A3,146.0,0.8740157480314961,0.865614196759488,0.0112583139888541,7.494382686715315,0.04304880809300847
A3,147.0,0.8740157480314961,0.8594003421160565,0.0109655810969303,7.494382686715315,0.04192947511833615
A3,148.0,0.8740157480314961,0.860411751018692,0.0112207748792782,7.494382686715315,0.0429052684896793
A3,149.0,0.8740157480314961,0.8497557419428465,0.0116637496328671,7.494382686715315,0.04459908651395677
A3,150.0,0.8713910761154856,0.8474379730847306,0.0120920290904258,7.494382686715315,0.04623671362196558
A3,151.0,0.8713910761154856,0.8495398008270219,0.0116903672912078,7.494382686715315,0.044700865383059944
A3,152.0,0.8713910761154856,0.8466527030646744,0.012096577113563,7.494382686715315,0.04625410405675268
A3,153.0,0.8713910761154856,0.8464121166948353,0.0123781417736474,7.494382686715315,0.04733073267359056
A3,154.0,0.868766404199475,0.8485079916876278,0.0120414149277658,7.494382686715315,0.04604317848186416
A3,155.0,0.868766404199475,0.8480384442317047,0.0119730759048496,7.494382686715315,0.045781868175037065
A3,156.0,0.868766404199475,0.8510799057065633,0.0115478378129227,7.494382686715315,0.044155870442932475
A3,157.0,0.868766404199475,0.8504441131684417,0.01155852382716,7.494382686715315,0.044196730928493286
A3,158.0,0.8661417322834646,0.841129251895693,0.0079166115059379,7.494382686715315,0.030271023689996672
A3,159.0,0.863517060367454,0.838305948652572,0.0078850127768908,7.494382686715315,0.030150198527003506
A3,160.0,0.863517060367454,0.8395989273319548,0.0081727186271973,7.494382686715315,0.03125030942720953
A3,161.0,0.8661417322834646,0.8473111101727082,0.0075175581164431,7.494382686715315,0.028745149318378203
A3,162.0,0.863517060367454,0.8365926471270052,0.008500769073067,7.494382686715315,0.032504687365420504
A3,163.0,0.8608923884514436,0.8388485840502206,0.0085106271056927,7.494382686715315,0.03254238186879805
A3,164.0,0.8608923884514436,0.8380492637249137,0.0081294088409775,7.494382686715315,0.0310847042862114
A3,165.0,0.8608923884514436,0.8355437185721792,0.0085509288584691,7.494382686715315,0.032696485087343984
A3,166.0,0.8582677165354331,0.8363807507155072,0.0082002233889067,7.494382686715315,0.03135548034442183
A3,167.0,0.8582677165354331,0.8361462581747547,0.0078977855196274,7.494382686715315,0.03019903810914996
A3,168.0,0.8582677165354331,0.8429989830112585,0.0075712038925037,7.494382686715315,0.02895027654443706
A3,169.0,0.8556430446194225,0.8337001438404846,0.0080142063404606,7.494382686715315,0.030644200464635934
A3,170.0,0.8556430446194225,0.834768905392089,0.008303953101758,7.494382686715315,0.03175211526742179
A3,171.0,0.8556430446194225,0.8339835147270489,0.0087517069398245,7.494382686715315,0.03346420724379725
A3,172.0,0.8530183727034121,0.8345513559106779,0.0085056657323154,7.494382686715315,0.03252341089227274
A3,173.0,0.8530183727034121,0.8322662764544551,0.0087394729694326,7.494382686715315,0.03341742778426736
A3,174.0,0.8503937007874016,0.8322388298677611,0.0084947001324491,7.494382686715315,0.0324814813453853
A3,175.0,0.8503937007874016,0.8323852125477691,0.0083746218766878,7.494382686715315,0.032022333928327214
A3,176.0,0.8503937007874016,0.8323323999309098,0.0082490285768971,7.494382686715315,0.03154209844494931
A3,177.0,0.847769028871391,0.8299995563396627,0.0086905636216006,7.494382686715315,0.033230411404118566
A3,178.0,0.847769028871391,0.8310271465802221,0.0085053436778503,7.494382686715315,0.03252217944137545
A3,179.0,0.8451443569553806,0.8299840315380016,0.0089280632750042,7.494382686715315,0.03413854711712582
A3,180.0,0.8451443569553806,0.8306186490050447,0.0085555733450607,7.494382686715315,0.03271424437280807
A3,181.0,0.8451443569553806,0.8282746226902662,0.0085098130059601,7.494382686715315,0.03253926896723997
A3,182.0,0.84251968503937,0.8261682203917965,0.0088152096710143,7.494382686715315,0.03370702485317269
A3,183.0,0.84251968503937,0.8273334492109625,0.0089040549581895,7.494382686715315,0.03404674567827669
A3,184.0,0.8398950131233596,0.8282828766778128,0.008772701547975,7.494382686715315,0.033544485059654364
A3,185.0,0.8398950131233596,0.8274793225598256,0.0087549352614734,7.494382686715315,0.03347655148994846
A3,186.0,0.8372703412073491,0.8259017930407961,0.0092455638445391,7.494382686715315,0.03535258512502473
A3,187.0,0.8372703412073491,0.8263037069401808,0.0088205847885631,7.494382686715315,0.03372757787772545
A3,188.0,0.8372703412073491,0.8255618001424647,0.0088047048795535,7.494382686715315,0.03366685731546671
A3,189.0,0.8346456692913385,0.8242755697738287,0.0087235998898489,7.494382686715315,0.03335673333592276
A3,190.0,0.8346456692913385,0.8222451361242962,0.0088229638450572,7.494382686715315,0.033736674759066505
A3,191.0,0.8320209973753281,0.8236072086206722,0.0087378880668542,7.494382686715315,0.03341136753696824
A3,192.0,0.8320209973753281,0.8200537867180739,0.0090191208369407,7.494382686715315,0.034486727094438806
A3,193.0,0.8320209973753281,0.8216366285976637,0.0088295357552059,7.494382686715315,0.03376180400124931
A3,194.0,0.8293963254593176,0.8196211819929586,0.0090159604771544,7.494382686715315,0.034474642716433364
A3,195.0,0.8267716535433071,0.8204461569754978,0.0091344804738419,7.494382686715315,0.03492783176389068
A3,196.0,0.8267716535433071,0.8192334728466215,0.0089251763728005,7.494382686715315,0.03412750836842213
A3,197.0,0.8267716535433071,0.8180711323017125,0.0087266412762089,7.494382686715315,0.03336836279108611
A3,198.0,0.8241469816272966,0.8182060117748715,0.0086339469847916,7.494382686715315,0.03301392439413864
A3,199.0,0.8241469816272966,0.8145781257214151,0.0088526739087608,7.494382686715315,0.03385027816647489
A3,200.0,0.821522309711286,0.8146674597198049,0.0089817176324651,7.494382686715315,0.03434370715618448
A3,201.0,0.821522309711286,0.8148646924583753,0.0091319091704392,7.494382686715315,0.034917999781336154
A3,202.0,0.8188976377952756,0.8096238038306527,0.0102577845602652,7.494382686715315,0.039223048800331735
A3,203.0,0.821522309711286,0.812066611955637,0.0098197876047545,7.494382686715315,0.03754826455628161
A3,204.0,0.8136482939632546,0.8067441195743866,0.0109991399902657,7.494382686715315,0.042057795429924515
A3,205.0,0.8162729658792651,0.8081067157903801,0.0102460335700017,7.494382686715315,0.0391781161287739
A3,206.0,0.8110236220472441,0.8052183901160643,0.0104428136057439,7.494382686715315,0.039930550818691755
A3,207.0,0.8162729658792651,0.802483990301964,0.0108923321141095,7.494382686715315,0.041649390426473545
A3,208.0,0.8083989501312336,0.8121961310003433,0.0093355888537184,7.494382686715315,0.03569681689432587
A3,209.0,0.8110236220472441,0.8008842106443519,0.0107790171381154,7.494382686715315,0.041216103998286936
A3,210.0,0.8031496062992126,0.8017357720403029,0.010120923706927,7.494382686715315,0.03869972917923799
A3,211.0,0.8031496062992126,0.8007852699735932,0.0110073385297154,7.494382686715315,0.04208914447133182
A3,212.0,0.800524934383202,0.8021401071448355,0.0107700519758038,7.494382686715315,0.041181823594288895
A3,213.0,0.8031496062992126,0.8067658290118034,0.010338098106098,7.494382686715315,0.0395301465083232
A3,214.0,0.7979002624671916,0.7961246663005361,0.0104602498811731,7.494382686715315,0.03999722251354336
A3,215.0,0.800524934383202,0.8034534309217146,0.0098173982481778,7.494382686715315,0.03753912829015526
A3,216.0,0.7926509186351706,0.7966385619477365,0.0102863954797791,7.494382686715315,0.03933244937174392
A3,217.0,0.7979002624671916,0.7962866780992077,0.0102902210716921,7.494382686715315,0.03934707742104757
A3,218.0,0.7926509186351706,0.7917530582846414,0.01079178878065,7.494382686715315,0.041264939373552606
A3,219.0,0.7952755905511811,0.7985424866942274,0.0098848526296047,7.494382686715315,0.0377970559624474
A3,220.0,0.7874015748031497,0.7922415939479874,0.0106905826873232,7.494382686715315,0.04087795410259803
A3,221.0,0.7874015748031497,0.7944803762933353,0.010496874786892,7.494382686715315,0.040137266443680535
A3,222.0,0.7847769028871391,0.7907117790710719,0.0105566463087632,7.494382686715315,0.04036581689777231
A3,223.0,0.7821522309711286,0.7922793598608322,0.0102149134671828,7.494382686715315,0.03905912110559265
A3,224.0,0.7795275590551181,0.7864783573246793,0.0104958181419557,7.494382686715315,0.0401332261135627
A3,225.0,0.7821522309711286,0.7956761464518984,0.0099516803054728,7.494382686715315,0.03805258727882353
A3,226.0,0.7769028871391076,0.7849495653254253,0.0107084053175378,7.494382686715315,0.04094610311572562
A3,227.0,0.7769028871391076,0.7928092875934847,0.0098990124253927,7.494382686715315,0.037851199267752024
A3,228.0,0.7716535433070866,0.7847751572126542,0.0106814384931212,7.494382686715315,0.04084298912811279
A3,229.0,0.7716535433070866,0.794299256869054,0.0101490870163002,7.494382686715315,0.03880741820813444
A3,230.0,0.7664041994750657,0.7803327277957789,0.010726934952952,7.494382686715315,0.04101695552930806
A3,231.0,0.7664041994750657,0.7907180597823122,0.010174434254009,7.494382686715315,0.03890433932553214
A3,232.0,0.7611548556430446,0.7772934296454139,0.010901234919171,7.494382686715315,0.04168343239287822
A3,233.0,0.7611548556430446,0.780722312764948,0.0104834909403185,7.494382686715315,0.04008609016246656
A3,234.0,0.7559055118110236,0.7774756622487389,0.0104269996189137,7.494382686715315,0.03987008232537095
A3,235.0,0.7559055118110236,0.779479944043873,0.010804305819381,7.494382686715315,0.04131280121136927
A3,236.0,0.7506561679790026,0.7744122618586596,0.0108347288631528,7.494382686715315,0.04142913086554609
A3,237.0,0.7480314960629921,0.7757667450259291,0.0107806781194052,7.494382686715315,0.041222455150409835
A3,238.0,0.7427821522309711,0.7694405072351637,0.0112425194159464,7.494382686715315,0.04298841383338063
A3,239.0,0.7427821522309711,0.7801402731677389,0.011131122326248,7.494382686715315,0.042562460893953484
A3,240.0,0.7349081364829396,0.7643741590213474,0.0117364831507744,7.494382686715315,0.04487720020464089
A3,241.0,0.7349081364829396,0.7710835432558674,0.011668151553128,7.494382686715315,0.04461591829007705
A3,242.0,0.7296587926509186,0.7665179011216887,0.01105275707911,7.494382686715315,0.04226281296367327
A3,243.0,0.7296587926509186,0.7677204221487297,0.0115271352012703,7.494382686715315,0.044076709144275264
A3,244.0,0.7217847769028871,0.7580090707094351,0.0119317919333825,7.494382686715315,0.04562400921260593
A3,245.0,0.7217847769028871,0.7652852474988024,0.011980013915967,7.494382686715315,0.045808397290270114
A3,246.0,0.7139107611548556,0.7555516940290921,0.0120607923943522,7.494382686715315,0.046117272777087444
A3,247.0,0.7139107611548556,0.754854273439966,0.0125175942183666,7.494382686715315,0.047863961853089464
A3,248.0,0.7086614173228346,0.7562213649004749,0.0128641793897088,7.494382686715315,0.049189211667916434
A3,249.0,0.7034120734908137,0.7459339786622637,0.0119202854635141,7.494382686715315,0.045580011522216135
A3,250.0,0.7007874015748031,0.7523914396441844,0.0121107648370668,7.494382686715315,0.04630835415023883
A3,251.0,0.6955380577427821,0.7461736829730536,0.0119258463547165,7.494382686715315,0.04560127489597132
A3,252.0,0.6929133858267716,0.7588798660661761,0.0118209247886708,7.494382686715315,0.04520008264231851
A3,253.0,0.6876640419947506,0.7399033606446649,0.0123255771925201,7.494382686715315,0.047129739650329815
A3,254.0,0.6850393700787402,0.7422231383953999,0.0133625382857121,7.494382686715315,0.051094803970345486
A3,255.0,0.6771653543307087,0.7331949265736827,0.0126215638094729,7.494382686715315,0.04826151400694436
A3,256.0,0.6745406824146981,0.7490885505605377,0.0121997842290407,7.494382686715315,0.04664874070593754
A3,257.0,0.6692913385826772,0.740320084764901,0.0117142900561108,7.494382686715315,0.04479233969407872
A3,258.0,0.6666666666666666,0.7390338134400719,0.0124018255230947,7.494382686715315,0.04742129305287018
A3,259.0,0.6614173228346457,0.7259726763889303,0.0123811698094737,7.494382686715315,0.047342311079852296
A3,260.0,0.6587926509186351,0.728497388621081,0.012229623025426,7.494382686715315,0.04676283635299348
A3,261.0,0.6509186351706037,0.7153605336406889,0.0131369674288272,7.494382686715315,0.05023228081287917
A3,262.0,0.6482939632545932,0.72344043380277,0.0130409110992405,7.494382686715315,0.04986498687325461
A3,263.0,0.6430446194225722,0.7107986643852331,0.0133599153135593,7.494382686715315,0.05108477442018806
A3,264.0,0.6404199475065617,0.710712712435149,0.0146715764836616,7.494382686715315,0.056100219010797855
A3,265.0,0.6325459317585301,0.7184211163900699,0.0135187650821205,7.494382686715315,0.051692173823791474
A3,266.0,0.6220472440944882,0.6973333827031968,0.0140235600666642,7.494382686715315,0.053622376022579736
A4,1.0,1.0,1.0311228826750949,0.0108357180409564,6.917592669956866,0.038244112792424394
A4,2.0,0.9925187032418952,1.0299334563662097,0.0090979767114456,6.917592669956866,0.03211084362109011
A4,3.0,0.9875311720698254,1.0248573713469595,0.0077914995640049,6.917592669956866,0.027499699329720486
A4,4.0,0.9825436408977556,1.0157224466402204,0.0070575485986363,6.917592669956866,0.024909256924559114
A4,5.0,0.9775561097256856,1.016286084506891,0.006854551454943,6.917592669956866,0.0241927888851913
A4,6.0,0.972568578553616,1.015294244848012,0.0067398695700845,6.917592669956866,0.023788025036298347
A4,7.0,0.9675810473815462,1.012138482513086,0.0066565745169498,6.917592669956866,0.023494039405157534
A4,8.0,0.9625935162094764,1.0113420222031195,0.0064066448589334,6.917592669956866,0.02261192545615821
A4,9.0,0.9600997506234414,1.0081228184520212,0.0066614013013352,6.917592669956866,0.02351107529385104
A4,10.0,0.9576059850374063,1.0040450107826198,0.0063306614520649,6.917592669956866,0.022343745906667545
A4,11.0,0.9551122194513716,0.996967412369396,0.0067035590024097,6.917592669956866,0.02365986874425907
A4,12.0,0.9526184538653366,0.9976258261178758,0.0066029294549754,6.917592669956866,0.023304701901805107
A4,13.0,0.9476309226932668,1.0000356844128762,0.0063967248972395,6.917592669956866,0.02257691345856986
A4,14.0,0.9476309226932668,0.9977710096249488,0.0062594865087902,6.917592669956866,0.022092537583573175
A4,15.0,0.942643391521197,0.9967460054344092,0.0064149160510159,6.917592669956866,0.022641118205705156
A4,16.0,0.942643391521197,0.9953777102930056,0.0064806832197095,6.917592669956866,0.022873240064916475
A4,17.0,0.940149625935162,0.9948503784745808,0.0066281258090731,6.917592669956866,0.023393631145296682
A4,18.0,0.940149625935162,0.9857229584011016,0.0065932565716732,6.917592669956866,0.023270561954767073
A4,19.0,0.9376558603491272,0.986077139889692,0.0066605098937584,6.917592669956866,0.02350792911638663
A4,20.0,0.9351620947630924,0.9797825357975618,0.0066382927879812,6.917592669956866,0.023429514977512503
A4,21.0,0.9351620947630924,0.9831647814224204,0.0062456781131183,6.917592669956866,0.02204380155707613
A4,22.0,0.9326683291770572,0.9831699637667348,0.0060407973279018,6.917592669956866,0.021320685301263267
A4,23.0,0.9326683291770572,0.98108957755699,0.006123733187435,6.917592669956866,0.021613403176953247
A4,24.0,0.9301745635910224,0.9810248081429254,0.00615339734118,6.917592669956866,0.021718101290860194
A4,25.0,0.9276807980049876,0.9780847148803,0.0060800261007436,6.917592669956866,0.02145914124923086
A4,26.0,0.9276807980049876,0.972630422070099,0.0060946532031166,6.917592669956866,0.02151076685916875
A4,27.0,0.9276807980049876,0.9669538716577374,0.0062315605922822,6.917592669956866,0.021993974489117697
A4,28.0,0.9251870324189526,0.967824125835764,0.0062866330266315,6.917592669956866,0.022188349830285403
A4,29.0,0.9251870324189526,0.972947411325732,0.0059662455881919,6.917592669956866,0.021057558747807358
A4,30.0,0.9226932668329176,0.9705835858376746,0.0060021162616861,6.917592669956866,0.021184162455828107
A4,31.0,0.9226932668329176,0.9719953240347892,0.0058656034404671,6.917592669956866,0.020702347433272324
A4,32.0,0.9201995012468828,0.9706544772360096,0.0058281093612376,6.917592669956866,0.020570013997714
A4,33.0,0.9201995012468828,0.9654929149278588,0.0057008067141125,6.917592669956866,0.020120705813703996
A4,34.0,0.9201995012468828,0.9597979754343292,0.0061201583610152,6.917592669956866,0.021600786009886387
A4,35.0,0.917705735660848,0.9614797071195768,0.0059100355966878,6.917592669956866,0.020859168456825377
A4,36.0,0.9152119700748128,0.9644656281490828,0.0058662636152456,6.917592669956866,0.020704677486398128
A4,37.0,0.9152119700748128,0.9633095353484274,0.0058708372789372,6.917592669956866,0.020720819998544998
A4,38.0,0.9152119700748128,0.9629934371722404,0.0057475886850372,6.917592669956866,0.020285820388108174
A4,39.0,0.912718204488778,0.9632726301944384,0.0056156413380623,6.917592669956866,0.01982011897346303
A4,40.0,0.9152119700748128,0.9540502566751208,0.0058834864565025,6.917592669956866,0.020765464624005924
A4,41.0,0.912718204488778,0.95183250977988,0.0059207246813251,6.917592669956866,0.020896895034517003
A4,42.0,0.912718204488778,0.9519750011163048,0.0059231034446178,6.917592669956866,0.02090529075793179
A4,43.0,0.9102244389027432,0.956531017241252,0.0056175451287046,6.917592669956866,0.019826838305193713
A4,44.0,0.9077306733167082,0.9586507360353372,0.0056860955729383,6.917592669956866,0.020068783593114196
A4,45.0,0.9077306733167082,0.9547286805739764,0.0055366564638788,6.917592669956866,0.019541345898549892
A4,46.0,0.9077306733167082,0.952776588739676,0.0057033944237222,6.917592669956866,0.020129839002461156
A4,47.0,0.9077306733167082,0.9468128048826868,0.0056803631783224,6.917592669956866,0.020048551399416237
A4,48.0,0.9077306733167082,0.9449112449789888,0.0055680632718268,6.917592669956866,0.019652194621363955
A4,49.0,0.9052369077306732,0.9482081305097192,0.0054070510934672,6.917592669956866,0.01908391037043904
A4,50.0,0.9052369077306732,0.946490035659182,0.0054536352680759,6.917592669956866,0.01924832683285927
A4,51.0,0.9027431421446384,0.9461640855137238,0.0054380288875429,6.917592669956866,0.019193244910726416
A4,52.0,0.9027431421446384,0.9456845206359592,0.0053943683966126,6.917592669956866,0.019039147440360376
A4,53.0,0.9027431421446384,0.9416249388101864,0.0052057513632934,6.917592669956866,0.018373433265299093
A4,54.0,0.9002493765586035,0.9453132067297438,0.0053355785691645,6.917592669956866,0.018831651750321744
A4,55.0,0.9002493765586035,0.9385100125481552,0.0054435551956945,6.917592669956866,0.019212749732785885
A4,56.0,0.9002493765586035,0.9360790572829172,0.0052938091680374,6.917592669956866,0.01868422878472418
A4,57.0,0.9002493765586035,0.93639304303956,0.0052820278423585,6.917592669956866,0.018642647198122798
A4,58.0,0.8977556109725686,0.9414752461351896,0.0050823534651054,6.917592669956866,0.017937906693011738
A4,59.0,0.8952618453865336,0.9402157153245309,0.0053616520987644,6.917592669956866,0.01892367693989812
A4,60.0,0.8977556109725686,0.9358382258782724,0.0050466738291185,6.917592669956866,0.017811977242105207
A4,61.0,0.8952618453865336,0.9364000017570148,0.0053480064218109,6.917592669956866,0.01887551522079782
A4,62.0,0.8952618453865336,0.9308506072129574,0.005486538714461,6.917592669956866,0.019364457864513556
A4,63.0,0.8927680798004988,0.9344856344026664,0.0052176862299043,6.917592669956866,0.018415556766769377
A4,64.0,0.8927680798004988,0.929461043326716,0.005258347512667,6.917592669956866,0.018559068685258175
A4,65.0,0.8902743142144638,0.9316460729333428,0.0051311710407057,6.917592669956866,0.018110205830037435
A4,66.0,0.8902743142144638,0.9309246948802888,0.0053164556676291,6.917592669956866,0.018764158447111566
A4,67.0,0.8902743142144638,0.9291477473931372,0.0050572206850297,6.917592669956866,0.017849201830780252
A4,68.0,0.8877805486284289,0.9298348535027704,0.005112761092023,6.917592669956866,0.018045228857467396
A4,69.0,0.8877805486284289,0.9287611227342372,0.0050789771066337,6.917592669956866,0.01792599000841998
A4,70.0,0.8877805486284289,0.9237404804784852,0.0048912152858582,6.917592669956866,0.017263294262304437
A4,71.0,0.885286783042394,0.9250081182639996,0.0051237048834499,6.917592669956866,0.018083854409749685
A4,72.0,0.885286783042394,0.9268092234557772,0.005166390812602,6.917592669956866,0.018234512214149172
A4,73.0,0.885286783042394,0.9248353822377532,0.0050922417770334,6.917592669956866,0.01797280698436961
A4,74.0,0.8827930174563591,0.9222345879889684,0.0050593418743841,6.917592669956866,0.017856688460149636
A4,75.0,0.8827930174563591,0.9224881840718868,0.0052668340592505,6.917592669956866,0.018589021517505265
A4,76.0,0.8802992518703242,0.9219540761607724,0.0050571589645971,6.917592669956866,0.017848983991669176
A4,77.0,0.8802992518703242,0.9180541746383488,0.0051476332891951,6.917592669956866,0.01816830849436165
A4,78.0,0.8802992518703242,0.9155737198090504,0.0049197823017053,6.917592669956866,0.017364120084097698
A4,79.0,0.8802992518703242,0.9063827338271404,0.0049683375778022,6.917592669956866,0.01753549344843759
A4,80.0,0.8802992518703242,0.9069651903386322,0.0050481071957533,6.917592669956866,0.01781703623635432
A4,81.0,0.8778054862842892,0.907069031390864,0.0049091914562572,6.917592669956866,0.01732674023660136
A4,82.0,0.8753117206982544,0.912856341464809,0.0049839544266488,6.917592669956866,0.01759061231794805
A4,83.0,0.8753117206982544,0.9116864253546556,0.0050175481455151,6.917592669956866,0.017709179631030917
A4,84.0,0.8728179551122195,0.9108217245054024,0.0050037220537385,6.917592669956866,0.01766038114703714
A4,85.0,0.8728179551122195,0.9100916985939612,0.0051365906466416,6.917592669956866,0.018129334052082315
A4,86.0,0.8728179551122195,0.907621349462002,0.0051885083992968,6.917592669956866,0.018312575105510407
A4,87.0,0.8703241895261845,0.9066124765126152,0.0052327096468331,6.917592669956866,0.018468581148668294
A4,88.0,0.8703241895261845,0.9048975289261736,0.0050589352415273,6.917592669956866,0.01785525327027281
A4,89.0,0.8678304239401496,0.9038003451019436,0.0051188625736084,6.917592669956866,0.0180667637247527
A4,90.0,0.8678304239401496,0.9028056742603704,0.0050209159681255,6.917592669956866,0.017721066188736662
A4,91.0,0.8653366583541147,0.9032591189978416,0.0050429925707738,6.917592669956866,0.017798984429001304
A4,92.0,0.8653366583541147,0.9020964883166668,0.005259766593202,6.917592669956866,0.018564077257448495
A4,93.0,0.8653366583541147,0.8958209384734421,0.0050784083437524,6.917592669956866,0.017923982588911425
A4,94.0,0.8653366583541147,0.892773625852943,0.0052105107929331,6.917592669956866,0.018390231428861516
A4,95.0,0.8628428927680798,0.8882379337690219,0.0051017877558053,6.917592669956866,0.01800649902835661
A4,96.0,0.8628428927680798,0.8954762050797254,0.0053689397457328,6.917592669956866,0.018949398317253768
A4,97.0,0.8603491271820449,0.893139006667155,0.0053842366726663,6.917592669956866,0.019003388038729637
A4,98.0,0.85785536159601,0.8921987518974996,0.0054007499339444,6.917592669956866,0.019061670750083273
A4,99.0,0.85785536159601,0.8914549023264734,0.0053671843943473,6.917592669956866,0.018943202894290228
A4,100.0,0.8553615960099751,0.8877052169999937,0.0054158454641379,6.917592669956866,0.019114949652062774
A4,101.0,0.8553615960099751,0.8871433876630956,0.0054534300991445,6.917592669956866,0.019247602699606237
A4,102.0,0.8528678304239401,0.8839372439280133,0.0052218715401992,6.917592669956866,0.018430328605459203
A4,103.0,0.8528678304239401,0.8828978758017387,0.0055492359743481,6.917592669956866,0.01958574463755759
A4,104.0,0.8503740648379052,0.8800138733430788,0.0056265143806762,6.917592669956866,0.019858494821427247
A4,105.0,0.8503740648379052,0.8768204403676981,0.0059607840511939,6.917592669956866,0.02103828253222275
A4,106.0,0.8503740648379052,0.8756693176736006,0.0055777805120007,6.917592669956866,0.019686491123712672
A4,107.0,0.8478802992518704,0.8756676470348719,0.0059031520330257,6.917592669956866,0.02083487327083843
A4,108.0,0.8478802992518704,0.8699215112525475,0.0060000369608886,6.917592669956866,0.02117682366997853
A4,109.0,0.8428927680798005,0.8693078992012199,0.0059620250974074,6.917592669956866,0.021042662741378275
A4,110.0,0.8428927680798005,0.8681455695484978,0.0060132472874652,6.917592669956866,0.02122344884218315
A4,111.0,0.8428927680798005,0.8616760052001299,0.0059976664475253,6.917592669956866,0.02116845706426774
A4,112.0,0.8379052369077307,0.8610353847188498,0.0063073095210464,6.917592669956866,0.02226132646012816
A4,113.0,0.8379052369077307,0.8576519165427532,0.0064010366863,6.917592669956866,0.022592131697595975
A4,114.0,0.8354114713216958,0.8524797741489806,0.0066663497567427,6.917592669956866,0.023528540614195976
A4,115.0,0.8329177057356608,0.8535239381674666,0.0067728274010455,6.917592669956866,0.023904348015532574
A4,116.0,0.830423940149626,0.8498200871047397,0.0068289637991845,6.917592669956866,0.024102478562495283
A4,117.0,0.830423940149626,0.8456861688772799,0.0069261756271405,6.917592669956866,0.024445582738799494
A4,118.0,0.827930174563591,0.8435726457473296,0.0069550092786718,6.917592669956866,0.024547349637606984
A4,119.0,0.8254364089775561,0.842833203760006,0.0070631853638898,6.917592669956866,0.024929151599312045
A4,120.0,0.8254364089775561,0.839294211699212,0.006985648638551,6.917592669956866,0.02465548969170204
A4,121.0,0.8229426433915212,0.8350114110461107,0.0073055064671502,6.917592669956866,0.025784411543327487
A4,122.0,0.8229426433915212,0.8336670200784582,0.007374786769971,6.917592669956866,0.02602893282981328
A4,123.0,0.8204488778054863,0.8320669335335901,0.0074979174568688,6.917592669956866,0.02646351629351446
A4,124.0,0.8204488778054863,0.8285950615143479,0.0072386479764396,6.917592669956866,0.025548437918856748
A4,125.0,0.8204488778054863,0.8247293352468626,0.0074037120287275,6.917592669956866,0.02613102305163821
A4,126.0,0.8254364089775561,0.8150889133825745,0.0077760195509723,6.917592669956866,0.027445063415219084
A4,127.0,0.8179551122194514,0.8175861445921506,0.0074472547059688,6.917592669956866,0.02628470470461277
A4,128.0,0.8179551122194514,0.8149708237178981,0.0075144736098292,6.917592669956866,0.026521950388867708
A4,129.0,0.8179551122194514,0.8145910150792387,0.0075937060788483,6.917592669956866,0.026801597337093506
A4,130.0,0.8179551122194514,0.8092737208629273,0.0078017125866498,6.917592669956866,0.027535745670951104
A4,131.0,0.8179551122194514,0.8078711287385189,0.0077992518832382,6.917592669956866,0.02752706074407628
A4,132.0,0.8129675810473815,0.8100766836772879,0.0078741960051218,6.917592669956866,0.027791572190351665
A4,133.0,0.8104738154613467,0.8121877223929486,0.0081517007340657,6.917592669956866,0.02877101094226892
A4,134.0,0.8079800498753117,0.8112576671241034,0.0084807980801193,6.917592669956866,0.029932543198330698
A4,135.0,0.8129675810473815,0.799235402096749,0.0078919773492213,6.917592669956866,0.02785433053518602
A4,136.0,0.8104738154613467,0.799831358836504,0.0080426864787392,6.917592669956866,0.028386250702021762
A4,137.0,0.8054862842892768,0.8029581435956845,0.0077706547717639,6.917592669956866,0.027426128701305622
A4,138.0,0.8054862842892768,0.8018199041196088,0.0078230738969153,6.917592669956866,0.027611139323323746
A4,139.0,0.8054862842892768,0.7988764521796695,0.0076604988597165,6.917592669956866,0.027037339042035258
A4,140.0,0.8029925187032418,0.7970446116804804,0.0075157394262248,6.917592669956866,0.026526418023114447
A4,141.0,0.8104738154613467,0.7888414993730399,0.0079338620245886,6.917592669956866,0.02800216035532037
A4,142.0,0.8054862842892768,0.7940756596515877,0.0079107138996528,6.917592669956866,0.027920460231929213
A4,143.0,0.800498753117207,0.7933620314421899,0.0074618000563366,6.917592669956866,0.026336041775028303
A4,144.0,0.800498753117207,0.7899875979934989,0.0076905819477073,6.917592669956866,0.027143515762942536
A4,145.0,0.800498753117207,0.7860528992868021,0.0074004617954141,6.917592669956866,0.026119551519343854
A4,146.0,0.7980049875311721,0.7841321779975968,0.0076863003473807,6.917592669956866,0.02712840407350916
A4,147.0,0.7980049875311721,0.7874506748474741,0.0076505312759443,6.917592669956866,0.027002158964756474
A4,148.0,0.7980049875311721,0.7828960834365198,0.007804304630891,6.917592669956866,0.027544894158568513
A4,149.0,0.7955112219451371,0.7825961751530761,0.0075692002079531,6.917592669956866,0.026715105118760563
A4,150.0,0.7930174563591023,0.7814891695462312,0.0075007341264918,6.917592669956866,0.026473457584931772
A4,151.0,0.7930174563591023,0.779289116444229,0.0074282646521148,6.917592669956866,0.026217680280501556
A4,152.0,0.7905236907730673,0.7812234246072838,0.0076369213090838,6.917592669956866,0.026954123282603548
A4,153.0,0.7905236907730673,0.7776803738548043,0.0077075132024156,6.917592669956866,0.027203273760735943
A4,154.0,0.7880299251870324,0.7771826609929013,0.0077577169532792,6.917592669956866,0.02738046533247795
A4,155.0,0.7880299251870324,0.7755710381044385,0.0077941280652515,6.917592669956866,0.027508976490474398
A4,156.0,0.7855361596009975,0.7732368586907205,0.0076098926735744,6.917592669956866,0.026858727095554407
A4,157.0,0.7855361596009975,0.7712722000662069,0.007642717152632,6.917592669956866,0.026974579416063904
A4,158.0,0.7805486284289277,0.7715888130168955,0.0080899039942398,6.917592669956866,0.02855290250873707
A4,159.0,0.7805486284289277,0.7697527588212096,0.007788589293644,6.917592669956866,0.027489427679284584
A4,160.0,0.7830423940149626,0.7621853106413449,0.0078235307015069,6.917592669956866,0.027612751591773257
A4,161.0,0.7780548628428927,0.7633013347501385,0.0077943438264885,6.917592669956866,0.027509738008728454
A4,162.0,0.7755610972568578,0.7647754575730552,0.0082562636245204,6.917592669956866,0.029140060317800524
A4,163.0,0.7755610972568578,0.7608860615871869,0.0077135089291021,6.917592669956866,0.027224435371512853
A4,164.0,0.773067331670823,0.7597811214058746,0.0078867079395856,6.917592669956866,0.027835732423303124
A4,165.0,0.770573566084788,0.7576201669325883,0.0079442251199331,6.917592669956866,0.028038736370470975
A4,166.0,0.770573566084788,0.7570230290498539,0.0078306946185713,6.917592669956866,0.027638036270759076
A4,167.0,0.7680798004987531,0.755001131994431,0.0078872227870325,6.917592669956866,0.02783754955104267
A4,168.0,0.7680798004987531,0.7561071417703442,0.0078959851884126,6.917592669956866,0.027868475998689832
A4,169.0,0.7655860349127181,0.7532124089810269,0.0080577320324081,6.917592669956866,0.02843935321441301
A4,170.0,0.7630922693266833,0.7489763318949655,0.0078420353297772,6.917592669956866,0.027678062731106734
A4,171.0,0.7630922693266833,0.7458474282379894,0.0079588029959295,6.917592669956866,0.028090188238429608
A4,172.0,0.7605985037406484,0.7441792262649861,0.0079979046125546,6.917592669956866,0.028228195395031887
A4,173.0,0.7581047381546134,0.7452358611909623,0.0078577773370208,6.917592669956866,0.027733623340780025
A4,174.0,0.7556109725685786,0.7443126886943086,0.0080776237391849,6.917592669956866,0.02850955997641349
A4,175.0,0.7531172069825436,0.738467643606319,0.0080910685258861,6.917592669956866,0.028557012663639875
A4,176.0,0.7531172069825436,0.7353578062313286,0.0079903055653888,6.917592669956866,0.02820137494660149
A4,177.0,0.7506234413965087,0.7373678188597415,0.0079848929919991,6.917592669956866,0.028182271545568856
A4,178.0,0.7481296758104738,0.7323471555332426,0.0079973037293809,6.917592669956866,0.02822607460859363
A4,179.0,0.7481296758104738,0.7303419806745793,0.0080625425691044,6.917592669956866,0.028456331757718584
A4,180.0,0.7456359102244389,0.725951144049894,0.0081093189026072,6.917592669956866,0.028621426435130402
A4,181.0,0.743142144638404,0.7293428095892693,0.0082048235070006,6.917592669956866,0.02895850505316121
A4,182.0,0.7406483790523691,0.7225502981108575,0.0082026447993916,6.917592669956866,0.02895081541605314
A4,183.0,0.7381546134663342,0.723445282160593,0.0082534619477427,6.917592669956866,0.029130171942864106
A4,184.0,0.7356608478802993,0.719182458667125,0.0082468350079511,6.917592669956866,0.029106782497706842
A4,185.0,0.7331670822942643,0.7138880028423744,0.0083764293228843,6.917592669956866,0.02956417900607195
A4,186.0,0.7306733167082294,0.7148268906499619,0.0083572359708862,6.917592669956866,0.029496437051555822
A4,187.0,0.7306733167082294,0.7113755507445029,0.0083671605929447,6.917592669956866,0.029531465497662744
A4,188.0,0.7281795511221946,0.7043948927641205,0.0084827345214128,6.917592669956866,0.029939377768865353
A4,189.0,0.7256857855361596,0.7018740921491908,0.0084654421862137,6.917592669956866,0.029878345355941808
A4,190.0,0.7231920199501247,0.7002600504155632,0.0085455137458774,6.917592669956866,0.030160953831694794
A4,191.0,0.7206982543640897,0.7008374621703005,0.0086460494943057,6.917592669956866,0.030515789615353055
A4,192.0,0.7182044887780549,0.6933801587917565,0.0085536674883197,6.917592669956866,0.030189732048741882
A4,193.0,0.71571072319202,0.6901270690616031,0.0087847191871912,6.917592669956866,0.031005217206174333
A4,194.0,0.713216957605985,0.6893103094095354,0.0087418868467589,6.917592669956866,0.03085404265064743
A4,195.0,0.7107231920199502,0.6822340066679279,0.0087364295089926,6.917592669956866,0.0308347812560364
A4,196.0,0.7082294264339152,0.6833057784333494,0.0089947672674665,6.917592669956866,0.031746571165692065
A4,197.0,0.7057356608478803,0.6741711256943053,0.0088854471406585,6.917592669956866,0.03136073136769024
A4,198.0,0.7007481296758105,0.6754385294529379,0.009243299808003,6.917592669956866,0.03262375405998107
A4,199.0,0.6982543640897756,0.6667009636292305,0.0092730741608552,6.917592669956866,0.03272884111600237
A4,200.0,0.6957605985037406,0.6630142362019883,0.0091593623925147,6.917592669956866,0.032327501243757384
A4,201.0,0.6907730673316709,0.6614440698695467,0.0097791451978092,6.917592669956866,0.03451499296538546
A4,202.0,0.6907730673316709,0.6484964299908007,0.0098354395097151,6.917592669956866,0.03471368086091426
A4,203.0,0.683291770573566,0.6509936794359507,0.0102795798764569,6.917592669956866,0.03628125157631495
A4,204.0,0.683291770573566,0.632365753860227,0.0120875695156437,6.917592669956866,0.042662458564836005
A4,205.0,0.6733167082294265,0.6413426542229487,0.0106096308329235,6.917592669956866,0.03744614955157105
A4,206.0,0.6783042394014963,0.6318483715701302,0.0107230380757933,6.917592669956866,0.03784641461673766
A4,207.0,0.6683291770573566,0.6304723964938014,0.0109065670092922,6.917592669956866,0.0384941706036391
A4,208.0,0.6633416458852868,0.6062500849081457,0.0135977003916548,6.917592669956866,0.04799238827832581
A4,209.0,0.6583541147132169,0.6165371311696849,0.0115301100235789,6.917592669956866,0.040694933790644656
A4,210.0,0.6533665835411472,0.6156229118992655,0.0119488900838478,6.917592669956866,0.04217299660102842
A4,211.0,0.6483790523690773,0.6088486980660955,0.0122302273388283,6.917592669956866,0.04316596205763379
A4,212.0,0.6408977556109726,0.6018252472924117,0.0125777947753514,6.917592669956866,0.04439268355362705
A4,213.0,0.6334164588528678,0.5876299252389467,0.0127678814317753,6.917592669956866,0.045063584688294155
A4,214.0,0.6309226932668329,0.588912136666145,0.0132237492222096,6.917592669956866,0.04667254674599124
A4,215.0,0.6259351620947631,0.5721145351776524,0.0134225994978996,6.917592669956866,0.04737437862677188
A4,216.0,0.6184538653366584,0.5749184018272239,0.013913800218065,6.917592669956866,0.049108046453372835
A4,217.0,0.6159600997506235,0.5560031664074122,0.0147037502859405,6.917592669956866,0.05189613482758337
A4,218.0,0.6059850374064838,0.5647725502510156,0.014781633471659,6.917592669956866,0.05217101954938892
A4,219.0,0.5985037406483791,0.5569852274004459,0.015501926907412,6.917592669956866,0.05471325840208513
A4,220.0,0.5935162094763092,0.5529774863710983,0.0159745779873247,6.917592669956866,0.056381456221862206
A4,221.0,0.5860349127182045,0.5407330609728429,0.0166795102235521,6.917592669956866,0.05886947850625499
A4,222.0,0.5810473815461347,0.5423623439723066,0.017566258649229,6.917592669956866,0.06199921173499993
A4,223.0,0.57356608478803,0.5292622266621717,0.0179553243644195,6.917592669956866,0.0633723992837318
A4,224.0,0.5660847880299252,0.5260474378859135,0.0191632279887625,6.917592669956866,0.06763563336541843
A4,225.0,0.5586034912718204,0.5185015148315644,0.0193222078271852,6.917592669956866,0.06819674457645013
A4,226.0,0.5511221945137157,0.5217031386904691,0.0204149543244821,6.917592669956866,0.07205353746624192
A4,227.0,0.543640897755611,0.5101746538289104,0.0214174956812504,6.917592669956866,0.07559195592475074
A4,228.0,0.5361596009975063,0.5165937707849655,0.0226090511143449,6.917592669956866,0.07979748990131312
A4,229.0,0.5286783042394015,0.4996240028024471,0.0235872059399552,6.917592669956866,0.08324983734498956
A4,230.0,0.5211970074812967,0.512092819839761,0.0251578498511932,6.917592669956866,0.0887933447222652
A4,231.0,0.5112219451371571,0.4931349956489084,0.0259684175100936,6.917592669956866,0.09165420182981525
A4,232.0,0.5037406483790524,0.5029311340319886,0.0279427636960826,6.917592669956866,0.0986225557444204
A4,233.0,0.4962593516209476,0.4764558588746579,0.0286305097124781,6.917592669956866,0.10104992014465249
A4,234.0,0.4837905236907731,0.4873544711399913,0.0308533221957895,6.917592669956866,0.10889522315150951
A4,235.0,0.4763092269326683,0.4712564881843295,0.0337908685525271,6.917592669956866,0.11926314282009219
A4,236.0,0.4663341645885286,0.4893135258152503,0.0359225773856719,6.917592669956866,0.12678690015183997
A4,237.0,0.4588528678304239,0.4857464373594795,0.0398118145514881,6.917592669956866,0.1405137638708626
A4,238.0,0.4463840399002494,0.4553418250422217,0.0412308492893093,6.917592669956866,0.14552217442238083
A4,239.0,0.4364089775561097,0.4904609864942079,0.0469797629871278,6.917592669956866,0.16581267137535236
A4,240.0,0.42643391521197,0.4815168037013902,0.0512511629213375,6.917592669956866,0.1808883590453364
A4,241.0,0.4164588528678304,0.4952819130234258,0.0573550894796971,6.917592669956866,0.20243185573768618
A4,242.0,0.4039900249376558,0.406195153310204,0.058836688386099,6.917592669956866,0.20766108332328748
A4,243.0,0.3965087281795511,0.5192689892596525,0.0749193692330316,6.917592669956866,0.26442408306080795
A4,244.0,0.3865336658354115,0.4082879551099369,0.0668335977590936,6.917592669956866,0.23588576607117923
A4,245.0,0.3765586034912718,0.5277543721449223,0.0873062132315965,6.917592669956866,0.30814281561113077
A4,246.0,0.3665835411471321,0.4138025766878564,0.0758559171000107,6.917592669956866,0.2677295808713704
A4,247.0,0.3566084788029925,0.5404925523740636,0.103025692608776,6.917592669956866,0.36362391433174496
A4,248.0,0.3491271820448878,0.4160530543055105,0.0864876035263876,6.917592669956866,0.3052535745123269
A4,249.0,0.3391521197007481,0.561767006677769,0.1198052799807558,6.917592669956866,0.42284661001640444
A4,250.0,0.3316708229426434,0.5368218598350852,0.1201966283397535,6.917592669956866,0.42422785403974167
A4,251.0,0.3241895261845386,0.5354177914028668,0.1224545617252933,6.917592669956866,0.4321971144752728
A4,252.0,0.3167082294264339,0.5336952008049889,0.1299967492639327,6.917592669956866,0.4588168797588556
A4,253.0,0.3067331670822942,0.5458188736833093,0.1386204310295633,6.917592669956866,0.4892537236195178
A4,254.0,0.3017456359102244,0.4339433131238411,0.1201195208214649,6.917592669956866,0.4239557069964699
A4,255.0,0.2942643391521197,0.5561812493362405,0.15394027984676,6.917592669956866,0.5433243467118889
A4,256.0,0.286783042394015,0.5870951987431299,0.1783162772728671,6.917592669956866,0.6293581832761342
A4,257.0,0.2793017456359102,0.4600919460931235,0.1423233927331476,6.917592669956866,0.5023231376189066
A4,258.0,0.2743142144638404,0.5658803174687193,0.1797932935436949,6.917592669956866,0.634571236683788
A4,259.0,0.2668329177057356,0.5666768569675135,0.1838806204062453,6.917592669956866,0.6489972478590555
A4,260.0,0.2643391521197007,0.4644688311421925,0.153328114811092,6.917592669956866,0.541163741518659
A4,261.0,0.2618453865336658,0.5836910299146817,0.2000353390253675,6.917592669956866,0.7060145012302087
A4,262.0,0.256857855361596,0.5652848185115431,0.1956599232584453,6.917592669956866,0.6905716949970231
A4,263.0,0.2518703241895262,0.5824295229602865,0.2085299121364158,6.917592669956866,0.7359956626958823
A4,264.0,0.2478802992518703,0.4856469630355104,0.1761357922924432,6.917592669956866,0.6216622730265021
A4,265.0,0.2446384039900249,0.5676785712986744,0.2142445678505004,6.917592669956866,0.7561652478468849
A4,266.0,0.240648379052369,0.583630670667204,0.2273467316960009,6.917592669956866,0.8024086652224738
A4,267.0,0.2354114713216957,0.5759895078156707,0.2293487701632615,6.917592669956866,0.8094747576279134
A4,268.0,0.0538653366583541,0.5545882407160226,0.2367859113739345,6.917592669956866,0.8357237672679855
A4,269.0,0.0493765586034912,0.5487258100068779,0.2385005728011974,6.917592669956866,0.8417755771044172
A5,1.0,1.0,0.9659943584938588,0.0059610415201802,7.345603937578342,0.022340946266407695
A5,2.0,0.9973890339425588,0.9615716025009278,0.00587335157614,7.345603937578342,0.0220122996161077
A5,3.0,0.9947780678851176,0.9592358694905732,0.0056454612676572,7.345603937578342,0.021158206397797856
A5,4.0,0.9921671018276762,0.9486854117826232,0.0054147148747697,7.345603937578342,0.02029340907216017
A5,5.0,0.9921671018276762,0.9378194154052952,0.0058574204218541,7.345603937578342,0.021952592422212428
A5,6.0,0.9895561357702348,0.9356257539368024,0.0058391139006151,7.345603937578342,0.021883982766342593
A5,7.0,0.9843342036553524,0.9473894182638724,0.0053451984804774,7.345603937578342,0.020032873723721305
A5,8.0,0.9843342036553524,0.9442023408520196,0.0052929084671767,7.345603937578342,0.019836899853472978
A5,9.0,0.9817232375979112,0.9475166222682698,0.0060719142165483,7.345603937578342,0.02275647783812816
A5,10.0,0.97911227154047,0.9452745531029182,0.0066615633511751,7.345603937578342,0.02496638018290044
A5,11.0,0.97911227154047,0.9343000992119056,0.0069885981075208,7.345603937578342,0.026192049538504285
A5,12.0,0.9765013054830288,0.925106840055586,0.0072819474587804,7.345603937578342,0.027291471857840546
A5,13.0,0.9738903394255874,0.9258639557167754,0.0068689403515588,7.345603937578342,0.025743593092217836
A5,14.0,0.9712793733681462,0.9380494193198992,0.0071321599066988,7.345603937578342,0.02673009417893946
A5,15.0,0.9712793733681462,0.9353778844614332,0.007276400493006,7.345603937578342,0.027270682795411113
A5,16.0,0.9686684073107048,0.9369554937455216,0.0067394747237784,7.345603937578342,0.02525837844913962
A5,17.0,0.9660574412532638,0.9374945210408316,0.0071679206758021,7.345603937578342,0.026864119318384904
A5,18.0,0.9660574412532638,0.9325328874399856,0.0074180039406757,7.345603937578342,0.02780138787518905
A5,19.0,0.9660574412532638,0.9170173753853124,0.007120316128839,7.345603937578342,0.026685705760596572
A5,20.0,0.9634464751958224,0.9133568970411108,0.0078803251714187,7.345603937578342,0.029534087394036988
A5,21.0,0.9634464751958224,0.9105816354246395,0.007868290675091,7.345603937578342,0.029488984196065594
A5,22.0,0.9634464751958224,0.910235953548599,0.0085752710161759,7.345603937578342,0.03213862348445405
A5,23.0,0.9608355091383812,0.923074856605361,0.0074163887616596,7.345603937578342,0.02779533446531308
A5,24.0,0.95822454308094,0.9229828098846332,0.0078891688005411,7.345603937578342,0.029567231777003412
A5,25.0,0.95822454308094,0.925217884622686,0.0082368825341787,7.345603937578342,0.030870402340904265
A5,26.0,0.9556135770234988,0.9230610104315656,0.007062715112614,7.345603937578342,0.02646982717561831
A5,27.0,0.9556135770234988,0.911390671285678,0.0071005219744163,7.345603937578342,0.026611520714434848
A5,28.0,0.9556135770234988,0.9015405810742694,0.0080812159603105,7.345603937578342,0.030286991111425004
A5,29.0,0.9530026109660574,0.9035929946805388,0.0072589117275141,7.345603937578342,0.027205137945774074
A5,30.0,0.9530026109660574,0.9125742242710778,0.0071920403259365,7.345603937578342,0.02695451556974349
A5,31.0,0.9503916449086162,0.9176077320288756,0.0079132987705001,7.345603937578342,0.029657666705268725
A5,32.0,0.9477806788511748,0.9138119926842848,0.007214625599008,7.345603937578342,0.027039161242885402
A5,33.0,0.9477806788511748,0.9140720415322,0.0077033044948876,7.345603937578342,0.028870644703856755
A5,34.0,0.9477806788511748,0.903708195224968,0.0066577301909423,7.345603937578342,0.02495201416540138
A5,35.0,0.9477806788511748,0.8954081558733868,0.0077083066402439,7.345603937578342,0.028889391874169786
A5,36.0,0.9451697127937336,0.8954900062542359,0.0074335582171244,7.345603937578342,0.027859682596535457
A5,37.0,0.9425587467362924,0.9061897478596654,0.007107160545395,7.345603937578342,0.02663640092320689
A5,38.0,0.9425587467362924,0.9065771253418604,0.0075897620795211,7.345603937578342,0.02844510748991961
A5,39.0,0.9399477806788512,0.906796729198876,0.008031931968744,7.345603937578342,0.03010228328752312
A5,40.0,0.9399477806788512,0.9045730229213562,0.0079145818415547,7.345603937578342,0.029662475432299017
A5,41.0,0.9399477806788512,0.8880421507491234,0.0078983844035567,7.345603937578342,0.02960177025338997
A5,42.0,0.9399477806788512,0.8882488607965376,0.0077596788618439,7.345603937578342,0.02908192602083966
A5,43.0,0.93733681462141,0.8881035918919795,0.0079705705646736,7.345603937578342,0.029872311423289784
A5,44.0,0.9347258485639688,0.8974820169708951,0.0070374709087202,7.345603937578342,0.026375216292466367
A5,45.0,0.9347258485639688,0.8991384719054784,0.0073586224651495,7.345603937578342,0.027578836438588633
A5,46.0,0.9321148825065274,0.8979636620370819,0.0078758758835981,7.345603937578342,0.029517412237558497
A5,47.0,0.9321148825065274,0.8890199479687436,0.0064962577097704,7.345603937578342,0.024346843405702347
A5,48.0,0.9321148825065274,0.8814901081985652,0.006751262074679,7.345603937578342,0.025302555389058942
A5,49.0,0.9321148825065274,0.8810436851438351,0.0076399656882681,7.345603937578342,0.028633261878980566
A5,50.0,0.929503916449086,0.8901083304430231,0.0078752595536963,7.345603937578342,0.029515102340341392
A5,51.0,0.929503916449086,0.8870331185814025,0.007306116543834,7.345603937578342,0.027382053382673542
A5,52.0,0.9268929503916448,0.8897277003412641,0.0079463470855549,7.345603937578342,0.029781526038966548
A5,53.0,0.9242819843342036,0.8874346894342313,0.0075099513509821,7.345603937578342,0.028145990768162783
A5,54.0,0.9268929503916448,0.8786512298741826,0.0064507974737729,7.345603937578342,0.02417646635225621
A5,55.0,0.9216710182767625,0.888309207077194,0.0081696174295025,7.345603937578342,0.03061830443417305
A5,56.0,0.9242819843342036,0.8749369319135663,0.0076552288584463,7.345603937578342,0.028690465584683977
A5,57.0,0.9190600522193212,0.8779145187341013,0.0073630900073249,7.345603937578342,0.027595580009212264
A5,58.0,0.9216710182767625,0.8707946705399496,0.0072101032449327,7.345603937578342,0.02702221224679941
A5,59.0,0.9190600522193212,0.8774735508717856,0.0071324607891814,7.345603937578342,0.02673122183412413
A5,60.0,0.91644908616188,0.8779214557166879,0.0079242613208486,7.345603937578342,0.02969875243625206
A5,61.0,0.9190600522193212,0.8725670043414848,0.0066973667471885,7.345603937578342,0.025100565080586928
A5,62.0,0.9138381201044388,0.8760842005655287,0.0074580137074918,7.345603937578342,0.0279513375186438
A5,63.0,0.91644908616188,0.8641994903995351,0.0066189189817197,7.345603937578342,0.02480655650723191
A5,64.0,0.9138381201044388,0.8709718331591434,0.0076217900851494,7.345603937578342,0.028565142881443007
A5,65.0,0.9138381201044388,0.8645452587715519,0.0073785979130714,7.345603937578342,0.02765370094123634
A5,66.0,0.9112271540469974,0.8689078842776757,0.0080646222293341,7.345603937578342,0.030224800695396535
A5,67.0,0.908616187989556,0.8666398810738175,0.0079770653088224,7.345603937578342,0.029896652594132368
A5,68.0,0.908616187989556,0.866990837594187,0.0075427605062627,7.345603937578342,0.028268953772645922
A5,69.0,0.9060052219321147,0.8672526846129613,0.0079269856975738,7.345603937578342,0.029708962926117143
A5,70.0,0.9060052219321147,0.8633311901897598,0.0077436618268425,7.345603937578342,0.02902189696096781
A5,71.0,0.9060052219321147,0.8601502517933926,0.0076262150627261,7.345603937578342,0.028581726927357876
A5,72.0,0.9033942558746736,0.8573305916346834,0.0072105726504208,7.345603937578342,0.027023971496882015
A5,73.0,0.9033942558746736,0.8517406985241556,0.0074197606475636,7.345603937578342,0.027807971706899588
A5,74.0,0.9033942558746736,0.8520756890487144,0.0066856103650799,7.345603937578342,0.025056504206310774
A5,75.0,0.9007832898172324,0.8527728324053474,0.0072514834395536,7.345603937578342,0.027177298015182226
A5,76.0,0.9007832898172324,0.8516949516726082,0.0077174444730249,7.345603937578342,0.028923638881250782
A5,77.0,0.8955613577023499,0.8538239043964289,0.0078789464654721,7.345603937578342,0.029528920244074035
A5,78.0,0.8981723237597912,0.8480957707891112,0.007118791438034,7.345603937578342,0.026679991484788886
A5,79.0,0.8955613577023499,0.8477374347394531,0.0072558388411508,7.345603937578342,0.02719362130243367
A5,80.0,0.8955613577023499,0.8424612380600418,0.0068965542539238,7.345603937578342,0.02584708519286062
A5,81.0,0.8929503916449086,0.8442803367982903,0.0082148602576042,7.345603937578342,0.030787866680659436
A5,82.0,0.8929503916449086,0.8400798234619204,0.0064037668456151,7.345603937578342,0.02400020374227576
A5,83.0,0.8903394255874674,0.8400732987231802,0.0075443665822585,7.345603937578342,0.028274973065985934
A5,84.0,0.8903394255874674,0.8363707488373728,0.0067962061427355,7.345603937578342,0.025470997934886684
A5,85.0,0.8877284595300261,0.8352585615635577,0.0072615487178196,7.345603937578342,0.027215020926545267
A5,86.0,0.8851174934725848,0.8341385575580991,0.0076544388748496,7.345603937578342,0.028687504863637917
A5,87.0,0.8851174934725848,0.8329453635481379,0.0066544539831043,7.345603937578342,0.02493973550855617
A5,88.0,0.8825065274151436,0.831495402439767,0.0068466088268067,7.345603937578342,0.025659898423619296
A5,89.0,0.8798955613577023,0.8287574684398851,0.0073917291401281,7.345603937578342,0.02770291449512496
A5,90.0,0.8798955613577023,0.8261832928236286,0.0072616157918333,7.345603937578342,0.02721527230827627
A5,91.0,0.8772845953002611,0.8240451089039671,0.0073209108850597,7.345603937578342,0.02743749999904944
A5,92.0,0.8720626631853786,0.8249815622892276,0.0075119635347346,7.345603937578342,0.028153532082703298
A5,93.0,0.8720626631853786,0.8212869559822277,0.0075604211315697,7.345603937578342,0.028335142722962597
A5,94.0,0.8694516971279374,0.8183761196773958,0.0073284272630156,7.345603937578342,0.02746567007561447
A5,95.0,0.8694516971279374,0.813794483382677,0.0065143642285786,7.345603937578342,0.024414703487266327
A5,96.0,0.8668407310704961,0.8138362090731803,0.0070470917523027,7.345603937578342,0.026411273539976975
A5,97.0,0.8642297650130548,0.8106584154781075,0.0070454472790969,7.345603937578342,0.026405110340575837
A5,98.0,0.8616187989556136,0.8109198274517112,0.0071399177449173,7.345603937578342,0.026759169206549353
A5,99.0,0.8590078328981723,0.8079164611594983,0.0071266721032443,7.345603937578342,0.026709526846589476
A5,100.0,0.856396866840731,0.8076511840053514,0.0075210580464097,7.345603937578342,0.028187616729818198
A5,101.0,0.8537859007832899,0.804649431239146,0.0079594417032518,7.345603937578342,0.029830602387345473
A5,102.0,0.8511749347258486,0.8001106658139193,0.0077778169631687,7.345603937578342,0.029149904468179808
A5,103.0,0.8485639686684073,0.8007190448482024,0.0080513699500394,7.345603937578342,0.030175133458785613
A5,104.0,0.8459530026109661,0.7979663493444082,0.0081189767081453,7.345603937578342,0.030428511823116188
A5,105.0,0.8433420365535248,0.7979121418181058,0.0087755356471492,7.345603937578342,0.032889180470928654
A5,106.0,0.8407310704960835,0.8055729496432967,0.0112779525895841,7.345603937578342,0.04226780369605196
A5,107.0,0.835509138381201,0.78842248672539,0.008048176434433,7.345603937578342,0.03016316471803419
A5,108.0,0.8328981723237598,0.7873908175535114,0.0091789849426057,7.345603937578342,0.03440123822132346
A5,109.0,0.8302872062663186,0.7898739137615067,0.0099807963836335,7.345603937578342,0.03740628796961837
A5,110.0,0.8276762402088773,0.7816507313626478,0.0097499893396455,7.345603937578342,0.03654126333421063
A5,111.0,0.825065274151436,0.7813177514406973,0.0098170279947554,7.345603937578342,0.03679251254737451
A5,112.0,0.8198433420365535,0.770916212223375,0.0087010078080316,7.345603937578342,0.03260986309938527
A5,113.0,0.8198433420365535,0.7661148118717025,0.0086678955451259,7.345603937578342,0.032485764100270584
A5,114.0,0.8172323759791122,0.7621119061255369,0.0084302551250508,7.345603937578342,0.03159512916044486
A5,115.0,0.8120104438642297,0.7560132938380596,0.0081636349109127,7.345603937578342,0.030595882995587187
A5,116.0,0.804177545691906,0.752035012616053,0.0084814312521558,7.345603937578342,0.03178692837907219
A5,117.0,0.804177545691906,0.7473702013512025,0.0082596369753476,7.345603937578342,0.03095568202663629
A5,118.0,0.7989556135770235,0.7424757040818032,0.0080599055466696,7.345603937578342,0.030207123389575635
A5,119.0,0.7963446475195822,0.7388758977952194,0.0077903126080608,7.345603937578342,0.029196735970720675
A5,120.0,0.7911227154046997,0.7372642753893012,0.0089133305710416,7.345603937578342,0.033405611866355475
A5,121.0,0.7859007832898173,0.7309551799058972,0.008806801841857,7.345603937578342,0.03300636072769374
A5,122.0,0.7859007832898173,0.7296072968240237,0.0087344852671952,7.345603937578342,0.03273533079052244
A5,123.0,0.7806788511749347,0.7225953986499536,0.008641996127671,7.345603937578342,0.032388697590713084
A5,124.0,0.7780678851174935,0.7126625272954226,0.0098834904802435,7.345603937578342,0.037041602377061965
A5,125.0,0.7728459530026109,0.7167199887483767,0.0092795809531988,7.345603937578342,0.034778254563126686
A5,126.0,0.7702349869451697,0.707566826993459,0.0089294717136743,7.345603937578342,0.033466106060031996
A5,127.0,0.7650130548302873,0.7047087196781325,0.0091803826086891,7.345603937578342,0.03440647643057967
A5,128.0,0.762402088772846,0.7014248408094412,0.0120084297709913,7.345603937578342,0.04500550505300575
A5,129.0,0.7571801566579635,0.6952363406488415,0.0117859703285098,7.345603937578342,0.04417176577537965
A5,130.0,0.7545691906005222,0.6931090597382885,0.0101159462724627,7.345603937578342,0.0379128062339221
A5,131.0,0.7493472584856397,0.6866836616434437,0.0113031616528785,7.345603937578342,0.04236228287835258
A5,132.0,0.7493472584856397,0.6788386773406595,0.0122005434431047,7.345603937578342,0.045725513664118055
A5,133.0,0.7441253263707572,0.6741673122951026,0.0122654375088926,7.345603937578342,0.045968725329708394
A5,134.0,0.7389033942558747,0.6696624226704252,0.0103494131273895,7.345603937578342,0.038787799377863356
A5,135.0,0.7336814621409922,0.6663513180045312,0.011999118165362,7.345603937578342,0.04497060677552958
A5,136.0,0.7284595300261096,0.6571727157067699,0.0116500392203539,7.345603937578342,0.04366231963698865
A5,137.0,0.7258485639686684,0.6555467540337601,0.0116450951302651,7.345603937578342,0.04364379004771533
A5,138.0,0.7180156657963447,0.6433859252365309,0.0132315668801259,7.345603937578342,0.04958961008551008
A5,139.0,0.7154046997389034,0.6436015088936397,0.0128697772925484,7.345603937578342,0.048233685670548046
A5,140.0,0.7101827676240209,0.6374814025092488,0.0117658212780153,7.345603937578342,0.04409625064050047
A5,141.0,0.6997389033942559,0.6308058391803613,0.0117365357477911,7.345603937578342,0.04398649356954111
A5,142.0,0.6945169712793734,0.6098372106200934,0.0124715474293627,7.345603937578342,0.04674118944400915
A5,143.0,0.6892950391644909,0.6155688967025451,0.0135138821234334,7.345603937578342,0.0506476784884173
A5,144.0,0.6840731070496083,0.5973573271179082,0.0132278683515808,7.345603937578342,0.04957574864414767
A5,145.0,0.6788511749347258,0.6015206012307409,0.0130208923781191,7.345603937578342,0.048800038713946496
A5,146.0,0.6710182767624021,0.5824981956261747,0.0130959428620285,7.345603937578342,0.049081314867217965
A5,147.0,0.6684073107049608,0.5888557975494735,0.0148346256312744,7.345603937578342,0.055597595317631164
A5,148.0,0.660574412532637,0.5677557084573219,0.013652487137514,7.345603937578342,0.051167145960896124
A5,149.0,0.6579634464751958,0.5593847742204581,0.0162343642186686,7.345603937578342,0.0608435719581438
A5,150.0,0.6527415143603134,0.5505037020362082,0.0165507998741602,7.345603937578342,0.06202951772822117
A5,151.0,0.6475195822454308,0.5423565974369506,0.0164341455167991,7.345603937578342,0.06159231749723404
A5,152.0,0.6422976501305483,0.5324509130426069,0.0162856327808899,7.345603937578342,0.061035717607501296
A5,153.0,0.6344647519582245,0.5227140505522263,0.0163920423326602,7.345603937578342,0.06143452208995371
A5,154.0,0.6292428198433421,0.519149670576808,0.0173525802277942,7.345603937578342,0.065034450966374
A5,155.0,0.6240208877284595,0.5093962227976236,0.0165988766068264,7.345603937578342,0.06220970095585411
A5,156.0,0.618798955613577,0.5005591277331145,0.0179558432527324,7.345603937578342,0.06729537580291958
A5,157.0,0.6135770234986945,0.4969657539508187,0.0180347238290387,7.345603937578342,0.06759100647597505
A5,158.0,0.608355091383812,0.4927198081360613,0.0179619037046228,7.345603937578342,0.067318089321954
A5,159.0,0.6005221932114883,0.4854611281864338,0.0176949914071583,7.345603937578342,0.06631774847961786
A5,160.0,0.5953002610966057,0.486276441131709,0.0177787984057696,7.345603937578342,0.06663184252616752
A5,161.0,0.5900783289817232,0.4782002631714032,0.0171136985030645,7.345603937578342,0.06413916383271691
A5,162.0,0.5848563968668408,0.4684047655866944,0.0189782194358338,7.345603937578342,0.07112706382143098
A5,163.0,0.5796344647519582,0.4578285147560757,0.0181640934730254,7.345603937578342,0.06807586138849774
A5,164.0,0.5718015665796344,0.4541651112123464,0.018010492113695,7.345603937578342,0.06750019022371377
A5,165.0,0.5639686684073107,0.4505073099871728,0.017351407323518,7.345603937578342,0.06503005512525772
A5,166.0,0.5587467362924282,0.4462044112216117,0.0179573450974038,7.345603937578342,0.06730100445539426
A5,167.0,0.5535248041775457,0.4377628143840268,0.018488972916116,7.345603937578342,0.06929345300509297
A5,168.0,0.5456919060052219,0.4253333224367787,0.0186670591336724,7.345603937578342,0.06996088915760866
A5,169.0,0.5404699738903395,0.4247131710216553,0.0184593654281536,7.345603937578342,0.06918248929255852
A5,170.0,0.5326370757180157,0.4148555824705091,0.0187571528048578,7.345603937578342,0.07029854455894792
A5,171.0,0.5274151436031331,0.409092550998258,0.0188240661919767,7.345603937578342,0.0705493242894809
A5,172.0,0.5195822454308094,0.4005235724893961,0.0188346044429447,7.345603937578342,0.07058881982022346
A5,173.0,0.5143603133159269,0.3909905384122212,0.019635208046476,7.345603937578342,0.07358934280377155
A5,174.0,0.5065274151436031,0.38383029042922,0.0202595499332636,7.345603937578342,0.07592926754634703
A5,175.0,0.5013054830287206,0.3750004721429009,0.0201763354584742,7.345603937578342,0.07561739417596977
A5,176.0,0.4934725848563969,0.369755369034508,0.0202256434526783,7.345603937578342,0.07580219195758041
A5,177.0,0.4856396866840731,0.3641415484547681,0.0216199369937388,7.345603937578342,0.08102776151199113
A5,178.0,0.4804177545691906,0.3572059510004961,0.0217562899209364,7.345603937578342,0.08153878855474472
A5,179.0,0.4725848563968668,0.3460502453295,0.0234239197380908,7.345603937578342,0.08778877490548222
A5,180.0,0.464751958224543,0.3383847389167756,0.0238209248684712,7.345603937578342,0.08927668104659707
A5,181.0,0.4569190600522193,0.3278368370378643,0.0238177750068115,7.345603937578342,0.08926487591324112
A5,182.0,0.4490861618798956,0.319208172240172,0.0231862507507896,7.345603937578342,0.08689803290066438
A5,183.0,0.4412532637075718,0.309993799021536,0.0251935296834259,7.345603937578342,0.0944209650298746
A5,184.0,0.433420365535248,0.303724238066991,0.0264326372282144,7.345603937578342,0.09906492447600566
A5,185.0,0.4255874673629243,0.2985227515320104,0.0274695997643354,7.345603937578342,0.10295127960729097
A5,186.0,0.4177545691906005,0.2871646962743621,0.0266822470824678,7.345603937578342,0.10000041877218907
A5,187.0,0.4099216710182767,0.2825384134060621,0.0269799012773649,7.345603937578342,0.101115974896342
A5,188.0,0.402088772845953,0.2753732886837713,0.0289769558034906,7.345603937578342,0.1086005877292202
A5,189.0,0.391644908616188,0.2651264226450048,0.027602501876194,7.345603937578342,0.1034493735946711
A5,190.0,0.3838120104438642,0.2557342101729091,0.0279280100337555,7.345603937578342,0.10466932152369324
A5,191.0,0.3759791122715404,0.2484102873953365,0.0289367858586781,7.345603937578342,0.10845003776650941
A5,192.0,0.3655352480417754,0.2389261032576779,0.0296103813033033,7.345603937578342,0.11097455627266699
A5,193.0,0.3577023498694517,0.2300303093399068,0.0290853062815288,7.345603937578342,0.10900666646556119
A5,194.0,0.3498694516971279,0.2252968863845046,0.0295875106323388,7.345603937578342,0.11088884097788756
A5,195.0,0.3394255874673629,0.2102223624316921,0.0295837272099813,7.345603937578342,0.11087466136928965
A5,196.0,0.3315926892950391,0.210940876342929,0.0292721067913362,7.345603937578342,0.10970676226895675
A5,197.0,0.3237597911227154,0.204662482902371,0.0288306929723421,7.345603937578342,0.10805242009099807
A5,198.0,0.3185378590078329,0.2038040636819334,0.0308602819103889,7.345603937578342,0.11565896623805934
A5,199.0,0.3080939947780678,0.1860263443365311,0.0307458615322689,7.345603937578342,0.11523013857250675
A5,200.0,0.3002610966057441,0.1721495408852448,0.0316366857081183,7.345603937578342,0.11856879256075588
A5,201.0,0.2924281984334204,0.1191144267946088,0.035425940880652,7.345603937578342,0.13277026153437305
A5,202.0,0.2845953002610966,0.2118260129043729,0.0298270328010732,7.345603937578342,0.11178652838422305
A5,203.0,0.2741514360313316,0.0953939219414732,0.0368797196537602,7.345603937578342,0.13821877138677088
A5,204.0,0.2637075718015665,0.0965282359478436,0.0393734152670632,7.345603937578342,0.1475647085880093
A5,205.0,0.0631853785900783,0.0601247504981546,0.0264454617633901,7.345603937578342,0.09911298860209537
A5,206.0,0.0579634464751958,0.0566866166256271,0.0278743564789716,7.345603937578342,0.10446823733725183
A5,207.0,0.0566579634464751,0.0645392618679449,0.0302568227891122,7.345603937578342,0.11339730646656208
A5,208.0,0.0545691906005221,0.0631476234863192,0.0293661982902701,7.345603937578342,0.11005940083298815
A5,209.0,0.0532637075718015,0.0535208412002075,0.0291421457075942,7.345603937578342,0.10921969074315459
A5,210.0,0.052219321148825,0.0529433382180153,0.0285466421165845,7.345603937578342,0.10698784691466229
A5,211.0,0.0503916449086161,0.0543900648523288,0.0292832884059118,7.345603937578342,0.10974866901454129
A5,212.0,0.0488250652741514,0.0538859215546144,0.0294385635355846,7.345603937578342,0.11033061317929602
A5,213.0,0.0469973890339425,0.0509340170662071,0.0269663753850368,7.345603937578342,0.10106528220569652
A5,214.0,0.0449086161879895,0.0508560103016242,0.0283202510867597,7.345603937578342,0.10613937273185546
A5,215.0,0.0428198433420365,0.0498835050315773,0.027773273927081,7.345603937578342,0.10408939752333439
A5,216.0,0.0412532637075718,0.0489821300967787,0.0278302465561092,7.345603937578342,0.10430292102245212
A5,217.0,0.0420365535248041,0.0477667779486561,0.0276034840342444,7.345603937578342,0.10345305455212707
A5,218.0,0.0430809399477806,0.0503244109345734,0.0279760657491951,7.345603937578342,0.10484942598241834
A5,219.0,0.0420365535248041,0.0460701619368577,0.027188155485133,7.345603937578342,0.1018964754262829
A5,220.0,0.0433420365535248,0.0470764492564858,0.027619268966266,7.345603937578342,0.1035122137304216
A5,221.0,0.0425587467362924,0.0493330342511852,0.0281488879932887,7.345603937578342,0.10549713367844163
A5,222.0,0.0428198433420365,0.049010283423853,0.0274443976908634,7.345603937578342,0.10285682662162832
A5,223.0,0.0415143603133159,0.0491931137818433,0.0279628233654294,7.345603937578342,0.10479979583252808
A5,224.0,0.0402088772845953,0.0487836192036609,0.0282377344967783,7.345603937578342,0.10583011491229141
A5,225.0,0.0389033942558746,0.0464127218411111,0.028176549541205,7.345603937578342,0.10560080434631931
A5,226.0,0.0386422976501305,0.0480234302367358,0.0286611573407128,7.345603937578342,0.10741703004654872
A5,227.0,0.037597911227154,0.0450154580311383,0.0274060218686728,7.345603937578342,0.10271300071828794
A5,228.0,0.0370757180156657,0.0435080436721243,0.0272397223148851,7.345603937578342,0.1020897389304408
A5,229.0,0.0373368146214099,0.0470163358742181,0.0288026260663943,7.345603937578342,0.10794723021175945
A5,230.0,0.0381201044386423,0.0442797084403698,0.0283584673673832,7.345603937578342,0.10628260070116605
A5,231.0,0.0381201044386423,0.0450109049660572,0.0283431367630418,7.345603937578342,0.10622514426395398
A5,232.0,0.0386422976501305,0.0461050207645905,0.0285360434767199,7.345603937578342,0.10694812505684426
A5,233.0,0.0383812010443864,0.0475257426750899,0.0285865980263099,7.345603937578342,0.1071375947111134
A5,234.0,0.0378590078328981,0.0464271029192588,0.0290298559748911,7.345603937578342,0.10879884836584576
A5,235.0,0.0373368146214099,0.0487141447740447,0.0297675196630188,7.345603937578342,0.11156348349937908
A5,236.0,0.0368146214099216,0.042958845058553,0.0283784525096457,7.345603937578342,0.10635750153651528
A5,237.0,0.0362924281984334,0.0440427697494327,0.0281265253558654,7.345603937578342,0.1054133224049657
A5,238.0,0.0362924281984334,0.0456178076384606,0.0301884144525369,7.345603937578342,0.11314092392562033
A5,239.0,0.0357702349869451,0.0457468087056154,0.0291047658945668,7.345603937578342,0.10907959770883058
A5,240.0,0.0349869451697127,0.0434009837952651,0.028730258330072,7.345603937578342,0.10767600852958785
A5,241.0,0.0347258485639686,0.0446790517241039,0.0299725987525207,7.345603937578342,0.11233208423859811
A5,242.0,0.0344647519582245,0.0446500447324612,0.0296153034747734,7.345603937578342,0.11099300371477173
A5,243.0,0.0342036553524804,0.0419255823433408,0.0291043174194651,7.345603937578342,0.10907791690219384
A5,244.0,0.0344647519582245,0.0436193245885483,0.030324612927964,7.345603937578342,0.11365137211001607
A5,245.0,0.0344647519582245,0.0447614205137394,0.0294063212850875,7.345603937578342,0.11020977483528764
A5,246.0,0.0342036553524804,0.0441317042432758,0.0306294790854893,7.345603937578342,0.11479395741506071
A5,247.0,0.0342036553524804,0.0456664032820555,0.0317025568547291,7.345603937578342,0.11881566615523709
A5,248.0,0.0336814621409921,0.0420817857638339,0.0290503618641185,7.345603937578342,0.10887570087019811
A5,249.0,0.0331592689295039,0.0400444057647848,0.0291419949408139,7.345603937578342,0.10921912569549874
A5,250.0,0.0331592689295039,0.0445586578118963,0.0315514472203615,7.345603937578342,0.11824933354199924
A5,251.0,0.0326370757180156,0.0407952969030739,0.0296340815130671,7.345603937578342,0.11106338053450833
A5,252.0,0.0321148825065274,0.0399620830660343,0.0310000201355634,7.345603937578342,0.11618268078851465
A5,253.0,0.0318537859007832,0.0448333472747024,0.0324736486878077,7.345603937578342,0.12170558415882014
A5,254.0,0.0308093994778067,0.0416036216546874,0.0319165123353713,7.345603937578342,0.11961753406376432
A5,255.0,0.0302872062663185,0.0391630926549781,0.0310318059468523,7.345603937578342,0.1163018084778011
A5,256.0,0.0295039164490861,0.0393472225100544,0.0329521187842683,7.345603937578342,0.12349880681612281
A5,257.0,0.029242819843342,0.0387806924158555,0.033630744651633,7.345603937578342,0.12604217847130478
A5,258.0,0.0287206266318537,0.0374913822534194,0.0328304790599216,7.345603937578342,0.12304292229723623
A5,259.0,0.0284595300261096,0.0370427039481696,0.0347283186761722,7.345603937578342,0.13015569491346068
A5,260.0,0.0284595300261096,0.0370029388832047,0.0340955532163783,7.345603937578342,0.12778420008514296
A5,261.0,0.0279373368146214,0.0367782540991032,0.0338670342395808,7.345603937578342,0.12692775072739163
A5,262.0,0.0276762402088772,0.0352933307943067,0.035827468781126,7.345603937578342,0.1342751182307381
A5,263.0,0.0274151436031331,0.034600632343568,0.0356858183054001,7.345603937578342,0.13374423689798942
A5,264.0,0.027154046997389,0.0341635575760463,0.0349892982356706,7.345603937578342,0.13113380088632565
A5,265.0,0.0268929503916449,0.0339333023545849,0.0373617644936091,7.345603937578342,0.1400253915602096
A5,266.0,0.0266318537859007,0.0342514587077629,0.0365959531640758,7.345603937578342,0.1371552639649916
A5,267.0,0.0260052219321148,0.033300670786698,0.0357121089985486,7.345603937578342,0.133842769840756
A5,268.0,0.0260052219321148,0.0326740071347999,0.0354931848850423,7.345603937578342,0.13302228036090463
A5,269.0,0.0259007832898172,0.0323204892723807,0.0371325497548229,7.345603937578342,0.13916633460760236
A5,270.0,0.0259268929503916,0.0329655300090124,0.0368992470309133,7.345603937578342,0.13829195659815124
A5,271.0,0.0258224543080939,0.0322929976076481,0.037505223827861,7.345603937578342,0.1405630521799329
A5,272.0,0.0258224543080939,0.0328470308160645,0.0385644236165651,7.345603937578342,0.14453274866413274
A5,273.0,0.0256396866840731,0.0344249712769038,0.038798295764071,7.345603937578342,0.14540926077413072
A5,274.0,0.0257441253263707,0.0333669610511314,0.0379410566291449,7.345603937578342,0.1421964776747325
A5,275.0,0.0256919060052219,0.0341816376876554,0.038420069218978,7.345603937578342,0.14399173350278965
A5,276.0,0.0248563968668407,0.0325825853085142,0.038928344494059,7.345603937578342,0.1458966607828105
A5,277.0,0.0247258485639686,0.0304521083093048,0.0381439647822912,7.345603937578342,0.14295694212228102
A5,278.0,0.0245169712793733,0.0322617377479785,0.0410846085613627,7.345603937578342,0.15397796327009156
A5,279.0,0.0243342036553524,0.0312989448853303,0.0407695418011991,7.345603937578342,0.15279714788148588
A5,280.0,0.0238120104438642,0.0294640087580511,0.0405332603189169,7.345603937578342,0.15191160600402312
A5,281.0,0.0240731070496083,0.030269744257383,0.0422450831138933,7.345603937578342,0.15832721994509552
A5,282.0,0.023864229765013,0.0295960709852305,0.0412453340826263,7.345603937578342,0.1545803345540416
A5,283.0,0.0239686684073107,0.0310019824220363,0.0414752157488856,7.345603937578342,0.15544189103475808
A5,284.0,0.0240992167101827,0.0294574320424899,0.0409282355053075,7.345603937578342,0.1533919042683187
A5,285.0,0.0243603133159268,0.0298847617185155,0.0405132265856644,7.345603937578342,0.15183652305809925
A5,286.0,0.0241514360313315,0.030419310196065,0.0414201496078115,7.345603937578342,0.1552355127207218
A5,287.0,0.0242819843342036,0.0300813197657618,0.0408144153388251,7.345603937578342,0.15296532609153393
A5,288.0,0.0241253263707571,0.0326179874232643,0.0424667850196343,7.345603937578342,0.15915812010684616
A5,289.0,0.0236031331592689,0.0301818966252264,0.041320171766488,7.345603937578342,0.15486081316976613
A5,290.0,0.0234464751958224,0.0294666176837021,0.0424510536691899,7.345603937578342,0.15909916174297858
A5,291.0,0.0233420365535248,0.0304377293414569,0.0443486934468208,7.345603937578342,0.16621118539883262
A5,292.0,0.0230809399477806,0.0312512941659437,0.0440220360069265,7.345603937578342,0.16498693015962737
A5,293.0,0.0228720626631853,0.030651236976053,0.0449240688497976,7.345603937578342,0.1683675922813213
A5,294.0,0.0226892950391644,0.0295873052161781,0.0436828790911849,7.345603937578342,0.1637158290601278
A5,295.0,0.0226370757180156,0.0295573162298479,0.0438092497127885,7.345603937578342,0.16418944415865394
A5,296.0,0.0227154046997389,0.0309447744337866,0.0461101249806499,7.345603937578342,0.1728127242601225
A5,297.0,0.0221409921671018,0.0290276228177709,0.0458959843161827,7.345603937578342,0.17201016231484523
A5,298.0,0.0224020887728459,0.0306636263903458,0.0456089074052341,7.345603937578342,0.17093424801025317
A6,1.0,1.0,1.0026708607665125,0.004145804026268,7.494382686715315,0.0158524555359464
A6,2.0,0.995049504950495,0.998340607383438,0.0038842169214913,7.494382686715315,0.014852215794517405
A6,3.0,0.9925742574257426,0.9895824873628438,0.0031831237274311,7.494382686715315,0.01217142128156531
A6,4.0,0.99009900990099,0.9830867798061528,0.0032055847983754,7.494382686715315,0.012257306462383847
A6,5.0,0.9851485148514852,0.9839580897567722,0.0031546822847348,7.494382686715315,0.012062668744575006
A6,6.0,0.9801980198019802,0.9802273067354268,0.0032162753907695,7.494382686715315,0.012298184453602586
A6,7.0,0.9777227722772276,0.9788301114465912,0.0033151818039963,7.494382686715315,0.012676376357504326
A6,8.0,0.9752475247524752,0.9757807326010502,0.0031929934288787,7.494382686715315,0.012209160403424377
A6,9.0,0.9727722772277227,0.9705777888516952,0.0030443524361227,7.494382686715315,0.011640796652134246
A6,10.0,0.9702970297029704,0.9651172414449084,0.0031592445266787,7.494382686715315,0.012080113548309495
A6,11.0,0.9678217821782178,0.9629950269429944,0.0030727598418193,7.494382686715315,0.01174941904066097
A6,12.0,0.9653465346534652,0.9655138858762176,0.0030963775085074,7.494382686715315,0.011839726736988075
A6,13.0,0.9628712871287128,0.9641223775260936,0.0030697371545632,7.494382686715315,0.01173786108591376
A6,14.0,0.9603960396039604,0.9636826196611408,0.0031321226554124,7.494382686715315,0.011976406702646623
A6,15.0,0.957920792079208,0.9614768491533684,0.0031316584086064,7.494382686715315,0.011974631545933187
A6,16.0,0.957920792079208,0.960290224864358,0.0030211071030783,7.494382686715315,0.011551912660954292
A6,17.0,0.957920792079208,0.954189592924256,0.0029832622223129,7.494382686715315,0.011407203869656997
A6,18.0,0.9554455445544554,0.9527051282883364,0.0030535286133627,7.494382686715315,0.011675883921278031
A6,19.0,0.9529702970297028,0.9515021280722084,0.003076917770474,7.494382686715315,0.011765317857561778
A6,20.0,0.9504950495049505,0.9524239192127084,0.0030296922742807,7.494382686715315,0.011584740079687118
A6,21.0,0.9504950495049505,0.9490065201432434,0.003028745081397,7.494382686715315,0.011581118265202476
A6,22.0,0.9504950495049505,0.9489784417175022,0.0031132862183268,7.494382686715315,0.01190438116080645
A6,23.0,0.948019801980198,0.948285933251753,0.0031263335428,7.494382686715315,0.01195427067072153
A6,24.0,0.948019801980198,0.9465278842357034,0.0030694754121607,7.494382686715315,0.011736860252355008
A6,25.0,0.9455445544554456,0.9435443861255912,0.0032542249251826,7.494382686715315,0.012443293412704804
A6,26.0,0.9455445544554456,0.9403899524986872,0.0032846402751152,7.494382686715315,0.01255959364768017
A6,27.0,0.9455445544554456,0.9387100976467824,0.0032354389952056,7.494382686715315,0.012371460996658387
A6,28.0,0.943069306930693,0.9403675314452808,0.0031541965983334,7.494382686715315,0.012060811608532436
A6,29.0,0.943069306930693,0.9390493335846332,0.0032271875177414,7.494382686715315,0.012339909534317598
A6,30.0,0.9405940594059404,0.9398563964397332,0.003148626466228,7.494382686715315,0.012039512900013961
A6,31.0,0.9405940594059404,0.9389329651560284,0.0032068445804112,7.494382686715315,0.012262123534918143
A6,32.0,0.9405940594059404,0.9370702096308516,0.003216527518624,7.494382686715315,0.012299148523678622
A6,33.0,0.938118811881188,0.9331721072300356,0.003195582319359,7.494382686715315,0.012219059634301272
A6,34.0,0.938118811881188,0.9357440362027452,0.0030608010281325,7.494382686715315,0.011703691707426812
A6,35.0,0.9356435643564356,0.9361248587439256,0.0032067514573977,7.494382686715315,0.012261767457201606
A6,36.0,0.9356435643564356,0.9355516056520264,0.0032112392069587,7.494382686715315,0.012278927421811957
A6,37.0,0.9356435643564356,0.9367734490349942,0.0032266792595389,7.494382686715315,0.012337966089691451
A6,38.0,0.9356435643564356,0.9347573003031928,0.0033027005726736,7.494382686715315,0.012628651437724393
A6,39.0,0.9356435643564356,0.9294900415101977,0.0035303534488814,7.494382686715315,0.013499135685134202
A6,40.0,0.9331683168316832,0.9290148954443412,0.0034572150803093,7.494382686715315,0.013219473952834576
A6,41.0,0.9331683168316832,0.9275454155878652,0.003613072141911,7.494382686715315,0.013815430038397145
A6,42.0,0.9331683168316832,0.9294572349816956,0.003349914541106,7.494382686715315,0.012809185136497403
A6,43.0,0.9306930693069309,0.9312784655579596,0.0033789027885795,7.494382686715315,0.012920028509996736
A6,44.0,0.9306930693069309,0.9295031605782584,0.0032817281156512,7.494382686715315,0.012548458321908828
A6,45.0,0.9306930693069309,0.9300626466191292,0.0033191344799892,7.494382686715315,0.012691490342639281
A6,46.0,0.9306930693069309,0.9253503186789904,0.0036170970812203,7.494382686715315,0.01383082033929687
A6,47.0,0.9306930693069309,0.9241391874602684,0.0035678573742444,7.494382686715315,0.013642540753360643
A6,48.0,0.9282178217821784,0.9253809706968424,0.0033501067423666,7.494382686715315,0.012809920063165019
A6,49.0,0.9282178217821784,0.925538483958564,0.0034262908048818,7.494382686715315,0.013101227721683824
A6,50.0,0.9282178217821784,0.9263992501117886,0.0034099808460833,7.494382686715315,0.01303886276303934
A6,51.0,0.9257425742574258,0.9258735879731846,0.0035006032812197,7.494382686715315,0.013385378930821677
A6,52.0,0.9282178217821784,0.9224556750508895,0.0034233125446793,7.494382686715315,0.013089839644211888
A6,53.0,0.9257425742574258,0.9257804508136795,0.0034673614632119,7.494382686715315,0.013258271031228785
A6,54.0,0.9257425742574258,0.91936915526074,0.0036198447202056,7.494382686715315,0.013841326582372356
A6,55.0,0.9257425742574258,0.92303290335888,0.0033258273501523,7.494382686715315,0.012717082103850414
A6,56.0,0.9257425742574258,0.9203495947193852,0.0035633022128665,7.494382686715315,0.013625123023833464
A6,57.0,0.9232673267326732,0.921911503471375,0.0033705355142981,7.494382686715315,0.012888034271324927
A6,58.0,0.9232673267326732,0.920648300946444,0.0034132187156332,7.494382686715315,0.013051243517832805
A6,59.0,0.9232673267326732,0.9183006404435878,0.0034847323062535,7.494382686715315,0.013324692529976461
A6,60.0,0.9232673267326732,0.9195977967419317,0.0034405302153488,7.494382686715315,0.013155675452414937
A6,61.0,0.9232673267326732,0.915439666978135,0.0037924775260244,7.494382686715315,0.014501428666539537
A6,62.0,0.9207920792079208,0.920361265834065,0.0035553536849842,7.494382686715315,0.01359472996038135
A6,63.0,0.9207920792079208,0.9151869901739976,0.0036691109831165,7.494382686715315,0.014029707711163995
A6,64.0,0.9207920792079208,0.9189758173878272,0.003385403617459,7.494382686715315,0.012944885956249891
A6,65.0,0.9183168316831684,0.9188799490473368,0.0035246675526256,7.494382686715315,0.013477394325193895
A6,66.0,0.9207920792079208,0.9157524685112444,0.0033932248376291,7.494382686715315,0.012974792228760069
A6,67.0,0.9183168316831684,0.9162037455234832,0.0035122219128787,7.494382686715315,0.013429805498164426
A6,68.0,0.9183168316831684,0.9180842357177688,0.0035124265571079,7.494382686715315,0.013430588003445314
A6,69.0,0.9183168316831684,0.9160564451096004,0.003503509477301,7.494382686715315,0.01339649145419848
A6,70.0,0.9183168316831684,0.9141912088508996,0.0035852648631506,7.494382686715315,0.01370910237617966
A6,71.0,0.915841584158416,0.9161249316670588,0.0036532526091001,7.494382686715315,0.013969069493010279
A6,72.0,0.9183168316831684,0.9117666993332566,0.0035174803657617,7.494382686715315,0.013449912427963196
A6,73.0,0.915841584158416,0.91637996642876,0.0035653744288709,7.494382686715315,0.0136330466284859
A6,74.0,0.915841584158416,0.9137549482371918,0.0035473318252522,7.494382686715315,0.013564056495376396
A6,75.0,0.915841584158416,0.915917885677564,0.0035913208329513,7.494382686715315,0.013732258799248468
A6,76.0,0.915841584158416,0.912383315918943,0.0035123958058544,7.494382686715315,0.013430470418804146
A6,77.0,0.915841584158416,0.9159819354594808,0.0036315530491194,7.494382686715315,0.013886096128238547
A6,78.0,0.915841584158416,0.9089570754334352,0.0037380364218474,7.494382686715315,0.014293260316606556
A6,79.0,0.915841584158416,0.9078783371955684,0.0038552939186655,7.494382686715315,0.014741621899254395
A6,80.0,0.915841584158416,0.9078111915050008,0.0038650479461603,7.494382686715315,0.014778918714583342
A6,81.0,0.9133663366336634,0.910579648850128,0.0036614297496008,7.494382686715315,0.014000336710509518
A6,82.0,0.9133663366336634,0.9117894298427798,0.0037966782808812,7.494382686715315,0.014517491239483869
A6,83.0,0.9133663366336634,0.9117650460856818,0.0036510021883403,7.494382686715315,0.013960464480615612
A6,84.0,0.9133663366336634,0.9123310671821708,0.0036978266575509,7.494382686715315,0.01413950883762144
A6,85.0,0.9133663366336634,0.9126132832443594,0.0038010676837263,7.494382686715315,0.014534275152324519
A6,86.0,0.9108910891089108,0.9097139982570768,0.0036745948999441,7.494382686715315,0.014050676755315995
A6,87.0,0.9108910891089108,0.910007987953736,0.0036859982752515,7.494382686715315,0.014094280239435094
A6,88.0,0.9108910891089108,0.9106888230539616,0.0036978366645087,7.494382686715315,0.014139547101575204
A6,89.0,0.9108910891089108,0.9092860130427268,0.003743319717214,7.494382686715315,0.014313462237476824
A6,90.0,0.9108910891089108,0.9116046264181265,0.0037187561063676,7.494382686715315,0.014219537501459965
A6,91.0,0.9108910891089108,0.9097955531375164,0.0036921152263481,7.494382686715315,0.014117669838813166
A6,92.0,0.9108910891089108,0.9102259015317868,0.0037518436294114,7.494382686715315,0.014346055418014406
A6,93.0,0.9108910891089108,0.9036817470274924,0.0037478202525215,7.494382686715315,0.014330671091392265
A6,94.0,0.9084158415841584,0.9028454944884244,0.0037434245078253,7.494382686715315,0.014313862928994244
A6,95.0,0.9084158415841584,0.9091839264370702,0.0036555212786224,7.494382686715315,0.013977744283834966
A6,96.0,0.905940594059406,0.9106236200707178,0.0038008590850017,7.494382686715315,0.014533477526101565
A6,97.0,0.9084158415841584,0.910954945563349,0.0037770542682094,7.494382686715315,0.014442454217389846
A6,98.0,0.9084158415841584,0.9083110542754852,0.0036914419163989,7.494382686715315,0.014115095280063168
A6,99.0,0.9084158415841584,0.9073048616800936,0.0037070151483882,7.494382686715315,0.014174643190696943
A6,100.0,0.905940594059406,0.9083020874625856,0.0037638866376723,7.494382686715315,0.01439210468897978
A6,101.0,0.905940594059406,0.9079548089752908,0.0037718012024554,7.494382686715315,0.014422367886544234
A6,102.0,0.905940594059406,0.9084655046986057,0.0038014465033569,7.494382686715315,0.014535723658166131
A6,103.0,0.905940594059406,0.9070384447463042,0.0038552596118529,7.494382686715315,0.014741490719097815
A6,104.0,0.905940594059406,0.9065191090093094,0.0038240044732108,7.494382686715315,0.014621979354726897
A6,105.0,0.905940594059406,0.9076540677758228,0.0038824990260796,7.494382686715315,0.014845647017880392
A6,106.0,0.905940594059406,0.9084650886277064,0.0038354315509551,7.494382686715315,0.014665673470681139
A6,107.0,0.905940594059406,0.903558004777807,0.0036699829970931,7.494382686715315,0.014033042061437956
A6,108.0,0.9034653465346536,0.906280283266758,0.0039049166364487,7.494382686715315,0.014931366016980849
A6,109.0,0.9034653465346536,0.9047022618574936,0.0038575838031813,7.494382686715315,0.01475037781059009
A6,110.0,0.9034653465346536,0.9039992387809166,0.0038561874259699,7.494382686715315,0.014745038434315941
A6,111.0,0.9034653465346536,0.903871398379224,0.0038941743281625,7.494382686715315,0.0148902902779007
A6,112.0,0.905940594059406,0.901742072331866,0.0038098567914591,7.494382686715315,0.014567882370285633
A6,113.0,0.9034653465346536,0.9045666517708616,0.0039626195039425,7.494382686715315,0.015152006485137638
A6,114.0,0.9034653465346536,0.9035583601586624,0.0039172819868747,7.494382686715315,0.014978647838932045
A6,115.0,0.9034653465346536,0.9020461095138368,0.0039147999672867,7.494382686715315,0.014969157254015627
A6,116.0,0.9034653465346536,0.9013446850357656,0.0039184777846775,7.494382686715315,0.01498322025272169
A6,117.0,0.9034653465346536,0.9027663096508752,0.0039636056117639,7.494382686715315,0.01515577710002762
A6,118.0,0.900990099009901,0.9023463868838224,0.0040415393240878,7.494382686715315,0.015453774955579414
A6,119.0,0.900990099009901,0.901238829540164,0.0040259745843019,7.494382686715315,0.01539425951688014
A6,120.0,0.900990099009901,0.902937052634107,0.0041238611883218,7.494382686715315,0.015768551940728046
A6,121.0,0.900990099009901,0.9007071387524895,0.0040765508281704,7.494382686715315,0.015587649665575208
A6,122.0,0.900990099009901,0.900184107811395,0.0040209951022188,7.494382686715315,0.015375219297464498
A6,123.0,0.900990099009901,0.8953502288287803,0.0039895543431138,7.494382686715315,0.015254998169651788
A6,124.0,0.8985148514851485,0.9025109841437088,0.004230717333114,7.494382686715315,0.016177141510646975
A6,125.0,0.900990099009901,0.8966596468977107,0.0039126555051759,7.494382686715315,0.0149609573994049
A6,126.0,0.900990099009901,0.900167605176486,0.0041000050928313,7.494382686715315,0.01567733255586849
A6,127.0,0.8985148514851485,0.898473162165889,0.004177577394518,7.494382686715315,0.015973948472954275
A6,128.0,0.8985148514851485,0.8979624958217463,0.0041587091112655,7.494382686715315,0.015901801159814356
A6,129.0,0.900990099009901,0.8949733899364986,0.0039976408261032,7.494382686715315,0.015285918736861293
A6,130.0,0.8985148514851485,0.8966184249648521,0.004246563648935,7.494382686715315,0.016237733621458132
A6,131.0,0.8985148514851485,0.8986814142208922,0.0043246498850558,7.494382686715315,0.01653631468757492
A6,132.0,0.8985148514851485,0.9004584328948135,0.0043500401376646,7.494382686715315,0.0166334002825469
A6,133.0,0.8985148514851485,0.8982457117175893,0.0042433803972724,7.494382686715315,0.01622556171098639
A6,134.0,0.900990099009901,0.8962219564610758,0.004182854716844,7.494382686715315,0.01599412755450075
A6,135.0,0.8985148514851485,0.8945880412250453,0.0041956491926491,7.494382686715315,0.016043050238139678
A6,136.0,0.8960396039603961,0.8973915159858561,0.0042894889734269,7.494382686715315,0.016401868682730303
A6,137.0,0.8985148514851485,0.8957465679837061,0.0042986679700729,7.494382686715315,0.016436966732535203
A6,138.0,0.8985148514851485,0.8900875564917651,0.0042352786621239,7.494382686715315,0.01619458282356387
A6,139.0,0.8985148514851485,0.8930963588206414,0.0042857241400751,7.494382686715315,0.016387472958057474
A6,140.0,0.8985148514851485,0.8937002091055171,0.0042620398412478,7.494382686715315,0.01629691047809437
A6,141.0,0.8960396039603961,0.894687484351242,0.0043288855232737,7.494382686715315,0.016552510645244455
A6,142.0,0.8960396039603961,0.8958649705406581,0.0044920401654191,7.494382686715315,0.017176370744203705
A6,143.0,0.8960396039603961,0.895275401350493,0.0043567603095324,7.494382686715315,0.016659096438239072
A6,144.0,0.8960396039603961,0.8933819817165363,0.0043916744074693,7.494382686715315,0.016792598692956264
A6,145.0,0.8960396039603961,0.8940564309501152,0.0044036598184631,7.494382686715315,0.016838427727241388
A6,146.0,0.8935643564356436,0.8929701855478578,0.0043196781156666,7.494382686715315,0.01651730395945611
A6,147.0,0.8960396039603961,0.8918622167650474,0.00442888543647,7.494382686715315,0.01693488380314065
A6,148.0,0.8935643564356436,0.8914715991500133,0.0044648883806078,7.494382686715315,0.01707254951707489
A6,149.0,0.8935643564356436,0.8937857061485572,0.0044290533656209,7.494382686715315,0.016935525919695354
A6,150.0,0.8935643564356436,0.8937273181281417,0.0044351674347847,7.494382686715315,0.016958904499326403
A6,151.0,0.8935643564356436,0.8941954479020572,0.0044644435020105,7.494382686715315,0.017070848419256972
A6,152.0,0.8935643564356436,0.8945003830176457,0.0044996294874391,7.494382686715315,0.017205390299664534
A6,153.0,0.8935643564356436,0.8937399130727799,0.0044404229864185,7.494382686715315,0.01697900033551736
A6,154.0,0.8935643564356436,0.8929706648538229,0.0044630859594255,7.494382686715315,0.017065657536299045
A6,155.0,0.8910891089108911,0.8927271498328936,0.0044790981679458,7.494382686715315,0.017126883976813854
A6,156.0,0.8935643564356436,0.8911601657982411,0.0044306641647891,7.494382686715315,0.01694168518868864
A6,157.0,0.8935643564356436,0.8881046027227483,0.0043385640892851,7.494382686715315,0.01658951891586586
A6,158.0,0.8935643564356436,0.8835412998395309,0.0043136063690297,7.494382686715315,0.01649408720994814
A6,159.0,0.8935643564356436,0.8854881389610391,0.0042491559588533,7.494382686715315,0.016247645927359434
A6,160.0,0.8910891089108911,0.888944975934972,0.0044478507643291,7.494382686715315,0.017007402189129495
A6,161.0,0.8910891089108911,0.8906714765832845,0.0045156167830269,7.494382686715315,0.017266521479729933
A6,162.0,0.8935643564356436,0.8849613449747514,0.0044477058084216,7.494382686715315,0.017006847916167304
A6,163.0,0.8910891089108911,0.8856714396711322,0.0043684078701983,7.494382686715315,0.016703633622435075
A6,164.0,0.8910891089108911,0.8871051204159693,0.00437944467762,7.494382686715315,0.016745835448137094
A6,165.0,0.8910891089108911,0.8864136687000838,0.004393554469463,7.494382686715315,0.016799787551612176
A6,166.0,0.8910891089108911,0.8850498074204971,0.0045302445337616,7.494382686715315,0.017322454120694986
A6,167.0,0.8886138613861386,0.8887911640511195,0.0045020999792712,7.494382686715315,0.017214836805498415
A6,168.0,0.8886138613861386,0.8885362746337482,0.0045456039187475,7.494382686715315,0.017381184337079005
A6,169.0,0.8910891089108911,0.8841582338751978,0.0044665951658171,7.494382686715315,0.01707907581124326
A6,170.0,0.8910891089108911,0.8850574861649964,0.004529326066505,7.494382686715315,0.01731894214539316
A6,171.0,0.8910891089108911,0.8841596376619492,0.0045276667967906,7.494382686715315,0.01731259753788084
A6,172.0,0.8886138613861386,0.8843825270471866,0.0045694781496912,7.494382686715315,0.01747247306710386
A6,173.0,0.8886138613861386,0.8845541339197691,0.0045470376269915,7.494382686715315,0.017386666457325294
A6,174.0,0.8886138613861386,0.8843620290765185,0.0045172276393051,7.494382686715315,0.017272680967096714
A6,175.0,0.8886138613861386,0.8836765168793985,0.0045888971661909,7.494382686715315,0.017546726238180644
A6,176.0,0.8886138613861386,0.8830271827521847,0.0045465595872137,7.494382686715315,0.017384838559944236
A6,177.0,0.8886138613861386,0.8826346453959241,0.0046097338186485,7.494382686715315,0.01762640007334246
A6,178.0,0.8886138613861386,0.8818917375748767,0.0045514524989533,7.494382686715315,0.01740354775731629
A6,179.0,0.8886138613861386,0.883645876949604,0.0046443547930294,7.494382686715315,0.01775878150128912
A6,180.0,0.8886138613861386,0.881808426271578,0.004582599665671,7.494382686715315,0.01752264626567187
A6,181.0,0.8861386138613861,0.8818378892819116,0.0045783150234265,7.494382686715315,0.017506262929595676
A6,182.0,0.8861386138613861,0.881624087109814,0.0045265415344321,7.494382686715315,0.017308294832931122
A6,183.0,0.8861386138613861,0.8810083172963679,0.004581113071627,7.494382686715315,0.017516961924146507
A6,184.0,0.8861386138613861,0.8801569609498632,0.0046392638906416,7.494382686715315,0.017739315240166042
A6,185.0,0.8861386138613861,0.8795597003793816,0.0046400943021494,7.494382686715315,0.017742490513628206
A6,186.0,0.8861386138613861,0.8808658167762449,0.0047586784990968,7.494382686715315,0.01819592504585977
A6,187.0,0.8861386138613861,0.8802345679392942,0.0046594300275785,7.494382686715315,0.01781642520173164
A6,188.0,0.8861386138613861,0.8798877088545964,0.0047608970160865,7.494382686715315,0.018204408066695325
A6,189.0,0.8861386138613861,0.8798423803567463,0.0046664199962202,7.494382686715315,0.017843152988763565
A6,190.0,0.8861386138613861,0.8789729757679463,0.0046295365830448,7.494382686715315,0.01770212059464355
A6,191.0,0.8836633663366337,0.8799489068213706,0.0047525923236989,7.494382686715315,0.01817265312459483
A6,192.0,0.8836633663366337,0.8783810111233551,0.0047844712522024,7.494382686715315,0.018294549696027864
A6,193.0,0.8836633663366337,0.879628641928418,0.0047924180889699,7.494382686715315,0.018324936293105297
A6,194.0,0.8836633663366337,0.8786788074088825,0.0047569653546748,7.494382686715315,0.018189374435747873
A6,195.0,0.8836633663366337,0.8779499559574827,0.0047993517706857,7.494382686715315,0.018351448853854358
A6,196.0,0.8836633663366337,0.8780042087277371,0.0048309463648932,7.494382686715315,0.018472258206317052
A6,197.0,0.8836633663366337,0.8759602832560495,0.0048089984495864,7.494382686715315,0.018388335196617783
A6,198.0,0.8836633663366337,0.8778987248199651,0.0048863528532917,7.494382686715315,0.018684117929587865
A6,199.0,0.8836633663366337,0.8775309466624515,0.004909277062458,7.494382686715315,0.01877177402818851
A6,200.0,0.8836633663366337,0.87641282947734,0.0047616963126252,7.494382686715315,0.018207464364764288
A6,201.0,0.8836633663366337,0.8709796524413643,0.0048834253849146,7.494382686715315,0.018672924066591247
A6,202.0,0.8811881188118812,0.8817828438481409,0.0050912697211608,7.494382686715315,0.019467665708469375
A6,203.0,0.8836633663366337,0.8708176390379665,0.0049597590161313,7.494382686715315,0.018964803636173644
A6,204.0,0.8836633663366337,0.8808972518045777,0.0050928515329123,7.494382686715315,0.01947371413726582
A6,205.0,0.8836633663366337,0.8696633522599784,0.0048383420067781,7.494382686715315,0.018500537180286235
A6,206.0,0.8811881188118812,0.8806260991271484,0.0051937517264896,7.494382686715315,0.01985952972867292
A6,207.0,0.8836633663366337,0.8790348879276634,0.0051108892554621,7.494382686715315,0.019542685606461826
A6,208.0,0.8811881188118812,0.8749113468414762,0.0050100592548812,7.494382686715315,0.019157138414464665
A6,209.0,0.8787128712871287,0.8810005587233565,0.0052823360404095,7.494382686715315,0.020198252661233155
A6,210.0,0.8836633663366337,0.8720900923456487,0.0050419181014771,7.494382686715315,0.01927895819800679
A6,211.0,0.8787128712871287,0.8809680555119277,0.0053617894034389,7.494382686715315,0.0205020612582205
A6,212.0,0.8811881188118812,0.8802666703490193,0.0053265426546822,7.494382686715315,0.020367287034954756
A6,213.0,0.8811881188118812,0.8768293226117632,0.0051667488798765,7.494382686715315,0.019756278001730226
A6,214.0,0.8787128712871287,0.879782159185315,0.0053573399213472,7.494382686715315,0.020485047618267974
A6,215.0,0.8811881188118812,0.8784995559068617,0.0052947281584959,7.494382686715315,0.020245636835621566
A6,216.0,0.8811881188118812,0.8649529894027393,0.0051004357583886,7.494382686715315,0.019502714204894644
A6,217.0,0.8787128712871287,0.8787236505614064,0.0053020019302081,7.494382686715315,0.020273449810358356
A6,218.0,0.8787128712871287,0.8797284284245042,0.0053706726813431,7.494382686715315,0.02053602855795236
A6,219.0,0.8811881188118812,0.8761621165485844,0.0053112049814776,7.494382686715315,0.020308639838666594
A6,220.0,0.8787128712871287,0.8780519977748088,0.0054295347831873,7.494382686715315,0.020761101630949855
A6,221.0,0.8787128712871287,0.8768943910431453,0.0053794772216393,7.494382686715315,0.02056969478594471
A6,222.0,0.8787128712871287,0.8769404098866547,0.005383812298148,7.494382686715315,0.02058627096927699
A6,223.0,0.8762376237623762,0.8764058201406436,0.0053956757539128,7.494382686715315,0.02063163367909698
A6,224.0,0.8787128712871287,0.8778995608993445,0.0055016403800283,7.494382686715315,0.0210368143179395
A6,225.0,0.8787128712871287,0.8747109384316649,0.0053531350672243,7.494382686715315,0.020468969370816797
A6,226.0,0.8787128712871287,0.8776507153308519,0.0054235098230687,7.494382686715315,0.02073806378068467
A6,227.0,0.8787128712871287,0.8746278386825094,0.0053608133913771,7.494382686715315,0.020498329246838826
A6,228.0,0.8762376237623762,0.8770813918925857,0.0054976828673436,7.494382686715315,0.021021681838577316
A6,229.0,0.8787128712871287,0.8757103630063932,0.0054072577817941,7.494382686715315,0.020675920283297535
A6,230.0,0.8762376237623762,0.875148617579795,0.0055312153912616,7.494382686715315,0.021149901320504122
A6,231.0,0.8787128712871287,0.8734498355901893,0.0054226271308737,7.494382686715315,0.020734688599734364
A6,232.0,0.8762376237623762,0.8747728741757254,0.0055359716118484,7.494382686715315,0.021168087847144954
A6,233.0,0.8787128712871287,0.8739677931420187,0.0054917552642369,7.494382686715315,0.020999016255716107
A6,234.0,0.8762376237623762,0.8746908589692727,0.0055948193179078,7.494382686715315,0.021393105874477725
A6,235.0,0.8762376237623762,0.8733022232838031,0.0054914449324544,7.494382686715315,0.02099782962924937
A6,236.0,0.8762376237623762,0.8752205865099913,0.0056381797501462,7.494382686715315,0.021558904672424627
A6,237.0,0.8762376237623762,0.8734131525254546,0.0055709241748271,7.494382686715315,0.021301737181984835
A6,238.0,0.8737623762376238,0.873941244070882,0.0055896478874059,7.494382686715315,0.021373331695194488
A6,239.0,0.8762376237623762,0.8725048626218667,0.0056067840517218,7.494382686715315,0.021438855844708858
A6,240.0,0.8762376237623762,0.8631286561521105,0.0054747518419245,7.494382686715315,0.02093399967643296
A6,241.0,0.8762376237623762,0.8727876848735759,0.0056820642224678,7.494382686715315,0.021726707260725665
A6,242.0,0.8762376237623762,0.8617138597823734,0.0054398106110089,7.494382686715315,0.02080039367239823
A6,243.0,0.8762376237623762,0.8713916355696204,0.0056975074976214,7.494382686715315,0.021785758250871527
A6,244.0,0.8762376237623762,0.8620418845035187,0.0054431255321835,7.494382686715315,0.020813069052178012
A6,245.0,0.8737623762376238,0.8725868976500092,0.0057437353876587,7.494382686715315,0.021962521447272926
A6,246.0,0.8762376237623762,0.8617320271230869,0.0053769617900858,7.494382686715315,0.020560076442529798
A6,247.0,0.8712871287128713,0.873761572581649,0.0058213965291479,7.494382686715315,0.02225947706421187
A6,248.0,0.8762376237623762,0.870805013757765,0.0058649585509516,7.494382686715315,0.022426046687214703
A6,249.0,0.8762376237623762,0.8684100868782525,0.0057767878883014,7.494382686715315,0.022088905447450066
A6,250.0,0.8737623762376238,0.8665519483791885,0.0055588090632705,7.494382686715315,0.021255412207131424
A6,251.0,0.8737623762376238,0.8686844649244094,0.0057408141745129,7.494382686715315,0.021951351502622528
A6,252.0,0.8712871287128713,0.8718052747637529,0.0058523037608384,7.494382686715315,0.022377658124630665
A6,253.0,0.8737623762376238,0.8630877089593195,0.0056328742386832,7.494382686715315,0.021538617803091256
A6,254.0,0.8688118811881188,0.8738422584174931,0.0060239203858946,7.494382686715315,0.023033874602953107
A6,255.0,0.8737623762376238,0.8693218111865387,0.0059365841136594,7.494382686715315,0.02269992385093695
A6,256.0,0.8712871287128713,0.8689654518450449,0.0058549683795696,7.494382686715315,0.0223878469202633
A6,257.0,0.8737623762376238,0.8650331472347237,0.0057352788428049,7.494382686715315,0.021930185861598058
A6,258.0,0.8712871287128713,0.8624795112598164,0.005623826671136,7.494382686715315,0.021504022303318066
A6,259.0,0.8712871287128713,0.8622009782554025,0.0055948127112497,7.494382686715315,0.02139308061236859
A6,260.0,0.8688118811881188,0.8709233697490769,0.0060262216692625,7.494382686715315,0.023042674100477372
A6,261.0,0.8737623762376238,0.8684079681861173,0.0060525075584886,7.494382686715315,0.023143184372438945
A6,262.0,0.8712871287128713,0.8564953295574912,0.0056609081676268,7.494382686715315,0.021645812115523903
A6,263.0,0.8712871287128713,0.8694313387610528,0.0061164581691475,7.494382686715315,0.023387714554170522
A6,264.0,0.8712871287128713,0.8551563210374096,0.0056725521163857,7.494382686715315,0.021690335488745056
A6,265.0,0.8712871287128713,0.8675413923511257,0.0061348434917907,7.494382686715315,0.023458015153974256
A6,266.0,0.8712871287128713,0.8567409701737156,0.0057733439385758,7.494382686715315,0.022075736696696966
A7,1.0,1.0,1.0059757991861524,0.007424888014273,7.507438361536909,0.028440261937542545
A7,2.0,0.9925373134328358,1.006536335247282,0.0061227592082618,7.507438361536909,0.02345259286452905
A7,3.0,0.9875621890547264,1.0018919235344168,0.0057259710518121,7.507438361536909,0.021932737065835355
A7,4.0,0.9800995024875622,0.9894253593536652,0.0060026345192034,7.507438361536909,0.022992467726558025
A7,5.0,0.9751243781094528,0.9841209955583212,0.0059497515696473,7.507438361536909,0.022789905083927704
A7,6.0,0.9701492537313432,0.9775367283168296,0.0058134270440186,7.507438361536909,0.02226772815547593
A7,7.0,0.965174129353234,0.975457194228791,0.005713374405803,7.507438361536909,0.021884486922352436
A7,8.0,0.9626865671641792,0.9757736100931708,0.0054119121187987,7.507438361536909,0.02072976696021811
A7,9.0,0.9601990049751244,0.9718023597935742,0.0055239708883737,7.507438361536909,0.021158996431825675
A7,10.0,0.9577114427860696,0.9718963163715028,0.0056866604929518,7.507438361536909,0.021782162055310087
A7,11.0,0.9527363184079602,0.9622957430539218,0.0054699809449478,7.507438361536909,0.020952193564216896
A7,12.0,0.9502487562189056,0.95792084508359,0.0051996685530561,7.507438361536909,0.019916790038185896
A7,13.0,0.9477611940298508,0.9560349552328656,0.0057409592015988,7.507438361536909,0.021990147616011126
A7,14.0,0.945273631840796,0.9538038896881866,0.0052796053673233,7.507438361536909,0.020222979698129803
A7,15.0,0.9427860696517412,0.947145280156356,0.0052085246216753,7.507438361536909,0.019950712288701017
A7,16.0,0.9427860696517412,0.9533735174974004,0.005293109004294,7.507438361536909,0.020274703976235806
A7,17.0,0.9378109452736318,0.9511800245303008,0.0054369864243702,7.507438361536909,0.020825811481965054
A7,18.0,0.9378109452736318,0.953063490059922,0.0051099139550645,7.507438361536909,0.019572994377958706
A7,19.0,0.9328358208955224,0.9416612510611184,0.0050572255447648,7.507438361536909,0.01937117689773333
A7,20.0,0.9328358208955224,0.9412342867936866,0.005309673950053,7.507438361536909,0.020338154279521393
A7,21.0,0.9303482587064676,0.9370182471863612,0.0054679597723803,7.507438361536909,0.020944451672739183
A7,22.0,0.9303482587064676,0.9366509075567452,0.0051880802820026,7.507438361536909,0.019872402370179156
A7,23.0,0.927860696517413,0.9340614682512112,0.0050954673927548,7.507438361536909,0.01951765832233132
A7,24.0,0.927860696517413,0.9383352711211,0.0047159414159053,7.507438361536909,0.018063923508694762
A7,25.0,0.9253731343283582,0.9413079650537596,0.0051826825311749,7.507438361536909,0.019851726846572836
A7,26.0,0.9228855721393034,0.9399768306013818,0.0053012907346629,7.507438361536909,0.020306043244161
A7,27.0,0.9203980099502488,0.9313693664781014,0.0051036895275222,7.507438361536909,0.019549152355106108
A7,28.0,0.9203980099502488,0.9267202121115856,0.0050599745066808,7.507438361536909,0.019381706510677936
A7,29.0,0.917910447761194,0.9268387868079836,0.0049512938360936,7.507438361536909,0.018965416496188013
A7,30.0,0.917910447761194,0.9257338623784226,0.0050554136027796,7.507438361536909,0.01936423644225768
A7,31.0,0.917910447761194,0.931157934895128,0.0048693880777706,7.507438361536909,0.01865168500065283
A7,32.0,0.9154228855721394,0.9309844369134932,0.0050507052303773,7.507438361536909,0.01934620151106902
A7,33.0,0.9129353233830846,0.9284288440581856,0.0048015238396863,7.507438361536909,0.018391738089184394
A7,34.0,0.9104477611940298,0.9177934884166132,0.0050732834599285,7.507438361536909,0.0194326850730147
A7,35.0,0.9104477611940298,0.919582438811584,0.0048280608885893,7.507438361536909,0.018493385497253025
A7,36.0,0.9079601990049752,0.9161305802256712,0.0046595334117675,7.507438361536909,0.017847858510816123
A7,37.0,0.9079601990049752,0.9167362006455978,0.0046204024691658,7.507438361536909,0.017697971501703536
A7,38.0,0.9079601990049752,0.9229627646810364,0.0050547070132143,7.507438361536909,0.01936152992435723
A7,39.0,0.9054726368159204,0.9210588065195742,0.0046288986632465,7.507438361536909,0.017730515290197424
A7,40.0,0.9054726368159204,0.918977931781404,0.0047664859274699,7.507438361536909,0.01825752900761125
A7,41.0,0.9029850746268656,0.9101782496965,0.0044111916743885,7.507438361536909,0.016896611293685575
A7,42.0,0.900497512437811,0.9102676158442052,0.0046739577026408,7.507438361536909,0.017903109258020845
A7,43.0,0.900497512437811,0.9062868042160356,0.0047003716416523,7.507438361536909,0.018004285106443776
A7,44.0,0.8980099502487562,0.9063263835972178,0.0044050343177949,7.507438361536909,0.0168730261791319
A7,45.0,0.900497512437811,0.9129461580632228,0.004581613872898,7.507438361536909,0.017549395814646006
A7,46.0,0.8980099502487562,0.9124611080081444,0.0042184541501102,7.507438361536909,0.01615835023639675
A7,47.0,0.8955223880597015,0.90363217825345,0.0042727962599125,7.507438361536909,0.016366502040712876
A7,48.0,0.8930348258706468,0.9054698393585262,0.0040876596834789,7.507438361536909,0.015657355624245743
A7,49.0,0.8930348258706468,0.9008737347053536,0.0044389387208669,7.507438361536909,0.017002893471722725
A7,50.0,0.8930348258706468,0.9008990412117268,0.0043808333372893,7.507438361536909,0.016780326838293155
A7,51.0,0.8930348258706468,0.9042595969578658,0.0040372248812433,7.507438361536909,0.0154641703555129
A7,52.0,0.8905472636815921,0.9067926189662988,0.0040303414142404,7.507438361536909,0.015437803950494452
A7,53.0,0.8905472636815921,0.9063662130970642,0.004143500220932,7.507438361536909,0.015871246999960294
A7,54.0,0.8880597014925373,0.8969877372828181,0.0040929429890455,7.507438361536909,0.015677592777172674
A7,55.0,0.8880597014925373,0.903275888648281,0.0039713550541013,7.507438361536909,0.015211862827897943
A7,56.0,0.8830845771144279,0.894908862146997,0.0039195481625312,7.507438361536909,0.015013421913558072
A7,57.0,0.8830845771144279,0.8928127272126904,0.0040616908835779,7.507438361536909,0.015557884834926318
A7,58.0,0.8830845771144279,0.8979990333705653,0.0038249499831033,7.507438361536909,0.01465107341798853
A7,59.0,0.8805970149253731,0.8918416659500211,0.0040067607482144,7.507438361536909,0.01534748065980617
A7,60.0,0.8830845771144279,0.8995756935739215,0.0039442893073068,7.507438361536909,0.015108190297498688
A7,61.0,0.8805970149253731,0.8917198320573585,0.0037673740668254,7.507438361536909,0.014430534854027734
A7,62.0,0.8805970149253731,0.8972931674038115,0.0037364649502868,7.507438361536909,0.01431214069523019
A7,63.0,0.8756218905472637,0.8887524723753146,0.0037646978333429,7.507438361536909,0.01442028381978964
A7,64.0,0.8756218905472637,0.8880987766155971,0.0039968063533781,7.507438361536909,0.015309351384855504
A7,65.0,0.8756218905472637,0.8918690239874519,0.003400702688583,7.507438361536909,0.013026038244494066
A7,66.0,0.8731343283582089,0.8904519618358131,0.0034963249530986,7.507438361536909,0.013392309391568184
A7,67.0,0.8706467661691543,0.8882555670436306,0.0035393079554724,7.507438361536909,0.01355695131532824
A7,68.0,0.8706467661691543,0.8864392198031272,0.0034914081432042,7.507438361536909,0.01337347606222705
A7,69.0,0.8706467661691543,0.8889521479761187,0.0032905520155365,7.507438361536909,0.012604117538347793
A7,70.0,0.8681592039800995,0.8883102559716336,0.0033239262303377,7.507438361536909,0.012731953999864966
A7,71.0,0.8681592039800995,0.8859390746751407,0.0033339601924219,7.507438361536909,0.012770388048890009
A7,72.0,0.8656716417910447,0.8834426905580764,0.0032189363791743,7.507438361536909,0.012329801285624591
A7,73.0,0.8656716417910447,0.88188395854823,0.0031780923132779,7.507438361536909,0.01217335233576099
A7,74.0,0.8631840796019901,0.8824344396304026,0.0032447454094347,7.507438361536909,0.012428660093939106
A7,75.0,0.8631840796019901,0.8799421730355226,0.0031064531983238,7.507438361536909,0.011898946150731435
A7,76.0,0.8606965174129353,0.8781787570322207,0.0030258709927401,7.507438361536909,0.011590284386419326
A7,77.0,0.8606965174129353,0.8811529895727961,0.0029937806129743,7.507438361536909,0.011467365521587945
A7,78.0,0.8582089552238806,0.8775679394290801,0.002938104130476,7.507438361536909,0.011254102541329017
A7,79.0,0.8557213930348259,0.8737770663209704,0.0027278884896565,7.507438361536909,0.010448893374970927
A7,80.0,0.8507462686567164,0.8676395078017265,0.0028997349794707,7.507438361536909,0.011107133495760362
A7,81.0,0.8482587064676617,0.8653724540841043,0.002836899343532,7.507438361536909,0.010866448122233733
A7,82.0,0.845771144278607,0.8634588852195539,0.002803364324775,7.507438361536909,0.01073799571787476
A7,83.0,0.8432835820895522,0.8633428630752181,0.002917138350293,7.507438361536909,0.011173795299121022
A7,84.0,0.8407960199004975,0.8610848061553513,0.0029295650479976,7.507438361536909,0.01122139447328474
A7,85.0,0.8383084577114428,0.8589357238889201,0.0031022122710293,7.507438361536909,0.011882701719450883
A7,86.0,0.835820895522388,0.8564395232413511,0.003225017898321,7.507438361536909,0.012353095912719015
A7,87.0,0.8333333333333334,0.8547975101084888,0.003325143182441,7.507438361536909,0.012736615408429885
A7,88.0,0.8283582089552238,0.8512560459683525,0.0033193391063037,7.507438361536909,0.01271438349795084
A7,89.0,0.8258706467661692,0.848106814513238,0.0035295858747872,7.507438361536909,0.013519711895591067
A7,90.0,0.8233830845771144,0.8471694934113552,0.0037246136614661,7.507438361536909,0.014266745564999236
A7,91.0,0.818407960199005,0.8458354535468742,0.0039189638897685,7.507438361536909,0.015011183917458707
A7,92.0,0.818407960199005,0.8393631346869269,0.0041005484818511,7.507438361536909,0.01570672482699478
A7,93.0,0.8134328358208955,0.8399918999227034,0.004326629611649,7.507438361536909,0.01657270510012856
A7,94.0,0.8109452736318408,0.8363918798021313,0.0044286063602011,7.507438361536909,0.016963316437940718
A7,95.0,0.8034825870646766,0.8309859753120794,0.0045535169145895,7.507438361536909,0.017441773335706817
A7,96.0,0.8034825870646766,0.8300791300089234,0.0060449420168299,7.507438361536909,0.023154522199582618
A7,97.0,0.8009950248756219,0.8296886590001482,0.0051012639860678,7.507438361536909,0.01953986157062951
A7,98.0,0.7985074626865671,0.8296278762100092,0.004998662820017,7.507438361536909,0.019146858466478612
A7,99.0,0.7985074626865671,0.8270510896393262,0.0049383963875378,7.507438361536909,0.018916014159809633
A7,100.0,0.7960199004975125,0.8256250540139595,0.0051860299696293,7.507438361536909,0.019864548861703555
A7,101.0,0.7935323383084577,0.8240384405632041,0.005391271349482,7.507438361536909,0.020650704638358053
A7,102.0,0.7910447761194029,0.819510029523858,0.005522546061904,7.507438361536909,0.021153538782102754
A7,103.0,0.7885572139303483,0.8184872383003783,0.0055357752255622,7.507438361536909,0.021204211718708742
A7,104.0,0.7860696517412935,0.8145663326397347,0.0055337200973337,7.507438361536909,0.021196339763600275
A7,105.0,0.7810945273631841,0.8130098282488427,0.0072716153526011,7.507438361536909,0.02785316693524304
A7,106.0,0.7835820895522388,0.8155189782113738,0.0056850249637756,7.507438361536909,0.021775897330766337
A7,107.0,0.7835820895522388,0.809218475791698,0.0057097890084423,7.507438361536909,0.021870753430360036
A7,108.0,0.7761194029850746,0.8091954751001755,0.0063690012258927,7.507438361536909,0.024395797323369293
A7,109.0,0.7761194029850746,0.8080330168390627,0.0057202724786031,7.507438361536909,0.02191090927335921
A7,110.0,0.7736318407960199,0.803945961347537,0.0058379641050188,7.507438361536909,0.022361714817723456
A7,111.0,0.7711442786069652,0.8050278693411562,0.0059389271716777,7.507438361536909,0.022748443352386457
A7,112.0,0.7711442786069652,0.7955907760209484,0.006049867181567,7.507438361536909,0.02317338753128047
A7,113.0,0.763681592039801,0.7963557538595918,0.0064063692852376,7.507438361536909,0.024538931791367142
A7,114.0,0.763681592039801,0.7958772448757032,0.0060075212616755,7.507438361536909,0.02301118588576267
A7,115.0,0.7611940298507462,0.7941204791638206,0.006322067327509,7.507438361536909,0.024216021903024024
A7,116.0,0.7587064676616916,0.7896760436425715,0.0061455355723554,7.507438361536909,0.023539835360249062
A7,117.0,0.7562189054726368,0.7888240639096046,0.006039792858605,7.507438361536909,0.023134798884107355
A7,118.0,0.753731343283582,0.7879958770739743,0.0060306692128777,7.507438361536909,0.02309985170728651
A7,119.0,0.7512437810945274,0.784330924782471,0.0059171790065649,7.507438361536909,0.02266513926601102
A7,120.0,0.7487562189054726,0.783557164772692,0.0062222028989743,7.507438361536909,0.023833501587524297
A7,121.0,0.746268656716418,0.7815113902711289,0.0061760350076208,7.507438361536909,0.023656660277504064
A7,122.0,0.7437810945273632,0.776597894483499,0.006262327184811,7.507438361536909,0.02398719349466942
A7,123.0,0.7412935323383084,0.7743307606289195,0.0073308861518952,7.507438361536909,0.028080197572463605
A7,124.0,0.7437810945273632,0.7692353966092962,0.0066617620640766,7.507438361536909,0.025517187290059563
A7,125.0,0.736318407960199,0.7681975479273985,0.0071654514485244,7.507438361536909,0.02744651713332692
A7,126.0,0.7313432835820896,0.764942532037713,0.0070367364920626,7.507438361536909,0.026953487868775595
A7,127.0,0.7288557213930348,0.7596962628511607,0.0070281687394569,7.507438361536909,0.026920669982788123
A7,128.0,0.7263681592039801,0.7570283164890755,0.0066986323251514,7.507438361536909,0.025658414993515448
A7,129.0,0.7263681592039801,0.7497124431028026,0.0067392884264711,7.507438361536909,0.025814143964601452
A7,130.0,0.7213930348258707,0.7553020712714819,0.0070274960600128,7.507438361536909,0.026918093354082955
A7,131.0,0.7139303482587065,0.7465003612923867,0.0072042679886264,7.507438361536909,0.027595199856337405
A7,132.0,0.7114427860696517,0.7404578261891044,0.0081256536124199,7.507438361536909,0.031124471737044544
A7,133.0,0.7089552238805971,0.7381395922730442,0.0086091848392354,7.507438361536909,0.03297658785235549
A7,134.0,0.7114427860696517,0.7410022323025827,0.0081192899852725,7.507438361536909,0.031100096524570364
A7,135.0,0.7014925373134329,0.7260298003974706,0.0077617629138018,7.507438361536909,0.029730626231840994
A7,136.0,0.6965174129353234,0.7267692472371484,0.0075158996596753,7.507438361536909,0.02878887258724291
A7,137.0,0.6965174129353234,0.7241777036277625,0.0073457492521124,7.507438361536909,0.028137129133258665
A7,138.0,0.6940298507462687,0.7154502583361244,0.007534554879178,7.507438361536909,0.028860329466880587
A7,139.0,0.6890547263681592,0.7123656852373573,0.0075246005009904,7.507438361536909,0.028822200255701043
A7,140.0,0.6865671641791045,0.7178705689561231,0.0081214393918219,7.507438361536909,0.031108329602989555
A7,141.0,0.6766169154228856,0.7135467481791714,0.008143677629346,7.507438361536909,0.0311935108608077
A7,142.0,0.6716417910447762,0.703680875358006,0.0089328694497713,7.507438361536909,0.03421642811541349
A7,143.0,0.6691542288557214,0.7018665095383395,0.0085037479423443,7.507438361536909,0.03257272277591256
A7,144.0,0.664179104477612,0.6954159694498332,0.0083757314122122,7.507438361536909,0.032082368760836054
A7,145.0,0.6592039800995025,0.6907922373486551,0.0087530092411411,7.507438361536909,0.033527492277492334
A7,146.0,0.654228855721393,0.6849915330756031,0.0087920191238828,7.507438361536909,0.03367691557939184
A7,147.0,0.6492537313432836,0.680831978693291,0.0091098601693236,7.507438361536909,0.03489437267362167
A7,148.0,0.6442786069651741,0.6755048138094504,0.0089157819840203,7.507438361536909,0.0341509763535993
A7,149.0,0.6393034825870647,0.6674284792533581,0.0099904424089063,7.507438361536909,0.03826735143143423
A7,150.0,0.6343283582089553,0.6633883109207779,0.0107656520652075,7.507438361536909,0.041236711459401894
A7,151.0,0.6293532338308457,0.6559286360105829,0.0108661289364339,7.507438361536909,0.041621577672986576
A7,152.0,0.6218905472636815,0.6474992572662439,0.0112565314309721,7.507438361536909,0.04311697385733207
A7,153.0,0.6144278606965174,0.640701346959638,0.0115077560907499,7.507438361536909,0.044079263809115296
A7,154.0,0.6094527363184079,0.6349287495019994,0.0122938376296029,7.507438361536909,0.047090267453381685
A7,155.0,0.6044776119402985,0.6283238273859842,0.0122291973863339,7.507438361536909,0.04684266971901278
A7,156.0,0.5970149253731343,0.6203296471494048,0.0126465471183095,7.507438361536909,0.04844128449598076
A7,157.0,0.5920398009950248,0.6109368671061083,0.0127080963991124,7.507438361536909,0.0486770426198389
A7,158.0,0.5845771144278606,0.6068287446154376,0.0132621720315893,7.507438361536909,0.05079937174999691
A7,159.0,0.5771144278606966,0.5766439145995975,0.0130118839359567,7.507438361536909,0.04984066920984327
A7,160.0,0.5671641791044776,0.5744246784650315,0.0130294684162989,7.507438361536909,0.04990802473439884
A7,161.0,0.5597014925373134,0.5812835209942205,0.0128205500505713,7.507438361536909,0.049107784645466265
A7,162.0,0.554726368159204,0.5718400694664373,0.0134656201742207,7.507438361536909,0.051578658717830066
A7,163.0,0.5447761194029851,0.5483056254920808,0.0145811082549461,7.507438361536909,0.0558514198885106
A7,164.0,0.5373134328358209,0.5404265006554263,0.0148744396901537,7.507438361536909,0.05697499546780319
A7,165.0,0.5298507462686567,0.5321316948107446,0.0152291610921139,7.507438361536909,0.058333718935040316
A7,166.0,0.5199004975124378,0.5261282953838048,0.015652729058167,7.507438361536909,0.059956152011437606
A7,167.0,0.5124378109452736,0.5177740043403869,0.0162448478254326,7.507438361536909,0.06222420141592649
A7,168.0,0.5049751243781094,0.5353092569164588,0.0161819836715175,7.507438361536909,0.061983406807254865
A7,169.0,0.4975124378109453,0.497490167455636,0.0175004245619567,7.507438361536909,0.06703355762450315
A7,170.0,0.4900497512437811,0.4908319399704143,0.0186508464110445,7.507438361536909,0.0714401289645468
A7,171.0,0.4800995024875621,0.4903679193643043,0.0185962619846471,7.507438361536909,0.0712310489916949
A7,172.0,0.4701492537313433,0.4796873889137861,0.019843797684906,7.507438361536909,0.07600960484648953
A7,173.0,0.4601990049751244,0.4697873191410401,0.0205443000048052,7.507438361536909,0.07869280618602383
A7,174.0,0.4527363184079602,0.4592384752767247,0.0214153288244021,7.507438361536909,0.08202919156138087
A7,175.0,0.4427860696517413,0.4557058598209247,0.0216201376486797,7.507438361536909,0.08281369047885653
A7,176.0,0.4353233830845771,0.4473929509869062,0.0227730932255313,7.507438361536909,0.08722996699979212
A7,177.0,0.4253731343283582,0.4382030792600739,0.0231559191038397,7.507438361536909,0.08869634174303824
A7,178.0,0.4154228855721393,0.427988114285646,0.0243900842160325,7.507438361536909,0.09342368294972937
A7,179.0,0.4079601990049751,0.4211118779139324,0.0251020497550642,7.507438361536909,0.09615079295888251
A7,180.0,0.3980099502487562,0.4132997763985322,0.025507714477956,7.507438361536909,0.09770464952287179
A7,181.0,0.3880597014925373,0.4091536119910936,0.0260546521020193,7.507438361536909,0.09979963725358984
A7,182.0,0.3781094527363184,0.3979142198380795,0.0268738785223065,7.507438361536909,0.10293759892174364
A7,183.0,0.3681592039800995,0.3908881111018099,0.0280329641519195,7.507438361536909,0.10737735597274112
A7,184.0,0.3606965174129353,0.383635666945676,0.0281931410334993,7.507438361536909,0.107990896871905
A7,185.0,0.3507462686567164,0.3751693425451846,0.0283697881341017,7.507438361536909,0.10866752523343479
A7,186.0,0.3432835820895522,0.3719191790401421,0.0287612899342179,7.507438361536909,0.11016713219355598
A7,187.0,0.3358208955223881,0.3666750899926668,0.0293125706796759,7.507438361536909,0.11227875579943528
A7,188.0,0.3283582089552239,0.3573894674377029,0.029847386925668,7.507438361536909,0.11432731385111626
A7,189.0,0.3208955223880597,0.3513837229711728,0.0296020501637376,7.507438361536909,0.1133875768801618
A7,190.0,0.3134328358208955,0.3435386041397845,0.0303081640236936,7.507438361536909,0.1160922726407273
A7,191.0,0.3059701492537313,0.3326618945516288,0.0297488021842951,7.507438361536909,0.11394969524430357
A7,192.0,0.2985074626865671,0.3276485296930555,0.0295356214821286,7.507438361536909,0.11313312871858766
A7,193.0,0.291044776119403,0.3144004994494495,0.0311048794372636,7.507438361536909,0.11914400823701521
A7,194.0,0.2835820895522388,0.3060987231655443,0.0303352547719157,7.507438361536909,0.11619604093649681
A7,195.0,0.2786069651741293,0.2931477317674294,0.0301177299606772,7.507438361536909,0.11536283475242438
A7,196.0,0.2711442786069651,0.2811708891113445,0.0305288702674415,7.507438361536909,0.11693766497140962
A7,197.0,0.2661691542288557,0.2707827207422776,0.0319347221154501,7.507438361536909,0.12232263437780108
A7,198.0,0.2587064676616915,0.2518372418054682,0.0312708675247375,7.507438361536909,0.11977980835645062
A7,199.0,0.2487562189054726,0.237000997623498,0.0340669046314326,7.507438361536909,0.1304897379269215
A7,200.0,0.0477611940298507,0.0125013080011665,0.0247726259575525,7.507438361536909,0.09488896933653525
A7,201.0,0.0420398009950248,-0.0007398536799408,0.0222765357973935,7.507438361536909,0.08532795537401082
A7,202.0,0.0398009950248756,-0.0065247407635288,0.0219992926640555,7.507438361536909,0.08426600436311873
A7,203.0,0.0380597014925373,-0.0058083538539167,0.0222027640830354,7.507438361536909,0.08504538048858591
A7,204.0,0.0373134328358208,-0.0136738812004303,0.0214999510705702,7.507438361536909,0.08235332828130683
A7,205.0,0.036318407960199,-0.0116434923009024,0.022056624131005,7.507438361536909,0.08448560658933049
A7,206.0,0.0360696517412935,-0.0167171593226568,0.0219624076821969,7.507438361536909,0.0841247202732303
A7,207.0,0.0353233830845771,-0.0203862008138603,0.0219220348443439,7.507438361536909,0.0839700763134165
A7,208.0,0.0355721393034825,-0.0207916640975536,0.021841428909432,7.507438361536909,0.0836613236563787
A7,209.0,0.035820895522388,-0.0223126080037179,0.0215921977346987,7.507438361536909,0.08270666954189364
A7,210.0,0.035820895522388,-0.0222874977115083,0.0211353175277121,7.507438361536909,0.08095663738843902
A7,211.0,0.0350746268656716,-0.0229144431786809,0.0218671032653327,7.507438361536909,0.08375966660855384
A7,212.0,0.0348258706467661,-0.0240995054881606,0.0216015517879667,7.507438361536909,0.08274249927085496
A7,213.0,0.0340796019900497,-0.0231038045899982,0.0218541342552381,7.507438361536909,0.08370999016313783
A7,214.0,0.0333333333333333,-0.0294673497560149,0.0220131548119902,7.507438361536909,0.08431910188021556
A7,215.0,0.0325870646766169,-0.0241676976385086,0.0222461199087043,7.507438361536909,0.08521145047323371
A7,216.0,0.0318407960199004,-0.0269031858428131,0.0214183349272302,7.507438361536909,0.08204070612586697
A7,217.0,0.0308457711442786,-0.0338112044980177,0.022042902915537,7.507438361536909,0.08443304889940152
A7,218.0,0.0303482587064676,-0.0344424539766428,0.0228157945200791,7.507438361536909,0.08739352987100002
A7,219.0,0.0303482587064676,-0.0343451643407343,0.0236189499736128,7.507438361536909,0.09046993337111406
A7,220.0,0.0305970149253731,-0.0312332272827492,0.0227636841093283,7.507438361536909,0.08719392635798046
A7,221.0,0.0308457711442786,-0.0354922174263779,0.0220695603462654,7.507438361536909,0.08453515741754218
A7,222.0,0.0308457711442786,-0.0354383751521226,0.0223076034052529,7.507438361536909,0.08544695661734213
A7,223.0,0.031094527363184,-0.0363123539947541,0.0219501142413243,7.507438361536909,0.0840776315255134
A7,224.0,0.0308457711442786,-0.0375945063909719,0.0228256936338153,7.507438361536909,0.08743144739744162
A7,225.0,0.0300995024875621,-0.0327611930173278,0.0223154798972185,7.507438361536909,0.08547712670128414
A7,226.0,0.0296019900497512,-0.0367667180202516,0.0230979651267527,7.507438361536909,0.0884743550564366
A7,227.0,0.0293532338308457,-0.0407032256867153,0.0231861095265872,7.507438361536909,0.08881198301995628
A7,228.0,0.0291044776119402,-0.0436784027511492,0.0250668496407896,7.507438361536909,0.09601596257918163
A7,229.0,0.0283582089552238,-0.038035186132377,0.0236311824740696,7.507438361536909,0.09051678869290122
A7,230.0,0.0281094527363184,-0.0459789030741112,0.0261160113914021,7.507438361536909,0.10003466763505738
A7,231.0,0.0278606965174129,-0.0402373041394266,0.0244369912300539,7.507438361536909,0.09360335539231868
A7,232.0,0.0281094527363184,-0.0412363767613992,0.0239515646955189,7.507438361536909,0.0917439794977503
A7,233.0,0.0286069651741293,-0.0446208466206771,0.0241343214824792,7.507438361536909,0.09244401037794985
A7,234.0,0.0286069651741293,-0.0483289011698699,0.0245299399614468,7.507438361536909,0.0939593858486023
A7,235.0,0.0288557213930348,-0.041314780642727,0.0232858946656299,7.507438361536909,0.08919419962529675
A7,236.0,0.0286069651741293,-0.0489689055094124,0.0243725975321423,7.507438361536909,0.09335670202432006
A7,237.0,0.0281094527363184,-0.0494382048868383,0.0242179783390686,7.507438361536909,0.09276444927341876
A7,238.0,0.0281094527363184,-0.0438887260998108,0.0241170201047859,7.507438361536909,0.0923777392486706
A7,239.0,0.0278606965174129,-0.0519325591403717,0.0254133717726589,7.507438361536909,0.09734327959441118
A7,240.0,0.0276119402985074,-0.0476045338708092,0.0255262288212214,7.507438361536909,0.09777556679072248
A7,241.0,0.0273631840796019,-0.0495213351990889,0.0255263356117426,7.507438361536909,0.09777597584071618
A7,242.0,0.0271144278606965,-0.0513847279171282,0.0262487503041876,7.507438361536909,0.10054311024613344
A7,243.0,0.026865671641791,-0.0500557226950436,0.0267707403557597,7.507438361536909,0.1025425388929984
A7,244.0,0.0266169154228855,-0.0498975166149918,0.0267702478078594,7.507438361536909,0.10254065223945233
A7,245.0,0.0266169154228855,-0.0519194766100613,0.0268757284124692,7.507438361536909,0.1029446847337696
A7,246.0,0.0266169154228855,-0.0522715612547119,0.0272552075077003,7.507438361536909,0.10439823997223885
A7,247.0,0.0266169154228855,-0.0517438117188676,0.0263661842152429,7.507438361536909,0.10099292863859168
A7,248.0,0.0266169154228855,-0.0540174331806614,0.0273383826885343,7.507438361536909,0.10471683385878289
A7,249.0,0.0266169154228855,-0.052704839105699,0.0263386297575677,7.507438361536909,0.10088738415195117
A7,250.0,0.0263681592039801,-0.0541866310861536,0.0277457524133264,7.507438361536909,0.10627722125536591
A7,251.0,0.0261194029850746,-0.0529504846176407,0.0279404810767933,7.507438361536909,0.10702310916439568
A7,252.0,0.0258706467661691,-0.0517467106323475,0.0276916646985216,7.507438361536909,0.10607004388465074
A7,253.0,0.0256218905472636,-0.0522845448500519,0.0277963125164546,7.507438361536909,0.10647088647614648
A7,254.0,0.0253731343283582,-0.0570432540900669,0.0293425823946242,7.507438361536909,0.11239371255469999
A7,255.0,0.0251243781094527,-0.0529526065903472,0.0288771157471867,7.507438361536909,0.1106107909334089
A7,256.0,0.0246268656716417,-0.0534230285005631,0.029515116088032,7.507438361536909,0.11305458493743986
A7,257.0,0.0243532338308457,-0.0535077891262604,0.0315430914091559,7.507438361536909,0.12082253365596111
A7,258.0,0.0239054726368159,-0.054367298900889,0.0324904673476725,7.507438361536909,0.12445135873627788
A7,259.0,0.0236069651741293,-0.0520505350636023,0.0314364836177745,7.507438361536909,0.12041418358985351
A7,260.0,0.0234079601990049,-0.0551322148113514,0.0341894678363976,7.507438361536909,0.13095920354666
A7,261.0,0.02318407960199,-0.0523061646591335,0.0328638477524028,7.507438361536909,0.12588155357456532
A7,262.0,0.0231094527363184,-0.0513137320970709,0.0343287399095301,7.507438361536909,0.13149267074951324
A7,263.0,0.0228855721393034,-0.0525835195350806,0.033686751555298,7.507438361536909,0.12903360107464212
A7,264.0,0.0227114427860696,-0.0511156581380367,0.0334275261916523,7.507438361536909,0.12804066525813332
A7,265.0,0.0224378109452736,-0.0495978791060837,0.0338791432340282,7.507438361536909,0.12977053740649952
A7,266.0,0.0223383084577114,-0.0474811701596992,0.036500263508051,7.507438361536909,0.13981046622693585
A7,267.0,0.0220895522388059,-0.048946514147492,0.0349182367660333,7.507438361536909,0.13375067719729808
A7,268.0,0.0219402985074626,-0.0502795855727595,0.0354922506992599,7.507438361536909,0.13594937791647144
A7,269.0,0.0217164179104477,-0.0451855141328139,0.0379264456418741,7.507438361536909,0.14527330868039792
A7,270.0,0.021592039800995,-0.04824918432687,0.0364007550681811,7.507438361536909,0.139429309489022
A7,271.0,0.0214676616915422,-0.0451032037656,0.0366157457004592,7.507438361536909,0.14025280876394078
A7,272.0,0.0215174129353233,-0.0451559927611318,0.0365880271438961,7.507438361536909,0.14014663571356348
A7,273.0,0.0214427860696517,-0.0459045378392392,0.0367731849129213,7.507438361536909,0.14085586330605038
A7,274.0,0.021318407960199,-0.0411318081654188,0.0374907586298692,7.507438361536909,0.14360445485790455
A7,275.0,0.021318407960199,-0.0404695901841446,0.0401479209168647,7.507438361536909,0.15378243886351398
A7,276.0,0.0212189054726368,-0.043261071804838,0.0390501379513152,7.507438361536909,0.149577495296583
A7,277.0,0.0211940298507462,-0.0447989577787962,0.0371593693624657,7.507438361536909,0.1423351027073902
A7,278.0,0.020820895522388,-0.0404506598975423,0.0407619814481093,7.507438361536909,0.15613453391471632
A7,279.0,0.0206467661691542,-0.0381067718698125,0.0392766838882128,7.507438361536909,0.15044525596500904
A7,280.0,0.0205223880597014,-0.0344989485304345,0.0423917941359437,7.507438361536909,0.16237736204384587
A7,281.0,0.0202985074626865,-0.0371961576013514,0.0400942187520735,7.507438361536909,0.1535767383020592
A7,282.0,0.0200995024875621,-0.0332047598160876,0.0410484042922303,7.507438361536909,0.15723164685379876
A7,283.0,0.0201741293532338,-0.0336972659976755,0.0411041260185102,7.507438361536909,0.15744508313566133
A7,284.0,0.0201741293532338,-0.0329271637748088,0.0420509956551802,7.507438361536909,0.16107196887937006
A7,285.0,0.0199751243781094,-0.0303270778527703,0.0423583279452443,7.507438361536909,0.16224917327820887
A7,286.0,0.0200746268656716,-0.034107870204721,0.0420181166385067,7.507438361536909,0.16094602922281961
A7,287.0,0.0202487562189054,-0.0349943518460353,0.0423610642045774,7.507438361536909,0.16225965423522978
A7,288.0,0.0201990049751243,-0.0350272405350617,0.0420906021895273,7.507438361536909,0.1612236775932395
A7,289.0,0.0201243781094527,-0.0350938110853529,0.0416654873747792,7.507438361536909,0.15959531947366593
A7,290.0,0.0201492537313432,-0.0348161403710314,0.0406899659381185,7.507438361536909,0.155858685987614
A7,291.0,0.0198507462686567,-0.0300556125468072,0.0412787443668029,7.507438361536909,0.1581139405722986
A7,292.0,0.0196268656716417,-0.028675470051089,0.0417791351148257,7.507438361536909,0.1600306353315373
A7,293.0,0.0195273631840796,-0.0278881687702423,0.0424668542859517,7.507438361536909,0.16266487214813233
A7,294.0,0.0194527363184079,-0.0245943843325038,0.0450845232025812,7.507438361536909,0.17269158090274184
A7,295.0,0.019228855721393,-0.023719904862724,0.043899401882429,7.507438361536909,0.16815209684478666
A7,296.0,0.0191293532338308,-0.0231699911779177,0.0446743657344795,7.507438361536909,0.17112051534511621
A7,297.0,0.0193034825870646,-0.0206704959230071,0.0464651822263026,7.507438361536909,0.17798005181376245
A7,298.0,0.0191044776119403,-0.0232625425359963,0.0436978494714003,7.507438361536909,0.16738007127985147
A7,299.0,0.0189303482587064,-0.0208128691632271,0.0450700094392654,7.507438361536909,0.17263598744064418
A7,300.0,0.0191791044776119,-0.0205294981215541,0.0467063289591331,7.507438361536909,0.1789037393136814
A8,1.0,1.0,0.9926420474940852,0.0029661549862792,7.334480551610672,0.01109979888994395
A8,2.0,0.9950372208436724,0.9885343439473288,0.0029618590844749,7.334480551610672,0.011083722978098731
A8,3.0,0.9875930521091812,0.9838994597319388,0.0026915119113505,7.334480551610672,0.010072043121170568
A8,4.0,0.9851116625310172,0.9788879051792784,0.0026893929766036,7.334480551610672,0.010064113748072973
A8,5.0,0.98014888337469,0.9749362783273504,0.002733989297087,7.334480551610672,0.010230999898960919
A8,6.0,0.9751861042183624,0.9710124327823556,0.0026464922310722,7.334480551610672,0.009903572694139528
A8,7.0,0.9727047146401984,0.9686966492139044,0.0027416872710314,7.334480551610672,0.01025980687736836
A8,8.0,0.9702233250620348,0.9690042277347156,0.0028847506765191,7.334480551610672,0.010795171697065783
A8,9.0,0.967741935483871,0.9649538373549348,0.0027813499474467,7.334480551610672,0.01040823058876687
A8,10.0,0.9627791563275434,0.9611822210872952,0.0025249309768362,7.334480551610672,0.009448672164305266
A8,11.0,0.9602977667493796,0.9586046310216688,0.0025764228182215,7.334480551610672,0.009641362393404415
A8,12.0,0.957816377171216,0.9557231321194278,0.002522490737236,7.334480551610672,0.009439540420033376
A8,13.0,0.957816377171216,0.954567259490628,0.0024856779081127,7.334480551610672,0.009301781266607924
A8,14.0,0.955334987593052,0.9548092591525004,0.0025998588379003,7.334480551610672,0.009729063510311244
A8,15.0,0.9528535980148884,0.9542346470125216,0.0027182367836007,7.334480551610672,0.010172051619953965
A8,16.0,0.9503722084367244,0.9539123176654818,0.0027672284448795,7.334480551610672,0.010355385798374991
A8,17.0,0.9478908188585607,0.9517986732146012,0.002843455233469,7.334480551610672,0.0106406379268995
A8,18.0,0.9478908188585607,0.9483427107647312,0.0026413198455252,7.334480551610672,0.009884216848063199
A8,19.0,0.9454094292803972,0.9452305733540444,0.0025067252736598,7.334480551610672,0.009380543679838734
A8,20.0,0.9454094292803972,0.94387328982491,0.0025079786881655,7.334480551610672,0.009385234145779778
A8,21.0,0.9429280397022332,0.941913527895205,0.0025343827978572,7.334480551610672,0.009484042302737732
A8,22.0,0.9429280397022332,0.9413507828989208,0.0024728323353939,7.334480551610672,0.00925371119796202
A8,23.0,0.9404466501240696,0.9422845469712292,0.0026195051928421,7.334480551610672,0.009802583130756968
A8,24.0,0.9404466501240696,0.94294154464097,0.0026659463986494,7.334480551610672,0.009976373120508706
A8,25.0,0.9379652605459056,0.9420178193718476,0.0025848929060668,7.334480551610672,0.009673058738368817
A8,26.0,0.935483870967742,0.9365947458979462,0.002592182917178,7.334480551610672,0.009700339058383814
A8,27.0,0.935483870967742,0.9369783827877792,0.0025308789063189,7.334480551610672,0.009470930212645605
A8,28.0,0.9330024813895782,0.9335583579758272,0.0025504125075628,7.334480551610672,0.009544027891764399
A8,29.0,0.9330024813895782,0.9321585629315589,0.0024982093677705,7.334480551610672,0.009348675876849958
A8,30.0,0.9330024813895782,0.9351961761876656,0.0025805066808383,7.334480551610672,0.009656644822660583
A8,31.0,0.9330024813895782,0.9364108466358078,0.0027265808255282,7.334480551610672,0.010203276282101739
A8,32.0,0.9305210918114144,0.9351047240881696,0.0026259066126685,7.334480551610672,0.00982653820829399
A8,33.0,0.9280397022332506,0.929592937781404,0.0026395002781704,7.334480551610672,0.009877407752854617
A8,34.0,0.9280397022332506,0.9288936886684852,0.0026078297760934,7.334480551610672,0.009758891962066751
A8,35.0,0.9280397022332506,0.928500268085798,0.0025585396671858,7.334480551610672,0.009574440947649565
A8,36.0,0.9255583126550868,0.9279620518211132,0.0025245060390639,7.334480551610672,0.009447081983132977
A8,37.0,0.9255583126550868,0.9313866218364566,0.0027086188634813,7.334480551610672,0.010136059913667972
A8,38.0,0.9255583126550868,0.9296749077520764,0.002656633203383,7.334480551610672,0.009941521740537662
A8,39.0,0.9255583126550868,0.927874829422742,0.002620314848876,7.334480551610672,0.009805612985632354
A8,40.0,0.9230769230769232,0.922527156379161,0.0025787660714464,7.334480551610672,0.009650131200046319
A8,41.0,0.9230769230769232,0.9213662326078144,0.0025086752598836,7.334480551610672,0.009387840822106235
A8,42.0,0.9205955334987592,0.9221794668995272,0.0025290850678229,7.334480551610672,0.009464217398703399
A8,43.0,0.9205955334987592,0.921346556148824,0.0025420267387526,7.334480551610672,0.009512647081334279
A8,44.0,0.9205955334987592,0.9259625609892134,0.0026728454510601,7.334480551610672,0.010002190414157956
A8,45.0,0.9205955334987592,0.9266143525738946,0.002659512096207,7.334480551610672,0.00995229499126796
A8,46.0,0.9181141439205956,0.9202926261067684,0.002554785642653,7.334480551610672,0.009560392822202734
A8,47.0,0.9181141439205956,0.9205502777723036,0.0025296171944131,7.334480551610672,0.009466208696583156
A8,48.0,0.9156327543424316,0.9168142018838266,0.0025544338995786,7.334480551610672,0.009559076546618743
A8,49.0,0.9156327543424316,0.9174862763373596,0.002551248426713,7.334480551610672,0.009547156027178223
A8,50.0,0.9156327543424316,0.9208730107111324,0.0025379595132087,7.334480551610672,0.009497426910511727
A8,51.0,0.9156327543424316,0.9217822381692958,0.0027064723096275,7.334480551610672,0.010128027185710793
A8,52.0,0.9156327543424316,0.9226906018567088,0.0026522799872606,7.334480551610672,0.009925231349878166
A8,53.0,0.913151364764268,0.9149068182602148,0.0024843572968396,7.334480551610672,0.009296839340238259
A8,54.0,0.913151364764268,0.9184632251386856,0.0026143039741527,7.334480551610672,0.00978311938671729
A8,55.0,0.913151364764268,0.9135696128794066,0.0025816468993273,7.334480551610672,0.009660911692051103
A8,56.0,0.9106699751861044,0.9143222224649644,0.0025398784004956,7.334480551610672,0.009504607675871456
A8,57.0,0.913151364764268,0.914973941011642,0.002547074839346,7.334480551610672,0.009531537834387352
A8,58.0,0.9106699751861044,0.9118972332391088,0.0025189244969754,7.334480551610672,0.009426195011627883
A8,59.0,0.9106699751861044,0.9151443209023448,0.0026668935764631,7.334480551610672,0.009979917602605467
A8,60.0,0.9081885856079404,0.9107064216232086,0.0025197322745121,7.334480551610672,0.009429217836883696
A8,61.0,0.9106699751861044,0.9142122467625168,0.0026169195468268,7.334480551610672,0.009792907253770375
A8,62.0,0.9081885856079404,0.9087177227334292,0.0025109158716096,7.334480551610672,0.009396225528793543
A8,63.0,0.9057071960297768,0.9061589459050672,0.0025247238885487,7.334480551610672,0.009447897208730002
A8,64.0,0.9081885856079404,0.9100347310480724,0.0026100334927162,7.334480551610672,0.009767138601718644
A8,65.0,0.9057071960297768,0.9062738893018478,0.0025418622106333,7.334480551610672,0.009512031392321258
A8,66.0,0.9057071960297768,0.9096945918944708,0.0025874525873987,7.334480551610672,0.00968263745159785
A8,67.0,0.9057071960297768,0.9104606054012204,0.0025571668447739,7.334480551610672,0.009569303639331495
A8,68.0,0.9032258064516128,0.9057677678333664,0.0025885041800223,7.334480551610672,0.009686572669646166
A8,69.0,0.9057071960297768,0.90916363908173,0.0025710722333335,7.334480551610672,0.009621339698543525
A8,70.0,0.9032258064516128,0.9085076327658036,0.0025018856897208,7.334480551610672,0.009362433227525084
A8,71.0,0.9032258064516128,0.9074109738868116,0.0025463465372029,7.334480551610672,0.009528812418029501
A8,72.0,0.9007444168734492,0.903878851243662,0.0025398728884405,7.334480551610672,0.00950458704893073
A8,73.0,0.9007444168734492,0.9028189413305572,0.0025710210148424,7.334480551610672,0.00962114803123238
A8,74.0,0.9007444168734492,0.9027360845128146,0.0026002840619306,7.334480551610672,0.009730654762704101
A8,75.0,0.9007444168734492,0.9025425646119668,0.0026144386751381,7.334480551610672,0.009783623458100995
A8,76.0,0.8982630272952854,0.9009921494531988,0.0026685860279925,7.334480551610672,0.009986251011241972
A8,77.0,0.9007444168734492,0.9029190245075523,0.002609823699494,7.334480551610672,0.009766353523870161
A8,78.0,0.8982630272952854,0.9001517832433135,0.0025635615561404,7.334480551610672,0.009593233612800758
A8,79.0,0.8982630272952854,0.8999550150657476,0.0025417065869469,7.334480551610672,0.009511449025037838
A8,80.0,0.8957816377171216,0.8971473456774133,0.002594622467288,7.334480551610672,0.009709468222479487
A8,81.0,0.8957816377171216,0.8984777182383321,0.002600472466694,7.334480551610672,0.009731359801717005
A8,82.0,0.8957816377171216,0.8974927389752168,0.0026568574441572,7.334480551610672,0.009942360883302644
A8,83.0,0.8957816377171216,0.8960130710126897,0.0026122001961535,7.334480551610672,0.009775246732453358
A8,84.0,0.8957816377171216,0.8964420098099963,0.0026133757114262,7.334480551610672,0.009779645687726898
A8,85.0,0.8933002481389578,0.8956355893081639,0.0026007569505124,7.334480551610672,0.009732424383030623
A8,86.0,0.8933002481389578,0.8944959691629718,0.0026035077799039,7.334480551610672,0.009742718401100291
A8,87.0,0.8933002481389578,0.8941965152739813,0.0026335429654499,7.334480551610672,0.009855114591024594
A8,88.0,0.8933002481389578,0.895122195984675,0.0026435875979213,7.334480551610672,0.009892703119227497
A8,89.0,0.890818858560794,0.893935798411633,0.0026295321676602,7.334480551610672,0.009840105581360621
A8,90.0,0.890818858560794,0.8936279075683142,0.0026707385627198,7.334480551610672,0.009994306120528972
A8,91.0,0.890818858560794,0.8931405495778875,0.0027664242239579,7.334480551610672,0.010352376282508782
A8,92.0,0.890818858560794,0.892245920493207,0.0026943756468066,7.334480551610672,0.010082759650746316
A8,93.0,0.890818858560794,0.8929652807608133,0.0027129384290892,7.334480551610672,0.010152224379031852
A8,94.0,0.8883374689826302,0.8926022867683632,0.0027101025496701,7.334480551610672,0.010141612090943823
A8,95.0,0.8883374689826302,0.8895464240427915,0.0027427107680382,7.334480551610672,0.010263636957385249
A8,96.0,0.8883374689826302,0.8892479906703333,0.002819935423937,7.334480551610672,0.010552623255736793
A8,97.0,0.8883374689826302,0.8897487924837018,0.0027130981082896,7.334480551610672,0.01015282192265973
A8,98.0,0.8858560794044665,0.8902123600979924,0.0026885900552433,7.334480551610672,0.01006110909536096
A8,99.0,0.8858560794044665,0.889231982804277,0.0027090071228465,7.334480551610672,0.010137512838714302
A8,100.0,0.8858560794044665,0.8885314799596385,0.0027237052290839,7.334480551610672,0.01019251536692097
A8,101.0,0.8858560794044665,0.887646585076089,0.0027453298483462,7.334480551610672,0.010273437950532906
A8,102.0,0.8833746898263027,0.8868438349636644,0.0027558256600431,7.334480551610672,0.010312714859379957
A8,103.0,0.8833746898263027,0.8854294380743266,0.0027508189261774,7.334480551610672,0.010293978906854948
A8,104.0,0.8833746898263027,0.8856750655640775,0.0027446393759804,7.334480551610672,0.010270854098901789
A8,105.0,0.8833746898263027,0.8854737981647733,0.0028973609064687,7.334480551610672,0.0108423610776086
A8,106.0,0.8833746898263027,0.8892409433732148,0.002722656145935,7.334480551610672,0.010188589539705101
A8,107.0,0.8808933002481389,0.8829061941250759,0.0028566067691842,7.334480551610672,0.010689852955179513
A8,108.0,0.8808933002481389,0.8842581544382115,0.0028235343340888,7.334480551610672,0.010566090919797756
A8,109.0,0.8808933002481389,0.8838788934307085,0.0028046218693722,7.334480551610672,0.010495317627155096
A8,110.0,0.8808933002481389,0.8811235022512853,0.0027590133357671,7.334480551610672,0.010324643622248528
A8,111.0,0.8808933002481389,0.8884418822264124,0.0027383552792159,7.334480551610672,0.010247338061940283
A8,112.0,0.8784119106699751,0.8811843695672026,0.0028502373887133,7.334480551610672,0.010666017773738367
A8,113.0,0.8784119106699751,0.8810064275748659,0.002779616026894,7.334480551610672,0.010401741996796747
A8,114.0,0.8784119106699751,0.8812314512591526,0.0028157243291518,7.334480551610672,0.010536864704535513
A8,115.0,0.8759305210918115,0.8798799634143587,0.0028170239034428,7.334480551610672,0.010541727907348369
A8,116.0,0.8759305210918115,0.8791122909524189,0.0027809585373686,7.334480551610672,0.010406765873278129
A8,117.0,0.8759305210918115,0.8790705800728801,0.0027629701178604,7.334480551610672,0.010339450497037647
A8,118.0,0.8759305210918115,0.8781062060204488,0.002792339377315,7.334480551610672,0.010449354691188194
A8,119.0,0.8759305210918115,0.8788850943761558,0.0028108118586381,7.334480551610672,0.010518481499677008
A8,120.0,0.8734491315136477,0.8774620337961299,0.0028381348571088,7.334480551610672,0.010620728276901368
A8,121.0,0.8734491315136477,0.8780887497567412,0.0028362998710551,7.334480551610672,0.010613861482598257
A8,122.0,0.8734491315136477,0.8755671176960667,0.0028660973482546,7.334480551610672,0.010725368132072779
A8,123.0,0.8734491315136477,0.8777743727459562,0.0028457111900136,7.334480551610672,0.01064908005621012
A8,124.0,0.8734491315136477,0.878124804834459,0.0029360230469289,7.334480551610672,0.010987040632705386
A8,125.0,0.8734491315136477,0.8736514192881141,0.0029821424967012,7.334480551610672,0.011159626562892924
A8,126.0,0.8709677419354839,0.8729633582402094,0.0030211315226067,7.334480551610672,0.011305529372580135
A8,127.0,0.8709677419354839,0.8734000013667105,0.0028147374866051,7.334480551610672,0.010533171791031302
A8,128.0,0.8709677419354839,0.8733665272658383,0.0028098981871333,7.334480551610672,0.01051506240323678
A8,129.0,0.8684863523573201,0.8728303779057046,0.0028391490103422,7.334480551610672,0.0106245233911103
A8,130.0,0.8684863523573201,0.8702760619004074,0.0029874222363793,7.334480551610672,0.011179384144303625
A8,131.0,0.8684863523573201,0.8729848060401534,0.0027937650301595,7.334480551610672,0.010454689698945386
A8,132.0,0.8684863523573201,0.872466880326886,0.0029144550709635,7.334480551610672,0.010906330016845291
A8,133.0,0.8709677419354839,0.8780433467917828,0.0027942713257371,7.334480551610672,0.010456584333283855
A8,134.0,0.8684863523573201,0.8703679473723629,0.0031417706848615,7.334480551610672,0.011756979295282707
A8,135.0,0.8660049627791563,0.8697542048747587,0.0027842324666779,7.334480551610672,0.010419017410059324
A8,136.0,0.8660049627791563,0.8692425776163306,0.0027606307532842,7.334480551610672,0.010330696242305107
A8,137.0,0.8684863523573201,0.8720313997864462,0.0027194410767382,7.334480551610672,0.010176558266333745
A8,138.0,0.8684863523573201,0.8802886375054146,0.0028336550513359,7.334480551610672,0.010603964168695554
A8,139.0,0.8660049627791563,0.8716145364995836,0.0027719930085325,7.334480551610672,0.010373215513474598
A8,140.0,0.8635235732009926,0.8679254689372069,0.0031013297182708,7.334480551610672,0.011605643104777436
A8,141.0,0.8635235732009926,0.8659442455646469,0.0030993208020595,7.334480551610672,0.011598125437617315
A8,142.0,0.8635235732009926,0.8659589791643121,0.0031252622114967,7.334480551610672,0.01169520210050465
A8,143.0,0.8635235732009926,0.8674321396401464,0.0030054378680119,7.334480551610672,0.011246801352413852
A8,144.0,0.8610421836228288,0.8671064502675445,0.0028790844143108,7.334480551610672,0.010773967690107024
A8,145.0,0.8610421836228288,0.8652376988481487,0.0029677909113269,7.334480551610672,0.011105920767968696
A8,146.0,0.8610421836228288,0.8657296578010121,0.0028896346415502,7.334480551610672,0.010813448230113277
A8,147.0,0.8610421836228288,0.8645854475811829,0.0028985881116952,7.334480551610672,0.010846953464477746
A8,148.0,0.8610421836228288,0.8747183232383929,0.0027522840090359,7.334480551610672,0.01029946146766572
A8,149.0,0.8610421836228288,0.8667469576953692,0.0028980930214296,7.334480551610672,0.010845100762105162
A8,150.0,0.8610421836228288,0.8646396580991763,0.0028877895678502,7.334480551610672,0.010806543686317739
A8,151.0,0.858560794044665,0.8642586839622046,0.0028743823729248,7.334480551610672,0.010756371942751197
A8,152.0,0.858560794044665,0.863715344157356,0.0029901802873156,7.334480551610672,0.011189705186482055
A8,153.0,0.858560794044665,0.86348123871834,0.0029861694608415,7.334480551610672,0.011174696069476738
A8,154.0,0.8560794044665012,0.8630723393678368,0.0030151870468442,7.334480551610672,0.011283284248581181
A8,155.0,0.8560794044665012,0.8630272413686948,0.0029552389081295,7.334480551610672,0.011058949280706042
A8,156.0,0.8560794044665012,0.8693432578423044,0.0027752016368975,7.334480551610672,0.010385222684282873
A8,157.0,0.8535980148883374,0.8579846066897188,0.0030989919085926,7.334480551610672,0.0115968946687075
A8,158.0,0.8535980148883374,0.8603852439658501,0.0030129325842076,7.334480551610672,0.011274847709699394
A8,159.0,0.8560794044665012,0.8672204302785577,0.0027729768227141,7.334480551610672,0.010376897094380298
A8,160.0,0.8535980148883374,0.865352555828933,0.0027278959446533,7.334480551610672,0.010208197656026046
A8,161.0,0.8511166253101737,0.8604371362777622,0.0028111668358217,7.334480551610672,0.01051980987778493
A8,162.0,0.8535980148883374,0.861418516293601,0.0029331459285323,7.334480551610672,0.010976274022149787
A8,163.0,0.8535980148883374,0.8639064738173362,0.0027774445394454,7.334480551610672,0.010393615963570906
A8,164.0,0.8511166253101737,0.8632533816012659,0.0027677218450702,7.334480551610672,0.010357232176232644
A8,165.0,0.8511166253101737,0.865059491558601,0.002808148829557,7.334480551610672,0.010508516043598341
A8,166.0,0.8511166253101737,0.8641941125831814,0.0027766381030459,7.334480551610672,0.010390598157052573
A8,167.0,0.8511166253101737,0.8629325399709648,0.0027747662484476,7.334480551610672,0.010383593395100327
A8,168.0,0.8486352357320099,0.856995604705704,0.0028471464357817,7.334480551610672,0.010654450962132854
A8,169.0,0.8486352357320099,0.8620535511608689,0.0027608885305992,7.334480551610672,0.010331660883858946
A8,170.0,0.8486352357320099,0.8622649726644799,0.0027877906953456,7.334480551610672,0.010432332837877022
A8,171.0,0.8486352357320099,0.8616981250106156,0.0028205649650764,7.334480551610672,0.010554979093537788
A8,172.0,0.8461538461538461,0.8602664513452769,0.0028039992060377,7.334480551610672,0.010492987527136363
A8,173.0,0.8461538461538461,0.8602870804647866,0.0028698871006189,7.334480551610672,0.010739549956448447
A8,174.0,0.8461538461538461,0.8604569102337748,0.0028322864924848,7.334480551610672,0.010598842815264417
A8,175.0,0.8436724565756824,0.8609777364427663,0.0028258239872538,7.334480551610672,0.010574659146939218
A8,176.0,0.8436724565756824,0.859643591888621,0.002837286368564,7.334480551610672,0.010617553104919032
A8,177.0,0.8436724565756824,0.8589046417447577,0.0028434528237742,7.334480551610672,0.010640628909458473
A8,178.0,0.8436724565756824,0.858996321530255,0.0028251886885532,7.334480551610672,0.01057228176347668
A8,179.0,0.8411910669975186,0.8571588127389675,0.00277223576781,7.334480551610672,0.01037412395526924
A8,180.0,0.8411910669975186,0.8577689359840487,0.0028433871291409,7.334480551610672,0.010640383070241994
A8,181.0,0.8411910669975186,0.8571156687365448,0.0028231997074137,7.334480551610672,0.010564838696358991
A8,182.0,0.8387096774193549,0.8558625212677023,0.0028065157399738,7.334480551610672,0.010502404776308993
A8,183.0,0.8387096774193549,0.8555394579607508,0.0028191197587897,7.334480551610672,0.010549570913853633
A8,184.0,0.8387096774193549,0.8541527016847389,0.0028432624007849,7.334480551610672,0.010639916317940151
A8,185.0,0.8387096774193549,0.8532797607266482,0.0027595009814995,7.334480551610672,0.010326468466056156
A8,186.0,0.8362282878411911,0.8539261305432378,0.0027702329158644,7.334480551610672,0.010366628981505113
A8,187.0,0.8362282878411911,0.8542365164880404,0.0028018272108041,7.334480551610672,0.010484859593702541
A8,188.0,0.8362282878411911,0.8535143215338548,0.0028225123434854,7.334480551610672,0.01056226647696937
A8,189.0,0.8362282878411911,0.8520748809536244,0.0028130503343782,7.334480551610672,0.010526858213183235
A8,190.0,0.8337468982630273,0.8528472548358064,0.0028310705730582,7.334480551610672,0.010594292661559007
A8,191.0,0.8337468982630273,0.8504522381487845,0.0028224069990075,7.334480551610672,0.010561872262060082
A8,192.0,0.8337468982630273,0.8508317447950422,0.0029287409307907,7.334480551610672,0.010959789856868947
A8,193.0,0.8312655086848635,0.8486917246444976,0.0028996493344316,7.334480551610672,0.010850924719859196
A8,194.0,0.8312655086848635,0.8484568637389267,0.0028534589022922,7.334480551610672,0.01067807316295856
A8,195.0,0.8312655086848635,0.8471701522351835,0.0028331377188021,7.334480551610672,0.010602028232403969
A8,196.0,0.8287841191066998,0.8473370259698111,0.0028564588706781,7.334480551610672,0.010689299496684786
A8,197.0,0.8287841191066998,0.846289562889165,0.0028215389997865,7.334480551610672,0.010558624078187593
A8,198.0,0.8287841191066998,0.8442649188990257,0.0028128303517473,7.334480551610672,0.010526035005032085
A8,199.0,0.8287841191066998,0.8433218102177855,0.0027692387994456,7.334480551610672,0.0103629088480755
A8,200.0,0.826302729528536,0.8427713968596953,0.0028085923575316,7.334480551610672,0.010510175792108752
A8,201.0,0.826302729528536,0.8409048392194975,0.0028431329967833,7.334480551610672,0.010639432068667957
A8,202.0,0.826302729528536,0.8376395923843608,0.0032976121925989,7.334480551610672,0.012340161698964415
A8,203.0,0.8238213399503722,0.8366749239906563,0.0030932358823941,7.334480551610672,0.011575354751372046
A8,204.0,0.8238213399503722,0.8360331939849105,0.0031041007364947,7.334480551610672,0.011616012672499938
A8,205.0,0.8213399503722084,0.833353136469023,0.0031199677638162,7.334480551610672,0.01167538947953281
A8,206.0,0.8238213399503722,0.8317464633233794,0.0033195987019494,7.334480551610672,0.012422438529814901
A8,207.0,0.8188585607940446,0.8298847771419592,0.0030358661050025,7.334480551610672,0.011360668400067653
A8,208.0,0.8188585607940446,0.8334408274116596,0.0028650160875612,7.334480551610672,0.010721321891636977
A8,209.0,0.8163771712158809,0.8274987058706387,0.0031774924823001,7.334480551610672,0.011890655643750648
A8,210.0,0.8188585607940446,0.833399172366214,0.0029082471219236,7.334480551610672,0.010883098936142947
A8,211.0,0.8138957816377171,0.8339868554050998,0.0027590860091858,7.334480551610672,0.010324915577131515
A8,212.0,0.8163771712158809,0.832696580984226,0.0029288906831119,7.334480551610672,0.010960350252619103
A8,213.0,0.8163771712158809,0.8312263081658233,0.003039536232812,7.334480551610672,0.011374402571334591
A8,214.0,0.8114143920595533,0.8283143965036356,0.002794350363909,7.334480551610672,0.010456880106032337
A8,215.0,0.8138957816377171,0.8314766701050655,0.0032304608122656,7.334480551610672,0.012088871115589752
A8,216.0,0.8114143920595533,0.8267580099525013,0.0028561958968963,7.334480551610672,0.010688315409169194
A8,217.0,0.8138957816377171,0.8237917964988836,0.0030326757986466,7.334480551610672,0.011348729792978136
A8,218.0,0.8114143920595533,0.8283954545810535,0.0032087650518248,7.334480551610672,0.01200768231096853
A8,219.0,0.8114143920595533,0.8231974494415916,0.0030553244111288,7.334480551610672,0.011433484313511148
A8,220.0,0.8064516129032258,0.8264324197038427,0.0031657939177209,7.334480551610672,0.011846877852390853
A8,221.0,0.8064516129032258,0.8272897602818601,0.003183525479245,7.334480551610672,0.011913232027352248
A8,222.0,0.8039702233250621,0.8221666305910251,0.0029278182946703,7.334480551610672,0.01095633721348638
A8,223.0,0.8039702233250621,0.818141226657362,0.002952560898219,7.334480551610672,0.011048927764106493
A8,224.0,0.8014888337468983,0.8187715756675664,0.0029370601498338,7.334480551610672,0.01099092162804306
A8,225.0,0.8014888337468983,0.8203285995192775,0.0032207600851325,7.334480551610672,0.012052569532981384
A8,226.0,0.7965260545905707,0.8125393337063141,0.0028859952240067,7.334480551610672,0.010799828981289044
A8,227.0,0.7990074441687345,0.8197231472420097,0.0032971547119155,7.334480551610672,0.012338449737315323
A8,228.0,0.7965260545905707,0.8124866268808308,0.0029076303543915,7.334480551610672,0.010880790899105158
A8,229.0,0.7965260545905707,0.8153092450038603,0.0033552293937374,7.334480551610672,0.01255577394721077
A8,230.0,0.7915632754342432,0.8088690535561118,0.0028686991680549,7.334480551610672,0.010735104533799864
A8,231.0,0.7915632754342432,0.8135041901095796,0.0034066809902537,7.334480551610672,0.012748313573946147
A8,232.0,0.7890818858560794,0.808171882118373,0.0028377950772815,7.334480551610672,0.010619456769590611
A8,233.0,0.7890818858560794,0.8050278286200976,0.0030174773826924,7.334480551610672,0.011291855030426044
A8,234.0,0.7866004962779156,0.800689246439323,0.0029330715637827,7.334480551610672,0.010975995738051726
A8,235.0,0.7841191066997518,0.798872391614163,0.0030558265545299,7.334480551610672,0.011435363409779516
A8,236.0,0.7841191066997518,0.8045828855108375,0.0030953919945272,7.334480551610672,0.01158342324785058
A8,237.0,0.7791563275434243,0.8001140258544649,0.0029709977923089,7.334480551610672,0.011117921399806493
A8,238.0,0.7791563275434243,0.7965258401493112,0.003151314852644,7.334480551610672,0.011792695009211237
A8,239.0,0.7741935483870968,0.7922774526484171,0.0030292321934372,7.334480551610672,0.011335843303412514
A8,240.0,0.771712158808933,0.793303912402443,0.0030940183997139,7.334480551610672,0.011578283049090088
A8,241.0,0.7692307692307693,0.789263658219026,0.0029925746274099,7.334480551610672,0.011198665167886871
A8,242.0,0.7692307692307693,0.7930362067701262,0.003053827761532,7.334480551610672,0.011427883625209275
A8,243.0,0.7642679900744417,0.7878936828788301,0.0030287698760916,7.334480551610672,0.011334113242244696
A8,244.0,0.7642679900744417,0.7883838726901958,0.0031940239857077,7.334480551610672,0.011952519020418962
A8,245.0,0.7617866004962779,0.7827884842941889,0.0030360262377273,7.334480551610672,0.011361267640852171
A8,246.0,0.7593052109181141,0.7856215280628929,0.0031569120594156,7.334480551610672,0.0118136406003208
A8,247.0,0.7568238213399504,0.7845962435580802,0.0030478894164677,7.334480551610672,0.01140566144320674
A8,248.0,0.7543424317617866,0.7796869792647696,0.0032209493350817,7.334480551610672,0.012053277734806902
A8,249.0,0.7543424317617866,0.7757468440168309,0.0036867496261162,7.334480551610672,0.013796372609240966
A8,250.0,0.7518610421836228,0.7841758051887098,0.0034297656781335,7.334480551610672,0.012834699954323504
A8,251.0,0.749379652605459,0.7723179667933627,0.003148773367275,7.334480551610672,0.01178318438801709
A8,252.0,0.7468982630272953,0.7763309190736533,0.0031273515396582,7.334480551610672,0.011703020681298651
A8,253.0,0.7419354838709677,0.7677303225805586,0.0031863869811348,7.334480551610672,0.011923940198586353
A8,254.0,0.7419354838709677,0.767067779276189,0.0037341234338778,7.334480551610672,0.013973652536027342
A8,255.0,0.7419354838709677,0.7717456282697474,0.0036023826148633,7.334480551610672,0.013480658540965815
A8,256.0,0.7369727047146402,0.764736132408912,0.0029734608378407,7.334480551610672,0.01112713848731076
A8,257.0,0.7344913151364765,0.7637896453318644,0.0030169664860046,7.334480551610672,0.011289943178039923
A8,258.0,0.7320099255583127,0.7569298883207409,0.0029880394498441,7.334480551610672,0.01118169385008877
A8,259.0,0.7295285359801489,0.7611595653627325,0.003146995787531,7.334480551610672,0.011776532416774689
A8,260.0,0.7270471464019851,0.7547279424783497,0.0031285497737327,7.334480551610672,0.011707504653751725
A8,261.0,0.7270471464019851,0.7582752084543783,0.0035355849212998,7.334480551610672,0.013230691506776198
A8,262.0,0.7220843672456576,0.7495147389039049,0.0031847105483247,7.334480551610672,0.011917666734411119
A8,263.0,0.7220843672456576,0.7521627666051889,0.0034788445962259,7.334480551610672,0.013018360660888616
A8,264.0,0.7196029776674938,0.7401829186424804,0.0032001247853977,7.334480551610672,0.011975349132109035
A8,265.0,0.71712158808933,0.745133501266152,0.0032473711062669,7.334480551610672,0.012152151983734712
A8,266.0,0.7121588089330024,0.7387424252252957,0.0032622396851929,7.334480551610672,0.012207792446428433
B1,1.0,1.0,0.9500090311159846,0.1193614301260699,7.377931293897997,0.4493145984099349
B1,2.0,1.019672131147541,0.9202791642982684,0.1048711631316391,7.377931293897997,0.39476859901483047
B1,3.0,1.0295081967213116,0.940679400953603,0.0994502269590063,7.377931293897997,0.3743624614807895
B1,4.0,1.0360655737704918,0.9468295792453226,0.1063166887350185,7.377931293897997,0.4002100197090002
B1,5.0,1.039344262295082,0.956046107467816,0.1122559185378105,7.377931293897997,0.4225671802330258
B1,6.0,1.0262295081967212,0.9515936437889884,0.1137512720751874,7.377931293897997,0.4281961692072508
B1,7.0,0.9934426229508196,0.9315455348000112,0.0983915532671941,7.377931293897997,0.37037727510876517
B1,8.0,0.9704918032786886,0.9117058340951274,0.0802178742211114,7.377931293897997,0.30196573468404786
B1,9.0,0.9540983606557376,0.890265185604092,0.0714657604471493,7.377931293897997,0.26901997924669785
B1,10.0,0.9311475409836064,0.8706864102653549,0.0683458934061107,7.377931293897997,0.25727580187586657
B1,11.0,0.9114754098360656,0.8481464797147551,0.068311488951844,7.377931293897997,0.25714629250641585
B1,12.0,0.8885245901639345,0.8358600974964803,0.0667219818845068,7.377931293897997,0.25116287953225797
B1,13.0,0.8622950819672132,0.7927231066193017,0.0727112868978294,7.377931293897997,0.27370853916429594
B1,14.0,0.839344262295082,0.8004080050468766,0.0630725610339198,7.377931293897997,0.2374252922548733
B1,15.0,0.8163934426229508,0.785812456098889,0.0614236204920676,7.377931293897997,0.23121815267400828
B1,16.0,0.7934426229508197,0.7697485249364958,0.0582788800711177,7.377931293897997,0.2193803439459275
B1,17.0,0.7737704918032787,0.7542705532980004,0.0574984689006261,7.377931293897997,0.2164426267009707
B1,18.0,0.7540983606557377,0.7367252901451349,0.0581353152299881,7.377931293897997,0.21883991996751337
B1,19.0,0.7344262295081967,0.7113142313184472,0.0650414598264139,7.377931293897997,0.24483685702353364
B1,20.0,0.7081967213114754,0.6019055924287434,0.1248384418909525,7.377931293897997,0.46993182240788384
B1,21.0,0.6754098360655738,0.5811268180176632,0.1031312303502289,7.377931293897997,0.3882189355421837
B1,22.0,0.6557377049180327,0.5261238795159193,0.1197991791110303,7.377931293897997,0.4509624255947642
B1,23.0,0.6459016393442623,0.5792366960032391,0.1264277397780966,7.377931293897997,0.4759144479608927
B1,24.0,0.6327868852459017,0.5328794497836378,0.1230513584764762,7.377931293897997,0.4632046688721699
B1,25.0,0.6196721311475409,0.5103877889364186,0.129202036050839,7.377931293897997,0.4863577864358158
B1,26.0,0.6131147540983607,0.5258662209775807,0.1401473784850533,7.377931293897997,0.5275595560115817
B1,27.0,0.5934426229508196,0.4993458329798727,0.1323192739146812,7.377931293897997,0.49809206674278905
B1,28.0,0.5672131147540984,0.5273655956613709,0.1119681490963051,7.377931293897997,0.4214839240177804
B1,29.0,0.5540983606557377,0.5015289060187954,0.1485552427103406,7.377931293897997,0.5592094460462447
B1,30.0,0.5344262295081967,0.533440937319633,0.1268594652346525,7.377931293897997,0.4775396006582999
B1,31.0,0.5147540983606558,0.5332522208992267,0.1727960110086771,7.377931293897997,0.6504594508561021
B1,32.0,0.5114754098360655,0.5195699834195179,0.1450763692737082,7.377931293897997,0.5461138537812349
B1,33.0,0.4950819672131147,0.534853853499883,0.151313984956137,7.377931293897997,0.5695942341890922
B1,34.0,0.4754098360655737,0.5692350811697088,0.1860447967256795,7.377931293897997,0.7003321176594973
B1,35.0,0.4426229508196721,0.5338770802486749,0.2369806318127667,7.377931293897997,0.8920708917564295
B1,36.0,0.4491803278688525,0.4907964573038768,0.2021895933895682,7.377931293897997,0.7611062958993478
B1,37.0,0.4426229508196721,0.4431360878438021,0.1831489294234471,7.377931293897997,0.6894311469474614
B1,38.0,0.4131147540983607,0.4197501486902602,0.2038315064333068,7.377931293897997,0.7672869817297054
B1,39.0,0.3573770491803278,0.4905455245451977,0.2447056625134606,7.377931293897997,0.9211503780135951
B1,40.0,0.3967213114754098,0.4251613989811909,0.2169391541462479,7.377931293897997,0.8166283599455878
B1,41.0,0.3672131147540983,0.4479156096902372,0.2295682431052611,7.377931293897997,0.864168289954042
B1,42.0,0.3442622950819672,0.5561603548954861,0.2887924441408989,7.377931293897997,1.087107124352817
B1,43.0,0.3639344262295082,0.4125564322049226,0.207653020323533,7.377931293897997,0.7816723822488799
B1,44.0,0.3573770491803278,0.4485413837040308,0.2411910591598497,7.377931293897997,0.9079202869135642
B1,45.0,0.3475409836065574,0.4343834475313085,0.2385129428113491,7.377931293897997,0.897839000434752
B1,46.0,0.3377049180327869,0.4704845025740129,0.2532771060524743,7.377931293897997,0.9534160329027636
B1,47.0,0.3118032786885246,0.5243976724424927,0.2836682989840622,7.377931293897997,1.0678182031250256
B1,48.0,0.3088524590163934,0.4927328372002659,0.2710750253361121,7.377931293897997,1.0204130934022386
B1,49.0,0.2862295081967213,0.5368663727048265,0.2892481484617212,7.377931293897997,1.088822541164493
B1,50.0,0.2868852459016393,0.551986672908442,0.2957028459814032,7.377931293897997,1.1131200870371447
B1,51.0,0.2839344262295082,0.5046426475589916,0.2799583467246376,7.377931293897997,1.0538527562649906
B1,52.0,0.2891803278688524,0.4500958715466236,0.2573525782049436,7.377931293897997,0.968757413544597
B1,53.0,0.2537704918032787,0.5795146540028395,0.3035687987985175,7.377931293897997,1.1427300492116956
B1,54.0,0.259672131147541,0.5838114235218422,0.3054076711003606,7.377931293897997,1.1496521526831194
B1,55.0,0.2698360655737705,0.5109128545771874,0.2812761708449774,7.377931293897997,1.0588134677341814
B1,56.0,0.2659016393442623,0.4987137033491988,0.2708569388720362,7.377931293897997,1.019592146200773
B1,57.0,0.2593442622950819,0.4999937062407338,0.2726423229940237,7.377931293897997,1.0263129030560738
B1,58.0,0.2498360655737705,0.5415036371576057,0.2925980496178623,7.377931293897997,1.1014326405164758
B1,59.0,0.2472131147540983,0.4493292143735471,0.2531180333635673,7.377931293897997,0.952817232425434
B1,60.0,0.2373770491803278,0.516067012163744,0.2778006781477383,7.377931293897997,1.0457306016535113
B1,61.0,0.2334426229508196,0.4975975230415163,0.2756003166715524,7.377931293897997,1.0374477373146291
B1,62.0,0.2186885245901639,0.6242812049889258,0.3130303925158492,7.377931293897997,1.1783465140691516
B1,63.0,0.2,0.666892663256955,0.3181455436838701,7.377931293897997,1.1976015790464893
B1,64.0,0.2068852459016393,0.6560077569794464,0.3171910596227561,7.377931293897997,1.1940085957674254
B1,65.0,0.1875409836065573,0.6761475361779709,0.3187388783222197,7.377931293897997,1.199835080391699
B1,66.0,0.1875409836065573,0.6824669247391097,0.3189815310274188,7.377931293897997,1.200748502781783
B1,67.0,0.141639344262295,0.6884476186945503,0.3191047214181099,7.377931293897997,1.201212230812378
B1,68.0,0.2065573770491803,0.5190627777068566,0.2787145257021449,7.377931293897997,1.0491706161245375
B1,69.0,0.1891803278688524,0.6276112973472208,0.3137635705637345,7.377931293897997,1.181106430734029
B1,70.0,0.2022950819672131,0.4633594100726807,0.2705651122382997,7.377931293897997,1.0184936174163564
B1,71.0,0.1455737704918032,0.6629964474112932,0.31781882394906,7.377931293897997,1.1963717014697566
B1,72.0,0.1878688524590163,0.5853415780771668,0.3076283010059281,7.377931293897997,1.1580113138726535
B1,73.0,0.1724590163934426,0.5881954141612944,0.3074524659912613,7.377931293897997,1.1573494146400627
B1,74.0,0.1340983606557377,0.6869858488821716,0.3190926760087693,7.377931293897997,1.2011668880391317
B1,75.0,0.1921311475409836,0.3149168223962881,0.1775455943270876,7.377931293897997,0.6683384015277902
B1,76.0,0.1442622950819672,0.682599635592994,0.3190118302945335,7.377931293897997,1.20086255891383
B1,77.0,0.1790163934426229,0.6316347623272859,0.3144098074622425,7.377931293897997,1.183539073106227
B1,78.0,0.1593442622950819,0.6726027871102969,0.3186495046144333,7.377931293897997,1.1994986491711614
B1,79.0,0.1793442622950819,0.3489876970825208,0.2393264253160773,7.377931293897997,0.9009012087589938
B1,80.0,0.1537704918032786,0.6849712713834485,0.3190637865625856,7.377931293897997,1.2010581389239727
B1,81.0,0.1757377049180327,0.29089141597224,0.2077684807665318,7.377931293897997,0.7821070122840884
B1,82.0,0.1645901639344262,0.6332460751751443,0.3148690569125533,7.377931293897997,1.1852678349191377
B1,83.0,0.1727868852459016,0.2144017621664571,0.1148983027747572,7.377931293897997,0.4325139596157331
B1,84.0,0.1678688524590164,0.2820287889435059,0.2045671992557402,7.377931293897997,0.7700563648102835
B1,85.0,0.1291803278688524,0.6842130977936985,0.3190557052002592,7.377931293897997,1.2010277180915108
B1,86.0,0.1626229508196721,0.2929572123828617,0.2158665370032441,7.377931293897997,0.8125906859637385
B1,87.0,0.1281967213114754,0.6879834103366104,0.3191043960111549,7.377931293897997,1.2012110058765244
B1,88.0,0.161311475409836,0.3319490405593693,0.233511020754245,7.377931293897997,0.8790101660450185
B1,89.0,0.0888524590163934,0.5780844046486249,0.3065121778113235,7.377931293897997,1.1538098691980205
B1,90.0,0.0790163934426229,0.6887039626306581,0.3191088907119293,7.377931293897997,1.2012279253677811
B1,91.0,0.1577049180327868,0.1913818250585341,0.1088873586348203,7.377931293897997,0.4098868433902681
B1,92.0,0.1452459016393442,0.6539123725746333,0.3173646731273636,7.377931293897997,1.1946621325256466
B1,93.0,0.1557377049180328,0.188967111362076,0.1044281713434455,7.377931293897997,0.39310103624182346
B1,94.0,0.1514754098360655,0.2448136390322964,0.1898047605254863,7.377931293897997,0.7144858239527425
B1,95.0,0.1462295081967213,0.419510636843448,0.2703915416673483,7.377931293897997,1.017840242274148
B1,96.0,0.0937704918032786,0.6896966215524025,0.3191114536231849,7.377931293897997,1.2012375729854443
B1,97.0,0.1462295081967213,0.2454672305547081,0.1840383888828491,7.377931293897997,0.6927793568288362
B1,98.0,0.1236065573770491,0.6792404086638678,0.3188860675959715,7.377931293897997,1.200389147893707
B1,99.0,0.140655737704918,0.4210142198636056,0.2699508700012239,7.377931293897997,1.0161814131826552
B1,100.0,0.0845901639344262,0.6886376734747228,0.3191083095627899,7.377931293897997,1.2012257377365512
B1,101.0,0.1360655737704918,0.6778593596129627,0.3189233078318636,7.377931293897997,1.200529332052165
B1,102.0,0.1429508196721311,0.1678327532840465,0.1041874758550754,7.377931293897997,0.39219498144186116
B2,1.0,1.0,0.9691554152163008,0.1812188958691019,7.397231307901828,0.6839503688231813
B2,2.0,0.9801324503311258,0.9038410015421324,0.1554065305161132,7.397231307901828,0.5865301924187988
B2,3.0,0.9701986754966888,0.8879980492690512,0.1487050191792706,7.397231307901828,0.5612375697674777
B2,4.0,0.9602649006622516,0.8855885672214596,0.1304811236919986,7.397231307901828,0.49245754558656696
B2,5.0,0.9470198675496688,0.8861986285574736,0.1199911993539719,7.397231307901828,0.4528668197656626
B2,6.0,0.9271523178807948,0.8789617322964405,0.1124029165124363,7.397231307901828,0.42422737340267547
B2,7.0,0.913907284768212,0.8648611462179678,0.1071479150960313,7.397231307901828,0.40439412069644187
B2,8.0,0.8940397350993378,0.8710834929463779,0.0962138415957898,7.397231307901828,0.3631271017834046
B2,9.0,0.8774834437086093,0.8548808960082719,0.0924432362770052,7.397231307901828,0.3488962077803191
B2,10.0,0.8576158940397351,0.8401317834010371,0.1036282524109087,7.397231307901828,0.39111032608949525
B2,11.0,0.8377483443708609,0.835641016743692,0.0862440587799244,7.397231307901828,0.32549947690854864
B2,12.0,0.8178807947019867,0.8221061788920074,0.0835345346506879,7.397231307901828,0.31527328047004255
B2,13.0,0.8013245033112583,0.8111448565217694,0.0854963346930184,7.397231307901828,0.3226774413665887
B2,14.0,0.7814569536423841,0.7914426441824706,0.1147720901963639,7.397231307901828,0.4331690304366026
B2,15.0,0.7682119205298014,0.7814819421637799,0.1133234870681452,7.397231307901828,0.4277017603758731
B2,16.0,0.7516556291390728,0.7735360001586418,0.095113572661771,7.397231307901828,0.35897450312851376
B2,17.0,0.7350993377483444,0.7591244625368833,0.0801507772682883,7.397231307901828,0.3025024151659517
B2,18.0,0.7185430463576159,0.7471845857550604,0.1061234010310484,7.397231307901828,0.400527433565119
B2,19.0,0.7019867549668874,0.727830119098633,0.0911979010032476,7.397231307901828,0.3441961045393731
B2,20.0,0.6854304635761589,0.7123059663443243,0.105747336890664,7.397231307901828,0.39910810471266384
B2,21.0,0.6688741721854304,0.6992983370833367,0.1071758406931912,7.397231307901828,0.4044995165625049
B2,22.0,0.652317880794702,0.6828094860961594,0.1018502225424985,7.397231307901828,0.3843997445110919
B2,23.0,0.6357615894039735,0.6782311423983639,0.1268356287936565,7.397231307901828,0.47869883919832645
B2,24.0,0.6158940397350994,0.6577157572206664,0.1084825361045085,7.397231307901828,0.40943120320712273
B2,25.0,0.5993377483443708,0.6528772491004695,0.1145562187816529,7.397231307901828,0.4323542956761799
B2,26.0,0.5827814569536424,0.6376243549261952,0.1303393067123446,7.397231307901828,0.4919223046279761
B2,27.0,0.5629139072847682,0.6302185043482418,0.1220230135382715,7.397231307901828,0.4605352257233706
B2,28.0,0.5463576158940397,0.6254464651864239,0.1318191797197589,7.397231307901828,0.4975075924335236
B2,29.0,0.5264900662251656,0.6154983785062768,0.1321472045140464,7.397231307901828,0.49874561277329077
B2,30.0,0.5033112582781457,0.6066184007551952,0.1344980149325557,7.397231307901828,0.5076179637776485
B2,31.0,0.4867549668874172,0.6052396065090774,0.1482723282931964,7.397231307901828,0.5596045221225421
B2,32.0,0.4635761589403973,0.5782941927793543,0.1383721125216878,7.397231307901828,0.5222394548878129
B2,33.0,0.4470198675496689,0.5737863040602095,0.1421048089255526,7.397231307901828,0.5363272743168219
B2,34.0,0.4271523178807947,0.5130135160073457,0.1232382717046802,7.397231307901828,0.46512181293958993
B2,35.0,0.4072847682119205,0.4771051668966356,0.1180147022673017,7.397231307901828,0.4454071897699999
B2,36.0,0.3874172185430463,0.5146788811088902,0.1344639540565177,7.397231307901828,0.50748941234477
B2,37.0,0.3675496688741722,0.4242022626412849,0.0958003058289843,7.397231307901828,0.36156634875667554
B2,38.0,0.3543046357615894,0.4615642457247779,0.1347857759283144,7.397231307901828,0.5087040218194336
B2,39.0,0.3377483443708609,0.4261275803376534,0.1153744745170962,7.397231307901828,0.4354425294354915
B2,40.0,0.3211920529801324,0.4085033351619777,0.1184868310201824,7.397231307901828,0.4471890825087021
B2,41.0,0.309933774834437,0.4181612190488175,0.1375060510483726,7.397231307901828,0.518970794292257
B2,42.0,0.2933774834437086,0.3368133333283162,0.1218259647823686,7.397231307901828,0.4597915308198695
B2,43.0,0.2854304635761589,0.3437124745631819,0.1154155796537726,7.397231307901828,0.43559766708410985
B2,44.0,0.2705298013245033,0.3506954243460481,0.1161370798986568,7.397231307901828,0.4383207294680183
B2,45.0,0.2589403973509934,0.3414004353167858,0.1274304046474959,7.397231307901828,0.48094362257287254
B2,46.0,0.2509933774834437,0.3273152185807813,0.1280382298225752,7.397231307901828,0.48323765626445736
B2,47.0,0.2397350993377483,0.3041061667161349,0.1461785295977276,7.397231307901828,0.5517021762709163
B2,48.0,0.2311258278145695,0.3196897345128335,0.184730904809435,7.397231307901828,0.6972052769194438
B2,49.0,0.2274834437086092,0.2872046555599311,0.141240242399089,7.397231307901828,0.5330642559002762
B2,50.0,0.214569536423841,0.2965345860330919,0.1894398139123437,7.397231307901828,0.7149774860604575
B2,51.0,0.2079470198675496,0.2847107150592445,0.1916190497390597,7.397231307901828,0.7232022859097607
B2,52.0,0.2052980132450331,0.2431746994716155,0.1320729026446397,7.397231307901828,0.49846518511291216
B2,53.0,0.1960264900662251,0.2391123555584171,0.1672745776516709,7.397231307901828,0.6313221837652132
B2,54.0,0.1890728476821192,0.2122078350920649,0.1493253022010885,7.397231307901828,0.5635786214525821
B2,55.0,0.1844370860927152,0.2008333691377795,0.1407947916212893,7.397231307901828,0.5313830502936118
B2,56.0,0.1791390728476821,0.1889539426936659,0.1094598909063592,7.397231307901828,0.4131199034058025
B2,57.0,0.1751655629139072,0.1811726660963105,0.1133559232442478,7.397231307901828,0.42782417991993993
B2,58.0,0.1728476821192053,0.186175379206597,0.1309792381457407,7.397231307901828,0.49433751269882187
B2,59.0,0.1701986754966887,0.1852538623733728,0.1113224545672417,7.397231307901828,0.42014952963052804
B2,60.0,0.162251655629139,0.1695148161581223,0.1237939219629876,7.397231307901828,0.4672189297842955
B2,61.0,0.1589403973509933,0.1790018703736861,0.116571010725776,7.397231307901828,0.4399584568574749
B2,62.0,0.1589403973509933,0.1714210625940392,0.1094381900874726,7.397231307901828,0.4130380008922149
B2,63.0,0.1526490066225165,0.1738389650530244,0.1169344342369522,7.397231307901828,0.44133007786485334
B2,64.0,0.1533112582781457,0.1769135449394742,0.1176170330786361,7.397231307901828,0.4439063198582115
B2,65.0,0.147682119205298,0.167328837289995,0.1173786565676695,7.397231307901828,0.44300664710713067
B2,66.0,0.1443708609271523,0.1630076004358146,0.1175914918369631,7.397231307901828,0.44380992294784144
B2,67.0,0.1423841059602649,0.1620901810945511,0.1169744713735778,7.397231307901828,0.44148118470296965
B2,68.0,0.1394039735099337,0.1731282270717163,0.1245647743335815,7.397231307901828,0.47012825533032876
B2,69.0,0.13841059602649,0.168705439693411,0.1272527421803014,7.397231307901828,0.480273094759639
B2,70.0,0.1354304635761589,0.1639019168244743,0.1273498708774882,7.397231307901828,0.4806396746791647
B2,71.0,0.1317880794701987,0.1575231830980066,0.1267347768635723,7.397231307901828,0.4783182071762251
B2,72.0,0.1298013245033112,0.1778609785389203,0.1304214703551891,7.397231307901828,0.4922324039338893
B2,73.0,0.1298013245033112,0.158534148570171,0.1288012214860594,7.397231307901828,0.48611731418945636
B2,74.0,0.1258278145695364,0.1586545097119577,0.1359014655684959,7.397231307901828,0.5129148207939817
B2,75.0,0.123841059602649,0.1568769862821504,0.1402119564249047,7.397231307901828,0.5291833329538795
B2,76.0,0.1225165562913907,0.1632123226793305,0.1445559077082492,7.397231307901828,0.5455781303514944
B2,77.0,0.1241721854304635,0.1947023399968764,0.1433541956152647,7.397231307901828,0.5410426682779935
B2,78.0,0.1208609271523178,0.1741234971873991,0.1450783264938996,7.397231307901828,0.5475498260701563
B2,79.0,0.1201986754966887,0.1648003135163925,0.1590982279544927,7.397231307901828,0.6004632749069906
B2,80.0,0.1195364238410596,0.1776128521011035,0.1637292827072669,7.397231307901828,0.6179416487322464
B2,81.0,0.1162251655629139,0.1806355051951015,0.1524687942980913,7.397231307901828,0.5754426854555479
B2,82.0,0.1139072847682119,0.1677022573929308,0.155856951129716,7.397231307901828,0.5882301550155344
B2,83.0,0.1139072847682119,0.1861738391832103,0.183382848263989,7.397231307901828,0.6921174864490822
B2,84.0,0.1119205298013245,0.1741803712480248,0.1796817510799924,7.397231307901828,0.6781489277515753
B2,85.0,0.1105960264900662,0.1848272366058424,0.1951501352324829,7.397231307901828,0.7365291921023548
B2,86.0,0.1089403973509933,0.1931800663840222,0.1950743780254488,7.397231307901828,0.7362432717547912
B2,87.0,0.1092715231788079,0.2051098929082217,0.2063895062437867,7.397231307901828,0.7789484547937818
B2,88.0,0.1066225165562913,0.1816320137627722,0.1877981327827495,7.397231307901828,0.7087815073867597
B2,89.0,0.1062913907284768,0.2035581292225694,0.2109777930492514,7.397231307901828,0.7962654152454716
B2,90.0,0.1052980132450331,0.1808120467203425,0.1777728090448217,7.397231307901828,0.6709442617990792
B2,91.0,0.1039735099337748,0.1850691646295207,0.1861390131054533,7.397231307901828,0.7025197127225421
B2,92.0,0.1052980132450331,0.2089823593313062,0.2104333481288143,7.397231307901828,0.7942105892167012
B2,93.0,0.1023178807947019,0.2031476807316929,0.1899901074676323,7.397231307901828,0.7170543858136296
B2,94.0,0.1013245033112582,0.2084387312660225,0.2111798671919474,7.397231307901828,0.7970280767977547
B2,95.0,0.1006622516556291,0.2239580215021513,0.2224997336282449,7.397231307901828,0.8397511426624049
B2,96.0,0.0990066225165562,0.2068526490157328,0.1934038442418115,7.397231307901828,0.7299383983475742
B2,97.0,0.0983443708609271,0.2008737427842978,0.197347878541004,7.397231307901828,0.7448238422779493
B2,98.0,0.097682119205298,0.2112938023106192,0.207502080773753,7.397231307901828,0.7831474968222875
B2,99.0,0.0966887417218543,0.224475470107249,0.2200022428776802,7.397231307901828,0.8303251955955214
B2,100.0,0.0950331125827814,0.2120654656092818,0.2078956034220594,7.397231307901828,0.7846327169984652
B2,101.0,0.0943708609271523,0.2124146980970476,0.2055229158509325,7.397231307901828,0.7756777979675787
B2,102.0,0.0947019867549668,0.2150660832196559,0.2023504721294663,7.397231307901828,0.7637044657002038
B2,103.0,0.0937086092715231,0.2415655709542618,0.2259609371336284,7.397231307901828,0.8528143025648307
B2,104.0,0.0937086092715231,0.2264534495942891,0.2151732181134494,7.397231307901828,0.8120996498944946
B2,105.0,0.0923841059602649,0.226972959018057,0.2162998743287214,7.397231307901828,0.8163518385543838
B2,106.0,0.0917218543046357,0.2379275016866262,0.2222632541980699,7.397231307901828,0.8388586298109628
B2,107.0,0.0920529801324503,0.2389142613393778,0.2135776252732576,7.397231307901828,0.8060776161197768
B2,108.0,0.0913907284768212,0.2280352307055932,0.2079420389096538,7.397231307901828,0.7848079722813888
B2,109.0,0.0910596026490066,0.246483842146531,0.2240340392509099,7.397231307901828,0.8455418682458297
B2,110.0,0.0894039735099337,0.2562823460300729,0.2286592910860396,7.397231307901828,0.8629983408910559
B2,111.0,0.08841059602649,0.2509486867300125,0.2242108275174217,7.397231307901828,0.8462090966797325
B2,112.0,0.0880794701986755,0.2419924371971177,0.2171561278336397,7.397231307901828,0.819583482239698
B2,113.0,0.0874172185430463,0.2474169716546574,0.220393819379873,7.397231307901828,0.8318030706913433
B2,114.0,0.0867549668874172,0.2433080190879202,0.2181305034066023,7.397231307901828,0.8232609383311502
B2,115.0,0.0864238410596026,0.2509206784920865,0.2214870240081289,7.397231307901828,0.8359290074768476
B3,1.0,1.0,0.9936420417199854,0.1138283452935265,7.40831005448868,0.430250597243364
B3,2.0,1.0161290322580645,1.0736323839545314,0.0896873253690697,7.40831005448868,0.33900189979654105
B3,3.0,1.0258064516129033,1.0826743331924762,0.0971734413010306,7.40831005448868,0.36729806664719294
B3,4.0,1.032258064516129,1.0351894585412853,0.1206740301251898,7.40831005448868,0.4561260501436749
B3,5.0,1.035483870967742,1.0172147263358018,0.1301135957287767,7.40831005448868,0.4918059041219454
B3,6.0,1.032258064516129,0.997989455879988,0.1373903102078312,7.40831005448868,0.5193105712811603
B3,7.0,1.0064516129032255,0.955340924630616,0.1389522400182544,7.40831005448868,0.5252143840094738
B3,8.0,0.9838709677419356,0.9115766075692529,0.1316570172135311,7.40831005448868,0.4976397587203007
B3,9.0,0.964516129032258,0.8944535181448996,0.123376290951056,7.40831005448868,0.4663401082610812
B3,10.0,0.9483870967741936,0.8935679810663484,0.1039853641697132,7.40831005448868,0.3930459054220495
B3,11.0,0.9290322580645162,0.8678377515474628,0.1091928615691334,7.40831005448868,0.41272930554937454
B3,12.0,0.9096774193548388,0.8519495338174831,0.1098022543766803,7.40831005448868,0.4150327003560614
B3,13.0,0.8935483870967742,0.8349371523152199,0.1093263976297217,7.40831005448868,0.41323404775285194
B3,14.0,0.8741935483870967,0.8164278049265304,0.1105946301430839,7.40831005448868,0.41802773771566804
B3,15.0,0.8548387096774194,0.8015311850931093,0.1087010793826854,7.40831005448868,0.41087045765970986
B3,16.0,0.8387096774193549,0.7834557094257918,0.1060443941008179,7.40831005448868,0.4008286668714522
B3,17.0,0.8258064516129032,0.758280689315806,0.1089371050945491,7.40831005448868,0.4117625922438706
B3,18.0,0.8032258064516129,0.7539737344807694,0.1161116288199919,7.40831005448868,0.4388809968016148
B3,19.0,0.7870967741935484,0.7411334654259063,0.1186338976311375,7.40831005448868,0.44841471759501916
B3,20.0,0.7741935483870968,0.745754286133364,0.0863802217041488,7.40831005448868,0.3265016449320011
B3,21.0,0.7580645161290323,0.7120824883444262,0.1197485063035372,7.40831005448868,0.45262773717073174
B3,22.0,0.7451612903225806,0.7280723452371937,0.0718497547250411,7.40831005448868,0.2715791027491657
B3,23.0,0.7290322580645161,0.7212715318709663,0.0769946268453818,7.40831005448868,0.2910257906265059
B3,24.0,0.7161290322580646,0.6890211806380856,0.1137798371287385,7.40831005448868,0.43006724513702
B3,25.0,0.5903225806451613,0.6340046489058473,0.1331239094155871,7.40831005448868,0.5031843464449026
B3,26.0,0.5387096774193548,0.6172428332409599,0.1151889241055462,7.40831005448868,0.4353933395450166
B3,27.0,0.5129032258064516,0.6005029979043093,0.1126805594199526,7.40831005448868,0.42591217383626595
B3,28.0,0.5096774193548387,0.5820055253843116,0.1075309215072434,7.40831005448868,0.40644747212408
B3,29.0,0.5419354838709678,0.5732086651810395,0.1045850845012156,7.40831005448868,0.39531274001533573
B3,30.0,0.4161290322580645,0.3956760300058498,0.0902500254706346,7.40831005448868,0.3411288046034492
B3,31.0,0.3935483870967742,0.3849252793164927,0.0972689593907219,7.40831005448868,0.3676591077835747
B3,32.0,0.3741935483870968,0.3711955325976033,0.1275743258831478,7.40831005448868,0.4822079224871721
B3,33.0,0.3548387096774194,0.3582373462240964,0.1049535105803594,7.40831005448868,0.39670532408728093
B3,34.0,0.332258064516129,0.3423902478286003,0.11402804828154,7.40831005448868,0.43100543848824485
B3,35.0,0.31,0.3355230634012815,0.1266918377269348,7.40831005448868,0.4788722765609158
B3,36.0,0.2880645161290323,0.3204765938519868,0.1461731907708931,7.40831005448868,0.552508274349145
B3,37.0,0.2706451612903225,0.3181746840326922,0.1591111000902771,7.40831005448868,0.6014112360621623
B3,38.0,0.2461290322580645,0.3167503596448796,0.1707582657107312,7.40831005448868,0.6454354195945722
B3,39.0,0.2280645161290322,0.310225348653432,0.1816604802970619,7.40831005448868,0.6866438226944183
B3,40.0,0.2103225806451613,0.3080242620103019,0.1617942098415322,7.40831005448868,0.6115529065746357
B3,41.0,0.1967741935483871,0.3098339757548233,0.1586179084221985,7.40831005448868,0.5995470605863694
B3,42.0,0.1841935483870967,0.2910039300616217,0.1701688071761802,7.40831005448868,0.6432073727413322
B3,43.0,0.1735483870967742,0.2998776809950221,0.1918217954353008,7.40831005448868,0.725051759625519
B3,44.0,0.1674193548387096,0.2664237973376244,0.1947212302682819,7.40831005448868,0.7360110998965339
B3,45.0,0.1564516129032258,0.2680006871527607,0.2015018088575917,7.40831005448868,0.7616404629535406
B3,46.0,0.1480645161290322,0.1998296499554079,0.1891765117451856,7.40831005448868,0.7150530647959025
B3,47.0,0.142258064516129,0.2551084506074818,0.2077578152038367,7.40831005448868,0.785287037626038
B3,48.0,0.1370967741935483,0.2146551946795333,0.2008296929664054,7.40831005448868,0.7590999862132879
B3,49.0,0.1309677419354838,0.2813727292228079,0.220856779659868,7.40831005448868,0.8347987586823711
B3,50.0,0.1261290322580645,0.2967595173128837,0.2268092039952516,7.40831005448868,0.8572978481555656
B3,51.0,0.122258064516129,0.2874691288848353,0.2244957102680047,7.40831005448868,0.8485532594918194
B3,52.0,0.1180645161290322,0.3663431132848923,0.2475917010079829,7.40831005448868,0.935851935266982
B3,53.0,0.114516129032258,0.3921719279105812,0.2525597579221809,7.40831005448868,0.9546302935832762
B3,54.0,0.1106451612903225,0.3970780637864067,0.2459379457420514,7.40831005448868,0.9296010388929148
B3,55.0,0.1077419354838709,0.4336448343009031,0.2495485461322156,7.40831005448868,0.9432484565925167
B3,56.0,0.1051612903225806,0.4359722659013847,0.2602293515787726,7.40831005448868,0.9836199731121604
B3,57.0,0.1029032258064516,0.435924187151341,0.2589550752162806,7.40831005448868,0.978803438490652
B3,58.0,0.1016129032258064,0.4411530634093269,0.2598225052279423,7.40831005448868,0.9820821673487574
B3,59.0,0.0980645161290322,0.4457768645848108,0.2608486453080587,7.40831005448868,0.9859607916157354
B3,60.0,0.0964516129032258,0.4547921572042895,0.2606233215153714,7.40831005448868,0.9851091083541816
B3,61.0,0.094516129032258,0.4588213386533692,0.2627434802385831,7.40831005448868,0.993122925602955
B3,62.0,0.092258064516129,0.4673895953092399,0.254153208045812,7.40831005448868,0.9606532474055592
B3,63.0,0.0906451612903225,0.4576633851714549,0.2624087793192153,7.40831005448868,0.9918578165469938
B3,64.0,0.09,0.4555364906822252,0.2611594122202351,7.40831005448868,0.9871354344450112
B3,65.0,0.0867741935483871,0.4773202412479678,0.2644004919730369,7.40831005448868,0.9993861308401881
B3,66.0,0.0861290322580645,0.4831941127073668,0.2678668371334748,7.40831005448868,1.0124882898119647
B3,67.0,0.0835483870967741,0.4836731309160937,0.2666008124818032,7.40831005448868,1.0077029451677821
B3,68.0,0.0825806451612903,0.4915245763309688,0.2676538750043866,7.40831005448868,1.0116833314073235
B3,69.0,0.0806451612903225,0.473103994218612,0.2602895170867784,7.40831005448868,0.9838473878715175
B3,70.0,0.08,0.4988211404848227,0.2683592182419463,7.40831005448868,1.0143494015187624
B3,71.0,0.0793548387096774,0.5010142571132721,0.2675980567004071,7.40831005448868,1.011472348294441
B3,72.0,0.0790322580645161,0.5013310773612698,0.2684270013805834,7.40831005448868,1.014605609546793
B3,73.0,0.0783870967741935,0.5131368650755733,0.2700852868169309,7.40831005448868,1.0208736291472595
B3,74.0,0.0761290322580645,0.5223844072080901,0.2706849239370141,7.40831005448868,1.0231401492164023
B3,75.0,0.0751612903225806,0.4789897035968118,0.2628458513389776,7.40831005448868,0.9935098698827087
B3,76.0,0.0732258064516129,0.5245207762720285,0.2707949722618245,7.40831005448868,1.0235561120185779
B3,77.0,0.0725806451612903,0.5218705982764796,0.2701354356784139,7.40831005448868,1.0210631827909367
B3,78.0,0.0725806451612903,0.5282376481685261,0.2711916309407682,7.40831005448868,1.0250554102212988
B3,79.0,0.0706451612903225,0.5335239797207512,0.2718265652588413,7.40831005448868,1.0274553473270944
B3,80.0,0.07,0.5006276271275014,0.2688723021435765,7.40831005448868,1.0162887660464914
B3,81.0,0.0680645161290322,0.5100426838962965,0.2690159636870758,7.40831005448868,1.0168317807475493
B3,82.0,0.0674193548387096,0.5518954542173959,0.2742487815536645,7.40831005448868,1.0366108876699933
B3,83.0,0.0680645161290322,0.5464288361507343,0.2737344343021187,7.40831005448868,1.0346667479076395
B3,84.0,0.0667741935483871,0.5087799870954983,0.2694288877983912,7.40831005448868,1.0183925593484462
B3,85.0,0.0654838709677419,0.5348045990493725,0.273302910148794,7.40831005448868,1.0330356645055738
B3,86.0,0.064516129032258,0.5445782784097751,0.2740514429654481,7.40831005448868,1.0358649834295308
B3,87.0,0.0651612903225806,0.5765537501912292,0.277955687708919,7.40831005448868,1.0506223237767962
B3,88.0,0.0635483870967742,0.5650817261047663,0.276494253727311,7.40831005448868,1.0450983671401854
B3,89.0,0.0648387096774193,0.5742660133138399,0.2777512742070443,7.40831005448868,1.0498496776398487
B3,90.0,0.0632258064516129,0.5783379583707395,0.2783967489738212,7.40831005448868,1.0522894557390132
B3,91.0,0.0635483870967742,0.5766724290512649,0.2784097547943753,7.40831005448868,1.0523386153929342
B3,92.0,0.0619354838709677,0.5799236520774458,0.2787883117933896,7.40831005448868,1.0537694925131853
B3,93.0,0.0612903225806451,0.5914472181514611,0.2802486702430195,7.40831005448868,1.059289383833071
B3,94.0,0.0612903225806451,0.5930011053478843,0.280514511938413,7.40831005448868,1.0602942174526784
B3,95.0,0.0612903225806451,0.5987750693607667,0.2812845633028573,7.40831005448868,1.0632048726028158
B3,96.0,0.0596774193548387,0.6004921519385052,0.2815224291373989,7.40831005448868,1.0641039625185253
B3,97.0,0.06,0.5998372306795885,0.2816037994589683,7.40831005448868,1.0644115276453208
B3,98.0,0.0583870967741935,0.6115665543486559,0.282917206580748,7.40831005448868,1.0693759694731644
B3,99.0,0.0587096774193548,0.6088511576023067,0.2827096190771791,7.40831005448868,1.0685913261827744
B3,100.0,0.0590322580645161,0.614137955524474,0.2833078955858048,7.40831005448868,1.0708527033862214
B3,101.0,0.0590322580645161,0.6236648446754526,0.2843135023253961,7.40831005448868,1.074653715332634
B3,102.0,0.0583870967741935,0.6327798508258378,0.2852838242998297,7.40831005448868,1.0783213572362556
B3,103.0,0.0577419354838709,0.6274599422150647,0.2847613259350932,7.40831005448868,1.0763464077374565
B3,104.0,0.0570967741935483,0.6326970039631705,0.2853024219473061,7.40831005448868,1.0783916529865225
B3,105.0,0.0564516129032258,0.6291001825398667,0.2847519011053843,7.40831005448868,1.0763107835825003
B3,106.0,0.0554838709677419,0.6436630208287405,0.286332197044114,7.40831005448868,1.0822840169604115
B3,107.0,0.0541935483870967,0.6348961675733996,0.2855806761454116,7.40831005448868,1.0794434036257121
B3,108.0,0.0554838709677419,0.6411547641420677,0.2861446929433371,7.40831005448868,1.081575285307177
B3,109.0,0.0548387096774193,0.6447847781774957,0.286454782405141,7.40831005448868,1.0827473674963362
B3,110.0,0.054516129032258,0.652455417785081,0.2869703819828786,7.40831005448868,1.0846962408256284
B3,111.0,0.052258064516129,0.6474328285814966,0.2867101828848957,7.40831005448868,1.0837127352056473
B3,112.0,0.0535483870967741,0.6592576904940876,0.2875784624734248,7.40831005448868,1.0869946753109483
B3,113.0,0.0532258064516129,0.6538543528478724,0.2872005357020295,7.40831005448868,1.0855661803373302
B3,114.0,0.0532258064516129,0.653852969597917,0.2872062580488702,7.40831005448868,1.0855878097754061
B3,115.0,0.0529032258064516,0.6555770947552795,0.2873316538830334,7.40831005448868,1.086061783392447
B3,116.0,0.0532258064516129,0.6620271336050086,0.287769438035648,7.40831005448868,1.0877165284617916
B3,117.0,0.052258064516129,0.6616590533120413,0.2877543954352474,7.40831005448868,1.0876596701477244
B3,118.0,0.0516129032258064,0.6619511429871955,0.2877743064149797,7.40831005448868,1.0877349300568397
B3,119.0,0.0519354838709677,0.6651813788528576,0.2879317555092135,7.40831005448868,1.088330059210785
B3,120.0,0.0516129032258064,0.6734937977594578,0.2884318698333651,7.40831005448868,1.0902204010768757
B3,121.0,0.0506451612903225,0.6817829239982516,0.2888324924585478,7.40831005448868,1.0917346822808198
B3,122.0,0.0490322580645161,0.6725505499297997,0.2883766407884309,7.40831005448868,1.090011645256813
B3,123.0,0.0487096774193548,0.6664357919278304,0.2880459147953876,7.40831005448868,1.0887615607048162
B3,124.0,0.0496774193548387,0.6714261558303082,0.2883206733217291,7.40831005448868,1.0898000983357667
B3,125.0,0.0493548387096774,0.672463713071352,0.2883759390642726,7.40831005448868,1.090008992866168
B3,126.0,0.0490322580645161,0.67391714285316,0.2884430936977375,7.40831005448868,1.0902628252581037
B3,127.0,0.0493548387096774,0.6756176705694922,0.2885291113583988,7.40831005448868,1.090587956487742
B4,1.0,1.0,0.8189286777670746,0.2448094158075224,7.408314858431072,0.9253359994960842
B4,2.0,1.0163398692810457,0.7915762100561666,0.2386720204554867,7.408314858431072,0.9021377379274045
B4,3.0,1.0294117647058822,0.8277060869987647,0.2195105814744259,7.408314858431072,0.829710910581582
B4,4.0,1.0359477124183007,0.8288919925077249,0.2200973486069273,7.408314858431072,0.8319287858591061
B4,5.0,1.03921568627451,0.8293045604373925,0.2217897524507366,7.408314858431072,0.838325771028964
B4,6.0,1.0196078431372548,0.8245923419580564,0.2175254911077942,7.408314858431072,0.8222076224730012
B4,7.0,0.9836601307189542,0.8298739078453273,0.2165302360990352,7.408314858431072,0.8184457357610637
B4,8.0,0.9640522875816994,0.8432391043934666,0.2108970511313584,7.408314858431072,0.7971532996624872
B4,9.0,0.9444444444444444,0.8460712542021102,0.2109719682782355,7.408314858431072,0.7974364731374788
B4,10.0,0.9215686274509804,0.841919921818477,0.2121509419505956,7.408314858431072,0.8018927836837637
B4,11.0,0.8954248366013072,0.8250881259372886,0.2203405595356652,7.408314858431072,0.8328480798621153
B4,12.0,0.869281045751634,0.8373796103003088,0.2091592785436906,7.408314858431072,0.7905848287194791
B4,13.0,0.8431372549019608,0.7990723580964082,0.2276730682313029,7.408314858431072,0.8605636570604461
B4,14.0,0.8169934640522876,0.789498339815046,0.224901006212503,7.408314858431072,0.8500857562396374
B4,15.0,0.7941176470588235,0.8057719021086011,0.2107671440124964,7.408314858431072,0.7966622738852419
B4,16.0,0.7712418300653595,0.7904547219950805,0.2113264491380224,7.408314858431072,0.7987763476664513
B4,17.0,0.7516339869281046,0.7623846858776193,0.2190321079374333,7.408314858431072,0.8279023658116634
B4,18.0,0.7320261437908496,0.7628765428066664,0.2136666726057332,7.408314858431072,0.8076219756599471
B4,19.0,0.7091503267973857,0.6534971544255614,0.2321715795181482,7.408314858431072,0.8775672286923895
B4,20.0,0.6111111111111112,0.5583905429953994,0.2456241145918814,7.408314858431072,0.9284154158307313
B4,21.0,0.565359477124183,0.522140835876565,0.2301097745758495,7.408314858431072,0.8697739731480522
B4,22.0,0.5392156862745098,0.5224340890145411,0.2334002415581486,7.408314858431072,0.882211352420541
B4,23.0,0.4901960784313725,0.5393869090975614,0.243301640721741,7.408314858431072,0.9196368781554501
B4,24.0,0.5196078431372549,0.5589148816491107,0.2411311127906167,7.408314858431072,0.91143266907323
B4,25.0,0.4803921568627451,0.5697295402018043,0.246327477012542,7.408314858431072,0.9310740005358298
B4,26.0,0.3823529411764705,0.5125665652665875,0.2464959941553111,7.408314858431072,0.9317109653283075
B4,27.0,0.3627450980392157,0.4936019932758643,0.2440913022090572,7.408314858431072,0.9226216579655689
B4,28.0,0.3431372549019608,0.4861328912124668,0.245526461942126,7.408314858431072,0.9280463062032817
B4,29.0,0.3209150326797386,0.4776327775986486,0.2450391567087265,7.408314858431072,0.9262043791935709
B4,30.0,0.3,0.4787801006530456,0.2465620420767538,7.408314858431072,0.9319606147104657
B4,31.0,0.2803921568627451,0.444573204691022,0.2382042262862982,7.408314858431072,0.9003695592661524
B4,32.0,0.2617647058823529,0.4408011828414519,0.2388878136803688,7.408314858431072,0.9029533978920024
B4,33.0,0.2444444444444444,0.4195454735651223,0.2305870367580779,7.408314858431072,0.8715779392126631
B4,34.0,0.2284313725490196,0.4050848566789017,0.2264076576739999,7.408314858431072,0.8557806304805555
B4,35.0,0.215359477124183,0.3958090136153647,0.2248601970025718,7.408314858431072,0.849931504692834
B4,36.0,0.2029411764705882,0.3870596244758154,0.2239103029418561,7.408314858431072,0.8463410742872535
B4,37.0,0.1918300653594771,0.3813430878073463,0.2236410033019632,7.408314858431072,0.8453231696015931
B4,38.0,0.1830065359477124,0.3919401040391679,0.2260447913475088,7.408314858431072,0.8544090603806084
B4,39.0,0.1748366013071895,0.3790174366666695,0.2228857548379365,7.408314858431072,0.8424684648917159
B4,40.0,0.1676470588235294,0.3815550893061012,0.2203416527899896,7.408314858431072,0.83285221216879
B4,41.0,0.1601307189542483,0.38876937349946,0.2227336480218573,7.408314858431072,0.8418935282120031
B4,42.0,0.1552287581699346,0.3771537261780679,0.2197792261065572,7.408314858431072,0.830726339454538
B4,43.0,0.149673202614379,0.3826363058926778,0.2202995959646385,7.408314858431072,0.8326932448578575
B4,44.0,0.1450980392156863,0.3786894563388524,0.221469278299979,7.408314858431072,0.8371144358046804
B4,45.0,0.1418300653594771,0.3781260963459394,0.2235350708476495,7.408314858431072,0.8449227637872657
B4,46.0,0.1372549019607843,0.3935660412794927,0.2361342059019266,7.408314858431072,0.8925452508136713
B4,47.0,0.1323529411764706,0.3861640853426579,0.2347105201270578,7.408314858431072,0.8871639720948316
B4,48.0,0.1294117647058823,0.3788365180202653,0.2278946310491612,7.408314858431072,0.8614011250591249
B4,49.0,0.1258169934640522,0.3806076213096189,0.2307012416702782,7.408314858431072,0.8720096134447576
B4,50.0,0.1245098039215686,0.3778292729865434,0.2336072154863863,7.408314858431072,0.8829936770142407
B4,51.0,0.1215686274509803,0.3870909085989141,0.2418338975211844,7.408314858431072,0.9140890702126442
B4,52.0,0.1179738562091503,0.3726955907613679,0.2353539972736356,7.408314858431072,0.8895962011274339
B4,53.0,0.1163398692810457,0.3729916851242392,0.2377504454555569,7.408314858431072,0.8986543485289301
B4,54.0,0.1133986928104575,0.4201808579168664,0.251570964638674,7.408314858431072,0.9508934500752502
B4,55.0,0.1117647058823529,0.4089635715719908,0.2499616563418364,7.408314858431072,0.944810551276446
B4,56.0,0.1101307189542483,0.3873879942832364,0.2461682977964536,7.408314858431072,0.9304723314434367
B4,57.0,0.1071895424836601,0.4071729137356774,0.2511366500051668,7.408314858431072,0.9492518180973031
B4,58.0,0.1058823529411764,0.4057344435671651,0.2510193666891696,7.408314858431072,0.9488085080470157
B4,59.0,0.1042483660130719,0.4867739205324757,0.267084040220465,7.408314858431072,1.0095301134216517
B4,60.0,0.1022875816993464,0.4009339806573224,0.2510944258138719,7.408314858431072,0.9490922181729053
B4,61.0,0.1009803921568627,0.4199428549117886,0.2553314546694581,7.408314858431072,0.9651074327758444
B4,62.0,0.0993464052287581,0.4695656307181483,0.2646752297765714,7.408314858431072,1.0004252388711996
B4,63.0,0.0977124183006536,0.4980040701169228,0.268706711532755,7.408314858431072,1.015663522039366
B4,64.0,0.0967320261437908,0.4923742838610533,0.2679679935610981,7.408314858431072,1.0128712996471263
B4,65.0,0.0954248366013071,0.4091774923606328,0.2546324257127475,7.408314858431072,0.9624652277928339
B4,66.0,0.0944444444444444,0.4955874645963493,0.2676640363133885,7.408314858431072,1.0117223953752637
B4,67.0,0.0931372549019607,0.4026331496352159,0.2534978569879887,7.408314858431072,0.9581767600414665
B4,68.0,0.092156862745098,0.4336986574766612,0.2607182428797378,7.408314858431072,0.9854685330063679
B4,69.0,0.0911764705882352,0.4092938420387192,0.255346062870033,7.408314858431072,0.965162649172792
B4,70.0,0.0915032679738562,0.4622872392296709,0.2664671441046909,7.408314858431072,1.007198355952307
B4,71.0,0.0888888888888888,0.417666707921873,0.2568388523825293,7.408314858431072,0.9708051277148312
B4,72.0,0.088235294117647,0.4184194315423472,0.2573211667770028,7.408314858431072,0.9726281902421008
B4,73.0,0.088235294117647,0.4377105189372207,0.2600233783835978,7.408314858431072,0.982842068942765
B4,74.0,0.0859477124183006,0.4666931241235875,0.2652684519204873,7.408314858431072,1.002667512942452
B4,75.0,0.0849673202614379,0.4324688661342402,0.2607292178521321,7.408314858431072,0.9855100164477478
B4,76.0,0.0839869281045751,0.474368019153252,0.2663018031264118,7.408314858431072,1.006573396496034
B4,77.0,0.0836601307189542,0.4505296759435317,0.2618066056239947,7.408314858431072,0.9895823503791566
B4,78.0,0.0833333333333333,0.4304267648829911,0.2595553826344492,7.408314858431072,0.9810731283451584
B4,79.0,0.0820261437908496,0.5072434212550309,0.2704492153079819,7.408314858431072,1.0222498760288834
B4,80.0,0.0810457516339869,0.4449506375346274,0.2627227183804728,7.408314858431072,0.9930450934700239
B4,81.0,0.0803921568627451,0.4558547247804173,0.2627203631769964,7.408314858431072,0.9930361912202651
B4,82.0,0.0800653594771241,0.4391542374466397,0.2620746535978367,7.408314858431072,0.9905955239900238
B4,83.0,0.0794117647058823,0.4587200169893078,0.2625690236622645,7.408314858431072,0.9924641548030146
B4,84.0,0.0790849673202614,0.479179232215135,0.2672201835919933,7.408314858431072,1.0100447111235102
B4,85.0,0.0774509803921568,0.443531569299007,0.2613835191994286,7.408314858431072,0.9879831590316437
B4,86.0,0.0771241830065359,0.4462287545511335,0.2612401628603971,7.408314858431072,0.9874412975970078
B4,87.0,0.0764705882352941,0.4571448422547387,0.2630384173161019,7.408314858431072,0.9942383792314259
B4,88.0,0.0764705882352941,0.4906202696299688,0.2703965351239332,7.408314858431072,1.0220507543137338
B4,89.0,0.0748366013071895,0.5186540132499541,0.2726878257772894,7.408314858431072,1.0307114249822442
B4,90.0,0.0738562091503268,0.4518868532700434,0.2629037955965823,7.408314858431072,0.9937295331032053
B4,91.0,0.0738562091503268,0.4553228469923254,0.2624992377176496,7.408314858431072,0.992200376358881
B4,92.0,0.0738562091503268,0.5059098944559705,0.2722313864429569,7.408314858431072,1.0289861655748367
B4,93.0,0.0725490196078431,0.5110744441638405,0.2719633693598658,7.408314858431072,1.0279731087255073
B4,94.0,0.0722222222222222,0.4578427965017428,0.2634164133564166,7.408314858431072,0.995667136955537
B4,95.0,0.0718954248366013,0.5255260776490253,0.2743796887355929,7.408314858431072,1.0371063657012036
B4,96.0,0.0709150326797385,0.4654923486240252,0.2631893156856063,7.408314858431072,0.9948087481982691
B4,97.0,0.0709150326797385,0.5051706885332334,0.2716454588520461,7.408314858431072,1.026771463615031
B4,98.0,0.0705882352941176,0.4603005765878412,0.2623738070828676,7.408314858431072,0.9917262708943483
B4,99.0,0.0699346405228758,0.473291699663288,0.2644952683458892,7.408314858431072,0.99974501670825
B4,100.0,0.0699346405228758,0.4725800227458775,0.2639785366572958,7.408314858431072,0.9977918629377602
B4,101.0,0.0692810457516339,0.5125260845149975,0.2730205950791003,7.408314858431072,1.0319692336881598
B4,102.0,0.0686274509803921,0.4777403925494705,0.2665285566617027,7.408314858431072,1.0074304844823174
B4,103.0,0.0679738562091503,0.4683541730831155,0.263164156983316,7.408314858431072,0.9947136527835239
B4,104.0,0.0683006535947712,0.4858542765617032,0.2657238033331892,7.408314858431072,1.0043886601998178
B4,105.0,0.0679738562091503,0.4825696192380537,0.2647426106470859,7.408314858431072,1.000679926563496
B4,106.0,0.0669934640522875,0.5031866440404202,0.2716823851879167,7.408314858431072,1.0269110385892934
B4,107.0,0.0666666666666666,0.535760265224547,0.2763307200187381,7.408314858431072,1.0444809165389735
B4,108.0,0.0660130718954248,0.5139946395093307,0.2734421353727687,7.408314858431072,1.033562580936193
B4,109.0,0.0656862745098039,0.5121904898987575,0.2731087940652584,7.408314858431072,1.0323026101505886
B4,110.0,0.0660130718954248,0.4776611956381656,0.26377634627438,7.408314858431072,0.9970276192935901
B4,111.0,0.065359477124183,0.503697728948991,0.2716117511045048,7.408314858431072,1.0266440543315318
B4,112.0,0.0650326797385621,0.4733138133231593,0.2632327687313175,7.408314858431072,0.9949729929735435
B4,113.0,0.065359477124183,0.4733934983800344,0.2631610123541952,7.408314858431072,0.994701766645399
B4,114.0,0.0640522875816993,0.5354647038024203,0.2757593410079434,7.408314858431072,1.042321205621398
B4,115.0,0.0633986928104575,0.5296203083068771,0.2752418544624507,7.408314858431072,1.040365198626243
B4,116.0,0.0630718954248366,0.4800884430184684,0.2638818325160321,7.408314858431072,0.997426338503512
B4,117.0,0.0630718954248366,0.5170414284295746,0.2733252854432522,7.408314858431072,1.0331209090096312
B4,118.0,0.0627450980392156,0.5369673668707694,0.2759198084315849,7.408314858431072,1.0429277439089555
B4,119.0,0.061437908496732,0.5204733100248408,0.2737996676467838,7.408314858431072,1.034913989267595
B4,120.0,0.061437908496732,0.5107075971320563,0.2723344382680481,7.408314858431072,1.0293756831236454
B4,121.0,0.061437908496732,0.509109451332478,0.2721143454974044,7.408314858431072,1.0285437716416719
B4,122.0,0.0607843137254901,0.4833468092710246,0.2638909027767266,7.408314858431072,0.9974606224738314
B4,123.0,0.0617647058823529,0.4915482731809476,0.2646288011306939,7.408314858431072,1.0002497468571505
B4,124.0,0.061437908496732,0.5119103253560827,0.2723513613882191,7.408314858431072,1.0294396495044578
B4,125.0,0.0607843137254901,0.47919123314884,0.2638347615883964,7.408314858431072,0.9972484187787855
B4,126.0,0.0604575163398692,0.4937701325911829,0.265310180139169,7.408314858431072,1.002825238178688
B4,127.0,0.0607843137254901,0.4844726984992527,0.2651143928491896,7.408314858431072,1.0020851970856437
B4,128.0,0.0604575163398692,0.4860913615142727,0.2636724610742131,7.408314858431072,0.996634951735391
B4,129.0,0.0598039215686274,0.5256458532876179,0.2740189523338832,7.408314858431072,1.0357428463376628
B4,130.0,0.0588235294117647,0.5374626221057686,0.2757569804917167,7.408314858431072,1.0423122832903888
B4,131.0,0.0584967320261437,0.5141124850137504,0.2725592901629538,7.408314858431072,1.0302255832478906
B4,132.0,0.0581699346405228,0.5085061552172172,0.2716544431932,7.408314858431072,1.0268054228247863
B4,133.0,0.0578431372549019,0.54208378231578,0.2764072657928959,7.408314858431072,1.0447702459350827
B4,134.0,0.0578431372549019,0.5170783966834047,0.2728964318613076,7.408314858431072,1.0314999188341625
B4,135.0,0.0571895424836601,0.5133245427665597,0.2723181234102555,7.408314858431072,1.0293140158663125
B5,1.0,1.0,1.001796913161894,0.0153654663897246,7.369397461689442,0.05777362742544662
B5,2.0,0.995049504950495,0.9824188137624768,0.0162076297743379,7.369397461689442,0.06094013291118568
B5,3.0,0.995049504950495,1.0129599838630194,0.0114415379163274,7.369397461689442,0.04301979074283522
B5,4.0,0.99009900990099,1.011598685829397,0.0119889292821916,7.369397461689442,0.045077963532728096
B5,5.0,0.9876237623762376,0.9895610233801772,0.0133102143330481,7.369397461689442,0.050045950075723225
B5,6.0,0.9851485148514852,0.989989729744578,0.0155341764372296,7.369397461689442,0.0584079714264853
B5,7.0,0.9826732673267328,0.9842361988888138,0.0154684842008167,7.369397461689442,0.05816097086724414
B5,8.0,0.9801980198019802,0.998620002802454,0.0111589991088449,7.369397461689442,0.04195745450241756
B5,9.0,0.9777227722772276,0.9822418076015064,0.0125129132694415,7.369397461689442,0.04704812538063138
B5,10.0,0.9752475247524752,0.986819543973264,0.0123064107242086,7.369397461689442,0.0462716828823633
B5,11.0,0.9752475247524752,0.9898437976381692,0.0109264386071348,7.369397461689442,0.04108303498016607
B5,12.0,0.9727722772277227,0.990864681232816,0.0125819317205835,7.369397461689442,0.04730763239334568
B5,13.0,0.9702970297029704,0.9602595073221132,0.0152150468083423,7.369397461689442,0.057208054950660954
B5,14.0,0.9702970297029704,0.9698718239365354,0.013842894837741,7.369397461689442,0.052048810531394554
B5,15.0,0.9678217821782178,0.97876214610414,0.0116905740137124,7.369397461689442,0.04395615794060735
B5,16.0,0.9653465346534652,0.9739065403471708,0.0134728850366132,7.369397461689442,0.050657586350368954
B5,17.0,0.9628712871287128,0.9869219578647512,0.0116662927524152,7.369397461689442,0.043864861229656715
B5,18.0,0.9628712871287128,0.9484864456606548,0.0156096474902361,7.369397461689442,0.058691740001236774
B5,19.0,0.9603960396039604,0.9726834209095796,0.0116937543089845,7.369397461689442,0.043968115741919264
B5,20.0,0.9603960396039604,0.9731469875108404,0.0121551794222633,7.369397461689442,0.04570305836605862
B5,21.0,0.957920792079208,0.9864793073273094,0.0107486941425638,7.369397461689442,0.04041472188034845
B5,22.0,0.957920792079208,0.9662245195076112,0.0120591679910093,7.369397461689442,0.045342058672514535
B5,23.0,0.957920792079208,0.965785430595337,0.0151317094487307,7.369397461689442,0.05689470933246085
B5,24.0,0.9554455445544554,0.9640639588994462,0.0122830138000487,7.369397461689442,0.04618371124876424
B5,25.0,0.9529702970297028,0.970623228554208,0.0129829263349228,7.369397461689442,0.04881535841095239
B5,26.0,0.9554455445544554,0.9468600083406906,0.0144740894092127,7.369397461689442,0.05442208050447893
B5,27.0,0.9529702970297028,0.9734847474250292,0.0112396977822281,7.369397461689442,0.04226087875076232
B5,28.0,0.9504950495049505,0.9530912983122162,0.0148559278955233,7.369397461689442,0.05585778013671121
B5,29.0,0.9504950495049505,0.9472749293573884,0.0159075730000671,7.369397461689442,0.059811929715557634
B5,30.0,0.948019801980198,0.9609714892187886,0.0133346667210964,7.369397461689442,0.050137890217397646
B5,31.0,0.948019801980198,0.9475697832328716,0.0150308841705428,7.369397461689442,0.05651560973929848
B5,32.0,0.948019801980198,0.9680654042501504,0.0130910316158778,7.369397461689442,0.04922183056521086
B5,33.0,0.948019801980198,0.9503076338108288,0.0133986539814499,7.369397461689442,0.05037848012504342
B5,34.0,0.9455445544554456,0.944868378150676,0.0156973675305692,7.369397461689442,0.05902156434886209
B5,35.0,0.9455445544554456,0.9318645080084308,0.0165645490710061,7.369397461689442,0.06228213724373562
B5,36.0,0.9455445544554456,0.9402140024242992,0.0153807756878916,7.369397461689442,0.05783118986227815
B5,37.0,0.943069306930693,0.9554012472814016,0.0134274522216285,7.369397461689442,0.05048676052190138
B5,38.0,0.943069306930693,0.9592583128687748,0.0118919497332803,7.369397461689442,0.044713323749946354
B5,39.0,0.943069306930693,0.9615056590153775,0.0125444655957715,7.369397461689442,0.04716676104710322
B5,40.0,0.9405940594059404,0.9305924797477352,0.0165591469214096,7.369397461689442,0.06226182534625275
B5,41.0,0.9405940594059404,0.9628741629459094,0.011924196236306,7.369397461689442,0.04483456949702151
B5,42.0,0.9405940594059404,0.9390200861950916,0.0150364880213332,7.369397461689442,0.05653668002636304
B5,43.0,0.9405940594059404,0.9276571551428224,0.0156240056129519,7.369397461689442,0.058745726050945364
B5,44.0,0.9405940594059404,0.9276596325434712,0.0163915796026013,7.369397461689442,0.0616317779659802
B5,45.0,0.9405940594059404,0.941119160616399,0.0146011522081032,7.369397461689442,0.05489983227696292
B5,46.0,0.938118811881188,0.951355674680718,0.0115773120079854,7.369397461689442,0.0435302966778014
B5,47.0,0.938118811881188,0.9536476781360684,0.0128682840836708,7.369397461689442,0.04838430747223981
B5,48.0,0.938118811881188,0.921551681869668,0.0161366271354052,7.369397461689442,0.06067316542032809
B5,49.0,0.938118811881188,0.9314969369520524,0.0157136659582458,7.369397461689442,0.059082845878776345
B5,50.0,0.938118811881188,0.9476119230084756,0.0133188747913196,7.369397461689442,0.0500785131022413
B5,51.0,0.9356435643564356,0.9338100360706518,0.0134968868654536,7.369397461689442,0.050747832404851353
B5,52.0,0.938118811881188,0.9334364615137244,0.0152941712396027,7.369397461689442,0.057505560102534874
B5,53.0,0.9356435643564356,0.9145487259752364,0.017537713161816,7.369397461689442,0.06594120089857353
B5,54.0,0.9356435643564356,0.9408894830962776,0.0139651993006381,7.369397461689442,0.05250867112349554
B6,1.0,1.0,1.0367293572126215,0.0110514411017478,7.369397461689442,0.04155304007912307
B6,2.0,0.9950738916256158,1.0315325883180757,0.0099770141556107,7.369397461689442,0.037513231556064126
B6,3.0,0.9926108374384236,1.0216269934866482,0.0084867583164578,7.369397461689442,0.03190992063558388
B6,4.0,0.9901477832512317,1.0104706243307855,0.0072843544416415,7.369397461689442,0.027388923243340364
B6,5.0,0.9876847290640394,1.0078630525006913,0.0085688403993527,7.369397461689442,0.03221854645631691
B6,6.0,0.9852216748768472,1.0068166469345003,0.0084530164085583,7.369397461689442,0.03178305221739431
B6,7.0,0.9827586206896552,0.99327305245593,0.0072002877138991,7.369397461689442,0.02707283522594613
B6,8.0,0.9802955665024632,0.9938496818199049,0.0081395174531223,7.369397461689442,0.030604306880920938
B6,9.0,0.9778325123152708,0.994238440304774,0.0068993824221876,7.369397461689442,0.02594144163379906
B6,10.0,0.9753694581280788,0.9884549513000752,0.0067946142544257,7.369397461689442,0.025547516910865143
B6,11.0,0.9729064039408868,0.987068031173251,0.0072025150817246,7.369397461689442,0.027081210052692414
B6,12.0,0.9704433497536946,0.9787221216735762,0.0071571876574535,7.369397461689442,0.02691078048969881
B6,13.0,0.9704433497536946,0.9854341310629944,0.0069356617472635,7.369397461689442,0.026077850653676477
B6,14.0,0.9679802955665024,0.976383728352139,0.0073670353866136,7.369397461689442,0.027699800764975267
B6,15.0,0.9655172413793104,0.9826065124490572,0.0075905090827502,7.369397461689442,0.028540054209453682
B6,16.0,0.9630541871921182,0.9778275971115636,0.0068822789036056,7.369397461689442,0.025877132989651337
B6,17.0,0.9630541871921182,0.9729646034231598,0.0068448868200986,7.369397461689442,0.025736540036180082
B6,18.0,0.9630541871921182,0.9721020665610578,0.0070406689196927,7.369397461689442,0.02647267402597458
B6,19.0,0.9605911330049262,0.970374413953764,0.0066754288640933,7.369397461689442,0.025099383924792863
B6,20.0,0.958128078817734,0.9738078400707116,0.0074223816010953,7.369397461689442,0.027907900636061047
B6,21.0,0.958128078817734,0.9736051415164516,0.0071710888806815,7.369397461689442,0.02696304861298009
B6,22.0,0.955665024630542,0.9629238134227966,0.0065851184042685,7.369397461689442,0.024759819688589275
B6,23.0,0.955665024630542,0.971482040472596,0.0075464643718388,7.369397461689442,0.02837444760476524
B6,24.0,0.9532019704433498,0.9674435543501398,0.0074106263092561,7.369397461689442,0.02786370114131291
B6,25.0,0.9532019704433498,0.9673311194766552,0.0075079997678547,7.369397461689442,0.02822982201102922
B6,26.0,0.9507389162561576,0.9635078575474284,0.0063273427623478,7.369397461689442,0.023790592102654034
B6,27.0,0.9507389162561576,0.9657196969785716,0.007458343226667,7.369397461689442,0.02804311511668249
B6,28.0,0.9482758620689656,0.9592979576492868,0.0063883306978988,7.369397461689442,0.024019904651756147
B6,29.0,0.9482758620689656,0.9655240219683502,0.0077327305755245,7.369397461689442,0.029074802151821903
B6,30.0,0.9482758620689656,0.965938832395756,0.0078057370242928,7.369397461689442,0.02934930389903963
B6,31.0,0.9458128078817734,0.9682252315985612,0.0073091296361786,7.369397461689442,0.027482077126357977
B6,32.0,0.9482758620689656,0.9613859422168464,0.0065960046253341,7.369397461689442,0.024800751506990546
B6,33.0,0.9458128078817734,0.960427840908045,0.0067429743573126,7.369397461689442,0.025353352666160164
B6,34.0,0.9433497536945812,0.9626438087437956,0.0068511401005568,7.369397461689442,0.02576005215655545
B6,35.0,0.9458128078817734,0.9572286708758552,0.0068570991639073,7.369397461689442,0.025782458030681518
B6,36.0,0.9433497536945812,0.9527660524449764,0.0067724433450544,7.369397461689442,0.025464155050885586
B6,37.0,0.9433497536945812,0.9609029438804304,0.0075413331112598,7.369397461689442,0.028355154240711392
B6,38.0,0.9433497536945812,0.9524213026019838,0.0070355882820835,7.369397461689442,0.02645357100255357
B6,39.0,0.9408866995073892,0.9578549059909848,0.0072946138060148,7.369397461689442,0.027427498102045686
B6,40.0,0.9408866995073892,0.9531605410948116,0.0069137233021432,7.369397461689442,0.025995362851319797
B6,41.0,0.9408866995073892,0.9549915886808946,0.0068375127275357,7.369397461689442,0.025708813700673946
B6,42.0,0.9408866995073892,0.9520718191994724,0.0070292297686467,7.369397461689442,0.026429663209782434
B6,43.0,0.9384236453201972,0.9528950963310472,0.007659395382041,7.369397461689442,0.028799064335733086
B6,44.0,0.9384236453201972,0.946379371213504,0.0068709570703411,7.369397461689442,0.02583456328430001
B6,45.0,0.9384236453201972,0.9480234118846969,0.0063696985753629,7.369397461689442,0.023949848509089745
B6,46.0,0.9384236453201972,0.9489638267288674,0.0063254314100651,7.369397461689442,0.023783405483526525
B6,47.0,0.9359605911330048,0.9436560237055498,0.0068110092509457,7.369397461689442,0.02560916153632353
B6,48.0,0.9359605911330048,0.9434995171919156,0.0076063635750931,7.369397461689442,0.02859966655771607
B6,49.0,0.9359605911330048,0.9424180048702968,0.0073181687512135,7.369397461689442,0.027516063889339103
B6,50.0,0.9359605911330048,0.9472384626896794,0.006942587538971,7.369397461689442,0.02610389139331865
B6,51.0,0.9359605911330048,0.945428666678389,0.0074347191530616,7.369397461689442,0.027954289408947224
B6,52.0,0.9359605911330048,0.9385113457432454,0.0064971130595814,7.369397461689442,0.02442892260636334
B6,53.0,0.9334975369458128,0.9444254500306176,0.0074570011052138,7.369397461689442,0.02803806878598024
B6,54.0,0.9334975369458128,0.942227429040594,0.0069305551719908,7.369397461689442,0.026058650105528956
