channel,cycle,y_true,y_pred,y_std
A1,1.0,1.0,0.9928732,0.0021021795
A1,2.0,0.995049504950495,0.9894721,0.0010963833
A1,3.0,0.9876237623762376,0.98660296,0.0010596097
A1,4.0,0.9826732673267327,0.98344123,0.0008518485
A1,5.0,0.9777227722772277,0.98355246,0.0019178813
A1,6.0,0.9727722772277227,0.98172474,0.0032433982
A1,7.0,0.9702970297029703,0.9745948,0.0040301983
A1,8.0,0.9678217821782178,0.97138536,0.002880213
A1,9.0,0.9653465346534653,0.9680809,0.0022311662
A1,10.0,0.9603960396039604,0.9640273,0.0022496057
A1,11.0,0.9579207920792079,0.9595583,0.002626009
A1,12.0,0.9554455445544554,0.95983773,0.0025898134
A1,13.0,0.9529702970297029,0.95679873,0.0024340884
A1,14.0,0.9529702970297029,0.95475215,0.0028780368
A1,15.0,0.9504950495049505,0.95497274,0.0034528691
A1,16.0,0.948019801980198,0.9547397,0.0027321246
A1,17.0,0.9455445544554455,0.9561823,0.00391465
A1,18.0,0.9405940594059405,0.950264,0.0028617878
A1,19.0,0.9405940594059405,0.9512135,0.0044122823
A1,20.0,0.9405940594059405,0.9461004,0.0012554486
A1,21.0,0.9381188118811881,0.94582224,0.0020990125
A1,22.0,0.9381188118811881,0.94314116,0.0031198333
A1,23.0,0.9381188118811881,0.9452901,0.0022888214
A1,24.0,0.9356435643564357,0.9473065,0.0015380511
A1,25.0,0.9356435643564357,0.9452022,0.0018297451
A1,26.0,0.9331683168316832,0.9388157,0.0030798162
A1,27.0,0.9331683168316832,0.94117177,0.0018985098
A1,28.0,0.9306930693069307,0.9344287,0.0020899733
A1,29.0,0.9306930693069307,0.9341744,0.0019055937
A1,30.0,0.9306930693069307,0.93450165,0.0027780316
A1,31.0,0.9282178217821783,0.9352024,0.002255358
A1,32.0,0.9282178217821783,0.93110657,0.0025664116
A1,33.0,0.9257425742574258,0.9310435,0.0026935532
A1,34.0,0.9257425742574258,0.92632425,0.0019331754
A1,35.0,0.9232673267326733,0.9309189,0.0015019497
A1,36.0,0.9232673267326733,0.9237671,0.0012571443
A1,37.0,0.9232673267326733,0.9307822,0.0017799541
A1,38.0,0.9207920792079208,0.9251434,0.0021983304
A1,39.0,0.9207920792079208,0.9243336,0.0016620826
A1,40.0,0.9207920792079208,0.9226057,0.0018448192
A1,41.0,0.9183168316831684,0.9285153,0.00087171956
A1,42.0,0.9183168316831684,0.92058694,0.0011120707
A1,43.0,0.9158415841584159,0.9195609,0.0014105424
A1,44.0,0.9158415841584159,0.9225383,0.0015680688
A1,45.0,0.9158415841584159,0.921868,0.0015804238
A1,46.0,0.9158415841584159,0.9231399,0.0024975636
A1,47.0,0.9133663366336634,0.9180501,0.0019218888
A1,48.0,0.9108910891089109,0.9163033,0.0015352188
A1,49.0,0.9108910891089109,0.91604024,0.0012422912
A1,50.0,0.9108910891089109,0.9169158,0.001920202
A1,51.0,0.9108910891089109,0.91603756,0.001408623
A1,52.0,0.9108910891089109,0.91447604,0.0014604125
A1,53.0,0.9084158415841584,0.9133679,0.0015686381
A1,54.0,0.9084158415841584,0.912824,0.0015522528
A1,55.0,0.905940594059406,0.9099697,0.001428674
A1,56.0,0.9034653465346535,0.9147482,0.0020452633
A1,57.0,0.9034653465346535,0.9136527,0.0026818553
A1,58.0,0.9034653465346535,0.9080946,0.0022471722
A1,59.0,0.9034653465346535,0.9111048,0.0018329291
A1,60.0,0.9034653465346535,0.90586174,0.0018241756
A1,61.0,0.9034653465346535,0.90933675,0.0016419867
A1,62.0,0.900990099009901,0.9060547,0.0015813271
A1,63.0,0.900990099009901,0.9045517,0.0013369716
A1,64.0,0.900990099009901,0.90537864,0.0017758447
A1,65.0,0.8985148514851485,0.90340775,0.0015443659
A1,66.0,0.8985148514851485,0.9026173,0.0024308092
A1,67.0,0.8960396039603961,0.9026869,0.002771571
A1,68.0,0.8960396039603961,0.9042524,0.0011488406
A1,69.0,0.8960396039603961,0.8971651,0.0024835384
A1,70.0,0.8960396039603961,0.90088165,0.0023998092
A1,71.0,0.8935643564356436,0.9000614,0.0018792334
A1,72.0,0.8960396039603961,0.89877844,0.0023069808
A1,73.0,0.8935643564356436,0.8964375,0.001698247
A1,74.0,0.8935643564356436,0.89626426,0.0018805047
A1,75.0,0.8910891089108911,0.8941058,0.0020519053
A1,76.0,0.8910891089108911,0.89261305,0.0023400509
A1,77.0,0.8886138613861386,0.8927344,0.0026226994
A1,78.0,0.8886138613861386,0.88968325,0.0030105961
A1,79.0,0.8886138613861386,0.88934356,0.0020618287
A1,80.0,0.8861386138613861,0.8889987,0.001812658
A1,81.0,0.8861386138613861,0.8878646,0.0017058727
A1,82.0,0.8861386138613861,0.887965,0.0016351568
A1,83.0,0.8861386138613861,0.89088887,0.0017996483
A1,84.0,0.8836633663366337,0.88679475,0.0019329822
A1,85.0,0.8836633663366337,0.8896971,0.0018590069
A1,86.0,0.8836633663366337,0.8859795,0.002559113
A1,87.0,0.8836633663366337,0.8831248,0.0015070717
A1,88.0,0.8811881188118812,0.8827831,0.0015230306
A1,89.0,0.8811881188118812,0.8838776,0.0015395306
A1,90.0,0.8811881188118812,0.88235366,0.0017229398
A1,91.0,0.8787128712871287,0.88303167,0.0023634853
A1,92.0,0.8787128712871287,0.8807982,0.0012875486
A1,93.0,0.8787128712871287,0.87990105,0.0013518034
A1,94.0,0.8762376237623762,0.88080263,0.002087346
A1,95.0,0.8762376237623762,0.8802665,0.002402576
A1,96.0,0.8737623762376238,0.8789705,0.0013328556
A1,97.0,0.8737623762376238,0.8785753,0.0017925147
A1,98.0,0.8737623762376238,0.87585175,0.0019569253
A1,99.0,0.8737623762376238,0.8755358,0.0012243439
A1,100.0,0.8737623762376238,0.87525356,0.0016347043
A1,101.0,0.8737623762376238,0.8752192,0.0017763383
A1,102.0,0.8712871287128713,0.8748599,0.0016940689
A1,103.0,0.8712871287128713,0.8750644,0.0016691709
A1,104.0,0.8712871287128713,0.87478,0.0015594364
A1,105.0,0.8688118811881188,0.8746363,0.0014907101
A1,106.0,0.8712871287128713,0.8693644,0.0022851438
A1,107.0,0.8663366336633663,0.87504053,0.0016373527
A1,108.0,0.8688118811881188,0.872204,0.0026513734
A1,109.0,0.8663366336633663,0.8715212,0.0011977053
A1,110.0,0.8663366336633663,0.8710208,0.0019144359
A1,111.0,0.8663366336633663,0.86794204,0.0023437692
A1,112.0,0.8638613861386139,0.8730922,0.0017395539
A1,113.0,0.8638613861386139,0.86553776,0.0017217501
A1,114.0,0.8638613861386139,0.8652779,0.0013918371
A1,115.0,0.8638613861386139,0.8637099,0.0012726607
A1,116.0,0.8613861386138614,0.8638736,0.0014795843
A1,117.0,0.8613861386138614,0.86351216,0.0009098054
A1,118.0,0.8613861386138614,0.86388147,0.0010265275
A1,119.0,0.8589108910891089,0.86289704,0.0012328264
A1,120.0,0.8589108910891089,0.86356926,0.0012481081
A1,121.0,0.8589108910891089,0.86263,0.0012161724
A1,122.0,0.8589108910891089,0.8625325,0.0010685887
A1,123.0,0.8564356435643564,0.86230135,0.0009210547
A1,124.0,0.8564356435643564,0.86209744,0.00089471316
A1,125.0,0.8589108910891089,0.8573492,0.0021025492
A1,126.0,0.8514851485148515,0.8580929,0.0020090276
A1,127.0,0.8539603960396039,0.85093975,0.001557182
A1,128.0,0.8539603960396039,0.8614758,0.0014538327
A1,129.0,0.8514851485148515,0.8554891,0.0025462504
A1,130.0,0.8514851485148515,0.85896605,0.0012178491
A1,131.0,0.849009900990099,0.85607946,0.0018919107
A1,132.0,0.8514851485148515,0.8588036,0.0013550242
A1,133.0,0.8514851485148515,0.85572976,0.0018736797
A1,134.0,0.8514851485148515,0.85316837,0.0021033764
A1,135.0,0.8465346534653465,0.8548228,0.0014802951
A1,136.0,0.8465346534653465,0.85109293,0.0017929188
A1,137.0,0.8465346534653465,0.8511836,0.0012704792
A1,138.0,0.8465346534653465,0.8526934,0.0031009251
A1,139.0,0.844059405940594,0.8562525,0.0017370416
A1,140.0,0.844059405940594,0.85718644,0.0016136914
A1,141.0,0.8415841584158416,0.85409766,0.002141609
A1,142.0,0.8415841584158416,0.85407305,0.0019493382
A1,143.0,0.8415841584158416,0.84989893,0.0024753052
A1,144.0,0.8391089108910891,0.8532376,0.0015836924
A1,145.0,0.8391089108910891,0.84669113,0.0017442364
A1,146.0,0.8366336633663366,0.8459579,0.002192841
A1,147.0,0.8366336633663366,0.8447442,0.0020296413
A1,148.0,0.8341584158415841,0.8478441,0.0026253087
A1,149.0,0.8366336633663366,0.8441723,0.0018776644
A1,150.0,0.8366336633663366,0.8408249,0.0023553127
A1,151.0,0.8366336633663366,0.8426973,0.0021424731
A1,152.0,0.8341584158415841,0.842401,0.0031269004
A1,153.0,0.8341584158415841,0.8398984,0.0027363626
A1,154.0,0.8316831683168316,0.83906233,0.0020541407
A1,155.0,0.8292079207920792,0.8336543,0.0021919045
A1,156.0,0.8292079207920792,0.8333381,0.0021273398
A1,157.0,0.8292079207920792,0.8368624,0.0016765764
A1,158.0,0.8267326732673267,0.8363261,0.0016864663
A1,159.0,0.8267326732673267,0.83400166,0.0053657494
A1,160.0,0.8242574257425742,0.8370177,0.002045783
A1,161.0,0.8242574257425742,0.83336353,0.0031738891
A1,162.0,0.8242574257425742,0.8156897,0.0044636233
A1,163.0,0.8217821782178217,0.8184649,0.0040865545
A1,164.0,0.8168316831683168,0.83463687,0.0015289501
A1,165.0,0.8168316831683168,0.8290845,0.002963277
A1,166.0,0.8168316831683168,0.8285545,0.0029095642
A1,167.0,0.8143564356435643,0.82856977,0.0024922984
A1,168.0,0.8118811881188119,0.8259777,0.0038134104
A1,169.0,0.8118811881188119,0.8101567,0.0021216215
A1,170.0,0.8094059405940595,0.809655,0.0024153865
A1,171.0,0.806930693069307,0.80899477,0.0025959432
A1,172.0,0.8044554455445545,0.82750976,0.0031095496
A1,173.0,0.8044554455445545,0.8081295,0.0027578522
A1,174.0,0.801980198019802,0.80680263,0.0027305842
A1,175.0,0.801980198019802,0.8059956,0.0022119721
A1,176.0,0.7995049504950495,0.8057583,0.002555898
A1,177.0,0.7995049504950495,0.8047821,0.0024785467
A1,178.0,0.7970297029702971,0.8051629,0.0022698548
A1,179.0,0.7945544554455446,0.80483913,0.00244053
A1,180.0,0.7945544554455446,0.8014901,0.0018226976
A1,181.0,0.7920792079207921,0.799538,0.0019276632
A1,182.0,0.7896039603960396,0.79714954,0.0049083484
A1,183.0,0.7871287128712872,0.7966129,0.0044045076
A1,184.0,0.7846534653465347,0.7933248,0.005743173
A1,185.0,0.7846534653465347,0.7899377,0.0053101946
A1,186.0,0.7846534653465347,0.79261124,0.0044794623
A1,187.0,0.7772277227722773,0.7927407,0.004138086
A1,188.0,0.7772277227722773,0.7956439,0.0055485344
A1,189.0,0.7772277227722773,0.7930037,0.003900601
A1,190.0,0.7722772277227723,0.7915157,0.003953313
A1,191.0,0.7722772277227723,0.794562,0.006077483
A1,192.0,0.7698019801980198,0.7936307,0.0060761096
A1,193.0,0.7673267326732673,0.79021996,0.0036233617
A1,194.0,0.7623762376237624,0.7773781,0.0040914216
A1,195.0,0.7623762376237624,0.7781898,0.0051043057
A1,196.0,0.7599009900990099,0.76749134,0.0052315197
A1,197.0,0.7574257425742574,0.7759042,0.0056403247
A1,198.0,0.754950495049505,0.77808833,0.0056719696
A1,199.0,0.754950495049505,0.7855909,0.0037061265
A1,200.0,0.75,0.7767846,0.0037324096
A1,201.0,0.7475247524752475,0.77479714,0.0058033
A1,202.0,0.7475247524752475,0.74474466,0.0064048637
A1,203.0,0.7425742574257426,0.7700089,0.0050864723
A1,204.0,0.7400990099009901,0.7483963,0.005490857
A1,205.0,0.7376237623762376,0.7393168,0.010371626
A1,206.0,0.7351485148514851,0.7514826,0.005427693
A1,207.0,0.7277227722772277,0.7363844,0.0041585146
A1,208.0,0.7301980198019802,0.73721105,0.0069696773
A1,209.0,0.7227722772277227,0.7330109,0.0042057103
A1,210.0,0.7277227722772277,0.72874624,0.005990337
A1,211.0,0.7227722772277227,0.73930466,0.008071246
A1,212.0,0.7178217821782178,0.71389186,0.0069521125
A1,213.0,0.7128712871287128,0.7179553,0.005887774
A1,214.0,0.7153465346534653,0.73863155,0.0061904243
A1,215.0,0.7079207920792079,0.7249014,0.004174088
A1,216.0,0.7079207920792079,0.73795027,0.007113737
A1,217.0,0.7029702970297029,0.7178341,0.004481941
A1,218.0,0.7103960396039604,0.7164867,0.009397579
A1,219.0,0.7029702970297029,0.731374,0.0057618744
A1,220.0,0.7029702970297029,0.71751636,0.008933624
A1,221.0,0.7004950495049505,0.7338934,0.007381324
A1,222.0,0.698019801980198,0.71471894,0.008167556
A1,223.0,0.6955445544554455,0.7148376,0.009886249
A1,224.0,0.693069306930693,0.7125724,0.011284127
A1,225.0,0.6905940594059405,0.71594447,0.0063775326
A1,226.0,0.6905940594059405,0.7012911,0.009872445
A1,227.0,0.6856435643564357,0.7163007,0.0058983965
A1,228.0,0.6856435643564357,0.70118254,0.009525182
A1,229.0,0.6806930693069307,0.71352726,0.0077047143
A1,230.0,0.6806930693069307,0.6984382,0.009776462
A1,231.0,0.6757425742574258,0.711174,0.0070590093
A1,232.0,0.6757425742574258,0.69739187,0.009391996
A1,233.0,0.6707920792079208,0.69925606,0.007944518
A1,234.0,0.6683168316831684,0.7105156,0.0046800305
A1,235.0,0.6707920792079208,0.69427866,0.0066880547
A1,236.0,0.6633663366336634,0.70596087,0.0048664804
A1,237.0,0.6658415841584159,0.69065964,0.0065155854
A1,238.0,0.6584158415841584,0.6919358,0.006194401
A1,239.0,0.655940594059406,0.6901279,0.0049969754
A1,240.0,0.650990099009901,0.69970334,0.0035311894
A1,241.0,0.650990099009901,0.68620384,0.009487495
A1,242.0,0.6460396039603961,0.6833446,0.006805717
A1,243.0,0.6410891089108911,0.6931358,0.006342526
A1,244.0,0.6410891089108911,0.6780683,0.005983105
A1,245.0,0.6336633663366337,0.6897247,0.004853183
A1,246.0,0.6361386138613861,0.67235434,0.008734698
A1,247.0,0.6262376237623762,0.68335176,0.004867642
A1,248.0,0.6262376237623762,0.6656949,0.008719378
A1,249.0,0.6212871287128713,0.65970427,0.007193377
A1,250.0,0.6163366336633663,0.66433847,0.0076489756
A1,251.0,0.6138613861386139,0.6622377,0.011274135
A1,252.0,0.6089108910891089,0.665974,0.010818968
A1,253.0,0.6064356435643564,0.65462786,0.013181334
A1,254.0,0.6014851485148515,0.6478519,0.012007788
A1,255.0,0.6014851485148515,0.6246964,0.007822582
A1,256.0,0.5915841584158416,0.64117724,0.0062301485
A1,257.0,0.5891089108910891,0.635881,0.012465084
A1,258.0,0.5816831683168316,0.6245704,0.007837821
A1,259.0,0.5792079207920792,0.6178536,0.008380673
A1,260.0,0.5767326732673267,0.6144533,0.008205624
A1,261.0,0.5742574257425742,0.6111902,0.0054672463
A1,262.0,0.5668316831683168,0.6149011,0.008239655
A1,263.0,0.5643564356435643,0.59702575,0.006744189
A1,264.0,0.556930693069307,0.5974002,0.0092237955
A1,265.0,0.551980198019802,0.58389467,0.009842152
A1,266.0,0.5420792079207921,0.5495893,0.0120003475
A1,267.0,0.5371287128712872,0.565919,0.0053435476
A2,1.0,1.0,0.99583054,0.0030760728
A2,2.0,0.9950372208436724,0.9950994,0.003935046
A2,3.0,0.9875930521091811,0.9907365,0.0020282888
A2,4.0,0.9826302729528535,0.9840414,0.004217976
A2,5.0,0.9801488833746899,0.98360693,0.0028601806
A2,6.0,0.9751861042183623,0.97846824,0.0029637797
A2,7.0,0.9702233250620348,0.97618026,0.002981722
A2,8.0,0.967741935483871,0.9702075,0.0030257078
A2,9.0,0.9652605459057072,0.9680074,0.0020882683
A2,10.0,0.9602977667493796,0.9615763,0.0031308227
A2,11.0,0.9578163771712159,0.9591692,0.0024782482
A2,12.0,0.9578163771712159,0.96475923,0.0026454628
A2,13.0,0.9553349875930521,0.961161,0.0038415487
A2,14.0,0.9528535980148883,0.96138716,0.003443798
A2,15.0,0.9503722084367245,0.9546669,0.0027645763
A2,16.0,0.9478908188585607,0.9535712,0.0034721724
A2,17.0,0.9429280397022333,0.9547719,0.005242187
A2,18.0,0.9429280397022333,0.95272815,0.0033219475
A2,19.0,0.9404466501240695,0.94579726,0.0033696739
A2,20.0,0.9404466501240695,0.9549173,0.0027903628
A2,21.0,0.9404466501240695,0.945361,0.0044710557
A2,22.0,0.9379652605459057,0.9408205,0.0040229894
A2,23.0,0.9379652605459057,0.9359438,0.004190916
A2,24.0,0.9354838709677419,0.93317366,0.0017436988
A2,25.0,0.9354838709677419,0.9330877,0.0015397734
A2,26.0,0.9330024813895782,0.92996347,0.0019084724
A2,27.0,0.9305210918114144,0.93012697,0.0017279673
A2,28.0,0.9305210918114144,0.92634153,0.0020781062
A2,29.0,0.9305210918114144,0.92632306,0.0024667305
A2,30.0,0.9305210918114144,0.9263536,0.0023711491
A2,31.0,0.9280397022332506,0.9248986,0.0021176825
A2,32.0,0.9255583126550868,0.9267912,0.0026147708
A2,33.0,0.9255583126550868,0.9241993,0.0031489606
A2,34.0,0.9230769230769231,0.926016,0.0020171776
A2,35.0,0.9230769230769231,0.92125016,0.0030286626
A2,36.0,0.9230769230769231,0.92436254,0.004294747
A2,37.0,0.9205955334987593,0.9225445,0.002828932
A2,38.0,0.9205955334987593,0.9227974,0.0029217317
A2,39.0,0.9205955334987593,0.91898376,0.0012368981
A2,40.0,0.9181141439205955,0.9191,0.0011378479
A2,41.0,0.9181141439205955,0.91913545,0.00093998655
A2,42.0,0.9156327543424317,0.9182026,0.0012895517
A2,43.0,0.9156327543424317,0.92084026,0.0029747635
A2,44.0,0.9156327543424317,0.91726625,0.0031399424
A2,45.0,0.9156327543424317,0.9158756,0.0027307086
A2,46.0,0.913151364764268,0.9131873,0.002063225
A2,47.0,0.9106699751861043,0.9154148,0.002230349
A2,48.0,0.9106699751861043,0.91419363,0.0014040251
A2,49.0,0.9106699751861043,0.91400594,0.0021401295
A2,50.0,0.9106699751861043,0.9149283,0.0029325564
A2,51.0,0.9081885856079405,0.9143985,0.0029826253
A2,52.0,0.9081885856079405,0.9116319,0.0020513132
A2,53.0,0.9057071960297767,0.9095362,0.0014038567
A2,54.0,0.9057071960297767,0.90935934,0.0022881734
A2,55.0,0.9032258064516129,0.911094,0.002607731
A2,56.0,0.9032258064516129,0.9083923,0.003064587
A2,57.0,0.9007444168734491,0.90785724,0.0036082335
A2,58.0,0.9032258064516129,0.9097058,0.0016440706
A2,59.0,0.9007444168734491,0.90534717,0.0013227571
A2,60.0,0.9007444168734491,0.91135705,0.002971936
A2,61.0,0.8982630272952854,0.90520144,0.0014524409
A2,62.0,0.8982630272952854,0.90627944,0.0019034618
A2,63.0,0.8982630272952854,0.90680015,0.001877142
A2,64.0,0.8957816377171216,0.9051654,0.0021380049
A2,65.0,0.8982630272952854,0.90305126,0.004051451
A2,66.0,0.8933002481389578,0.8962679,0.0032775057
A2,67.0,0.8933002481389578,0.89573735,0.0026212
A2,68.0,0.8933002481389578,0.8947846,0.0025944149
A2,69.0,0.8933002481389578,0.8972405,0.0035462421
A2,70.0,0.890818858560794,0.89620316,0.003087562
A2,71.0,0.8933002481389578,0.9015306,0.0037675896
A2,72.0,0.890818858560794,0.8903577,0.0015545384
A2,73.0,0.8883374689826302,0.8944286,0.002421761
A2,74.0,0.8883374689826302,0.89630145,0.0031685405
A2,75.0,0.8883374689826302,0.895731,0.0022972436
A2,76.0,0.8858560794044665,0.8934103,0.003677907
A2,77.0,0.8858560794044665,0.89282066,0.0040482352
A2,78.0,0.8858560794044665,0.88650924,0.0032960118
A2,79.0,0.8833746898263027,0.8885269,0.0023056348
A2,80.0,0.8833746898263027,0.8867531,0.0015225663
A2,81.0,0.8833746898263027,0.886813,0.0017921104
A2,82.0,0.8833746898263027,0.8910351,0.0027047698
A2,83.0,0.8808933002481389,0.88837767,0.0030783429
A2,84.0,0.8808933002481389,0.88641775,0.003940662
A2,85.0,0.8808933002481389,0.8830725,0.0038034155
A2,86.0,0.8784119106699751,0.8790181,0.0016658874
A2,87.0,0.8784119106699751,0.8781419,0.0019235584
A2,88.0,0.8759305210918115,0.8756172,0.0023222682
A2,89.0,0.8759305210918115,0.87593234,0.0024964442
A2,90.0,0.8759305210918115,0.875611,0.0023290361
A2,91.0,0.8759305210918115,0.8738023,0.0034301393
A2,92.0,0.8734491315136477,0.8726713,0.0028268264
A2,93.0,0.8734491315136477,0.86664313,0.002107934
A2,94.0,0.8709677419354839,0.87167656,0.0021525242
A2,95.0,0.8709677419354839,0.86800396,0.0037450197
A2,96.0,0.8709677419354839,0.86578596,0.0026981302
A2,97.0,0.8734491315136477,0.86322147,0.004656894
A2,98.0,0.8709677419354839,0.8697896,0.0023507315
A2,99.0,0.8684863523573201,0.87002945,0.0018499817
A2,100.0,0.8684863523573201,0.8704546,0.001600965
A2,101.0,0.8684863523573201,0.8696209,0.0023026736
A2,102.0,0.8684863523573201,0.86895907,0.002328829
A2,103.0,0.8660049627791563,0.8619404,0.0037277578
A2,104.0,0.8660049627791563,0.85956067,0.002893342
A2,105.0,0.8660049627791563,0.857611,0.0035537702
A2,106.0,0.8635235732009926,0.8589357,0.002252619
A2,107.0,0.8635235732009926,0.8581068,0.0025034249
A2,108.0,0.8610421836228288,0.8559572,0.0019593195
A2,109.0,0.8635235732009926,0.8566704,0.0038158484
A2,110.0,0.8610421836228288,0.8578876,0.0020972665
A2,111.0,0.8610421836228288,0.8560847,0.004058517
A2,112.0,0.8610421836228288,0.85566264,0.0036722384
A2,113.0,0.858560794044665,0.8552402,0.0027132486
A2,114.0,0.858560794044665,0.85351074,0.0036059292
A2,115.0,0.858560794044665,0.8533265,0.0030489299
A2,116.0,0.8560794044665012,0.8522295,0.0036723532
A2,117.0,0.8560794044665012,0.8530637,0.0034370194
A2,118.0,0.8535980148883374,0.8524432,0.003472898
A2,119.0,0.8535980148883374,0.85737765,0.003254794
A2,120.0,0.8535980148883374,0.8575657,0.0037547771
A2,121.0,0.8535980148883374,0.85013074,0.0036160895
A2,122.0,0.8511166253101737,0.8569708,0.002950251
A2,123.0,0.8511166253101737,0.85700434,0.0028595473
A2,124.0,0.8511166253101737,0.85217303,0.002958829
A2,125.0,0.8486352357320099,0.8521064,0.0022229156
A2,126.0,0.8461538461538461,0.8495657,0.0034151596
A2,127.0,0.8461538461538461,0.8453287,0.002575155
A2,128.0,0.8486352357320099,0.854768,0.00272433
A2,129.0,0.8461538461538461,0.8546082,0.0022228041
A2,130.0,0.8436724565756824,0.85809124,0.002972307
A2,131.0,0.8461538461538461,0.85430336,0.004424446
A2,132.0,0.8461538461538461,0.8509525,0.0028590949
A2,133.0,0.8436724565756824,0.85317594,0.0031320474
A2,134.0,0.8411910669975186,0.850469,0.004824478
A2,135.0,0.8411910669975186,0.8494379,0.0042891875
A2,136.0,0.8387096774193549,0.8506522,0.0032553405
A2,137.0,0.8387096774193549,0.85010815,0.0023600664
A2,138.0,0.8387096774193549,0.85178167,0.0034947803
A2,139.0,0.8362282878411911,0.85572815,0.004420648
A2,140.0,0.8362282878411911,0.8568829,0.0032442426
A2,141.0,0.8337468982630273,0.85499316,0.0043151933
A2,142.0,0.8362282878411911,0.85128915,0.0032072659
A2,143.0,0.8362282878411911,0.8515482,0.0028941347
A2,144.0,0.8337468982630273,0.8502239,0.0028249514
A2,145.0,0.8312655086848635,0.85297316,0.002384568
A2,146.0,0.8312655086848635,0.85092944,0.0037038503
A2,147.0,0.8287841191066998,0.8529522,0.0029597743
A2,148.0,0.8287841191066998,0.8509453,0.003593752
A2,149.0,0.8287841191066998,0.8501526,0.0040497757
A2,150.0,0.8287841191066998,0.8492818,0.0041464684
A2,151.0,0.826302729528536,0.8486806,0.00447491
A2,152.0,0.826302729528536,0.8493807,0.0045426153
A2,153.0,0.8238213399503722,0.84663963,0.004163097
A2,154.0,0.8238213399503722,0.84607965,0.004488979
A2,155.0,0.8213399503722084,0.84207535,0.0038597046
A2,156.0,0.8213399503722084,0.8459898,0.0039418335
A2,157.0,0.8213399503722084,0.85016,0.0035749099
A2,158.0,0.8188585607940446,0.84925926,0.0033507892
A2,159.0,0.8163771712158809,0.84963834,0.0023682702
A2,160.0,0.8163771712158809,0.8500306,0.004068965
A2,161.0,0.8138957816377171,0.8491594,0.0039511453
A2,162.0,0.8138957816377171,0.8432473,0.008118373
A2,163.0,0.8114143920595533,0.8473097,0.004560779
A2,164.0,0.8114143920595533,0.8483675,0.005515568
A2,165.0,0.8089330024813896,0.84447813,0.0045291693
A2,166.0,0.8064516129032258,0.84265834,0.004874445
A2,167.0,0.8064516129032258,0.8458171,0.0056679402
A2,168.0,0.8039702233250621,0.8408804,0.0044779796
A2,169.0,0.8014888337468983,0.8391882,0.004942819
A2,170.0,0.8014888337468983,0.8388044,0.0061889277
A2,171.0,0.7990074441687345,0.83870584,0.0047664316
A2,172.0,0.7965260545905707,0.8377733,0.0048991637
A2,173.0,0.7965260545905707,0.83489,0.004542363
A2,174.0,0.794044665012407,0.8295277,0.0038955838
A2,175.0,0.7915632754342432,0.81603587,0.0027052702
A2,176.0,0.7915632754342432,0.8133298,0.0039830734
A2,177.0,0.7890818858560794,0.8102237,0.0025632514
A2,178.0,0.7866004962779156,0.81001675,0.0032426936
A2,179.0,0.7866004962779156,0.805741,0.006517284
A2,180.0,0.7841191066997518,0.80907905,0.0042265565
A2,181.0,0.7816377171215881,0.8029932,0.004170547
A2,182.0,0.7791563275434243,0.7955615,0.0068584
A2,183.0,0.7766749379652605,0.786163,0.0037407111
A2,184.0,0.7741935483870968,0.77744865,0.005833929
A2,185.0,0.7741935483870968,0.77061,0.0072307405
A2,186.0,0.771712158808933,0.77369356,0.0056398893
A2,187.0,0.7667493796526055,0.79238975,0.0066884626
A2,188.0,0.7642679900744417,0.79070866,0.005385678
A2,189.0,0.7617866004962779,0.7742063,0.0051910863
A2,190.0,0.7593052109181141,0.78911835,0.007454276
A2,191.0,0.7568238213399504,0.7725443,0.0065162275
A2,192.0,0.7568238213399504,0.7642216,0.00669714
A2,193.0,0.7518610421836228,0.7675924,0.00633883
A2,194.0,0.749379652605459,0.7645827,0.0060432213
A2,195.0,0.749379652605459,0.7582538,0.006550858
A2,196.0,0.7444168734491315,0.75806016,0.007464703
A2,197.0,0.7419354838709677,0.75696486,0.0073282206
A2,198.0,0.739454094292804,0.7595246,0.007473961
A2,199.0,0.7344913151364765,0.753091,0.007952274
A2,200.0,0.7320099255583127,0.7549806,0.0072312863
A2,201.0,0.7295285359801489,0.7513708,0.007186197
A2,202.0,0.7270471464019851,0.74274063,0.005791849
A2,203.0,0.7245657568238213,0.74808055,0.0071883346
A2,204.0,0.7196029776674938,0.73908234,0.009831174
A2,205.0,0.71712158808933,0.73981285,0.008314752
A2,206.0,0.7121588089330024,0.73398507,0.009029618
A2,207.0,0.7146401985111662,0.7192979,0.012591736
A2,208.0,0.707196029776675,0.74001586,0.008720173
A2,209.0,0.707196029776675,0.7225152,0.011623819
A2,210.0,0.6997518610421837,0.72402334,0.007471213
A2,211.0,0.6972704714640199,0.71838987,0.0077857617
A2,212.0,0.6923076923076923,0.7218238,0.0064494614
A2,213.0,0.6898263027295285,0.71729195,0.0051317792
A2,214.0,0.6873449131513648,0.71633416,0.004887312
A2,215.0,0.684863523573201,0.709458,0.007522693
A2,216.0,0.6823821339950372,0.7089151,0.007627752
A2,217.0,0.6823821339950372,0.7085546,0.0071796468
A2,218.0,0.6823821339950372,0.6999235,0.006158926
A2,219.0,0.6774193548387096,0.70597446,0.008025332
A2,220.0,0.674937965260546,0.7094859,0.007222694
A2,221.0,0.6724565756823822,0.705068,0.009617837
A2,222.0,0.6699751861042184,0.6981839,0.008784857
A2,223.0,0.6674937965260546,0.71886057,0.0058911243
A2,224.0,0.6650124069478908,0.70586663,0.0063812905
A2,225.0,0.6625310173697271,0.70187974,0.0058526634
A2,226.0,0.6600496277915633,0.69476056,0.006865262
A2,227.0,0.6550868486352357,0.711109,0.0074827634
A2,228.0,0.6501240694789082,0.6975189,0.0054448713
A2,229.0,0.6476426799007444,0.69256026,0.005954766
A2,230.0,0.6426799007444168,0.6920475,0.0063633714
A2,231.0,0.6401985111662531,0.6875594,0.006905241
A2,232.0,0.6377171215880894,0.67946225,0.009836582
A2,233.0,0.6327543424317618,0.6829758,0.008730308
A2,234.0,0.630272952853598,0.65868634,0.013677895
A2,235.0,0.6203473945409429,0.66666305,0.010259222
A2,236.0,0.6203473945409429,0.64624006,0.011231117
A2,237.0,0.6153846153846154,0.66578096,0.010482357
A2,238.0,0.607940446650124,0.6629898,0.008433593
A2,239.0,0.6029776674937966,0.63755596,0.014307902
A2,240.0,0.5955334987593052,0.6306975,0.009750847
A2,241.0,0.5955334987593052,0.6160422,0.011278345
A2,242.0,0.5856079404466501,0.625933,0.01055523
A2,243.0,0.5831265508684863,0.59553766,0.0101766875
A2,244.0,0.5732009925558312,0.6204794,0.00789709
A2,245.0,0.5707196029776674,0.5692734,0.013896173
A2,246.0,0.5583126550868487,0.6129893,0.0042920285
A2,247.0,0.5558312655086849,0.58250725,0.007130124
A2,248.0,0.5459057071960298,0.56331396,0.012176223
A2,249.0,0.5359801488833746,0.58215684,0.0069584353
A2,250.0,0.5359801488833746,0.56857,0.012495495
A2,251.0,0.5260545905707196,0.5604976,0.00838034
A2,252.0,0.5210918114143921,0.5563584,0.01187092
A2,253.0,0.5161290322580645,0.5562512,0.009715908
A2,254.0,0.511166253101737,0.57188994,0.008130124
A2,255.0,0.4987593052109181,0.5634858,0.007932377
A2,256.0,0.49379652605459057,0.55621016,0.010028695
A2,257.0,0.48635235732009924,0.55999726,0.0067392057
A2,258.0,0.4813895781637717,0.5575716,0.0063258572
A2,259.0,0.47642679900744417,0.5566091,0.0064595356
A2,260.0,0.46898263027295284,0.55241454,0.0077230013
A2,261.0,0.46153846153846156,0.5726382,0.009193235
A2,262.0,0.456575682382134,0.547248,0.0055862567
A2,263.0,0.4491315136476427,0.5665828,0.005633605
A2,264.0,0.4441687344913151,0.54814994,0.005982972
A2,265.0,0.4292803970223325,0.53936607,0.011079456
A2,266.0,0.41935483870967744,0.51251763,0.014088975
A3,1.0,1.0,0.96113986,0.00367975
A3,2.0,0.9973753280839895,0.9630761,0.0036981993
A3,3.0,0.994750656167979,0.9625019,0.00288517
A3,4.0,0.994750656167979,0.9610895,0.004001051
A3,5.0,0.9921259842519685,0.96016467,0.0034892072
A3,6.0,0.9921259842519685,0.95423794,0.0033625818
A3,7.0,0.989501312335958,0.9528042,0.0025943029
A3,8.0,0.9868766404199475,0.95268095,0.00269182
A3,9.0,0.9868766404199475,0.95358163,0.0037861522
A3,10.0,0.984251968503937,0.95268774,0.003906889
A3,11.0,0.984251968503937,0.9515888,0.0031694048
A3,12.0,0.9816272965879265,0.951211,0.003928831
A3,13.0,0.9816272965879265,0.9417059,0.004869256
A3,14.0,0.9816272965879265,0.9401086,0.003998763
A3,15.0,0.979002624671916,0.9415577,0.0038089014
A3,16.0,0.979002624671916,0.9423172,0.0039747087
A3,17.0,0.9763779527559056,0.9424316,0.005118711
A3,18.0,0.973753280839895,0.94263923,0.00506175
A3,19.0,0.973753280839895,0.9421998,0.0050617084
A3,20.0,0.973753280839895,0.93900603,0.0050927494
A3,21.0,0.973753280839895,0.93625337,0.004404467
A3,22.0,0.973753280839895,0.93504304,0.0036332114
A3,23.0,0.973753280839895,0.9348941,0.0027490498
A3,24.0,0.9711286089238845,0.93441355,0.0025613583
A3,25.0,0.9711286089238845,0.93970954,0.0044628745
A3,26.0,0.968503937007874,0.9367264,0.0040387698
A3,27.0,0.968503937007874,0.9361121,0.0030483594
A3,28.0,0.9658792650918635,0.9309322,0.0031582941
A3,29.0,0.968503937007874,0.92336845,0.0031681198
A3,30.0,0.9658792650918635,0.92470247,0.002394551
A3,31.0,0.9658792650918635,0.9242735,0.0024425955
A3,32.0,0.963254593175853,0.9204594,0.0020854527
A3,33.0,0.963254593175853,0.9199888,0.0020278883
A3,34.0,0.9606299212598425,0.9244938,0.0024998637
A3,35.0,0.963254593175853,0.9191734,0.0021910628
A3,36.0,0.9606299212598425,0.91579425,0.0035614083
A3,37.0,0.9606299212598425,0.9160862,0.0023184253
A3,38.0,0.9606299212598425,0.91804945,0.0018623901
A3,39.0,0.958005249343832,0.91598016,0.0024028688
A3,40.0,0.958005249343832,0.91637945,0.0028919238
A3,41.0,0.958005249343832,0.91650164,0.003208325
A3,42.0,0.958005249343832,0.9155921,0.0019091492
A3,43.0,0.9553805774278216,0.9158808,0.002199613
A3,44.0,0.9553805774278216,0.9133477,0.0016090337
A3,45.0,0.952755905511811,0.91130525,0.0020111506
A3,46.0,0.952755905511811,0.9128353,0.002628628
A3,47.0,0.952755905511811,0.9100423,0.0025085958
A3,48.0,0.952755905511811,0.909243,0.002894552
A3,49.0,0.952755905511811,0.90857804,0.0028710263
A3,50.0,0.952755905511811,0.9102006,0.00219049
A3,51.0,0.9501312335958005,0.9063718,0.002912453
A3,52.0,0.9501312335958005,0.90575755,0.002759833
A3,53.0,0.94750656167979,0.91096175,0.0027819916
A3,54.0,0.94750656167979,0.90731114,0.0032282036
A3,55.0,0.94750656167979,0.899738,0.0025868183
A3,56.0,0.9422572178477691,0.9021829,0.004323528
A3,57.0,0.9448818897637795,0.89879763,0.0030957651
A3,58.0,0.9448818897637795,0.90012276,0.0023039018
A3,59.0,0.9448818897637795,0.90051985,0.002265758
A3,60.0,0.9422572178477691,0.89831275,0.0023537716
A3,61.0,0.9422572178477691,0.90426046,0.0018250255
A3,62.0,0.9422572178477691,0.8959056,0.0028988346
A3,63.0,0.9422572178477691,0.898565,0.0021968568
A3,64.0,0.9422572178477691,0.8940879,0.0027388504
A3,65.0,0.9396325459317585,0.8921482,0.003412362
A3,66.0,0.9396325459317585,0.89273626,0.004128625
A3,67.0,0.937007874015748,0.8924819,0.002599896
A3,68.0,0.937007874015748,0.8905864,0.0033238665
A3,69.0,0.937007874015748,0.892306,0.002871442
A3,70.0,0.937007874015748,0.8920555,0.002549154
A3,71.0,0.9343832020997376,0.8902737,0.0045829
A3,72.0,0.9343832020997376,0.88499486,0.003658471
A3,73.0,0.9343832020997376,0.88539714,0.0029057884
A3,74.0,0.9343832020997376,0.87929374,0.0038993068
A3,75.0,0.9343832020997376,0.879083,0.0033919741
A3,76.0,0.931758530183727,0.87898827,0.003941554
A3,77.0,0.931758530183727,0.8758715,0.0033366648
A3,78.0,0.9291338582677166,0.8846164,0.0043021506
A3,79.0,0.9291338582677166,0.8804061,0.0052386154
A3,80.0,0.9291338582677166,0.8815916,0.0037924624
A3,81.0,0.9291338582677166,0.8735612,0.003341409
A3,82.0,0.9291338582677166,0.87572557,0.0036987257
A3,83.0,0.926509186351706,0.8746365,0.0030951803
A3,84.0,0.926509186351706,0.8681413,0.004368346
A3,85.0,0.926509186351706,0.8643567,0.004769058
A3,86.0,0.9238845144356955,0.86757934,0.0041313358
A3,87.0,0.9238845144356955,0.8564083,0.004736431
A3,88.0,0.9212598425196851,0.8631592,0.004882851
A3,89.0,0.9212598425196851,0.859626,0.0044993144
A3,90.0,0.9212598425196851,0.85765535,0.0036604672
A3,91.0,0.9186351706036745,0.8565494,0.004454871
A3,92.0,0.9186351706036745,0.8553115,0.004626733
A3,93.0,0.916010498687664,0.864299,0.006292899
A3,94.0,0.9133858267716536,0.85274076,0.004095236
A3,95.0,0.9133858267716536,0.8532904,0.0042335475
A3,96.0,0.916010498687664,0.8427658,0.0047034426
A3,97.0,0.9133858267716536,0.84298754,0.004089049
A3,98.0,0.910761154855643,0.84372175,0.0042475862
A3,99.0,0.910761154855643,0.84575623,0.005850722
A3,100.0,0.910761154855643,0.84304094,0.004555551
A3,101.0,0.910761154855643,0.8435855,0.0041787177
A3,102.0,0.9081364829396326,0.8423909,0.0042336173
A3,103.0,0.9081364829396326,0.8412296,0.005085395
A3,104.0,0.9081364829396326,0.84142447,0.0046740687
A3,105.0,0.905511811023622,0.84422886,0.0033313013
A3,106.0,0.905511811023622,0.8433002,0.0033434026
A3,107.0,0.9028871391076115,0.84621,0.0032118014
A3,108.0,0.905511811023622,0.84130937,0.0047913236
A3,109.0,0.9028871391076115,0.84512556,0.002790953
A3,110.0,0.9028871391076115,0.8443672,0.003925402
A3,111.0,0.9028871391076115,0.8413075,0.00549627
A3,112.0,0.9002624671916011,0.84535646,0.0042147827
A3,113.0,0.9002624671916011,0.8363801,0.0047398014
A3,114.0,0.9002624671916011,0.841118,0.0031845435
A3,115.0,0.8976377952755905,0.83754265,0.0039055157
A3,116.0,0.8976377952755905,0.8356209,0.0016559081
A3,117.0,0.89501312335958,0.8375837,0.002715981
A3,118.0,0.89501312335958,0.8368472,0.0036242954
A3,119.0,0.89501312335958,0.83235896,0.0030835825
A3,120.0,0.89501312335958,0.8390932,0.0027532943
A3,121.0,0.89501312335958,0.8349808,0.0017125119
A3,122.0,0.8923884514435696,0.8353039,0.0026602335
A3,123.0,0.8923884514435696,0.83235073,0.0033747852
A3,124.0,0.8923884514435696,0.83489734,0.010157361
A3,125.0,0.8871391076115486,0.84203386,0.004584722
A3,126.0,0.8871391076115486,0.8356782,0.010434102
A3,127.0,0.889763779527559,0.828821,0.0040920135
A3,128.0,0.8871391076115486,0.8313319,0.0033141025
A3,129.0,0.884514435695538,0.8311535,0.0034324375
A3,130.0,0.884514435695538,0.84032184,0.0040748985
A3,131.0,0.889763779527559,0.8297232,0.0036378934
A3,132.0,0.8871391076115486,0.8340427,0.009693387
A3,133.0,0.884514435695538,0.8274393,0.0029700005
A3,134.0,0.8818897637795275,0.83260477,0.008695325
A3,135.0,0.8818897637795275,0.8214766,0.0031970888
A3,136.0,0.8818897637795275,0.824272,0.0029962552
A3,137.0,0.8792650918635171,0.82558185,0.0025759465
A3,138.0,0.8792650918635171,0.8329795,0.009399838
A3,139.0,0.8792650918635171,0.8323704,0.008399947
A3,140.0,0.8792650918635171,0.8275684,0.0024612802
A3,141.0,0.8792650918635171,0.83049756,0.010109418
A3,142.0,0.8818897637795275,0.82166386,0.0017671525
A3,143.0,0.8766404199475065,0.8199587,0.004103621
A3,144.0,0.8766404199475065,0.8204786,0.002613165
A3,145.0,0.8766404199475065,0.81968224,0.0044165384
A3,146.0,0.8740157480314961,0.8209735,0.0032128945
A3,147.0,0.8740157480314961,0.82046956,0.00230857
A3,148.0,0.8740157480314961,0.8201663,0.0033882614
A3,149.0,0.8740157480314961,0.818665,0.0044876784
A3,150.0,0.8713910761154856,0.8248091,0.010107422
A3,151.0,0.8713910761154856,0.81957227,0.004609067
A3,152.0,0.8713910761154856,0.823127,0.01049184
A3,153.0,0.8713910761154856,0.82462865,0.010322495
A3,154.0,0.868766404199475,0.81950057,0.0047315876
A3,155.0,0.868766404199475,0.8202383,0.004424702
A3,156.0,0.868766404199475,0.81823635,0.0050836545
A3,157.0,0.868766404199475,0.8205968,0.0059858747
A3,158.0,0.8661417322834646,0.817248,0.0068987147
A3,159.0,0.863517060367454,0.8202788,0.0044637406
A3,160.0,0.863517060367454,0.82004213,0.005109037
A3,161.0,0.8661417322834646,0.81751394,0.0052566165
A3,162.0,0.863517060367454,0.81926,0.004757838
A3,163.0,0.8608923884514436,0.8189775,0.005152646
A3,164.0,0.8608923884514436,0.8202669,0.0050516976
A3,165.0,0.8608923884514436,0.81914914,0.0037037237
A3,166.0,0.8582677165354331,0.8177558,0.004527816
A3,167.0,0.8582677165354331,0.8192867,0.0055776695
A3,168.0,0.8582677165354331,0.8180667,0.0053154174
A3,169.0,0.8556430446194225,0.81716526,0.00579597
A3,170.0,0.8556430446194225,0.81845367,0.005067257
A3,171.0,0.8556430446194225,0.81507987,0.003989694
A3,172.0,0.8530183727034121,0.81934863,0.005052681
A3,173.0,0.8530183727034121,0.81906015,0.003431267
A3,174.0,0.8503937007874016,0.82050645,0.0048968103
A3,175.0,0.8503937007874016,0.8178684,0.0045648697
A3,176.0,0.8503937007874016,0.81843436,0.005644453
A3,177.0,0.847769028871391,0.81662446,0.0041111372
A3,178.0,0.847769028871391,0.81849325,0.00510427
A3,179.0,0.8451443569553806,0.816912,0.004409378
A3,180.0,0.8451443569553806,0.8189356,0.0053603775
A3,181.0,0.8451443569553806,0.81836283,0.0041627465
A3,182.0,0.84251968503937,0.81879747,0.005382277
A3,183.0,0.84251968503937,0.81950796,0.0060387403
A3,184.0,0.8398950131233596,0.8172984,0.005936603
A3,185.0,0.8398950131233596,0.8159601,0.005505722
A3,186.0,0.8372703412073491,0.81588745,0.0047924514
A3,187.0,0.8372703412073491,0.8112159,0.005425655
A3,188.0,0.8372703412073491,0.81535447,0.0055054245
A3,189.0,0.8346456692913385,0.8146184,0.005154629
A3,190.0,0.8346456692913385,0.8133156,0.0047101295
A3,191.0,0.8320209973753281,0.8141071,0.0053417506
A3,192.0,0.8320209973753281,0.8084141,0.00680369
A3,193.0,0.8320209973753281,0.80721027,0.0071302676
A3,194.0,0.8293963254593176,0.8096588,0.0052826484
A3,195.0,0.8267716535433071,0.8106909,0.005016167
A3,196.0,0.8267716535433071,0.8039171,0.006233036
A3,197.0,0.8267716535433071,0.8015379,0.0072848527
A3,198.0,0.8241469816272966,0.8039942,0.003581541
A3,199.0,0.8241469816272966,0.7933837,0.004826357
A3,200.0,0.821522309711286,0.7950376,0.007915217
A3,201.0,0.821522309711286,0.7901304,0.0064590815
A3,202.0,0.8188976377952756,0.79583806,0.012375878
A3,203.0,0.821522309711286,0.78607976,0.0092686135
A3,204.0,0.8136482939632546,0.7936299,0.010686829
A3,205.0,0.8162729658792651,0.7821436,0.007695736
A3,206.0,0.8110236220472441,0.78756005,0.011336251
A3,207.0,0.8162729658792651,0.77999735,0.007942979
A3,208.0,0.8083989501312336,0.77473295,0.007283899
A3,209.0,0.8110236220472441,0.7729808,0.0077055683
A3,210.0,0.8031496062992126,0.7708016,0.009899462
A3,211.0,0.8031496062992126,0.77516615,0.01087717
A3,212.0,0.800524934383202,0.77363,0.009081088
A3,213.0,0.8031496062992126,0.7700473,0.0064683366
A3,214.0,0.7979002624671916,0.762628,0.007053754
A3,215.0,0.800524934383202,0.76319224,0.0065892967
A3,216.0,0.7926509186351706,0.7598325,0.005980369
A3,217.0,0.7979002624671916,0.7588953,0.007605675
A3,218.0,0.7926509186351706,0.7568043,0.007523291
A3,219.0,0.7952755905511811,0.74771285,0.0104148835
A3,220.0,0.7874015748031497,0.76250947,0.0067614317
A3,221.0,0.7874015748031497,0.7564304,0.010889144
A3,222.0,0.7847769028871391,0.7557512,0.005966837
A3,223.0,0.7821522309711286,0.75255966,0.0050805863
A3,224.0,0.7795275590551181,0.7488744,0.0076361788
A3,225.0,0.7821522309711286,0.73811877,0.009369607
A3,226.0,0.7769028871391076,0.7512481,0.007451403
A3,227.0,0.7769028871391076,0.73565644,0.010191448
A3,228.0,0.7716535433070866,0.74674463,0.006728037
A3,229.0,0.7716535433070866,0.7400834,0.011730845
A3,230.0,0.7664041994750657,0.73455334,0.009318366
A3,231.0,0.7664041994750657,0.733616,0.00950874
A3,232.0,0.7611548556430446,0.73371476,0.0063324617
A3,233.0,0.7611548556430446,0.7256533,0.008418641
A3,234.0,0.7559055118110236,0.72247344,0.008096208
A3,235.0,0.7559055118110236,0.72650874,0.008780841
A3,236.0,0.7506561679790026,0.71806324,0.005371459
A3,237.0,0.7480314960629921,0.72277534,0.0071833176
A3,238.0,0.7427821522309711,0.7168435,0.005664675
A3,239.0,0.7427821522309711,0.7281109,0.0061804065
A3,240.0,0.7349081364829396,0.71877325,0.00980686
A3,241.0,0.7349081364829396,0.7264932,0.0055556186
A3,242.0,0.7296587926509186,0.72356737,0.006698529
A3,243.0,0.7296587926509186,0.72621197,0.008107586
A3,244.0,0.7217847769028871,0.7193963,0.008791835
A3,245.0,0.7217847769028871,0.7228279,0.009173375
A3,246.0,0.7139107611548556,0.7159926,0.008863541
A3,247.0,0.7139107611548556,0.7151935,0.012031192
A3,248.0,0.7086614173228346,0.71249926,0.011895783
A3,249.0,0.7034120734908137,0.71143407,0.0096418075
A3,250.0,0.7007874015748031,0.71312255,0.012241477
A3,251.0,0.6955380577427821,0.7137115,0.011412496
A3,252.0,0.6929133858267716,0.7136547,0.0065151085
A3,253.0,0.6876640419947506,0.7052193,0.010414858
A3,254.0,0.6850393700787402,0.6988854,0.009679897
A3,255.0,0.6771653543307087,0.7016579,0.009398376
A3,256.0,0.6745406824146981,0.69590676,0.008249872
A3,257.0,0.6692913385826772,0.6952113,0.00772999
A3,258.0,0.6666666666666666,0.6782166,0.0058664605
A3,259.0,0.6614173228346457,0.6881735,0.011149168
A3,260.0,0.6587926509186351,0.6924945,0.008389307
A3,261.0,0.6509186351706037,0.6855341,0.013818949
A3,262.0,0.6482939632545932,0.66485894,0.0068492405
A3,263.0,0.6430446194225722,0.67263323,0.0068768784
A3,264.0,0.6404199475065617,0.6685499,0.016480818
A3,265.0,0.6325459317585301,0.64272773,0.014439898
A3,266.0,0.6220472440944882,0.66127366,0.009999739
A4,1.0,1.0,0.9954149,0.0023004287
A4,2.0,0.9925187032418953,0.99278814,0.0019453915
A4,3.0,0.9875311720698254,0.9843863,0.00277947
A4,4.0,0.9825436408977556,0.9847182,0.0019606263
A4,5.0,0.9775561097256857,0.98262864,0.0017172826
A4,6.0,0.972568578553616,0.9786695,0.0035160775
A4,7.0,0.9675810473815462,0.97678626,0.003464095
A4,8.0,0.9625935162094763,0.97869176,0.0038136055
A4,9.0,0.9600997506234414,0.9768384,0.0034729072
A4,10.0,0.9576059850374065,0.9715621,0.0065453956
A4,11.0,0.9551122194513716,0.95827246,0.0071517243
A4,12.0,0.9526184538653366,0.9588445,0.0069932803
A4,13.0,0.9476309226932669,0.97728,0.0034959123
A4,14.0,0.9476309226932669,0.97291005,0.004649202
A4,15.0,0.942643391521197,0.9735631,0.0045411433
A4,16.0,0.942643391521197,0.9747124,0.004970602
A4,17.0,0.940149625935162,0.9742409,0.0048596445
A4,18.0,0.940149625935162,0.95524156,0.007122584
A4,19.0,0.9376558603491272,0.95618695,0.007716455
A4,20.0,0.9351620947630923,0.95728445,0.0063451533
A4,21.0,0.9351620947630923,0.9653576,0.007674361
A4,22.0,0.9326683291770573,0.96738183,0.007559691
A4,23.0,0.9326683291770573,0.9667405,0.0074656275
A4,24.0,0.9301745635910225,0.9673831,0.0018050697
A4,25.0,0.9276807980049875,0.9650978,0.0041943626
A4,26.0,0.9276807980049875,0.9582222,0.007825463
A4,27.0,0.9276807980049875,0.95601356,0.0076464238
A4,28.0,0.9251870324189526,0.95469236,0.006744275
A4,29.0,0.9251870324189526,0.9635441,0.004743614
A4,30.0,0.9226932668329177,0.9644823,0.0009900252
A4,31.0,0.9226932668329177,0.965752,0.0015921999
A4,32.0,0.9201995012468828,0.9667897,0.0022689544
A4,33.0,0.9201995012468828,0.9615221,0.007288586
A4,34.0,0.9201995012468828,0.9512426,0.0068030176
A4,35.0,0.9177057356608479,0.95162666,0.0066801216
A4,36.0,0.9152119700748129,0.96454936,0.0031272015
A4,37.0,0.9152119700748129,0.96221656,0.0021876488
A4,38.0,0.9152119700748129,0.9628407,0.001925792
A4,39.0,0.912718204488778,0.9612562,0.002319951
A4,40.0,0.9152119700748129,0.9536123,0.006492636
A4,41.0,0.912718204488778,0.9540062,0.0054456834
A4,42.0,0.912718204488778,0.95396346,0.005819349
A4,43.0,0.9102244389027432,0.9605241,0.0019379582
A4,44.0,0.9077306733167082,0.9585212,0.0020973582
A4,45.0,0.9077306733167082,0.95755255,0.00434931
A4,46.0,0.9077306733167082,0.95760214,0.0035320022
A4,47.0,0.9077306733167082,0.94405746,0.0045277174
A4,48.0,0.9077306733167082,0.9436342,0.004388758
A4,49.0,0.9052369077306733,0.95402765,0.003935175
A4,50.0,0.9052369077306733,0.9490591,0.0061870334
A4,51.0,0.9027431421446384,0.95225954,0.002682151
A4,52.0,0.9027431421446384,0.9530697,0.002937098
A4,53.0,0.9027431421446384,0.94093114,0.0027993855
A4,54.0,0.9002493765586035,0.9470213,0.0049471734
A4,55.0,0.9002493765586035,0.9415501,0.0042288476
A4,56.0,0.9002493765586035,0.9412343,0.0041383887
A4,57.0,0.9002493765586035,0.9411396,0.004577599
A4,58.0,0.8977556109725686,0.93789685,0.003538607
A4,59.0,0.8952618453865336,0.9388088,0.0035480722
A4,60.0,0.8977556109725686,0.9392403,0.0034657668
A4,61.0,0.8952618453865336,0.93716323,0.0039888388
A4,62.0,0.8952618453865336,0.9396183,0.003401492
A4,63.0,0.8927680798004988,0.9371475,0.0030847902
A4,64.0,0.8927680798004988,0.9363929,0.0031948623
A4,65.0,0.8902743142144638,0.93711436,0.0038804244
A4,66.0,0.8902743142144638,0.9351226,0.0021956488
A4,67.0,0.8902743142144638,0.93516695,0.0029211584
A4,68.0,0.8877805486284289,0.9343249,0.002642967
A4,69.0,0.8877805486284289,0.9336111,0.0025246234
A4,70.0,0.8877805486284289,0.9339979,0.0029783358
A4,71.0,0.885286783042394,0.93329704,0.0025028104
A4,72.0,0.885286783042394,0.9306307,0.002787417
A4,73.0,0.885286783042394,0.92547953,0.003987818
A4,74.0,0.8827930174563591,0.9239424,0.004071965
A4,75.0,0.8827930174563591,0.919299,0.0050308504
A4,76.0,0.8802992518703242,0.91913223,0.0062309043
A4,77.0,0.8802992518703242,0.914817,0.0037795273
A4,78.0,0.8802992518703242,0.9159688,0.0043437593
A4,79.0,0.8802992518703242,0.91779405,0.0041457145
A4,80.0,0.8802992518703242,0.91790277,0.004579423
A4,81.0,0.8778054862842892,0.919073,0.0038442307
A4,82.0,0.8753117206982544,0.9139801,0.0034822696
A4,83.0,0.8753117206982544,0.91103476,0.0032342942
A4,84.0,0.8728179551122195,0.9113218,0.00298925
A4,85.0,0.8728179551122195,0.9074128,0.0035472084
A4,86.0,0.8728179551122195,0.90543747,0.004077495
A4,87.0,0.8703241895261845,0.899728,0.0031112693
A4,88.0,0.8703241895261845,0.9049951,0.004832237
A4,89.0,0.8678304239401496,0.8950801,0.0047230506
A4,90.0,0.8678304239401496,0.89253104,0.004360916
A4,91.0,0.8653366583541147,0.89155006,0.0034904436
A4,92.0,0.8653366583541147,0.8910179,0.0030325311
A4,93.0,0.8653366583541147,0.8915545,0.0048004803
A4,94.0,0.8653366583541147,0.8811474,0.0075031095
A4,95.0,0.8628428927680798,0.88039637,0.006253765
A4,96.0,0.8628428927680798,0.88057166,0.0049198796
A4,97.0,0.8603491271820449,0.88802445,0.003359052
A4,98.0,0.85785536159601,0.8874876,0.003896125
A4,99.0,0.85785536159601,0.8856393,0.0037134907
A4,100.0,0.8553615960099751,0.88669837,0.0037044834
A4,101.0,0.8553615960099751,0.88261616,0.0026782288
A4,102.0,0.8528678304239401,0.8802601,0.0025878656
A4,103.0,0.8528678304239401,0.8787689,0.0025779938
A4,104.0,0.8503740648379052,0.87352896,0.0038578003
A4,105.0,0.8503740648379052,0.87203044,0.0038903125
A4,106.0,0.8503740648379052,0.87085456,0.0053362884
A4,107.0,0.8478802992518704,0.8690549,0.004270138
A4,108.0,0.8478802992518704,0.86828864,0.003657966
A4,109.0,0.8428927680798005,0.8677289,0.0041646804
A4,110.0,0.8428927680798005,0.86456984,0.0035138882
A4,111.0,0.8428927680798005,0.8635539,0.005582862
A4,112.0,0.8379052369077307,0.86310184,0.0032043897
A4,113.0,0.8379052369077307,0.8588912,0.0050605386
A4,114.0,0.8354114713216958,0.85959864,0.005472589
A4,115.0,0.8329177057356608,0.85774887,0.005102204
A4,116.0,0.830423940149626,0.8558685,0.004625147
A4,117.0,0.830423940149626,0.85460645,0.0044311713
A4,118.0,0.827930174563591,0.8555977,0.0043114433
A4,119.0,0.8254364089775561,0.85325706,0.004335728
A4,120.0,0.8254364089775561,0.8530016,0.003000954
A4,121.0,0.8229426433915212,0.8543951,0.0049627307
A4,122.0,0.8229426433915212,0.8525711,0.0036502234
A4,123.0,0.8204488778054863,0.8503417,0.0030521287
A4,124.0,0.8204488778054863,0.85043174,0.0044757025
A4,125.0,0.8204488778054863,0.84187496,0.004203782
A4,126.0,0.8254364089775561,0.7970396,0.003464925
A4,127.0,0.8179551122194514,0.8098769,0.006150264
A4,128.0,0.8179551122194514,0.8345774,0.0065490743
A4,129.0,0.8179551122194514,0.8120588,0.007835227
A4,130.0,0.8179551122194514,0.81507015,0.00899439
A4,131.0,0.8179551122194514,0.8145488,0.0070751226
A4,132.0,0.8129675810473815,0.83535403,0.007823125
A4,133.0,0.8104738154613467,0.83913743,0.003776287
A4,134.0,0.8079800498753117,0.83349323,0.003963102
A4,135.0,0.8129675810473815,0.8261798,0.004928975
A4,136.0,0.8104738154613467,0.8329226,0.0047963522
A4,137.0,0.8054862842892768,0.83764535,0.0042415895
A4,138.0,0.8054862842892768,0.83507997,0.0045171906
A4,139.0,0.8054862842892768,0.83576757,0.0040066326
A4,140.0,0.8029925187032418,0.8344703,0.004575299
A4,141.0,0.8104738154613467,0.81814784,0.0029599448
A4,142.0,0.8054862842892768,0.8151015,0.007221268
A4,143.0,0.800498753117207,0.82567847,0.005052106
A4,144.0,0.800498753117207,0.8240756,0.0048577115
A4,145.0,0.800498753117207,0.8234801,0.004745605
A4,146.0,0.7980049875311721,0.8256217,0.0029540458
A4,147.0,0.7980049875311721,0.819551,0.0057109185
A4,148.0,0.7980049875311721,0.8146704,0.0054920707
A4,149.0,0.7955112219451371,0.8104221,0.00691299
A4,150.0,0.7930174563591023,0.8154274,0.0070662666
A4,151.0,0.7930174563591023,0.81130946,0.0069790813
A4,152.0,0.7905236907730673,0.8162384,0.0073344633
A4,153.0,0.7905236907730673,0.81621253,0.007043591
A4,154.0,0.7880299251870324,0.8114772,0.00888253
A4,155.0,0.7880299251870324,0.8061881,0.0073529505
A4,156.0,0.7855361596009975,0.80886364,0.005613134
A4,157.0,0.7855361596009975,0.80776787,0.005402204
A4,158.0,0.7805486284289277,0.8223726,0.0059867264
A4,159.0,0.7805486284289277,0.8133532,0.004970248
A4,160.0,0.7830423940149626,0.80379677,0.0064330106
A4,161.0,0.7780548628428927,0.8122133,0.0060384404
A4,162.0,0.7755610972568578,0.8242156,0.0057123504
A4,163.0,0.7755610972568578,0.81122094,0.0068531516
A4,164.0,0.773067331670823,0.8097274,0.006065615
A4,165.0,0.770573566084788,0.8095848,0.0065446277
A4,166.0,0.770573566084788,0.81010425,0.0063246414
A4,167.0,0.7680798004987531,0.8119504,0.0057606874
A4,168.0,0.7680798004987531,0.8049884,0.007339126
A4,169.0,0.7655860349127181,0.80754364,0.0076133306
A4,170.0,0.7630922693266833,0.8020498,0.008075656
A4,171.0,0.7630922693266833,0.8010956,0.0057695024
A4,172.0,0.7605985037406484,0.80144435,0.007981981
A4,173.0,0.7581047381546134,0.7975037,0.005886589
A4,174.0,0.7556109725685786,0.79911155,0.005781986
A4,175.0,0.7531172069825436,0.7990123,0.006147759
A4,176.0,0.7531172069825436,0.795462,0.007784284
A4,177.0,0.7506234413965087,0.7951106,0.0077872397
A4,178.0,0.7481296758104738,0.7935878,0.008077494
A4,179.0,0.7481296758104738,0.7919893,0.0059238756
A4,180.0,0.7456359102244389,0.79428333,0.0062931366
A4,181.0,0.743142144638404,0.7911974,0.0046825306
A4,182.0,0.7406483790523691,0.7906138,0.0049456526
A4,183.0,0.7381546134663342,0.7904445,0.00469687
A4,184.0,0.7356608478802993,0.78922397,0.005778459
A4,185.0,0.7331670822942643,0.7885961,0.005462124
A4,186.0,0.7306733167082294,0.7893303,0.0048714406
A4,187.0,0.7306733167082294,0.7883961,0.0053572203
A4,188.0,0.7281795511221946,0.7874416,0.0056500616
A4,189.0,0.7256857855361596,0.786687,0.005579516
A4,190.0,0.7231920199501247,0.78767025,0.005531369
A4,191.0,0.7206982543640897,0.7866533,0.005620482
A4,192.0,0.7182044887780549,0.78258413,0.0038189657
A4,193.0,0.71571072319202,0.78209335,0.0042124703
A4,194.0,0.713216957605985,0.7815482,0.004020398
A4,195.0,0.7107231920199502,0.7810084,0.0037095482
A4,196.0,0.7082294264339152,0.78098875,0.00407479
A4,197.0,0.7057356608478803,0.77580345,0.0055883885
A4,198.0,0.7007481296758105,0.7538544,0.009511442
A4,199.0,0.6982543640897756,0.7509004,0.007556111
A4,200.0,0.6957605985037406,0.7464422,0.009387392
A4,201.0,0.6907730673316709,0.7354615,0.00794241
A4,202.0,0.6907730673316709,0.6993984,0.00692821
A4,203.0,0.683291770573566,0.71887887,0.008300255
A4,204.0,0.683291770573566,0.6840115,0.0075568324
A4,205.0,0.6733167082294265,0.6971425,0.0092324335
A4,206.0,0.6783042394014963,0.67550784,0.004976829
A4,207.0,0.6683291770573566,0.7066738,0.007089133
A4,208.0,0.6633416458852868,0.68404424,0.004999258
A4,209.0,0.6583541147132169,0.675299,0.00413372
A4,210.0,0.6533665835411472,0.6910927,0.00740792
A4,211.0,0.6483790523690773,0.66764146,0.0043784836
A4,212.0,0.6408977556109726,0.67299163,0.0034041654
A4,213.0,0.6334164588528678,0.66219485,0.006303901
A4,214.0,0.6309226932668329,0.6589323,0.0074582254
A4,215.0,0.6259351620947631,0.6532293,0.011098817
A4,216.0,0.6184538653366584,0.6654062,0.004467112
A4,217.0,0.6159600997506235,0.65087485,0.009453529
A4,218.0,0.6059850374064838,0.6526269,0.010220035
A4,219.0,0.5985037406483791,0.6506508,0.0110373255
A4,220.0,0.5935162094763092,0.65180653,0.011227974
A4,221.0,0.5860349127182045,0.6315993,0.0060705943
A4,222.0,0.5810473815461347,0.6516035,0.012165563
A4,223.0,0.57356608478803,0.6346572,0.008977502
A4,224.0,0.5660847880299252,0.6488162,0.010027141
A4,225.0,0.5586034912718204,0.6259843,0.011606747
A4,226.0,0.5511221945137157,0.62334776,0.008242547
A4,227.0,0.543640897755611,0.6014002,0.009044051
A4,228.0,0.5361596009975063,0.5999908,0.010348347
A4,229.0,0.5286783042394015,0.5882962,0.007729779
A4,230.0,0.5211970074812967,0.58909464,0.009358231
A4,231.0,0.5112219451371571,0.5768085,0.005875314
A4,232.0,0.5037406483790524,0.58579904,0.0074712485
A4,233.0,0.49625935162094764,0.5729154,0.007484329
A4,234.0,0.4837905236907731,0.56429815,0.007249077
A4,235.0,0.4763092269326683,0.55734044,0.008519153
A4,236.0,0.46633416458852867,0.5594849,0.010551373
A4,237.0,0.45885286783042395,0.5554539,0.009112841
A4,238.0,0.4463840399002494,0.5466455,0.009906656
A4,239.0,0.43640897755610975,0.5386063,0.005517514
A4,240.0,0.42643391521197005,0.5258316,0.006721259
A4,241.0,0.4164588528678304,0.53095996,0.007692703
A4,242.0,0.40399002493765584,0.5241604,0.008286437
A4,243.0,0.39650872817955113,0.5023045,0.0055966093
A4,244.0,0.3865336658354115,0.51740295,0.009655296
A4,245.0,0.3765586034912718,0.48257676,0.0077160234
A4,246.0,0.36658354114713215,0.5032758,0.006989087
A4,247.0,0.3566084788029925,0.46810427,0.011671161
A4,248.0,0.3491271820448878,0.49414772,0.00871998
A4,249.0,0.33915211970074816,0.43996054,0.018042892
A4,250.0,0.3316708229426434,0.44797593,0.008707816
A4,251.0,0.32418952618453867,0.44000626,0.014698033
A4,252.0,0.3167082294264339,0.43286476,0.014950653
A4,253.0,0.30673316708229426,0.42209703,0.013496116
A4,254.0,0.30174563591022446,0.46675697,0.0060987663
A4,255.0,0.2942643391521197,0.41225833,0.009089283
A4,256.0,0.286783042394015,0.40910038,0.011027751
A4,257.0,0.2793017456359102,0.43194777,0.0128233535
A4,258.0,0.2743142144638404,0.40174705,0.006129539
A4,259.0,0.26683291770573564,0.40191984,0.0064432723
A4,260.0,0.26433915211970077,0.41844463,0.013691811
A4,261.0,0.26184538653366585,0.40051025,0.0073164147
A4,262.0,0.256857855361596,0.396223,0.0063311886
A4,263.0,0.2518703241895262,0.3936617,0.009299396
A4,264.0,0.24788029925187033,0.3968826,0.0070283585
A4,265.0,0.24463840399002493,0.38236406,0.006553995
A4,266.0,0.24064837905236908,0.38220537,0.0074233473
A4,267.0,0.23541147132169576,0.38094115,0.0075176596
A4,268.0,0.053865336658354114,0.37718672,0.00864729
A4,269.0,0.04937655860349127,0.37313405,0.01212797
A5,1.0,1.0,0.93537056,0.002802943
A5,2.0,0.9973890339425587,0.92384255,0.0035111392
A5,3.0,0.9947780678851175,0.92774075,0.0018144731
A5,4.0,0.9921671018276762,0.9263948,0.0036039343
A5,5.0,0.9921671018276762,0.93092525,0.0037845552
A5,6.0,0.9895561357702349,0.9311598,0.003482053
A5,7.0,0.9843342036553525,0.91946924,0.00391503
A5,8.0,0.9843342036553525,0.9181948,0.004533123
A5,9.0,0.9817232375979112,0.9168622,0.0024108032
A5,10.0,0.97911227154047,0.91753083,0.0035083683
A5,11.0,0.97911227154047,0.91494656,0.0045119906
A5,12.0,0.9765013054830287,0.9119843,0.00376255
A5,13.0,0.9738903394255874,0.9118678,0.0017021565
A5,14.0,0.9712793733681462,0.90731895,0.003208834
A5,15.0,0.9712793733681462,0.90616304,0.0033937856
A5,16.0,0.9686684073107049,0.90686053,0.0032783127
A5,17.0,0.9660574412532638,0.9034085,0.0032339836
A5,18.0,0.9660574412532638,0.9033853,0.0030369733
A5,19.0,0.9660574412532638,0.9005798,0.0025818741
A5,20.0,0.9634464751958225,0.90388954,0.0027043498
A5,21.0,0.9634464751958225,0.9077811,0.0019130575
A5,22.0,0.9634464751958225,0.90606374,0.0018655077
A5,23.0,0.9608355091383812,0.90259457,0.0017935985
A5,24.0,0.95822454308094,0.9023787,0.0015895964
A5,25.0,0.95822454308094,0.9025623,0.002044222
A5,26.0,0.9556135770234987,0.90157473,0.0023067389
A5,27.0,0.9556135770234987,0.8997862,0.0018343242
A5,28.0,0.9556135770234987,0.90054166,0.0018643573
A5,29.0,0.9530026109660574,0.89893454,0.0040809847
A5,30.0,0.9530026109660574,0.8978652,0.0016279247
A5,31.0,0.9503916449086162,0.89882594,0.0017515424
A5,32.0,0.9477806788511749,0.89587724,0.0028283712
A5,33.0,0.9477806788511749,0.8952243,0.0028941678
A5,34.0,0.9477806788511749,0.8845232,0.0032195742
A5,35.0,0.9477806788511749,0.8835451,0.0042002657
A5,36.0,0.9451697127937336,0.884391,0.0030015358
A5,37.0,0.9425587467362925,0.88400614,0.001318745
A5,38.0,0.9425587467362925,0.8859784,0.0014954929
A5,39.0,0.9399477806788512,0.8856599,0.0016363703
A5,40.0,0.9399477806788512,0.88480884,0.0021655224
A5,41.0,0.9399477806788512,0.8798481,0.00349796
A5,42.0,0.9399477806788512,0.87975055,0.0034634392
A5,43.0,0.9373368146214099,0.879,0.0038240761
A5,44.0,0.9347258485639687,0.881035,0.0015716197
A5,45.0,0.9347258485639687,0.880252,0.0018742868
A5,46.0,0.9321148825065274,0.87909853,0.0015584871
A5,47.0,0.9321148825065274,0.87634736,0.0011925393
A5,48.0,0.9321148825065274,0.8748671,0.0014982716
A5,49.0,0.9321148825065274,0.8741121,0.001738672
A5,50.0,0.9295039164490861,0.87859774,0.0013012995
A5,51.0,0.9295039164490861,0.874162,0.002323834
A5,52.0,0.9268929503916449,0.8777405,0.0027488116
A5,53.0,0.9242819843342036,0.8747142,0.0025314249
A5,54.0,0.9268929503916449,0.8714129,0.0023438474
A5,55.0,0.9216710182767625,0.8697718,0.0016919208
A5,56.0,0.9242819843342036,0.86652696,0.0016600449
A5,57.0,0.9190600522193212,0.8669106,0.0012529925
A5,58.0,0.9216710182767625,0.86883724,0.0016272814
A5,59.0,0.9190600522193212,0.8680183,0.002850737
A5,60.0,0.9164490861618799,0.8683993,0.0024334511
A5,61.0,0.9190600522193212,0.86496,0.0013570825
A5,62.0,0.9138381201044387,0.8673123,0.0024102277
A5,63.0,0.9164490861618799,0.8615715,0.002664529
A5,64.0,0.9138381201044387,0.8585892,0.0018714558
A5,65.0,0.9138381201044387,0.860655,0.0032674172
A5,66.0,0.9112271540469974,0.8572296,0.002878506
A5,67.0,0.9086161879895561,0.85665166,0.002298571
A5,68.0,0.9086161879895561,0.85533744,0.0025368135
A5,69.0,0.9060052219321149,0.85388786,0.0029843887
A5,70.0,0.9060052219321149,0.85284936,0.0034057207
A5,71.0,0.9060052219321149,0.85326004,0.0039512715
A5,72.0,0.9033942558746736,0.85262954,0.0035878709
A5,73.0,0.9033942558746736,0.84693366,0.002618084
A5,74.0,0.9033942558746736,0.84513104,0.002257704
A5,75.0,0.9007832898172323,0.84420455,0.0031041706
A5,76.0,0.9007832898172323,0.8428048,0.002378221
A5,77.0,0.8955613577023499,0.84481525,0.004259012
A5,78.0,0.8981723237597912,0.8430562,0.0035310178
A5,79.0,0.8955613577023499,0.8418705,0.00403894
A5,80.0,0.8955613577023499,0.8403575,0.0027124817
A5,81.0,0.8929503916449086,0.8390726,0.0033572796
A5,82.0,0.8929503916449086,0.83924484,0.0030701591
A5,83.0,0.8903394255874674,0.83765316,0.0031819805
A5,84.0,0.8903394255874674,0.8374931,0.0032001354
A5,85.0,0.8877284595300261,0.8354977,0.0037043113
A5,86.0,0.8851174934725848,0.83463603,0.0042054662
A5,87.0,0.8851174934725848,0.83520335,0.0038113862
A5,88.0,0.8825065274151436,0.83249295,0.0049421303
A5,89.0,0.8798955613577023,0.83140993,0.0046421764
A5,90.0,0.8798955613577023,0.8306959,0.004142844
A5,91.0,0.8772845953002611,0.8277855,0.0038172808
A5,92.0,0.8720626631853786,0.83016956,0.004792767
A5,93.0,0.8720626631853786,0.8246883,0.0043932116
A5,94.0,0.8694516971279374,0.8154637,0.0028454463
A5,95.0,0.8694516971279374,0.8152722,0.0035322504
A5,96.0,0.8668407310704961,0.8156514,0.0038949933
A5,97.0,0.8642297650130548,0.8043685,0.0034784998
A5,98.0,0.8616187989556136,0.80785084,0.0038903
A5,99.0,0.8590078328981723,0.8123194,0.0040649157
A5,100.0,0.856396866840731,0.8015679,0.0046766996
A5,101.0,0.8537859007832899,0.8103568,0.005467871
A5,102.0,0.8511749347258486,0.7991521,0.0057241097
A5,103.0,0.8485639686684073,0.7980031,0.0057320865
A5,104.0,0.8459530026109661,0.7964763,0.006311306
A5,105.0,0.8433420365535248,0.7927719,0.0046396186
A5,106.0,0.8407310704960835,0.8101002,0.006577134
A5,107.0,0.835509138381201,0.78730094,0.0049839015
A5,108.0,0.8328981723237598,0.7906496,0.0053452817
A5,109.0,0.8302872062663186,0.7890491,0.004699663
A5,110.0,0.8276762402088773,0.7843312,0.0059476607
A5,111.0,0.825065274151436,0.7791916,0.006119271
A5,112.0,0.8198433420365535,0.7831903,0.0036369856
A5,113.0,0.8198433420365535,0.77616805,0.003315054
A5,114.0,0.8172323759791122,0.77572954,0.0044309217
A5,115.0,0.8120104438642297,0.7733115,0.0053346884
A5,116.0,0.804177545691906,0.7695966,0.0057403026
A5,117.0,0.804177545691906,0.7691506,0.005105722
A5,118.0,0.7989556135770235,0.74542224,0.0056642788
A5,119.0,0.7963446475195822,0.76063144,0.0045131696
A5,120.0,0.7911227154046997,0.7575639,0.005438937
A5,121.0,0.7859007832898173,0.73905987,0.006217149
A5,122.0,0.7859007832898173,0.7317694,0.0064680725
A5,123.0,0.7806788511749347,0.7206162,0.0064377417
A5,124.0,0.7780678851174935,0.7149198,0.005166567
A5,125.0,0.7728459530026109,0.7025143,0.008521818
A5,126.0,0.7702349869451697,0.7033883,0.006992613
A5,127.0,0.7650130548302873,0.70745766,0.006776594
A5,128.0,0.762402088772846,0.7119006,0.006359315
A5,129.0,0.7571801566579635,0.7084063,0.0046821614
A5,130.0,0.7545691906005222,0.6961443,0.00887485
A5,131.0,0.7493472584856397,0.6990627,0.0073113563
A5,132.0,0.7493472584856397,0.69869184,0.0026514623
A5,133.0,0.7441253263707572,0.69407696,0.0037088438
A5,134.0,0.7389033942558747,0.6818656,0.008949346
A5,135.0,0.7336814621409922,0.68809897,0.004505399
A5,136.0,0.7284595300261096,0.6817771,0.005121022
A5,137.0,0.7258485639686684,0.6785956,0.007512395
A5,138.0,0.7180156657963447,0.67361015,0.0051701567
A5,139.0,0.7154046997389034,0.6665877,0.0069909855
A5,140.0,0.7101827676240209,0.63599586,0.006501082
A5,141.0,0.6997389033942559,0.6482833,0.010339536
A5,142.0,0.6945169712793734,0.6467483,0.0062579145
A5,143.0,0.6892950391644909,0.6336657,0.010094701
A5,144.0,0.6840731070496083,0.64593524,0.006146016
A5,145.0,0.6788511749347258,0.62729657,0.008961342
A5,146.0,0.6710182767624021,0.6394273,0.00533892
A5,147.0,0.6684073107049608,0.61873424,0.0090640625
A5,148.0,0.660574412532637,0.63678205,0.0063437265
A5,149.0,0.6579634464751958,0.633194,0.0075135212
A5,150.0,0.6527415143603134,0.6288694,0.007374104
A5,151.0,0.6475195822454308,0.629436,0.008332835
A5,152.0,0.6422976501305483,0.6307534,0.0070710653
A5,153.0,0.6344647519582245,0.6098247,0.00546332
A5,154.0,0.6292428198433421,0.5915541,0.020152342
A5,155.0,0.6240208877284595,0.5624085,0.019760484
A5,156.0,0.618798955613577,0.56159055,0.019959101
A5,157.0,0.6135770234986945,0.5570024,0.016479287
A5,158.0,0.608355091383812,0.5467018,0.020422297
A5,159.0,0.6005221932114883,0.5503074,0.01865859
A5,160.0,0.5953002610966057,0.53679514,0.020601975
A5,161.0,0.5900783289817232,0.5252195,0.019687403
A5,162.0,0.5848563968668408,0.51374805,0.016300319
A5,163.0,0.5796344647519582,0.49811664,0.012770391
A5,164.0,0.5718015665796344,0.48557645,0.010470391
A5,165.0,0.5639686684073107,0.47245902,0.008571692
A5,166.0,0.5587467362924282,0.46899644,0.010436908
A5,167.0,0.5535248041775457,0.46172366,0.007198365
A5,168.0,0.5456919060052219,0.43991154,0.008957265
A5,169.0,0.5404699738903395,0.43945256,0.00791067
A5,170.0,0.5326370757180157,0.43112105,0.008468957
A5,171.0,0.5274151436031331,0.42533976,0.007640164
A5,172.0,0.5195822454308094,0.42070904,0.007653183
A5,173.0,0.5143603133159269,0.41795105,0.007832471
A5,174.0,0.5065274151436031,0.4064219,0.008124006
A5,175.0,0.5013054830287206,0.40401095,0.010833088
A5,176.0,0.4934725848563969,0.40075427,0.012004297
A5,177.0,0.4856396866840731,0.39582324,0.007578759
A5,178.0,0.4804177545691906,0.38315266,0.0076113218
A5,179.0,0.4725848563968668,0.37394378,0.007200753
A5,180.0,0.46475195822454307,0.36045712,0.008943614
A5,181.0,0.45691906005221933,0.35926956,0.008820739
A5,182.0,0.4490861618798956,0.33992735,0.013600673
A5,183.0,0.4412532637075718,0.33699888,0.011661332
A5,184.0,0.43342036553524804,0.3312284,0.01551339
A5,185.0,0.4255874673629243,0.28659043,0.016080517
A5,186.0,0.4177545691906005,0.2851313,0.015609086
A5,187.0,0.40992167101827676,0.2614072,0.019831993
A5,188.0,0.402088772845953,0.26349577,0.020560335
A5,189.0,0.391644908616188,0.2581911,0.020997692
A5,190.0,0.3838120104438642,0.25914094,0.020362955
A5,191.0,0.37597911227154046,0.25852203,0.016631257
A5,192.0,0.36553524804177545,0.25227255,0.018546725
A5,193.0,0.3577023498694517,0.25240153,0.0143759
A5,194.0,0.34986945169712796,0.25089765,0.017982913
A5,195.0,0.3394255874673629,0.2550401,0.009814727
A5,196.0,0.33159268929503916,0.2517052,0.012872442
A5,197.0,0.3237597911227154,0.25156462,0.012346645
A5,198.0,0.3185378590078329,0.25085208,0.012023095
A5,199.0,0.30809399477806787,0.2467726,0.0105321165
A5,200.0,0.3002610966057441,0.24152866,0.017398108
A5,201.0,0.2924281984334204,0.21652076,0.02068778
A5,202.0,0.2845953002610966,0.24588665,0.011851376
A5,203.0,0.2741514360313316,0.11538458,0.029081108
A5,204.0,0.26370757180156656,0.055954546,0.018206565
A5,205.0,0.06318537859007833,0.021150682,0.032344162
A5,206.0,0.05796344647519582,0.01872724,0.02033791
A5,207.0,0.056657963446475196,0.0360726,0.017302739
A5,208.0,0.05456919060052219,0.037299786,0.015669694
A5,209.0,0.053263707571801565,0.03256176,0.005121598
A5,210.0,0.05221932114882506,0.03478829,0.005817679
A5,211.0,0.05039164490861619,0.00976791,0.024696227
A5,212.0,0.04882506527415144,0.01598637,0.017777476
A5,213.0,0.04699738903394256,0.035705257,0.0047434447
A5,214.0,0.04490861618798955,0.03611866,0.00560401
A5,215.0,0.042819843342036555,0.03287398,0.0027770717
A5,216.0,0.0412532637075718,0.03198824,0.0018742456
A5,217.0,0.04203655352480418,0.031076062,0.0015155111
A5,218.0,0.04308093994778068,0.031475242,0.0017062892
A5,219.0,0.04203655352480418,0.034736924,0.005338405
A5,220.0,0.0433420365535248,0.031641454,0.0013952143
A5,221.0,0.04255874673629243,0.030990938,0.0014084342
A5,222.0,0.042819843342036555,0.031207269,0.0010814748
A5,223.0,0.04151436031331593,0.030244192,0.0012977201
A5,224.0,0.0402088772845953,0.029875774,0.0013908611
A5,225.0,0.038903394255874676,0.030024955,0.0015330905
A5,226.0,0.038642297650130546,0.028615419,0.0010179501
A5,227.0,0.03759791122715405,0.028905192,0.0010118078
A5,228.0,0.037075718015665796,0.028881613,0.00092781783
A5,229.0,0.03733681462140992,0.028397307,0.0010576055
A5,230.0,0.0381201044386423,0.028539618,0.0015538209
A5,231.0,0.0381201044386423,0.02866901,0.001182561
A5,232.0,0.038642297650130546,0.028670544,0.001367251
A5,233.0,0.03838120104438642,0.028652186,0.0013072733
A5,234.0,0.037859007832898174,0.028401494,0.0010458394
A5,235.0,0.03733681462140992,0.02799265,0.0008650125
A5,236.0,0.03681462140992167,0.028437316,0.0009358679
A5,237.0,0.03629242819843342,0.027939925,0.0008620745
A5,238.0,0.03629242819843342,0.027479902,0.00080443115
A5,239.0,0.03577023498694517,0.027599478,0.0007607677
A5,240.0,0.03498694516971279,0.027356654,0.0007796284
A5,241.0,0.03472584856396867,0.026868287,0.000983178
A5,242.0,0.03446475195822454,0.026923914,0.0009224329
A5,243.0,0.03420365535248042,0.026810527,0.0008770315
A5,244.0,0.03446475195822454,0.026777696,0.0010421074
A5,245.0,0.03446475195822454,0.026923444,0.0009571639
A5,246.0,0.03420365535248042,0.026518995,0.0011157203
A5,247.0,0.03420365535248042,0.02676799,0.0013824082
A5,248.0,0.033681462140992165,0.026786257,0.0009862003
A5,249.0,0.03315926892950392,0.026599964,0.0010404963
A5,250.0,0.03315926892950392,0.02644616,0.001280786
A5,251.0,0.03263707571801567,0.026365021,0.0012395798
A5,252.0,0.032114882506527415,0.026070964,0.0012894988
A5,253.0,0.03185378590078329,0.025771473,0.0013019175
A5,254.0,0.03080939947780679,0.025465092,0.0014192129
A5,255.0,0.030287206266318537,0.025471395,0.001065235
A5,256.0,0.029503916449086162,0.024890924,0.0011564896
A5,257.0,0.029242819843342035,0.024782103,0.001685706
A5,258.0,0.028720626631853787,0.024460446,0.0012088194
A5,259.0,0.02845953002610966,0.024023075,0.0016349698
A5,260.0,0.02845953002610966,0.02404539,0.0015507627
A5,261.0,0.02793733681462141,0.023743004,0.0009976992
A5,262.0,0.027676240208877285,0.023578774,0.0013906735
A5,263.0,0.02741514360313316,0.023320522,0.0010559413
A5,264.0,0.027154046997389034,0.023451138,0.0012504387
A5,265.0,0.02689295039164491,0.022293946,0.0012409474
A5,266.0,0.026631853785900782,0.022341764,0.0012069708
A5,267.0,0.02600522193211488,0.02237229,0.0011683321
A5,268.0,0.02600522193211488,0.0223528,0.0011666641
A5,269.0,0.025900783289817233,0.022540525,0.0015607856
A5,270.0,0.025926892950391644,0.022598078,0.0015745072
A5,271.0,0.025822454308093996,0.022045042,0.0013065772
A5,272.0,0.025822454308093996,0.033181503,0.023623448
A5,273.0,0.02563968668407311,0.033164985,0.023608932
A5,274.0,0.025744125326370756,0.03032237,0.016807066
A5,275.0,0.025691906005221934,0.03319306,0.02359635
A5,276.0,0.02485639686684073,0.032908026,0.02360405
A5,277.0,0.02472584856396867,0.029989352,0.016829867
A5,278.0,0.02451697127937337,0.032818336,0.023705706
A5,279.0,0.024334203655352483,0.032697376,0.023673393
A5,280.0,0.02381201044386423,0.03263322,0.023793893
A5,281.0,0.024073107049608355,0.03273524,0.023943024
A5,282.0,0.023864229765013057,0.03259207,0.023627633
A5,283.0,0.023968668407310705,0.032574367,0.023615943
A5,284.0,0.024099216710182766,0.03249004,0.023614762
A5,285.0,0.024360313315926894,0.032609936,0.02355864
A5,286.0,0.024151436031331592,0.032536972,0.02362753
A5,287.0,0.024281984334203654,0.032597233,0.023565043
A5,288.0,0.02412532637075718,0.031824682,0.022846302
A5,289.0,0.02360313315926893,0.03177654,0.022750478
A5,290.0,0.023446475195822453,0.031509086,0.023027046
A5,291.0,0.023342036553524806,0.030888254,0.023020498
A5,292.0,0.023080939947780682,0.030682832,0.02299047
A5,293.0,0.022872062663185377,0.03071323,0.02135954
A5,294.0,0.022689295039164493,0.030389026,0.022152167
A5,295.0,0.022637075718015667,0.030441135,0.020449298
A5,296.0,0.022715404699738904,0.02904891,0.01811317
A5,297.0,0.022140992167101827,0.028937751,0.018180564
A5,298.0,0.02240208877284595,0.028150147,0.015540146
A6,1.0,1.0,0.9920856,0.0011530642
A6,2.0,0.995049504950495,0.98833954,0.0012855228
A6,3.0,0.9925742574257426,0.98617494,0.002332377
A6,4.0,0.9900990099009901,0.98157895,0.0019433443
A6,5.0,0.9851485148514851,0.9782612,0.0020536692
A6,6.0,0.9801980198019802,0.97602546,0.001548559
A6,7.0,0.9777227722772277,0.9763347,0.0021479242
A6,8.0,0.9752475247524752,0.97134864,0.0016269621
A6,9.0,0.9727722772277227,0.9674098,0.0019047336
A6,10.0,0.9702970297029703,0.9657688,0.0027572806
A6,11.0,0.9678217821782178,0.9649719,0.0023462637
A6,12.0,0.9653465346534653,0.9623148,0.002146451
A6,13.0,0.9628712871287128,0.96231824,0.0020543889
A6,14.0,0.9603960396039604,0.9580348,0.0024210587
A6,15.0,0.9579207920792079,0.9573574,0.002889884
A6,16.0,0.9579207920792079,0.9569706,0.0027490421
A6,17.0,0.9579207920792079,0.9558296,0.0031872839
A6,18.0,0.9554455445544554,0.9538205,0.0026996513
A6,19.0,0.9529702970297029,0.9523532,0.003358801
A6,20.0,0.9504950495049505,0.94710094,0.001376049
A6,21.0,0.9504950495049505,0.9468359,0.002370655
A6,22.0,0.9504950495049505,0.9447244,0.0016845614
A6,23.0,0.948019801980198,0.949062,0.0018212256
A6,24.0,0.948019801980198,0.9445093,0.0022744036
A6,25.0,0.9455445544554455,0.9431278,0.0020309228
A6,26.0,0.9455445544554455,0.94054186,0.0025080654
A6,27.0,0.9455445544554455,0.94055384,0.0020223798
A6,28.0,0.943069306930693,0.9428109,0.0018724039
A6,29.0,0.943069306930693,0.9425911,0.0013377793
A6,30.0,0.9405940594059405,0.94222414,0.0017412802
A6,31.0,0.9405940594059405,0.9419385,0.0017472784
A6,32.0,0.9405940594059405,0.93735206,0.001427436
A6,33.0,0.9381188118811881,0.93369466,0.0019238662
A6,34.0,0.9381188118811881,0.93465316,0.0016725935
A6,35.0,0.9356435643564357,0.9357562,0.0020833886
A6,36.0,0.9356435643564357,0.936533,0.0023264305
A6,37.0,0.9356435643564357,0.93488836,0.0019948906
A6,38.0,0.9356435643564357,0.9361106,0.0023626839
A6,39.0,0.9356435643564357,0.9324609,0.002301934
A6,40.0,0.9331683168316832,0.93228453,0.0023807671
A6,41.0,0.9331683168316832,0.9320307,0.0024910034
A6,42.0,0.9331683168316832,0.9323729,0.0017750312
A6,43.0,0.9306930693069307,0.9355072,0.0023219343
A6,44.0,0.9306930693069307,0.93208885,0.0017577348
A6,45.0,0.9306930693069307,0.9322759,0.00160103
A6,46.0,0.9306930693069307,0.93101233,0.0020828245
A6,47.0,0.9306930693069307,0.9307745,0.002124901
A6,48.0,0.9282178217821783,0.93036014,0.0016997833
A6,49.0,0.9282178217821783,0.93063915,0.0015845664
A6,50.0,0.9282178217821783,0.9287095,0.0014230018
A6,51.0,0.9257425742574258,0.92625314,0.0012657631
A6,52.0,0.9282178217821783,0.9260626,0.0017280427
A6,53.0,0.9257425742574258,0.9258404,0.0013922065
A6,54.0,0.9257425742574258,0.92154896,0.0019184325
A6,55.0,0.9257425742574258,0.92435443,0.0017870365
A6,56.0,0.9257425742574258,0.92116845,0.0015902421
A6,57.0,0.9232673267326733,0.9245747,0.0020064528
A6,58.0,0.9232673267326733,0.9254445,0.0017444814
A6,59.0,0.9232673267326733,0.9245326,0.0021144773
A6,60.0,0.9232673267326733,0.9247643,0.0017680872
A6,61.0,0.9232673267326733,0.91931087,0.0029050754
A6,62.0,0.9207920792079208,0.92412347,0.0020280697
A6,63.0,0.9207920792079208,0.9195677,0.0034086574
A6,64.0,0.9207920792079208,0.91872245,0.0021917743
A6,65.0,0.9183168316831684,0.9216715,0.0026012002
A6,66.0,0.9207920792079208,0.9161569,0.0020389452
A6,67.0,0.9183168316831684,0.91673887,0.0024609477
A6,68.0,0.9183168316831684,0.91753805,0.0024339142
A6,69.0,0.9183168316831684,0.9165837,0.0018358453
A6,70.0,0.9183168316831684,0.91609204,0.001838311
A6,71.0,0.9158415841584159,0.91968167,0.0014491644
A6,72.0,0.9183168316831684,0.9146923,0.0013325226
A6,73.0,0.9158415841584159,0.91391516,0.0014683973
A6,74.0,0.9158415841584159,0.9133705,0.0016065262
A6,75.0,0.9158415841584159,0.91283923,0.0011573551
A6,76.0,0.9158415841584159,0.91257703,0.0012334627
A6,77.0,0.9158415841584159,0.90858746,0.0023812174
A6,78.0,0.9158415841584159,0.9088453,0.0044116797
A6,79.0,0.9158415841584159,0.9090909,0.0032094785
A6,80.0,0.9158415841584159,0.9094206,0.0034252782
A6,81.0,0.9133663366336634,0.9097621,0.0011330653
A6,82.0,0.9133663366336634,0.9092177,0.0014323681
A6,83.0,0.9133663366336634,0.9056265,0.0026636808
A6,84.0,0.9133663366336634,0.90399104,0.004415327
A6,85.0,0.9133663366336634,0.90281695,0.004416944
A6,86.0,0.9108910891089109,0.9005499,0.0036801896
A6,87.0,0.9108910891089109,0.90027535,0.0037078413
A6,88.0,0.9108910891089109,0.90040463,0.0036953338
A6,89.0,0.9108910891089109,0.899697,0.0029076359
A6,90.0,0.9108910891089109,0.8969612,0.0020331966
A6,91.0,0.9108910891089109,0.8960368,0.0021658873
A6,92.0,0.9108910891089109,0.89574575,0.0019156011
A6,93.0,0.9108910891089109,0.89526576,0.0023397477
A6,94.0,0.9084158415841584,0.89467514,0.002125497
A6,95.0,0.9084158415841584,0.893695,0.0019472954
A6,96.0,0.905940594059406,0.895744,0.0020477043
A6,97.0,0.9084158415841584,0.89510363,0.0014874461
A6,98.0,0.9084158415841584,0.8951742,0.0019339675
A6,99.0,0.9084158415841584,0.8952755,0.0019275221
A6,100.0,0.905940594059406,0.8951498,0.0017098242
A6,101.0,0.905940594059406,0.89475566,0.0017809088
A6,102.0,0.905940594059406,0.89491814,0.0016084714
A6,103.0,0.905940594059406,0.89483464,0.0014800557
A6,104.0,0.905940594059406,0.89459896,0.0013229874
A6,105.0,0.905940594059406,0.8950405,0.0020780293
A6,106.0,0.905940594059406,0.89371604,0.0025790732
A6,107.0,0.905940594059406,0.89240676,0.0023425168
A6,108.0,0.9034653465346535,0.89506733,0.0021879177
A6,109.0,0.9034653465346535,0.8939789,0.0021433516
A6,110.0,0.9034653465346535,0.8936923,0.00212066
A6,111.0,0.9034653465346535,0.8931096,0.0021393124
A6,112.0,0.905940594059406,0.8907506,0.002802418
A6,113.0,0.9034653465346535,0.8939389,0.0025931234
A6,114.0,0.9034653465346535,0.8927368,0.0025743023
A6,115.0,0.9034653465346535,0.8928153,0.002602238
A6,116.0,0.9034653465346535,0.89263666,0.0026166195
A6,117.0,0.9034653465346535,0.89306784,0.002454923
A6,118.0,0.900990099009901,0.89328307,0.00243146
A6,119.0,0.900990099009901,0.8932501,0.0025076119
A6,120.0,0.900990099009901,0.8929801,0.0028287966
A6,121.0,0.900990099009901,0.89297235,0.0024719331
A6,122.0,0.900990099009901,0.8921954,0.0026035258
A6,123.0,0.900990099009901,0.89198446,0.0030188123
A6,124.0,0.8985148514851485,0.89284676,0.0025985476
A6,125.0,0.900990099009901,0.8851798,0.0025554085
A6,126.0,0.900990099009901,0.8840502,0.0024442212
A6,127.0,0.8985148514851485,0.89167166,0.0026749284
A6,128.0,0.8985148514851485,0.88970745,0.002360654
A6,129.0,0.900990099009901,0.88699424,0.0021833961
A6,130.0,0.8985148514851485,0.8896661,0.002421298
A6,131.0,0.8985148514851485,0.8926323,0.0027203183
A6,132.0,0.8985148514851485,0.8899746,0.0027336995
A6,133.0,0.8985148514851485,0.88977957,0.0028116663
A6,134.0,0.900990099009901,0.88271964,0.0019593523
A6,135.0,0.8985148514851485,0.88697517,0.002191251
A6,136.0,0.8960396039603961,0.8895503,0.0023361596
A6,137.0,0.8985148514851485,0.88790256,0.0024426456
A6,138.0,0.8985148514851485,0.88694733,0.0023310648
A6,139.0,0.8985148514851485,0.8872448,0.0022523985
A6,140.0,0.8985148514851485,0.884086,0.0025011618
A6,141.0,0.8960396039603961,0.88583314,0.0024001582
A6,142.0,0.8960396039603961,0.88752335,0.0027926692
A6,143.0,0.8960396039603961,0.8857735,0.002340579
A6,144.0,0.8960396039603961,0.8858148,0.0024493048
A6,145.0,0.8960396039603961,0.88432664,0.0023871143
A6,146.0,0.8935643564356436,0.8843912,0.0023859942
A6,147.0,0.8960396039603961,0.88625747,0.002419209
A6,148.0,0.8935643564356436,0.88586265,0.0022872253
A6,149.0,0.8935643564356436,0.88627684,0.0023890047
A6,150.0,0.8935643564356436,0.8867014,0.002498993
A6,151.0,0.8935643564356436,0.8865336,0.0025235289
A6,152.0,0.8935643564356436,0.8859612,0.0023669149
A6,153.0,0.8935643564356436,0.88554734,0.0022967563
A6,154.0,0.8935643564356436,0.88344127,0.00253527
A6,155.0,0.8910891089108911,0.8836425,0.0025644016
A6,156.0,0.8935643564356436,0.88510036,0.0023658029
A6,157.0,0.8935643564356436,0.8801092,0.0024713578
A6,158.0,0.8935643564356436,0.87944186,0.0027122928
A6,159.0,0.8935643564356436,0.8794447,0.002942774
A6,160.0,0.8910891089108911,0.8822769,0.0024066647
A6,161.0,0.8910891089108911,0.8817333,0.002473142
A6,162.0,0.8935643564356436,0.87533486,0.002773284
A6,163.0,0.8910891089108911,0.87731135,0.0031990882
A6,164.0,0.8910891089108911,0.8754264,0.0032759586
A6,165.0,0.8910891089108911,0.87521887,0.0030884896
A6,166.0,0.8910891089108911,0.87581336,0.0035001407
A6,167.0,0.8886138613861386,0.8810401,0.0024594613
A6,168.0,0.8886138613861386,0.8802193,0.002781152
A6,169.0,0.8910891089108911,0.8756426,0.0033074303
A6,170.0,0.8910891089108911,0.8703613,0.004929459
A6,171.0,0.8910891089108911,0.87030613,0.00448005
A6,172.0,0.8886138613861386,0.86443233,0.0039273663
A6,173.0,0.8886138613861386,0.8640388,0.0037294966
A6,174.0,0.8886138613861386,0.8618468,0.0035575803
A6,175.0,0.8886138613861386,0.86291283,0.0043243575
A6,176.0,0.8886138613861386,0.86261797,0.004082957
A6,177.0,0.8886138613861386,0.8616929,0.0034515648
A6,178.0,0.8886138613861386,0.8615271,0.0035568883
A6,179.0,0.8886138613861386,0.8616251,0.003627168
A6,180.0,0.8886138613861386,0.8614315,0.0034944192
A6,181.0,0.8861386138613861,0.860614,0.003255412
A6,182.0,0.8861386138613861,0.8604767,0.0032414894
A6,183.0,0.8861386138613861,0.860417,0.0032048756
A6,184.0,0.8861386138613861,0.8608238,0.0035403706
A6,185.0,0.8861386138613861,0.8606334,0.0034890524
A6,186.0,0.8861386138613861,0.86091375,0.0034167552
A6,187.0,0.8861386138613861,0.8607723,0.0034137163
A6,188.0,0.8861386138613861,0.8608079,0.0034241558
A6,189.0,0.8861386138613861,0.860127,0.0029817352
A6,190.0,0.8861386138613861,0.8589365,0.0030526519
A6,191.0,0.8836633663366337,0.85957944,0.0033633292
A6,192.0,0.8836633663366337,0.8572585,0.00323714
A6,193.0,0.8836633663366337,0.8597003,0.0031793353
A6,194.0,0.8836633663366337,0.858617,0.0036421174
A6,195.0,0.8836633663366337,0.85817385,0.00337207
A6,196.0,0.8836633663366337,0.8592532,0.0033578344
A6,197.0,0.8836633663366337,0.85826147,0.0033597876
A6,198.0,0.8836633663366337,0.8597948,0.0029092303
A6,199.0,0.8836633663366337,0.85728866,0.0031939324
A6,200.0,0.8836633663366337,0.8566267,0.0030041505
A6,201.0,0.8836633663366337,0.8515984,0.003999194
A6,202.0,0.8811881188118812,0.8573047,0.0034912697
A6,203.0,0.8836633663366337,0.85014325,0.00441732
A6,204.0,0.8836633663366337,0.85247135,0.004871223
A6,205.0,0.8836633663366337,0.8514255,0.0040874635
A6,206.0,0.8811881188118812,0.85475266,0.004503317
A6,207.0,0.8836633663366337,0.85599154,0.0039969105
A6,208.0,0.8811881188118812,0.8552682,0.0040644696
A6,209.0,0.8787128712871287,0.8645253,0.002346203
A6,210.0,0.8836633663366337,0.85125256,0.0041825734
A6,211.0,0.8787128712871287,0.8616787,0.002236286
A6,212.0,0.8811881188118812,0.8521117,0.004044972
A6,213.0,0.8811881188118812,0.85137117,0.0046735792
A6,214.0,0.8787128712871287,0.8565513,0.0034781978
A6,215.0,0.8811881188118812,0.85372734,0.004731142
A6,216.0,0.8811881188118812,0.85011494,0.0041409056
A6,217.0,0.8787128712871287,0.8565081,0.004218832
A6,218.0,0.8787128712871287,0.85592574,0.004021228
A6,219.0,0.8811881188118812,0.8512169,0.004590441
A6,220.0,0.8787128712871287,0.85750866,0.004401877
A6,221.0,0.8787128712871287,0.8538847,0.005060272
A6,222.0,0.8787128712871287,0.85931474,0.003876596
A6,223.0,0.8762376237623762,0.85930747,0.003684206
A6,224.0,0.8787128712871287,0.858424,0.0032951245
A6,225.0,0.8787128712871287,0.85343266,0.004735575
A6,226.0,0.8787128712871287,0.857055,0.00434162
A6,227.0,0.8787128712871287,0.8528199,0.0044576013
A6,228.0,0.8762376237623762,0.8564745,0.003635779
A6,229.0,0.8787128712871287,0.85196173,0.004279101
A6,230.0,0.8762376237623762,0.85529697,0.0036551766
A6,231.0,0.8787128712871287,0.8519188,0.004110887
A6,232.0,0.8762376237623762,0.8560136,0.004031024
A6,233.0,0.8787128712871287,0.851676,0.004461296
A6,234.0,0.8762376237623762,0.8534622,0.0047356407
A6,235.0,0.8762376237623762,0.8514632,0.004429287
A6,236.0,0.8762376237623762,0.8538024,0.0046653184
A6,237.0,0.8762376237623762,0.85135376,0.004376501
A6,238.0,0.8737623762376238,0.8520959,0.004191069
A6,239.0,0.8762376237623762,0.84991676,0.002657422
A6,240.0,0.8762376237623762,0.84589636,0.0028287193
A6,241.0,0.8762376237623762,0.85316515,0.0027974283
A6,242.0,0.8762376237623762,0.84548014,0.00293326
A6,243.0,0.8762376237623762,0.85193956,0.0029074822
A6,244.0,0.8762376237623762,0.8453285,0.0030936112
A6,245.0,0.8737623762376238,0.8518116,0.002835028
A6,246.0,0.8762376237623762,0.8449572,0.0031912948
A6,247.0,0.8712871287128713,0.8530613,0.0029259124
A6,248.0,0.8762376237623762,0.85220873,0.002457809
A6,249.0,0.8762376237623762,0.8463537,0.0032246213
A6,250.0,0.8737623762376238,0.8464223,0.0030857583
A6,251.0,0.8737623762376238,0.8477004,0.002639796
A6,252.0,0.8712871287128713,0.8517524,0.0025963227
A6,253.0,0.8737623762376238,0.8444656,0.002911443
A6,254.0,0.8688118811881188,0.854372,0.00252155
A6,255.0,0.8737623762376238,0.8501695,0.0026315134
A6,256.0,0.8712871287128713,0.8511276,0.0026902037
A6,257.0,0.8737623762376238,0.84542876,0.002998402
A6,258.0,0.8712871287128713,0.84632427,0.00240703
A6,259.0,0.8712871287128713,0.84611195,0.0026169773
A6,260.0,0.8688118811881188,0.85459834,0.0027707042
A6,261.0,0.8737623762376238,0.8498297,0.002969042
A6,262.0,0.8712871287128713,0.8433118,0.0033835776
A6,263.0,0.8712871287128713,0.85084087,0.0029033972
A6,264.0,0.8712871287128713,0.8432808,0.0033988762
A6,265.0,0.8712871287128713,0.8508879,0.0028689615
A6,266.0,0.8712871287128713,0.8433115,0.003426467
A7,1.0,1.0,0.9919518,0.002775426
A7,2.0,0.9925373134328358,0.9821932,0.002750503
A7,3.0,0.9875621890547264,0.98015654,0.0017885076
A7,4.0,0.9800995024875622,0.97492963,0.0023444581
A7,5.0,0.9751243781094527,0.9732456,0.0007874165
A7,6.0,0.9701492537313433,0.96966636,0.0027684534
A7,7.0,0.9651741293532339,0.9661887,0.0018706532
A7,8.0,0.9626865671641791,0.9637149,0.002420993
A7,9.0,0.9601990049751243,0.95895624,0.0030978352
A7,10.0,0.9577114427860697,0.95931387,0.0032008046
A7,11.0,0.9527363184079602,0.9579452,0.0024698828
A7,12.0,0.9502487562189055,0.9533374,0.0033771023
A7,13.0,0.9477611940298507,0.9557533,0.0028839388
A7,14.0,0.945273631840796,0.9510951,0.0035351547
A7,15.0,0.9427860696517413,0.9429693,0.0027452554
A7,16.0,0.9427860696517413,0.9334408,0.005881341
A7,17.0,0.9378109452736318,0.9284881,0.006366193
A7,18.0,0.9378109452736318,0.9354521,0.006398647
A7,19.0,0.9328358208955224,0.9395331,0.0054331613
A7,20.0,0.9328358208955224,0.9287343,0.005083944
A7,21.0,0.9303482587064676,0.9242827,0.0036285496
A7,22.0,0.9303482587064676,0.9250659,0.00378472
A7,23.0,0.927860696517413,0.9237396,0.0026353362
A7,24.0,0.927860696517413,0.9360566,0.0045037735
A7,25.0,0.9253731343283582,0.9394764,0.005000045
A7,26.0,0.9228855721393034,0.9367425,0.0038371463
A7,27.0,0.9203980099502488,0.9249749,0.004143047
A7,28.0,0.9203980099502488,0.9216728,0.0045126886
A7,29.0,0.917910447761194,0.9196566,0.0044710245
A7,30.0,0.917910447761194,0.9226061,0.0044214055
A7,31.0,0.917910447761194,0.9342658,0.0055918945
A7,32.0,0.9154228855721394,0.9352335,0.0045896703
A7,33.0,0.9129353233830846,0.9350578,0.0046149464
A7,34.0,0.9104477611940298,0.91084373,0.004048943
A7,35.0,0.9104477611940298,0.9134935,0.0035073033
A7,36.0,0.9079601990049752,0.91121405,0.003999779
A7,37.0,0.9079601990049752,0.9146783,0.003776707
A7,38.0,0.9079601990049752,0.9331649,0.0030221043
A7,39.0,0.9054726368159204,0.93408644,0.0039853896
A7,40.0,0.9054726368159204,0.93414146,0.003947348
A7,41.0,0.9029850746268657,0.9135307,0.0032908362
A7,42.0,0.900497512437811,0.91241753,0.003363336
A7,43.0,0.900497512437811,0.9115305,0.0028159693
A7,44.0,0.8980099502487562,0.90998536,0.0030364916
A7,45.0,0.900497512437811,0.9217037,0.0038219115
A7,46.0,0.8980099502487562,0.920728,0.003966964
A7,47.0,0.8955223880597015,0.903818,0.003811069
A7,48.0,0.8930348258706468,0.9054248,0.0033289103
A7,49.0,0.8930348258706468,0.908144,0.0037470516
A7,50.0,0.8930348258706468,0.9072714,0.0031671834
A7,51.0,0.8930348258706468,0.9116769,0.004768562
A7,52.0,0.8905472636815921,0.9170437,0.004784109
A7,53.0,0.8905472636815921,0.9188608,0.0036434815
A7,54.0,0.8880597014925373,0.8993883,0.0038735906
A7,55.0,0.8880597014925373,0.9129056,0.0032292583
A7,56.0,0.8830845771144279,0.89610815,0.003021329
A7,57.0,0.8830845771144279,0.8974222,0.0037294102
A7,58.0,0.8830845771144279,0.89940643,0.0039850483
A7,59.0,0.8805970149253731,0.8958601,0.003944912
A7,60.0,0.8830845771144279,0.90808374,0.0047732615
A7,61.0,0.8805970149253731,0.8938373,0.0034252012
A7,62.0,0.8805970149253731,0.90380955,0.004978923
A7,63.0,0.8756218905472637,0.89231956,0.0031143397
A7,64.0,0.8756218905472637,0.8900607,0.004371365
A7,65.0,0.8756218905472637,0.8847966,0.003145095
A7,66.0,0.8731343283582089,0.8840758,0.0024489018
A7,67.0,0.8706467661691543,0.8829172,0.004737421
A7,68.0,0.8706467661691543,0.88006705,0.0029125297
A7,69.0,0.8706467661691543,0.878792,0.0019702283
A7,70.0,0.8681592039800995,0.8807646,0.004091396
A7,71.0,0.8681592039800995,0.87825,0.0022143472
A7,72.0,0.8656716417910447,0.8774141,0.0035441364
A7,73.0,0.8656716417910447,0.8746975,0.0032089034
A7,74.0,0.8631840796019901,0.8733223,0.0019850421
A7,75.0,0.8631840796019901,0.87143767,0.0029553943
A7,76.0,0.8606965174129353,0.8706376,0.0029265967
A7,77.0,0.8606965174129353,0.8744949,0.0048765284
A7,78.0,0.8582089552238806,0.8688614,0.004021417
A7,79.0,0.8557213930348259,0.86781585,0.0024429131
A7,80.0,0.8507462686567164,0.8573328,0.0035717085
A7,81.0,0.8482587064676617,0.8528498,0.00230139
A7,82.0,0.845771144278607,0.84915894,0.0032968728
A7,83.0,0.8432835820895522,0.8444821,0.0029663206
A7,84.0,0.8407960199004975,0.8404914,0.0032238273
A7,85.0,0.8383084577114428,0.8364757,0.002150428
A7,86.0,0.835820895522388,0.8318114,0.0022371628
A7,87.0,0.8333333333333334,0.82115364,0.006765058
A7,88.0,0.8283582089552238,0.81830674,0.005433955
A7,89.0,0.8258706467661692,0.803802,0.0052592084
A7,90.0,0.8233830845771144,0.79836595,0.003951222
A7,91.0,0.818407960199005,0.7930593,0.006391002
A7,92.0,0.818407960199005,0.7942454,0.008098728
A7,93.0,0.8134328358208955,0.79520655,0.007566708
A7,94.0,0.8109452736318408,0.7933062,0.0051097157
A7,95.0,0.8034825870646766,0.7956263,0.0055888197
A7,96.0,0.8034825870646766,0.764342,0.008151739
A7,97.0,0.8009950248756219,0.78052765,0.008200532
A7,98.0,0.7985074626865671,0.7802919,0.008472848
A7,99.0,0.7985074626865671,0.7775573,0.008694121
A7,100.0,0.7960199004975125,0.7733758,0.008662939
A7,101.0,0.7935323383084577,0.77222097,0.00920235
A7,102.0,0.7910447761194029,0.7701666,0.009165859
A7,103.0,0.7885572139303483,0.76555634,0.010115328
A7,104.0,0.7860696517412935,0.76297414,0.00890691
A7,105.0,0.7810945273631841,0.74818695,0.011387815
A7,106.0,0.7835820895522388,0.74768054,0.010751012
A7,107.0,0.7835820895522388,0.76308095,0.006829845
A7,108.0,0.7761194029850746,0.7506813,0.012105605
A7,109.0,0.7761194029850746,0.7454948,0.01162407
A7,110.0,0.7736318407960199,0.7451499,0.010530907
A7,111.0,0.7711442786069652,0.7357943,0.0127677675
A7,112.0,0.7711442786069652,0.73341,0.008214715
A7,113.0,0.763681592039801,0.7380796,0.013410991
A7,114.0,0.763681592039801,0.7332544,0.013937625
A7,115.0,0.7611940298507462,0.7279045,0.011518759
A7,116.0,0.7587064676616916,0.7223317,0.008317954
A7,117.0,0.7562189054726368,0.72222716,0.009266978
A7,118.0,0.753731343283582,0.717046,0.0051501966
A7,119.0,0.7512437810945274,0.72769755,0.0064786267
A7,120.0,0.7487562189054726,0.7158364,0.007374566
A7,121.0,0.746268656716418,0.7167798,0.009134952
A7,122.0,0.7437810945273632,0.71801984,0.008966567
A7,123.0,0.7412935323383084,0.7396715,0.0072115827
A7,124.0,0.7437810945273632,0.70597434,0.01636185
A7,125.0,0.736318407960199,0.7320661,0.010005783
A7,126.0,0.7313432835820896,0.7351359,0.009579674
A7,127.0,0.7288557213930348,0.7343552,0.009143274
A7,128.0,0.7263681592039801,0.7143325,0.009916926
A7,129.0,0.7263681592039801,0.7185722,0.014306371
A7,130.0,0.7213930348258707,0.6956624,0.015262997
A7,131.0,0.7139303482587065,0.7256544,0.0072521446
A7,132.0,0.7114427860696517,0.7240298,0.009028001
A7,133.0,0.7089552238805971,0.72623414,0.008540409
A7,134.0,0.7114427860696517,0.66974986,0.012381134
A7,135.0,0.7014925373134329,0.694843,0.013940951
A7,136.0,0.6965174129353234,0.70495635,0.006993755
A7,137.0,0.6965174129353234,0.6772013,0.011074637
A7,138.0,0.6940298507462687,0.6820756,0.011439707
A7,139.0,0.6890547263681592,0.6848834,0.010335026
A7,140.0,0.6865671641791045,0.6372106,0.0102109965
A7,141.0,0.6766169154228856,0.63682574,0.00890046
A7,142.0,0.6716417910447762,0.6589092,0.007895404
A7,143.0,0.6691542288557214,0.6279038,0.0051444084
A7,144.0,0.664179104477612,0.63209826,0.008644642
A7,145.0,0.6592039800995025,0.62357444,0.006588814
A7,146.0,0.654228855721393,0.61988974,0.007371892
A7,147.0,0.6492537313432836,0.61748374,0.0084299715
A7,148.0,0.6442786069651741,0.61757886,0.006947122
A7,149.0,0.6393034825870647,0.62437713,0.006519339
A7,150.0,0.6343283582089553,0.61693764,0.007116137
A7,151.0,0.6293532338308457,0.6145293,0.006059428
A7,152.0,0.6218905472636815,0.61057526,0.0066354284
A7,153.0,0.6144278606965174,0.6106994,0.006110828
A7,154.0,0.6094527363184079,0.59588546,0.008683809
A7,155.0,0.6044776119402985,0.59780663,0.008058988
A7,156.0,0.5970149253731343,0.59741336,0.00913527
A7,157.0,0.5920398009950248,0.59616435,0.008872423
A7,158.0,0.5845771144278606,0.5900852,0.010516958
A7,159.0,0.5771144278606966,0.5080221,0.009992729
A7,160.0,0.5671641791044776,0.50847256,0.008572722
A7,161.0,0.5597014925373134,0.53673995,0.012865638
A7,162.0,0.554726368159204,0.50155205,0.012578325
A7,163.0,0.5447761194029851,0.51927716,0.01669133
A7,164.0,0.5373134328358209,0.5141074,0.016689958
A7,165.0,0.5298507462686567,0.5172719,0.017176967
A7,166.0,0.5199004975124378,0.5189302,0.016908225
A7,167.0,0.5124378109452736,0.5155535,0.015376262
A7,168.0,0.5049751243781094,0.5041682,0.013066755
A7,169.0,0.4975124378109453,0.51161003,0.02065381
A7,170.0,0.4900497512437811,0.5183674,0.01680262
A7,171.0,0.48009950248756217,0.5160827,0.0150147965
A7,172.0,0.4701492537313433,0.5132998,0.017769456
A7,173.0,0.4601990049751244,0.5141841,0.019898681
A7,174.0,0.4527363184079602,0.5074719,0.02139698
A7,175.0,0.4427860696517413,0.50527704,0.019090034
A7,176.0,0.43532338308457713,0.5042199,0.018536752
A7,177.0,0.4253731343283582,0.49681354,0.017562317
A7,178.0,0.4154228855721393,0.49187127,0.015706575
A7,179.0,0.4079601990049751,0.48868427,0.014615233
A7,180.0,0.39800995024875624,0.48293537,0.011618388
A7,181.0,0.3880597014925373,0.47266063,0.008241392
A7,182.0,0.3781094527363184,0.47184873,0.008817443
A7,183.0,0.3681592039800995,0.46729645,0.012896479
A7,184.0,0.36069651741293535,0.46018416,0.013180294
A7,185.0,0.35074626865671643,0.45783472,0.012467039
A7,186.0,0.34328358208955223,0.45681024,0.012765919
A7,187.0,0.3358208955223881,0.45234513,0.012967193
A7,188.0,0.3283582089552239,0.43640858,0.01483959
A7,189.0,0.3208955223880597,0.43272215,0.013938652
A7,190.0,0.31343283582089554,0.42469406,0.016216282
A7,191.0,0.30597014925373134,0.40653569,0.016562873
A7,192.0,0.29850746268656714,0.3908442,0.014976516
A7,193.0,0.291044776119403,0.38379782,0.01538203
A7,194.0,0.2835820895522388,0.36839914,0.015691184
A7,195.0,0.27860696517412936,0.35935897,0.014648077
A7,196.0,0.27114427860696516,0.35232717,0.020208245
A7,197.0,0.26616915422885573,0.34083384,0.019628368
A7,198.0,0.25870646766169153,0.32934013,0.019843426
A7,199.0,0.24875621890547264,0.31770822,0.01970297
A7,200.0,0.04776119402985075,0.14610732,0.041122183
A7,201.0,0.04203980099502488,0.12459703,0.024220075
A7,202.0,0.03980099502487562,0.09435722,0.028577033
A7,203.0,0.03805970149253731,0.11640899,0.031136073
A7,204.0,0.03731343283582089,0.061128497,0.0063552405
A7,205.0,0.03631840796019901,0.07097338,0.03212423
A7,206.0,0.036069651741293535,0.06732428,0.008204399
A7,207.0,0.035323383084577116,0.06729549,0.008206591
A7,208.0,0.03557213930348259,0.06744758,0.008190803
A7,209.0,0.03582089552238806,0.061715387,0.0064263446
A7,210.0,0.03582089552238806,0.06134391,0.0071080816
A7,211.0,0.03507462686567164,0.06692287,0.0061984407
A7,212.0,0.03482587064676617,0.06489663,0.0072878604
A7,213.0,0.03407960199004975,0.05965014,0.0084256055
A7,214.0,0.03333333333333333,0.0590489,0.008053908
A7,215.0,0.032587064676616914,0.060076453,0.006699219
A7,216.0,0.031840796019900496,0.060609646,0.0061450363
A7,217.0,0.030845771144278607,0.062594935,0.0072735418
A7,218.0,0.03034825870646766,0.04164774,0.003993118
A7,219.0,0.03034825870646766,0.03977881,0.0021840353
A7,220.0,0.030597014925373135,0.05738194,0.0081070345
A7,221.0,0.030845771144278607,0.040843587,0.0042888494
A7,222.0,0.030845771144278607,0.041114766,0.0036391832
A7,223.0,0.03109452736318408,0.054282207,0.00979048
A7,224.0,0.030845771144278607,0.03990686,0.002215128
A7,225.0,0.03009950248756219,0.0403725,0.0038167867
A7,226.0,0.029601990049751243,0.0396664,0.0038165178
A7,227.0,0.02935323383084577,0.03877175,0.0020117948
A7,228.0,0.029104477611940297,0.037761427,0.0014994085
A7,229.0,0.028358208955223882,0.03787801,0.00221274
A7,230.0,0.02810945273631841,0.035857793,0.0010628614
A7,231.0,0.027860696517412936,0.036847033,0.0010239109
A7,232.0,0.02810945273631841,0.03785781,0.002178291
A7,233.0,0.028606965174129355,0.03747759,0.0023084267
A7,234.0,0.028606965174129355,0.037113268,0.001271113
A7,235.0,0.028855721393034824,0.03728386,0.0026949977
A7,236.0,0.028606965174129355,0.037022825,0.0012782358
A7,237.0,0.02810945273631841,0.036719248,0.0013356314
A7,238.0,0.02810945273631841,0.036260765,0.0007068393
A7,239.0,0.027860696517412936,0.035205014,0.0005212243
A7,240.0,0.027611940298507463,0.0351538,0.00054268964
A7,241.0,0.02736318407960199,0.035736118,0.0007227644
A7,242.0,0.027114427860696518,0.03440638,0.0010453659
A7,243.0,0.026865671641791045,0.03457149,0.001047542
A7,244.0,0.02661691542288557,0.03434948,0.0009120716
A7,245.0,0.02661691542288557,0.03381404,0.0015441731
A7,246.0,0.02661691542288557,0.03400437,0.0016399906
A7,247.0,0.02661691542288557,0.03434981,0.00088045
A7,248.0,0.02661691542288557,0.033826962,0.0015455806
A7,249.0,0.02661691542288557,0.03413493,0.0007346935
A7,250.0,0.0263681592039801,0.03344725,0.0013752255
A7,251.0,0.026119402985074626,0.033337884,0.001295064
A7,252.0,0.025870646766169153,0.03385894,0.0014116842
A7,253.0,0.02562189054726368,0.033220753,0.0009171417
A7,254.0,0.025373134328358207,0.03113605,0.00097588083
A7,255.0,0.025124378109452738,0.031175535,0.0010138877
A7,256.0,0.024626865671641792,0.030672345,0.0009013742
A7,257.0,0.024353233830845773,0.029297952,0.00061223266
A7,258.0,0.02390547263681592,0.02871206,0.00052297977
A7,259.0,0.023606965174129354,0.029299239,0.0008097193
A7,260.0,0.023407960199004974,0.028261388,0.0005495171
A7,261.0,0.02318407960199005,0.028458122,0.0006024849
A7,262.0,0.023109452736318408,0.027972009,0.00042350552
A7,263.0,0.022885572139303482,0.028134298,0.00047512076
A7,264.0,0.022711442786069652,0.028044954,0.0004884162
A7,265.0,0.022437810945273633,0.027840346,0.00044072498
A7,266.0,0.022338308457711443,0.027349036,0.00082780956
A7,267.0,0.02208955223880597,0.027789861,0.00045451758
A7,268.0,0.021940298507462687,0.02766403,0.0005617192
A7,269.0,0.02171641791044776,0.026779369,0.0009916433
A7,270.0,0.021592039800995024,0.027641421,0.0005993287
A7,271.0,0.021467661691542288,0.026219994,0.0007449899
A7,272.0,0.021517412935323384,0.025962904,0.00053873257
A7,273.0,0.02144278606965174,0.02624168,0.00073987653
A7,274.0,0.021318407960199005,0.026072362,0.00076512777
A7,275.0,0.021318407960199005,0.024953578,0.00047062009
A7,276.0,0.021218905472636815,0.02510393,0.00043314163
A7,277.0,0.021194029850746268,0.025758797,0.00057724287
A7,278.0,0.02082089552238806,0.02486748,0.0006246043
A7,279.0,0.02064676616915423,0.024902541,0.0005802039
A7,280.0,0.020522388059701493,0.024387563,0.00081187
A7,281.0,0.020298507462686566,0.024644189,0.00074296806
A7,282.0,0.020099502487562187,0.02448612,0.0011499947
A7,283.0,0.02017412935323383,0.024353068,0.0010650074
A7,284.0,0.02017412935323383,0.024161397,0.0010598311
A7,285.0,0.01997512437810945,0.024030149,0.0011349395
A7,286.0,0.020074626865671644,0.023920018,0.0005518452
A7,287.0,0.020248756218905473,0.023930538,0.0005448103
A7,288.0,0.02019900497512438,0.02389479,0.0006023334
A7,289.0,0.020124378109452737,0.023889264,0.0005310913
A7,290.0,0.020149253731343283,0.023995057,0.0006515969
A7,291.0,0.019850746268656717,0.023690555,0.00058860873
A7,292.0,0.01962686567164179,0.023870451,0.0011106177
A7,293.0,0.0195273631840796,0.023280418,0.0017207174
A7,294.0,0.01945273631840796,0.0226339,0.0019745603
A7,295.0,0.019228855721393035,0.023040857,0.0017008862
A7,296.0,0.01912935323383085,0.023015618,0.0017923213
A7,297.0,0.019303482587064675,0.022500375,0.0021564208
A7,298.0,0.0191044776119403,0.02292626,0.0017643672
A7,299.0,0.018930348258706466,0.022906454,0.0017392781
A7,300.0,0.01917910447761194,0.02262256,0.002065096
A8,1.0,1.0,0.9935095,0.0015155731
A8,2.0,0.9950372208436724,0.9909109,0.001748415
A8,3.0,0.9875930521091811,0.9897426,0.001358555
A8,4.0,0.9851116625310173,0.988918,0.0013560146
A8,5.0,0.9801488833746899,0.9825665,0.0018421754
A8,6.0,0.9751861042183623,0.98160106,0.0019448296
A8,7.0,0.9727047146401985,0.9814352,0.0025090834
A8,8.0,0.9702233250620348,0.9750633,0.002627491
A8,9.0,0.967741935483871,0.9752406,0.0026192598
A8,10.0,0.9627791563275434,0.97035664,0.0040489817
A8,11.0,0.9602977667493796,0.96568716,0.004109088
A8,12.0,0.9578163771712159,0.9663583,0.0039934986
A8,13.0,0.9578163771712159,0.96011245,0.0028278895
A8,14.0,0.9553349875930521,0.9635984,0.0030710977
A8,15.0,0.9528535980148883,0.96015006,0.0035107706
A8,16.0,0.9503722084367245,0.9577902,0.0037495198
A8,17.0,0.9478908188585607,0.9591206,0.003288591
A8,18.0,0.9478908188585607,0.95657235,0.0022908954
A8,19.0,0.9454094292803971,0.9481683,0.0024225903
A8,20.0,0.9454094292803971,0.9440225,0.0020699985
A8,21.0,0.9429280397022333,0.94240963,0.0015629701
A8,22.0,0.9429280397022333,0.94044864,0.0013316927
A8,23.0,0.9404466501240695,0.945748,0.00198848
A8,24.0,0.9404466501240695,0.9440163,0.002829512
A8,25.0,0.9379652605459057,0.94194615,0.00129008
A8,26.0,0.9354838709677419,0.9395834,0.0027293013
A8,27.0,0.9354838709677419,0.93747485,0.0026396362
A8,28.0,0.9330024813895782,0.9443164,0.003707782
A8,29.0,0.9330024813895782,0.9385344,0.0017844831
A8,30.0,0.9330024813895782,0.9338461,0.003106633
A8,31.0,0.9330024813895782,0.93503016,0.0020583025
A8,32.0,0.9305210918114144,0.9349101,0.0019608894
A8,33.0,0.9280397022332506,0.93184423,0.0020675668
A8,34.0,0.9280397022332506,0.9311946,0.002106126
A8,35.0,0.9280397022332506,0.93195695,0.0016401294
A8,36.0,0.9255583126550868,0.931369,0.001740806
A8,37.0,0.9255583126550868,0.93052846,0.0032536313
A8,38.0,0.9255583126550868,0.9310318,0.0026329781
A8,39.0,0.9255583126550868,0.93108195,0.002702115
A8,40.0,0.9230769230769231,0.93147993,0.0020411955
A8,41.0,0.9230769230769231,0.93233395,0.0014319326
A8,42.0,0.9205955334987593,0.93105793,0.0014447527
A8,43.0,0.9205955334987593,0.9309842,0.0018348249
A8,44.0,0.9205955334987593,0.9238331,0.0017899729
A8,45.0,0.9205955334987593,0.9244336,0.0014302044
A8,46.0,0.9181141439205955,0.9287542,0.0023922701
A8,47.0,0.9181141439205955,0.92821455,0.0025458338
A8,48.0,0.9156327543424317,0.9303907,0.0020122952
A8,49.0,0.9156327543424317,0.92989814,0.0023359186
A8,50.0,0.9156327543424317,0.9239372,0.0020925342
A8,51.0,0.9156327543424317,0.9231105,0.0019012414
A8,52.0,0.9156327543424317,0.92279863,0.0019611367
A8,53.0,0.913151364764268,0.9246443,0.0011960187
A8,54.0,0.913151364764268,0.9214508,0.0021423087
A8,55.0,0.913151364764268,0.92274606,0.0019044622
A8,56.0,0.9106699751861043,0.9244407,0.0015447868
A8,57.0,0.913151364764268,0.9202539,0.0025824257
A8,58.0,0.9106699751861043,0.92275494,0.0024756384
A8,59.0,0.9106699751861043,0.9185936,0.0017690483
A8,60.0,0.9081885856079405,0.9219047,0.0021988698
A8,61.0,0.9106699751861043,0.91835576,0.001543253
A8,62.0,0.9081885856079405,0.91998374,0.0023324098
A8,63.0,0.9057071960297767,0.9215889,0.0022415132
A8,64.0,0.9081885856079405,0.913612,0.0017149883
A8,65.0,0.9057071960297767,0.9181444,0.0021627697
A8,66.0,0.9057071960297767,0.90929556,0.0024082682
A8,67.0,0.9057071960297767,0.9137065,0.0018097516
A8,68.0,0.9032258064516129,0.9167234,0.001985026
A8,69.0,0.9057071960297767,0.90895337,0.0023235367
A8,70.0,0.9032258064516129,0.9128084,0.0018738741
A8,71.0,0.9032258064516129,0.90857774,0.0014446066
A8,72.0,0.9007444168734491,0.91202843,0.0021302018
A8,73.0,0.9007444168734491,0.9083907,0.0026617798
A8,74.0,0.9007444168734491,0.9069072,0.002853714
A8,75.0,0.9007444168734491,0.90586185,0.001610835
A8,76.0,0.8982630272952854,0.9049479,0.0013707165
A8,77.0,0.9007444168734491,0.90257484,0.0017986083
A8,78.0,0.8982630272952854,0.90346944,0.0015390423
A8,79.0,0.8982630272952854,0.90373105,0.001806763
A8,80.0,0.8957816377171216,0.90873706,0.0017085164
A8,81.0,0.8957816377171216,0.9024867,0.0017942219
A8,82.0,0.8957816377171216,0.90133125,0.0012510048
A8,83.0,0.8957816377171216,0.9011389,0.0016275379
A8,84.0,0.8957816377171216,0.9010333,0.0018488251
A8,85.0,0.8933002481389578,0.9000907,0.0021133667
A8,86.0,0.8933002481389578,0.9001152,0.0020742472
A8,87.0,0.8933002481389578,0.89962304,0.0025400582
A8,88.0,0.8933002481389578,0.8988908,0.0028072512
A8,89.0,0.890818858560794,0.8951584,0.0023525676
A8,90.0,0.890818858560794,0.89449215,0.0022219021
A8,91.0,0.890818858560794,0.89355487,0.0018921988
A8,92.0,0.890818858560794,0.8896858,0.0019525386
A8,93.0,0.890818858560794,0.8898587,0.0018730597
A8,94.0,0.8883374689826302,0.88852656,0.001983064
A8,95.0,0.8883374689826302,0.8899473,0.003031233
A8,96.0,0.8883374689826302,0.88935405,0.003435644
A8,97.0,0.8883374689826302,0.8881804,0.002035778
A8,98.0,0.8858560794044665,0.88831216,0.001892609
A8,99.0,0.8858560794044665,0.8885288,0.0021352747
A8,100.0,0.8858560794044665,0.88720477,0.0024948365
A8,101.0,0.8858560794044665,0.8864757,0.0028262986
A8,102.0,0.8833746898263027,0.88660395,0.002796492
A8,103.0,0.8833746898263027,0.88312924,0.0027269097
A8,104.0,0.8833746898263027,0.8859514,0.002439671
A8,105.0,0.8833746898263027,0.8808781,0.0025672326
A8,106.0,0.8833746898263027,0.88234884,0.0010819858
A8,107.0,0.8808933002481389,0.8813467,0.0030650715
A8,108.0,0.8808933002481389,0.88053733,0.0019505146
A8,109.0,0.8808933002481389,0.8807232,0.0018888864
A8,110.0,0.8808933002481389,0.88042295,0.0021237822
A8,111.0,0.8808933002481389,0.87619555,0.0023152106
A8,112.0,0.8784119106699751,0.87998676,0.003335993
A8,113.0,0.8784119106699751,0.8807193,0.0034414898
A8,114.0,0.8784119106699751,0.8801545,0.003310542
A8,115.0,0.8759305210918115,0.87695265,0.0039026695
A8,116.0,0.8759305210918115,0.8754247,0.0027037635
A8,117.0,0.8759305210918115,0.87630635,0.0037964343
A8,118.0,0.8759305210918115,0.8787014,0.0031580753
A8,119.0,0.8759305210918115,0.8794303,0.0033407048
A8,120.0,0.8734491315136477,0.8753747,0.0037035702
A8,121.0,0.8734491315136477,0.87432814,0.0028988745
A8,122.0,0.8734491315136477,0.8723281,0.0037785945
A8,123.0,0.8734491315136477,0.8726276,0.0039738114
A8,124.0,0.8734491315136477,0.8704551,0.0013102555
A8,125.0,0.8734491315136477,0.87048876,0.0026926645
A8,126.0,0.8709677419354839,0.8720685,0.0039879447
A8,127.0,0.8709677419354839,0.8712301,0.0034692439
A8,128.0,0.8709677419354839,0.87132823,0.0029650854
A8,129.0,0.8684863523573201,0.87067443,0.0031607966
A8,130.0,0.8684863523573201,0.8729469,0.0031814093
A8,131.0,0.8684863523573201,0.8703763,0.002608043
A8,132.0,0.8684863523573201,0.871284,0.0024352854
A8,133.0,0.8709677419354839,0.8690648,0.001971643
A8,134.0,0.8684863523573201,0.8698206,0.0026246037
A8,135.0,0.8660049627791563,0.86939925,0.0025888453
A8,136.0,0.8660049627791563,0.86917096,0.002372887
A8,137.0,0.8684863523573201,0.869023,0.0014612722
A8,138.0,0.8684863523573201,0.87202865,0.0021929133
A8,139.0,0.8660049627791563,0.86852723,0.0019397147
A8,140.0,0.8635235732009926,0.86789465,0.0023916278
A8,141.0,0.8635235732009926,0.8673197,0.0022763025
A8,142.0,0.8635235732009926,0.86746585,0.0023793732
A8,143.0,0.8635235732009926,0.86807716,0.0020904609
A8,144.0,0.8610421836228288,0.86790055,0.0023849104
A8,145.0,0.8610421836228288,0.8676361,0.0022732846
A8,146.0,0.8610421836228288,0.86756116,0.001997832
A8,147.0,0.8610421836228288,0.86700374,0.0021062067
A8,148.0,0.8610421836228288,0.8676232,0.0014793699
A8,149.0,0.8610421836228288,0.86724675,0.0016680794
A8,150.0,0.8610421836228288,0.8669425,0.001522306
A8,151.0,0.858560794044665,0.8668672,0.001741111
A8,152.0,0.858560794044665,0.8664249,0.0019058808
A8,153.0,0.858560794044665,0.86604434,0.0017510061
A8,154.0,0.8560794044665012,0.86500216,0.0017850507
A8,155.0,0.8560794044665012,0.8652666,0.0019614452
A8,156.0,0.8560794044665012,0.86704874,0.0013496306
A8,157.0,0.8535980148883374,0.86268675,0.0020199702
A8,158.0,0.8535980148883374,0.86304295,0.0023215811
A8,159.0,0.8560794044665012,0.8660838,0.0010418515
A8,160.0,0.8535980148883374,0.8645876,0.0011960111
A8,161.0,0.8511166253101737,0.86235654,0.0022979274
A8,162.0,0.8535980148883374,0.862455,0.001403107
A8,163.0,0.8535980148883374,0.86441267,0.0012987369
A8,164.0,0.8511166253101737,0.86499804,0.0014595236
A8,165.0,0.8511166253101737,0.8640686,0.0013187042
A8,166.0,0.8511166253101737,0.86238015,0.0021843463
A8,167.0,0.8511166253101737,0.86190224,0.0023980571
A8,168.0,0.8486352357320099,0.8616163,0.001649714
A8,169.0,0.8486352357320099,0.8621267,0.0014346783
A8,170.0,0.8486352357320099,0.8619913,0.0014433089
A8,171.0,0.8486352357320099,0.8626169,0.0015089988
A8,172.0,0.8461538461538461,0.8637482,0.0019741955
A8,173.0,0.8461538461538461,0.86393976,0.0021081297
A8,174.0,0.8461538461538461,0.8637357,0.002202596
A8,175.0,0.8436724565756824,0.86343765,0.0020698807
A8,176.0,0.8436724565756824,0.8626854,0.0017319305
A8,177.0,0.8436724565756824,0.8627254,0.00189322
A8,178.0,0.8436724565756824,0.8618782,0.0016632399
A8,179.0,0.8411910669975186,0.8626827,0.0015470496
A8,180.0,0.8411910669975186,0.86181307,0.00209477
A8,181.0,0.8411910669975186,0.8618224,0.0018790987
A8,182.0,0.8387096774193549,0.8611558,0.002488661
A8,183.0,0.8387096774193549,0.86149454,0.0026097957
A8,184.0,0.8387096774193549,0.8614362,0.0026845846
A8,185.0,0.8387096774193549,0.8611913,0.0025158627
A8,186.0,0.8362282878411911,0.861174,0.0023187508
A8,187.0,0.8362282878411911,0.86110324,0.0023701044
A8,188.0,0.8362282878411911,0.861561,0.002548827
A8,189.0,0.8362282878411911,0.860985,0.0024711685
A8,190.0,0.8337468982630273,0.8609954,0.0026001916
A8,191.0,0.8337468982630273,0.86101615,0.0024969429
A8,192.0,0.8337468982630273,0.8610945,0.0025076643
A8,193.0,0.8312655086848635,0.8608798,0.0022561392
A8,194.0,0.8312655086848635,0.85957146,0.0021473253
A8,195.0,0.8312655086848635,0.8594285,0.0021495156
A8,196.0,0.8287841191066998,0.860149,0.0019099282
A8,197.0,0.8287841191066998,0.8595346,0.0017979892
A8,198.0,0.8287841191066998,0.85649616,0.0027467846
A8,199.0,0.8287841191066998,0.85452175,0.002419161
A8,200.0,0.826302729528536,0.8535225,0.0020144775
A8,201.0,0.826302729528536,0.85357666,0.0022528842
A8,202.0,0.826302729528536,0.8466511,0.0029269753
A8,203.0,0.8238213399503722,0.85050124,0.0023100155
A8,204.0,0.8238213399503722,0.8462577,0.0033330757
A8,205.0,0.8213399503722084,0.8471014,0.003163963
A8,206.0,0.8238213399503722,0.84574795,0.0038398083
A8,207.0,0.8188585607940446,0.8401383,0.0037489396
A8,208.0,0.8188585607940446,0.84662807,0.0025841116
A8,209.0,0.8163771712158809,0.8432703,0.0027146544
A8,210.0,0.8188585607940446,0.84330016,0.002423712
A8,211.0,0.8138957816377171,0.8471452,0.004002546
A8,212.0,0.8163771712158809,0.8453051,0.0038804198
A8,213.0,0.8163771712158809,0.8401888,0.0019508412
A8,214.0,0.8114143920595533,0.8425829,0.0026453927
A8,215.0,0.8138957816377171,0.81927264,0.007922901
A8,216.0,0.8114143920595533,0.8409403,0.0032717392
A8,217.0,0.8138957816377171,0.83712894,0.0034374266
A8,218.0,0.8114143920595533,0.81563824,0.0078049796
A8,219.0,0.8114143920595533,0.8100723,0.009134924
A8,220.0,0.8064516129032258,0.8134757,0.0067875534
A8,221.0,0.8064516129032258,0.81157845,0.007861224
A8,222.0,0.8039702233250621,0.81136954,0.009816812
A8,223.0,0.8039702233250621,0.8102752,0.009975779
A8,224.0,0.8014888337468983,0.8094656,0.00927379
A8,225.0,0.8014888337468983,0.80521977,0.01022843
A8,226.0,0.7965260545905707,0.79869384,0.008567805
A8,227.0,0.7990074441687345,0.8005806,0.010566642
A8,228.0,0.7965260545905707,0.7999449,0.0063830833
A8,229.0,0.7965260545905707,0.79530364,0.013231677
A8,230.0,0.7915632754342432,0.7984217,0.006499488
A8,231.0,0.7915632754342432,0.7935573,0.013809868
A8,232.0,0.7890818858560794,0.7926265,0.0067652375
A8,233.0,0.7890818858560794,0.7952205,0.0075541646
A8,234.0,0.7866004962779156,0.7871183,0.006901347
A8,235.0,0.7841191066997518,0.79047143,0.008230479
A8,236.0,0.7841191066997518,0.7847352,0.009565958
A8,237.0,0.7791563275434243,0.7904161,0.0056402287
A8,238.0,0.7791563275434243,0.782933,0.007473453
A8,239.0,0.7741935483870968,0.7726818,0.0077797715
A8,240.0,0.771712158808933,0.7881084,0.008495404
A8,241.0,0.7692307692307693,0.776028,0.0060399906
A8,242.0,0.7692307692307693,0.780015,0.0087659
A8,243.0,0.7642679900744417,0.7728583,0.005571541
A8,244.0,0.7642679900744417,0.77326626,0.0058901845
A8,245.0,0.7617866004962779,0.76798594,0.0062201135
A8,246.0,0.7593052109181141,0.7710691,0.00586377
A8,247.0,0.7568238213399504,0.77268636,0.005100103
A8,248.0,0.7543424317617866,0.76982003,0.0067960904
A8,249.0,0.7543424317617866,0.77038705,0.0059048277
A8,250.0,0.7518610421836228,0.7755214,0.009167728
A8,251.0,0.749379652605459,0.7671507,0.0060466276
A8,252.0,0.7468982630272953,0.7677165,0.0060545765
A8,253.0,0.7419354838709677,0.7648948,0.008312698
A8,254.0,0.7419354838709677,0.7630673,0.0074834265
A8,255.0,0.7419354838709677,0.7653171,0.0075020464
A8,256.0,0.7369727047146402,0.7641427,0.004932016
A8,257.0,0.7344913151364765,0.76269114,0.005890846
A8,258.0,0.7320099255583127,0.762665,0.004779504
A8,259.0,0.7295285359801489,0.7580713,0.0044725356
A8,260.0,0.7270471464019851,0.75669664,0.0060781934
A8,261.0,0.7270471464019851,0.75761366,0.006104582
A8,262.0,0.7220843672456576,0.75333506,0.004973826
A8,263.0,0.7220843672456576,0.7487742,0.0050387797
A8,264.0,0.7196029776674938,0.753029,0.0045645833
A8,265.0,0.71712158808933,0.7437829,0.0040213475
A8,266.0,0.7121588089330024,0.7484596,0.004630092
B1,1.0,1.0,1.0000224,0.0052355127
B1,2.0,1.019672131147541,1.0060809,0.015372404
B1,3.0,1.0295081967213116,1.0246327,0.008315144
B1,4.0,1.0360655737704918,1.0283211,0.004304722
B1,5.0,1.039344262295082,1.0314157,0.00491486
B1,6.0,1.0262295081967212,1.0244241,0.005355146
B1,7.0,0.9934426229508196,0.95808256,0.014904697
B1,8.0,0.9704918032786886,0.8693824,0.019962346
B1,9.0,0.9540983606557377,0.8320961,0.017707985
B1,10.0,0.9311475409836065,0.8341028,0.013493213
B1,11.0,0.9114754098360656,0.82201433,0.009142993
B1,12.0,0.8885245901639345,0.8073249,0.010613835
B1,13.0,0.8622950819672132,0.7967786,0.010843546
B1,14.0,0.839344262295082,0.793419,0.0125303995
B1,15.0,0.8163934426229508,0.8011554,0.02228943
B1,16.0,0.7934426229508197,0.8003315,0.025818566
B1,17.0,0.7737704918032787,0.8103159,0.033518896
B1,18.0,0.7540983606557377,0.7751113,0.021890447
B1,19.0,0.7344262295081967,0.6941636,0.013189237
B1,20.0,0.7081967213114754,0.6337189,0.017653003
B1,21.0,0.6754098360655738,0.571293,0.0147857955
B1,22.0,0.6557377049180327,0.55698544,0.012168258
B1,23.0,0.6459016393442623,0.5511491,0.014903101
B1,24.0,0.6327868852459017,0.49966836,0.015325883
B1,25.0,0.6196721311475409,0.5125206,0.010850815
B1,26.0,0.6131147540983607,0.46010464,0.023921998
B1,27.0,0.5934426229508196,0.44955269,0.016115278
B1,28.0,0.5672131147540984,0.50196326,0.017270569
B1,29.0,0.5540983606557377,0.46766502,0.023827655
B1,30.0,0.5344262295081967,0.4720233,0.027593637
B1,31.0,0.5147540983606558,0.43338004,0.020022776
B1,32.0,0.5114754098360655,0.42203984,0.016573295
B1,33.0,0.49508196721311476,0.42960224,0.018146053
B1,34.0,0.47540983606557374,0.40778318,0.016149476
B1,35.0,0.4426229508196721,0.3646939,0.018020961
B1,36.0,0.4491803278688525,0.35442203,0.011991287
B1,37.0,0.4426229508196721,0.35941607,0.010213665
B1,38.0,0.4131147540983607,0.29928035,0.016559634
B1,39.0,0.35737704918032787,0.29001266,0.022046424
B1,40.0,0.39672131147540984,0.28435844,0.022396222
B1,41.0,0.36721311475409835,0.27867627,0.01671158
B1,42.0,0.3442622950819672,0.24523222,0.02340047
B1,43.0,0.3639344262295082,0.28036076,0.016152538
B1,44.0,0.35737704918032787,0.24512729,0.02712791
B1,45.0,0.3475409836065574,0.23918474,0.027935635
B1,46.0,0.3377049180327869,0.23971894,0.023308685
B1,47.0,0.3118032786885246,0.23344569,0.01885743
B1,48.0,0.30885245901639347,0.22994235,0.016255641
B1,49.0,0.2862295081967213,0.22089422,0.017712371
B1,50.0,0.28688524590163933,0.20715587,0.015026475
B1,51.0,0.2839344262295082,0.21314983,0.016449245
B1,52.0,0.28918032786885245,0.21086578,0.015328857
B1,53.0,0.2537704918032787,0.19374606,0.014226617
B1,54.0,0.259672131147541,0.22168751,0.019229105
B1,55.0,0.2698360655737705,0.22195038,0.02034307
B1,56.0,0.2659016393442623,0.21051565,0.016318893
B1,57.0,0.25934426229508195,0.21005383,0.015163586
B1,58.0,0.2498360655737705,0.21501677,0.019859511
B1,59.0,0.24721311475409835,0.21465442,0.018698465
B1,60.0,0.23737704918032787,0.20811057,0.015188806
B1,61.0,0.23344262295081966,0.21335897,0.0191527
B1,62.0,0.21868852459016394,0.21288434,0.020755198
B1,63.0,0.2,0.1938405,0.01822523
B1,64.0,0.20688524590163934,0.20689857,0.019230092
B1,65.0,0.18754098360655738,0.19443731,0.020091783
B1,66.0,0.18754098360655738,0.1788803,0.022542126
B1,67.0,0.14163934426229507,0.16321078,0.026150497
B1,68.0,0.20655737704918034,0.18666,0.010459277
B1,69.0,0.18918032786885247,0.15181312,0.013023813
B1,70.0,0.2022950819672131,0.1697112,0.0077809542
B1,71.0,0.14557377049180328,0.12961806,0.0058518266
B1,72.0,0.18786885245901638,0.15183678,0.008704414
B1,73.0,0.17245901639344263,0.15083995,0.007921332
B1,74.0,0.13409836065573771,0.15809402,0.02086765
B1,75.0,0.1921311475409836,0.19263467,0.013334699
B1,76.0,0.14426229508196722,0.13394168,0.009399105
B1,77.0,0.17901639344262296,0.15332729,0.011306664
B1,78.0,0.15934426229508197,0.16049528,0.01191102
B1,79.0,0.17934426229508196,0.15965664,0.011580161
B1,80.0,0.15377049180327867,0.11629705,0.0075355466
B1,81.0,0.17573770491803278,0.177234,0.006198888
B1,82.0,0.16459016393442624,0.16046567,0.010872694
B1,83.0,0.17278688524590163,0.16402826,0.0064762123
B1,84.0,0.1678688524590164,0.14727299,0.0056577995
B1,85.0,0.12918032786885245,0.11157131,0.0051297117
B1,86.0,0.16262295081967212,0.15016344,0.00917109
B1,87.0,0.12819672131147541,0.10249456,0.006801993
B1,88.0,0.16131147540983606,0.14799362,0.007953384
B1,89.0,0.08885245901639344,0.113386735,0.0056424756
B1,90.0,0.07901639344262296,0.09992374,0.006645859
B1,91.0,0.15770491803278688,0.15979348,0.007482035
B1,92.0,0.14524590163934425,0.14105171,0.0102626365
B1,93.0,0.1557377049180328,0.15702234,0.008232476
B1,94.0,0.15147540983606558,0.15842307,0.0070865448
B1,95.0,0.14622950819672131,0.14804903,0.00723382
B1,96.0,0.09377049180327869,0.09522338,0.0071370415
B1,97.0,0.14622950819672131,0.13724932,0.0075380355
B1,98.0,0.12360655737704918,0.087377995,0.007256096
B1,99.0,0.14065573770491804,0.13391379,0.0053228335
B1,100.0,0.08459016393442623,0.08641099,0.00550289
B1,101.0,0.1360655737704918,0.12368722,0.0054562446
B1,102.0,0.14295081967213114,0.1378414,0.009473709
B2,1.0,1.0,0.9742448,0.008771913
B2,2.0,0.9801324503311258,0.9391635,0.017050026
B2,3.0,0.9701986754966887,0.9309266,0.022057444
B2,4.0,0.9602649006622517,0.92554027,0.021655949
B2,5.0,0.9470198675496688,0.918542,0.019392978
B2,6.0,0.9271523178807947,0.9183413,0.019367732
B2,7.0,0.9139072847682119,0.9123228,0.019064033
B2,8.0,0.8940397350993378,0.90911275,0.01792009
B2,9.0,0.8774834437086093,0.9055362,0.017018221
B2,10.0,0.8576158940397351,0.89579093,0.026634501
B2,11.0,0.8377483443708609,0.897027,0.022977764
B2,12.0,0.8178807947019867,0.891049,0.023610404
B2,13.0,0.8013245033112583,0.861063,0.030205345
B2,14.0,0.7814569536423841,0.8100554,0.02923383
B2,15.0,0.7682119205298014,0.77787226,0.014097128
B2,16.0,0.7516556291390728,0.7690734,0.010582581
B2,17.0,0.7350993377483444,0.763873,0.012550242
B2,18.0,0.7185430463576159,0.7621622,0.012697345
B2,19.0,0.7019867549668874,0.74624455,0.012014433
B2,20.0,0.6854304635761589,0.7222961,0.015397529
B2,21.0,0.6688741721854304,0.6918334,0.015631778
B2,22.0,0.652317880794702,0.6780667,0.012152589
B2,23.0,0.6357615894039735,0.67045057,0.018169595
B2,24.0,0.6158940397350994,0.6471101,0.0198036
B2,25.0,0.5993377483443708,0.64664274,0.019921513
B2,26.0,0.5827814569536424,0.67066365,0.018422855
B2,27.0,0.5629139072847682,0.6441765,0.017764328
B2,28.0,0.5463576158940397,0.6349751,0.018096369
B2,29.0,0.5264900662251656,0.62600565,0.011811105
B2,30.0,0.5033112582781457,0.58448315,0.015618546
B2,31.0,0.4867549668874172,0.5286793,0.023080328
B2,32.0,0.46357615894039733,0.52247775,0.018990597
B2,33.0,0.4470198675496689,0.4728375,0.017504582
B2,34.0,0.4271523178807947,0.48531204,0.020886019
B2,35.0,0.40728476821192056,0.45869532,0.013098687
B2,36.0,0.38741721854304634,0.42805547,0.013234528
B2,37.0,0.3675496688741722,0.4371895,0.014124425
B2,38.0,0.3543046357615894,0.39413244,0.018875843
B2,39.0,0.33774834437086093,0.3624219,0.018582702
B2,40.0,0.3211920529801324,0.36613712,0.009162625
B2,41.0,0.30993377483443707,0.3503924,0.009324521
B2,42.0,0.2933774834437086,0.36602658,0.009836422
B2,43.0,0.2854304635761589,0.35850197,0.008320649
B2,44.0,0.2705298013245033,0.35180438,0.0070164446
B2,45.0,0.2589403973509934,0.34770292,0.010262403
B2,46.0,0.2509933774834437,0.33638394,0.008562999
B2,47.0,0.23973509933774834,0.33430606,0.019614317
B2,48.0,0.23112582781456953,0.2881899,0.020637456
B2,49.0,0.22748344370860926,0.28847507,0.019986026
B2,50.0,0.21456953642384105,0.22839317,0.012653443
B2,51.0,0.20794701986754968,0.21845683,0.012694058
B2,52.0,0.2052980132450331,0.25020942,0.018431978
B2,53.0,0.19602649006622516,0.2166427,0.014225366
B2,54.0,0.1890728476821192,0.21430561,0.014863498
B2,55.0,0.18443708609271522,0.21148244,0.014516475
B2,56.0,0.17913907284768213,0.20386477,0.008390267
B2,57.0,0.17516556291390728,0.20375288,0.008441949
B2,58.0,0.1728476821192053,0.19187433,0.010934637
B2,59.0,0.17019867549668874,0.18835586,0.009517904
B2,60.0,0.16225165562913907,0.19502845,0.006228146
B2,61.0,0.15894039735099338,0.18068902,0.0095709795
B2,62.0,0.15894039735099338,0.17343001,0.005143544
B2,63.0,0.15264900662251657,0.1784312,0.009113246
B2,64.0,0.1533112582781457,0.16172591,0.006145107
B2,65.0,0.147682119205298,0.17442343,0.005514129
B2,66.0,0.14437086092715232,0.17307726,0.005135663
B2,67.0,0.1423841059602649,0.17255731,0.0046455213
B2,68.0,0.13940397350993378,0.16286139,0.004853195
B2,69.0,0.13841059602649006,0.17425224,0.0058235107
B2,70.0,0.13543046357615893,0.15783021,0.006888466
B2,71.0,0.1317880794701987,0.16791433,0.0056674466
B2,72.0,0.12980132450331125,0.15493569,0.007855798
B2,73.0,0.12980132450331125,0.15012828,0.0032781612
B2,74.0,0.12582781456953643,0.14982769,0.003964786
B2,75.0,0.123841059602649,0.15593937,0.006651316
B2,76.0,0.12251655629139073,0.14933424,0.0038323975
B2,77.0,0.12417218543046357,0.14574368,0.0045431014
B2,78.0,0.12086092715231789,0.14859432,0.004794817
B2,79.0,0.12019867549668874,0.1493885,0.003695119
B2,80.0,0.1195364238410596,0.14431643,0.0039868
B2,81.0,0.1162251655629139,0.14771588,0.004483286
B2,82.0,0.11390728476821192,0.14834645,0.0062813163
B2,83.0,0.11390728476821192,0.14581212,0.006078256
B2,84.0,0.1119205298013245,0.14446643,0.0046568434
B2,85.0,0.11059602649006622,0.1440167,0.0045301802
B2,86.0,0.10894039735099338,0.1403769,0.005947778
B2,87.0,0.10927152317880795,0.1374959,0.0075718276
B2,88.0,0.10662251655629139,0.14369449,0.0045654136
B2,89.0,0.10629139072847682,0.14160903,0.0069903727
B2,90.0,0.10529801324503311,0.1427416,0.0040456722
B2,91.0,0.10397350993377484,0.14365888,0.0054326328
B2,92.0,0.10529801324503311,0.13488188,0.008006168
B2,93.0,0.10231788079470198,0.136603,0.0064115026
B2,94.0,0.10132450331125828,0.13999458,0.005918872
B2,95.0,0.10066225165562914,0.13423696,0.004962617
B2,96.0,0.09900662251655629,0.12739289,0.0038220119
B2,97.0,0.09834437086092715,0.1364903,0.0022506462
B2,98.0,0.09768211920529801,0.13497607,0.0033183196
B2,99.0,0.09668874172185431,0.13367394,0.005009731
B2,100.0,0.09503311258278145,0.13388845,0.004443527
B2,101.0,0.09437086092715231,0.13365683,0.0051702107
B2,102.0,0.09470198675496688,0.12684926,0.0035266788
B2,103.0,0.09370860927152318,0.12353544,0.004279632
B2,104.0,0.09370860927152318,0.12624414,0.0054344037
B2,105.0,0.0923841059602649,0.13314664,0.0048136143
B2,106.0,0.09172185430463577,0.12376734,0.004313655
B2,107.0,0.09205298013245033,0.12440646,0.003635774
B2,108.0,0.0913907284768212,0.12540354,0.0035327934
B2,109.0,0.09105960264900662,0.11931326,0.005099253
B2,110.0,0.08940397350993377,0.1159148,0.0061040386
B2,111.0,0.08841059602649007,0.11926149,0.0060743457
B2,112.0,0.0880794701986755,0.12124492,0.0045045293
B2,113.0,0.08741721854304636,0.11915586,0.0048498544
B2,114.0,0.08675496688741721,0.12303366,0.004644923
B2,115.0,0.08642384105960264,0.1171371,0.0050310153
B3,1.0,1.0,1.0207489,0.007264447
B3,2.0,1.0161290322580645,1.0162649,0.0041200146
B3,3.0,1.0258064516129033,1.0274185,0.0067919088
B3,4.0,1.032258064516129,0.94010246,0.030008508
B3,5.0,1.0354838709677419,0.9085542,0.028999748
B3,6.0,1.032258064516129,0.86028767,0.035863902
B3,7.0,1.0064516129032257,0.8460736,0.032318685
B3,8.0,0.9838709677419355,0.8274517,0.024320802
B3,9.0,0.964516129032258,0.8442706,0.019960199
B3,10.0,0.9483870967741935,0.84137,0.02368866
B3,11.0,0.9290322580645162,0.85331047,0.018779999
B3,12.0,0.9096774193548387,0.8333125,0.012638171
B3,13.0,0.8935483870967742,0.8317479,0.017596575
B3,14.0,0.8741935483870967,0.8203618,0.018966163
B3,15.0,0.8548387096774194,0.82161075,0.016160887
B3,16.0,0.8387096774193549,0.8030456,0.014667997
B3,17.0,0.8258064516129032,0.7831402,0.013378494
B3,18.0,0.8032258064516129,0.78200257,0.018714111
B3,19.0,0.7870967741935484,0.7782316,0.020775449
B3,20.0,0.7741935483870968,0.738883,0.0075871274
B3,21.0,0.7580645161290323,0.7362128,0.0064060977
B3,22.0,0.7451612903225806,0.72696793,0.013194573
B3,23.0,0.7290322580645161,0.6883093,0.014860721
B3,24.0,0.7161290322580646,0.6472465,0.015643436
B3,25.0,0.5903225806451613,0.5343758,0.028484752
B3,26.0,0.5387096774193548,0.55186224,0.015965266
B3,27.0,0.5129032258064516,0.5642686,0.026123747
B3,28.0,0.5096774193548387,0.5537459,0.015613144
B3,29.0,0.5419354838709678,0.4943357,0.023496212
B3,30.0,0.4161290322580645,0.34469256,0.022403045
B3,31.0,0.3935483870967742,0.34422818,0.015226063
B3,32.0,0.3741935483870968,0.3500172,0.018560212
B3,33.0,0.3548387096774194,0.31402427,0.0055703116
B3,34.0,0.33225806451612905,0.27117202,0.011946167
B3,35.0,0.31,0.24502823,0.013720085
B3,36.0,0.2880645161290323,0.20698848,0.017143827
B3,37.0,0.27064516129032257,0.20243919,0.0073028468
B3,38.0,0.2461290322580645,0.19888565,0.006926502
B3,39.0,0.22806451612903225,0.18679215,0.007720897
B3,40.0,0.2103225806451613,0.17219993,0.0047924994
B3,41.0,0.1967741935483871,0.16049592,0.009047158
B3,42.0,0.18419354838709678,0.15887113,0.008465057
B3,43.0,0.1735483870967742,0.15090746,0.0060408614
B3,44.0,0.16741935483870968,0.119551376,0.0054031084
B3,45.0,0.15645161290322582,0.13588509,0.009100329
B3,46.0,0.14806451612903226,0.114813015,0.0064211446
B3,47.0,0.14225806451612905,0.1135449,0.0037637297
B3,48.0,0.13709677419354838,0.108895436,0.006356073
B3,49.0,0.13096774193548388,0.105794966,0.00442309
B3,50.0,0.12612903225806452,0.10528604,0.0062028747
B3,51.0,0.12225806451612903,0.10342153,0.002709985
B3,52.0,0.11806451612903225,0.10245919,0.004982712
B3,53.0,0.11451612903225807,0.10374812,0.0064614876
B3,54.0,0.11064516129032258,0.098347396,0.0039257724
B3,55.0,0.10774193548387097,0.097935915,0.0049336045
B3,56.0,0.10516129032258065,0.10219862,0.0065135276
B3,57.0,0.10290322580645161,0.09912492,0.004534049
B3,58.0,0.10161290322580645,0.097514376,0.004673174
B3,59.0,0.09806451612903226,0.09541221,0.0038995738
B3,60.0,0.0964516129032258,0.09605834,0.0049912916
B3,61.0,0.09451612903225806,0.09523331,0.0028600278
B3,62.0,0.09225806451612903,0.095443286,0.004929196
B3,63.0,0.09064516129032259,0.09055781,0.00484915
B3,64.0,0.09,0.09018557,0.004888941
B3,65.0,0.0867741935483871,0.09097653,0.007205019
B3,66.0,0.08612903225806452,0.08815189,0.005740204
B3,67.0,0.08354838709677419,0.089439236,0.0070828157
B3,68.0,0.08258064516129032,0.08885969,0.006823347
B3,69.0,0.08064516129032258,0.09075911,0.0064616757
B3,70.0,0.08,0.0910693,0.0063068396
B3,71.0,0.07935483870967742,0.0915762,0.006405991
B3,72.0,0.07903225806451612,0.08839016,0.004698186
B3,73.0,0.07838709677419355,0.08794528,0.004880356
B3,74.0,0.07612903225806451,0.09146196,0.0063470076
B3,75.0,0.07516129032258065,0.09140975,0.0054207323
B3,76.0,0.0732258064516129,0.09054135,0.004866764
B3,77.0,0.07258064516129033,0.08612487,0.0039236387
B3,78.0,0.07258064516129033,0.085211016,0.0038171252
B3,79.0,0.07064516129032258,0.08652947,0.004015678
B3,80.0,0.07,0.090427965,0.0067354306
B3,81.0,0.06806451612903226,0.08338638,0.0043418827
B3,82.0,0.06741935483870967,0.08587749,0.005596783
B3,83.0,0.06806451612903226,0.078818485,0.004751586
B3,84.0,0.0667741935483871,0.07509152,0.0049156975
B3,85.0,0.06548387096774194,0.07515008,0.004681592
B3,86.0,0.06451612903225806,0.07500694,0.0045895656
B3,87.0,0.06516129032258064,0.075926185,0.004729595
B3,88.0,0.0635483870967742,0.07468017,0.005257065
B3,89.0,0.06483870967741935,0.07409276,0.0051652268
B3,90.0,0.06322580645161291,0.074607246,0.0050922045
B3,91.0,0.0635483870967742,0.07377088,0.004845956
B3,92.0,0.06193548387096774,0.07005133,0.0034489352
B3,93.0,0.06129032258064516,0.07034437,0.0036887857
B3,94.0,0.06129032258064516,0.06910527,0.004252049
B3,95.0,0.06129032258064516,0.06870125,0.0043451297
B3,96.0,0.05967741935483871,0.07006417,0.0039716894
B3,97.0,0.06,0.06869888,0.0048280093
B3,98.0,0.05838709677419355,0.06787218,0.004825284
B3,99.0,0.05870967741935484,0.067154124,0.00440568
B3,100.0,0.059032258064516126,0.06696587,0.0046207216
B3,101.0,0.059032258064516126,0.066837154,0.0047996407
B3,102.0,0.05838709677419355,0.068005756,0.0049364883
B3,103.0,0.057741935483870965,0.06628845,0.004441609
B3,104.0,0.05709677419354839,0.06759055,0.0047143716
B3,105.0,0.056451612903225805,0.06673074,0.004351861
B3,106.0,0.05548387096774193,0.06572084,0.003487873
B3,107.0,0.05419354838709677,0.06465386,0.0035957021
B3,108.0,0.05548387096774193,0.06507745,0.0037059642
B3,109.0,0.054838709677419356,0.06492259,0.0038576222
B3,110.0,0.05451612903225807,0.06547357,0.0040535573
B3,111.0,0.052258064516129035,0.06454773,0.0033593762
B3,112.0,0.053548387096774196,0.06535699,0.0032536841
B3,113.0,0.0532258064516129,0.06471487,0.0035683953
B3,114.0,0.0532258064516129,0.064963356,0.0037271606
B3,115.0,0.05290322580645161,0.06488105,0.0037601418
B3,116.0,0.0532258064516129,0.06558679,0.0036804215
B3,117.0,0.052258064516129035,0.06497044,0.003713098
B3,118.0,0.05161290322580645,0.064907424,0.0038028588
B3,119.0,0.05193548387096774,0.065555856,0.0033642098
B3,120.0,0.05161290322580645,0.06633795,0.003932357
B3,121.0,0.05064516129032258,0.06575899,0.0038924557
B3,122.0,0.04903225806451613,0.065221295,0.0032818764
B3,123.0,0.048709677419354835,0.0648535,0.0038012485
B3,124.0,0.04967741935483871,0.06547563,0.00366451
B3,125.0,0.04935483870967742,0.0655432,0.0035918644
B3,126.0,0.04903225806451613,0.06512302,0.0031184505
B3,127.0,0.04935483870967742,0.065190315,0.0030861222
B4,1.0,1.0,0.8801171,0.0322917
B4,2.0,1.0163398692810457,0.8655542,0.041351072
B4,3.0,1.0294117647058822,0.7478957,0.038689353
B4,4.0,1.0359477124183007,0.7105301,0.028006993
B4,5.0,1.0392156862745099,0.6942288,0.032584284
B4,6.0,1.0196078431372548,0.71755064,0.03384681
B4,7.0,0.9836601307189542,1.0080717,0.005214826
B4,8.0,0.9640522875816994,1.0048167,0.0065742703
B4,9.0,0.9444444444444444,0.9957193,0.009767729
B4,10.0,0.9215686274509803,0.9649717,0.034759257
B4,11.0,0.8954248366013072,0.95953,0.03216925
B4,12.0,0.869281045751634,0.8001394,0.01925461
B4,13.0,0.8431372549019608,0.79413754,0.021987006
B4,14.0,0.8169934640522876,0.7579672,0.015468852
B4,15.0,0.7941176470588235,0.7562719,0.017103666
B4,16.0,0.7712418300653595,0.746439,0.015111476
B4,17.0,0.7516339869281046,0.73870414,0.011867954
B4,18.0,0.7320261437908496,0.7395555,0.01194092
B4,19.0,0.7091503267973857,0.5817188,0.042219687
B4,20.0,0.6111111111111112,0.45287818,0.0381367
B4,21.0,0.565359477124183,0.41581744,0.029813413
B4,22.0,0.5392156862745098,0.39877295,0.026899438
B4,23.0,0.49019607843137253,0.3993612,0.030045107
B4,24.0,0.5196078431372549,0.3804472,0.028516863
B4,25.0,0.4803921568627451,0.35666427,0.028117562
B4,26.0,0.38235294117647056,0.24297647,0.025296245
B4,27.0,0.3627450980392157,0.22616601,0.017708272
B4,28.0,0.3431372549019608,0.22145867,0.021049192
B4,29.0,0.3209150326797386,0.21978073,0.021383634
B4,30.0,0.3,0.22010629,0.019300738
B4,31.0,0.2803921568627451,0.21781573,0.020202024
B4,32.0,0.26176470588235295,0.20107749,0.01474801
B4,33.0,0.24444444444444444,0.19510753,0.0158853
B4,34.0,0.2284313725490196,0.17802024,0.017710188
B4,35.0,0.21535947712418302,0.16696185,0.010758088
B4,36.0,0.20294117647058824,0.16574587,0.010327374
B4,37.0,0.19183006535947714,0.15706763,0.008143179
B4,38.0,0.1830065359477124,0.14212391,0.004781238
B4,39.0,0.17483660130718953,0.13953426,0.005971066
B4,40.0,0.1676470588235294,0.14268333,0.0029872174
B4,41.0,0.16013071895424835,0.13693726,0.0068543544
B4,42.0,0.15522875816993464,0.13227323,0.0037853327
B4,43.0,0.14967320261437908,0.12509994,0.007829177
B4,44.0,0.1450980392156863,0.11616278,0.0074368096
B4,45.0,0.14183006535947712,0.09836465,0.00685948
B4,46.0,0.13725490196078433,0.09932819,0.0045625935
B4,47.0,0.1323529411764706,0.10489988,0.005004717
B4,48.0,0.12941176470588237,0.09751271,0.004538469
B4,49.0,0.12581699346405228,0.095836416,0.003786642
B4,50.0,0.12450980392156863,0.09146103,0.0035112628
B4,51.0,0.12156862745098039,0.094268724,0.0047575245
B4,52.0,0.11797385620915032,0.09493955,0.0044497224
B4,53.0,0.11633986928104575,0.09261988,0.004287196
B4,54.0,0.11339869281045752,0.09241475,0.0049220356
B4,55.0,0.11176470588235295,0.089677796,0.0051759575
B4,56.0,0.11013071895424836,0.08848893,0.0046861405
B4,57.0,0.10718954248366012,0.089331165,0.0034032562
B4,58.0,0.10588235294117647,0.08872939,0.0031825546
B4,59.0,0.1042483660130719,0.08612686,0.0022289953
B4,60.0,0.1022875816993464,0.08754405,0.0035478433
B4,61.0,0.10098039215686275,0.08760528,0.0033511044
B4,62.0,0.09934640522875816,0.08567117,0.0034722995
B4,63.0,0.0977124183006536,0.085584186,0.0034385554
B4,64.0,0.09673202614379085,0.08542676,0.00325358
B4,65.0,0.09542483660130718,0.08549246,0.0035761269
B4,66.0,0.09444444444444444,0.085419044,0.0032576306
B4,67.0,0.09313725490196079,0.08496569,0.002438256
B4,68.0,0.09215686274509804,0.086001895,0.003546148
B4,69.0,0.09117647058823529,0.083994195,0.0029391532
B4,70.0,0.0915032679738562,0.084812276,0.0038750665
B4,71.0,0.08888888888888889,0.08325292,0.0033031218
B4,72.0,0.08823529411764706,0.08319087,0.0033907592
B4,73.0,0.08823529411764706,0.0826868,0.0037007353
B4,74.0,0.08594771241830065,0.08448058,0.003410108
B4,75.0,0.08496732026143791,0.08369265,0.0037414993
B4,76.0,0.08398692810457517,0.08409368,0.0034228084
B4,77.0,0.08366013071895424,0.08182706,0.0038376462
B4,78.0,0.08333333333333333,0.0831993,0.0040855138
B4,79.0,0.08202614379084967,0.08294052,0.0038558801
B4,80.0,0.08104575163398693,0.082603484,0.0042855507
B4,81.0,0.0803921568627451,0.08004999,0.00537242
B4,82.0,0.08006535947712418,0.08284291,0.0041080327
B4,83.0,0.07941176470588235,0.078845106,0.005334618
B4,84.0,0.07908496732026143,0.08136527,0.0046678316
B4,85.0,0.07745098039215687,0.080521144,0.0039725043
B4,86.0,0.07712418300653595,0.08035704,0.004256982
B4,87.0,0.07647058823529412,0.07856434,0.0055874786
B4,88.0,0.07647058823529412,0.07873283,0.0055946927
B4,89.0,0.07483660130718954,0.079054005,0.0043858537
B4,90.0,0.0738562091503268,0.07852351,0.0053377748
B4,91.0,0.0738562091503268,0.07808463,0.005559898
B4,92.0,0.0738562091503268,0.07785111,0.005250925
B4,93.0,0.07254901960784314,0.07774657,0.005504483
B4,94.0,0.07222222222222222,0.07781683,0.005233164
B4,95.0,0.0718954248366013,0.07719109,0.005253946
B4,96.0,0.07091503267973856,0.0781218,0.005742932
B4,97.0,0.07091503267973856,0.077711485,0.0058475095
B4,98.0,0.07058823529411765,0.078124575,0.0056681163
B4,99.0,0.06993464052287582,0.07683001,0.0058329664
B4,100.0,0.06993464052287582,0.076487765,0.0060914713
B4,101.0,0.06928104575163399,0.076930955,0.006009213
B4,102.0,0.06862745098039216,0.07704511,0.005888383
B4,103.0,0.06797385620915032,0.076550774,0.0060302955
B4,104.0,0.06830065359477124,0.076023936,0.0055932654
B4,105.0,0.06797385620915032,0.07582453,0.005686972
B4,106.0,0.06699346405228758,0.07601673,0.0059630657
B4,107.0,0.06666666666666667,0.07472163,0.0062770997
B4,108.0,0.06601307189542484,0.07567831,0.0060955053
B4,109.0,0.06568627450980392,0.07558842,0.006104671
B4,110.0,0.06601307189542484,0.075447254,0.005656734
B4,111.0,0.06535947712418301,0.075659245,0.0061132736
B4,112.0,0.0650326797385621,0.075335875,0.00614246
B4,113.0,0.06535947712418301,0.07528863,0.006416164
B4,114.0,0.06405228758169934,0.07422366,0.005922654
B4,115.0,0.06339869281045751,0.07445703,0.007005844
B4,116.0,0.0630718954248366,0.075138584,0.0063641774
B4,117.0,0.0630718954248366,0.07450323,0.0069896597
B4,118.0,0.06274509803921569,0.07388253,0.00659091
B4,119.0,0.06143790849673202,0.07420719,0.00656239
B4,120.0,0.06143790849673202,0.07447397,0.0069951033
B4,121.0,0.06143790849673202,0.0750408,0.0076742345
B4,122.0,0.060784313725490195,0.07543681,0.0070635905
B4,123.0,0.061764705882352944,0.075134836,0.0063296123
B4,124.0,0.06143790849673202,0.074576095,0.0072349426
B4,125.0,0.060784313725490195,0.075810626,0.00710264
B4,126.0,0.06045751633986928,0.07528998,0.006265975
B4,127.0,0.060784313725490195,0.075746976,0.0073621054
B4,128.0,0.06045751633986928,0.07496521,0.0065287165
B4,129.0,0.059803921568627454,0.07423691,0.0075276443
B4,130.0,0.058823529411764705,0.073615626,0.0057336525
B4,131.0,0.05849673202614379,0.073715456,0.005714741
B4,132.0,0.05816993464052288,0.073766924,0.0056818663
B4,133.0,0.05784313725490196,0.07297148,0.005274895
B4,134.0,0.05784313725490196,0.07345538,0.0053740437
B4,135.0,0.05718954248366013,0.07358396,0.005707146
B5,1.0,1.0,0.9909814,0.003476616
B5,2.0,0.995049504950495,0.98183316,0.010950144
B5,3.0,0.995049504950495,0.98887,0.0027691913
B5,4.0,0.9900990099009901,0.9506758,0.0032413383
B5,5.0,0.9876237623762376,0.947209,0.0037441915
B5,6.0,0.9851485148514851,0.9464928,0.0037662995
B5,7.0,0.9826732673267327,0.94447625,0.0035593375
B5,8.0,0.9801980198019802,0.94518787,0.0031701522
B5,9.0,0.9777227722772277,0.9447895,0.0031894657
B5,10.0,0.9752475247524752,0.93172395,0.014353837
B5,11.0,0.9752475247524752,0.9430766,0.002898341
B5,12.0,0.9727722772277227,0.9422703,0.0036064878
B5,13.0,0.9702970297029703,0.943215,0.0031221486
B5,14.0,0.9702970297029703,0.93829286,0.00498506
B5,15.0,0.9678217821782178,0.9432742,0.002941701
B5,16.0,0.9653465346534653,0.94445646,0.0043362677
B5,17.0,0.9628712871287128,0.941397,0.0034146039
B5,18.0,0.9628712871287128,0.9420209,0.0027566971
B5,19.0,0.9603960396039604,0.9422474,0.0027708276
B5,20.0,0.9603960396039604,0.9306482,0.014666131
B5,21.0,0.9579207920792079,0.9420239,0.0024811928
B5,22.0,0.9579207920792079,0.9417121,0.0023352539
B5,23.0,0.9579207920792079,0.9288101,0.01393942
B5,24.0,0.9554455445544554,0.9428506,0.0027844268
B5,25.0,0.9529702970297029,0.9287175,0.01336585
B5,26.0,0.9554455445544554,0.94150746,0.0024241067
B5,27.0,0.9529702970297029,0.93015444,0.013552686
B5,28.0,0.9504950495049505,0.939252,0.0030911767
B5,29.0,0.9504950495049505,0.937415,0.0055762865
B5,30.0,0.948019801980198,0.92847073,0.013197316
B5,31.0,0.948019801980198,0.9334863,0.0053508244
B5,32.0,0.948019801980198,0.93654805,0.0036792776
B5,33.0,0.948019801980198,0.9339266,0.0020804994
B5,34.0,0.9455445544554455,0.9270922,0.013191559
B5,35.0,0.9455445544554455,0.9337859,0.0020599812
B5,36.0,0.9455445544554455,0.9220133,0.013181246
B5,37.0,0.943069306930693,0.9239173,0.01362299
B5,38.0,0.943069306930693,0.9230941,0.013217531
B5,39.0,0.943069306930693,0.92340976,0.01288763
B5,40.0,0.9405940594059405,0.92278403,0.013698747
B5,41.0,0.9405940594059405,0.9346782,0.0032739108
B5,42.0,0.9405940594059405,0.93420327,0.00324119
B5,43.0,0.9405940594059405,0.92306215,0.0052051893
B5,44.0,0.9405940594059405,0.9080678,0.017334007
B5,45.0,0.9405940594059405,0.91387,0.01843815
B5,46.0,0.9381188118811881,0.92319167,0.013594959
B5,47.0,0.9381188118811881,0.92475617,0.003260728
B5,48.0,0.9381188118811881,0.93333226,0.0018965021
B5,49.0,0.9381188118811881,0.93265784,0.0033953898
B5,50.0,0.9381188118811881,0.91840696,0.0131967
B5,51.0,0.9356435643564357,0.91704494,0.017123975
B5,52.0,0.9381188118811881,0.93369186,0.002911123
B5,53.0,0.9356435643564357,0.9267027,0.008509915
B5,54.0,0.9356435643564357,0.91302556,0.0126803545
B6,1.0,1.0,0.9995,0.001279168
B6,2.0,0.9950738916256158,0.9930111,0.0022994601
B6,3.0,0.9926108374384236,0.9860157,0.002511732
B6,4.0,0.9901477832512315,0.9798547,0.002707068
B6,5.0,0.9876847290640394,0.97516316,0.003476616
B6,6.0,0.9852216748768473,0.9726286,0.004247089
B6,7.0,0.9827586206896551,0.9714236,0.0037661588
B6,8.0,0.9802955665024631,0.96543485,0.005260143
B6,9.0,0.9778325123152709,0.96205866,0.003217144
B6,10.0,0.9753694581280788,0.95633185,0.0038607013
B6,11.0,0.9729064039408867,0.9546596,0.0031324932
B6,12.0,0.9704433497536946,0.9531976,0.0037081908
B6,13.0,0.9704433497536946,0.9578602,0.0031632814
B6,14.0,0.9679802955665024,0.9499423,0.002530268
B6,15.0,0.9655172413793104,0.94862425,0.0026267585
B6,16.0,0.9630541871921182,0.9486478,0.003643238
B6,17.0,0.9630541871921182,0.9563257,0.0029578062
B6,18.0,0.9630541871921182,0.9465211,0.0025088033
B6,19.0,0.9605911330049262,0.9467263,0.0023875125
B6,20.0,0.958128078817734,0.95259315,0.00291065
B6,21.0,0.958128078817734,0.9472262,0.0026992213
B6,22.0,0.9556650246305419,0.9455161,0.0019949314
B6,23.0,0.9556650246305419,0.946375,0.0027970886
B6,24.0,0.9532019704433498,0.9406967,0.0029609406
B6,25.0,0.9532019704433498,0.94041455,0.0024707979
B6,26.0,0.9507389162561576,0.9445635,0.0021193728
B6,27.0,0.9507389162561576,0.9381567,0.0021884248
B6,28.0,0.9482758620689655,0.93975484,0.0035041948
B6,29.0,0.9482758620689655,0.93769777,0.0021345476
B6,30.0,0.9482758620689655,0.93985796,0.003938646
B6,31.0,0.9458128078817734,0.93850505,0.003094457
B6,32.0,0.9482758620689655,0.9404001,0.0022759095
B6,33.0,0.9458128078817734,0.937582,0.0024323403
B6,34.0,0.9433497536945813,0.93675435,0.0025706152
B6,35.0,0.9458128078817734,0.9361102,0.0022176914
B6,36.0,0.9433497536945813,0.9350642,0.0017429781
B6,37.0,0.9433497536945813,0.93561566,0.002345564
B6,38.0,0.9433497536945813,0.9346589,0.0018869495
B6,39.0,0.9408866995073891,0.93479633,0.002412065
B6,40.0,0.9408866995073891,0.9335375,0.0012517157
B6,41.0,0.9408866995073891,0.9335454,0.0022981314
B6,42.0,0.9408866995073891,0.9297091,0.0024743795
B6,43.0,0.9384236453201971,0.93196535,0.0020323538
B6,44.0,0.9384236453201971,0.92924774,0.002436638
B6,45.0,0.9384236453201971,0.92699414,0.0023955596
B6,46.0,0.9384236453201971,0.9271277,0.0016123775
B6,47.0,0.9359605911330049,0.9264434,0.0014611756
B6,48.0,0.9359605911330049,0.93069345,0.0014807149
B6,49.0,0.9359605911330049,0.93119,0.0016330943
B6,50.0,0.9359605911330049,0.92393696,0.0019756132
B6,51.0,0.9359605911330049,0.92389965,0.0015452594
B6,52.0,0.9359605911330049,0.9294423,0.0017354605
B6,53.0,0.9334975369458128,0.930126,0.0016889864
B6,54.0,0.9334975369458128,0.9254711,0.0026945714
