channel,cycle,y_true,y_pred,y_std
A1,1.0,1.0,1.0094772250649082,0.0060117287774324795
A1,2.0,0.995049504950495,1.0019553257486986,0.005639466467861555
A1,3.0,0.9876237623762376,1.0004761671897169,0.00559743795935118
A1,4.0,0.9826732673267327,0.9985661410617949,0.005720747638548872
A1,5.0,0.9777227722772277,0.9996423210173434,0.00609249406535477
A1,6.0,0.9727722772277227,0.9943679776133971,0.006054336976153283
A1,7.0,0.9702970297029703,0.988016838805054,0.005254461549806952
A1,8.0,0.9678217821782178,0.9840428479916501,0.005364955103662767
A1,9.0,0.9653465346534653,0.9819403784658609,0.005401799422205502
A1,10.0,0.9603960396039604,0.9778952489046459,0.005388254056934729
A1,11.0,0.9579207920792079,0.97384115508244,0.00533818940316724
A1,12.0,0.9554455445544554,0.9753937658871321,0.005717224170731035
A1,13.0,0.9529702970297029,0.9728341714350636,0.005474647655526215
A1,14.0,0.9529702970297029,0.9677185418385561,0.004951090414685534
A1,15.0,0.9504950495049505,0.9696403851209373,0.0053102813187419625
A1,16.0,0.948019801980198,0.9658755847911815,0.0053722306401323555
A1,17.0,0.9455445544554455,0.9651891864168685,0.005131660965297455
A1,18.0,0.9405940594059405,0.9649008784745312,0.005658283140858603
A1,19.0,0.9405940594059405,0.9641557048494424,0.005926565823997747
A1,20.0,0.9405940594059405,0.957204437983744,0.005455081001967238
A1,21.0,0.9381188118811881,0.9569648686568915,0.005096635702547984
A1,22.0,0.9381188118811881,0.9543124238747893,0.005170739947960661
A1,23.0,0.9381188118811881,0.9525899270888247,0.005151932437786505
A1,24.0,0.9356435643564357,0.9530198759418989,0.005310219264118181
A1,25.0,0.9356435643564357,0.9532332246598126,0.005330918295055712
A1,26.0,0.9331683168316832,0.950065111516581,0.005298211650096356
A1,27.0,0.9331683168316832,0.9487594544632613,0.005001502864257877
A1,28.0,0.9306930693069307,0.9465603114116637,0.005120594942524323
A1,29.0,0.9306930693069307,0.9456072706287303,0.005165147952368447
A1,30.0,0.9306930693069307,0.9464100015700545,0.005172059444589921
A1,31.0,0.9282178217821783,0.9494010490684792,0.0053308039645695825
A1,32.0,0.9282178217821783,0.9440135310147544,0.0051591490026817455
A1,33.0,0.9257425742574258,0.9409621137330137,0.0050838391363095155
A1,34.0,0.9257425742574258,0.9434391556389041,0.005124371259278366
A1,35.0,0.9232673267326733,0.9386720059474811,0.005281437070416696
A1,36.0,0.9232673267326733,0.9382152502322854,0.005344690627131861
A1,37.0,0.9232673267326733,0.9390219104169215,0.00510062757600301
A1,38.0,0.9207920792079208,0.9418504272419779,0.005467025170021424
A1,39.0,0.9207920792079208,0.9374689050518444,0.005231688849414992
A1,40.0,0.9207920792079208,0.9350620245755564,0.005182965848983781
A1,41.0,0.9183168316831684,0.9344646807157858,0.005304586520431133
A1,42.0,0.9183168316831684,0.9352080021788582,0.005137358847676158
A1,43.0,0.9158415841584159,0.9322551340736558,0.005279495735550943
A1,44.0,0.9158415841584159,0.9334526698937932,0.005088599574836246
A1,45.0,0.9158415841584159,0.9338984343295444,0.005277957739682445
A1,46.0,0.9158415841584159,0.9308345941315397,0.005063086110036611
A1,47.0,0.9133663366336634,0.9293281842451009,0.00527905844671403
A1,48.0,0.9108910891089109,0.9288740717571857,0.005454934970916313
A1,49.0,0.9108910891089109,0.9262823702576539,0.005240912422586177
A1,50.0,0.9108910891089109,0.9249685682871474,0.005020320572596923
A1,51.0,0.9108910891089109,0.9256878320548255,0.005288822140710002
A1,52.0,0.9108910891089109,0.927594942459856,0.005148297299819988
A1,53.0,0.9084158415841584,0.925769835204812,0.00547068443809208
A1,54.0,0.9084158415841584,0.9234867290880135,0.005020115163330575
A1,55.0,0.905940594059406,0.9229249364164571,0.005303184738374171
A1,56.0,0.9034653465346535,0.9249788157718489,0.005686267726770269
A1,57.0,0.9034653465346535,0.923869216154691,0.005760615648136853
A1,58.0,0.9034653465346535,0.920633673738822,0.0055361071006799255
A1,59.0,0.9034653465346535,0.9194643586733449,0.00527124305536522
A1,60.0,0.9034653465346535,0.9181026811398535,0.005585765960056317
A1,61.0,0.9034653465346535,0.9204504759887173,0.005110970834405685
A1,62.0,0.900990099009901,0.9159807846784744,0.005429869283068042
A1,63.0,0.900990099009901,0.9173698936028255,0.0054585038750212264
A1,64.0,0.900990099009901,0.9155271319999139,0.005221863453727952
A1,65.0,0.8985148514851485,0.915301747534101,0.005561090143975869
A1,66.0,0.8985148514851485,0.915915886240547,0.005075635592951416
A1,67.0,0.8960396039603961,0.9123084953931486,0.005278794593159626
A1,68.0,0.8960396039603961,0.9138114134693391,0.005161329916715897
A1,69.0,0.8960396039603961,0.9118901891391238,0.0051751995890614
A1,70.0,0.8960396039603961,0.9112137326447328,0.005250589197124839
A1,71.0,0.8935643564356436,0.9100299929497166,0.0050782843347176535
A1,72.0,0.8960396039603961,0.9066759225911333,0.00502591108807566
A1,73.0,0.8935643564356436,0.9067365279833879,0.005066083267664178
A1,74.0,0.8935643564356436,0.9080148626332766,0.005141860591138107
A1,75.0,0.8910891089108911,0.9046093346014551,0.005076702747408572
A1,76.0,0.8910891089108911,0.9067926142548592,0.00528464871141961
A1,77.0,0.8886138613861386,0.9070600603208595,0.005363907519950046
A1,78.0,0.8886138613861386,0.9078413367637255,0.005856371781346406
A1,79.0,0.8886138613861386,0.905509676826328,0.005685794605483262
A1,80.0,0.8861386138613861,0.905131982499091,0.005609378485556036
A1,81.0,0.8861386138613861,0.9040839205290834,0.005660069371211015
A1,82.0,0.8861386138613861,0.9012143004571183,0.005602664913398067
A1,83.0,0.8861386138613861,0.896814136972634,0.00520434621493215
A1,84.0,0.8836633663366337,0.901897665918099,0.005774188634013175
A1,85.0,0.8836633663366337,0.8960048688937408,0.00503042176399282
A1,86.0,0.8836633663366337,0.896103691555627,0.005190552645140368
A1,87.0,0.8836633663366337,0.8967014370064403,0.005284014427766294
A1,88.0,0.8811881188118812,0.8969635409823281,0.005277428562170879
A1,89.0,0.8811881188118812,0.8932910415983534,0.00496918317425446
A1,90.0,0.8811881188118812,0.8926197137700808,0.0051386723180653375
A1,91.0,0.8787128712871287,0.896892722412536,0.00582823510229539
A1,92.0,0.8787128712871287,0.8940612163903142,0.005182021746054337
A1,93.0,0.8787128712871287,0.8910737559400645,0.005618613069846823
A1,94.0,0.8762376237623762,0.8920453976642557,0.005581167052865787
A1,95.0,0.8762376237623762,0.8914978355061141,0.005759695940880303
A1,96.0,0.8737623762376238,0.892418876218187,0.005805295528608613
A1,97.0,0.8737623762376238,0.8906824956765161,0.00593417248212834
A1,98.0,0.8737623762376238,0.8853380600460001,0.005073839575329793
A1,99.0,0.8737623762376238,0.8871487831644114,0.005090905809991698
A1,100.0,0.8737623762376238,0.8833028176133462,0.004974231545272273
A1,101.0,0.8737623762376238,0.8805302960361502,0.004987397206187836
A1,102.0,0.8712871287128713,0.8809317722583493,0.005061744310428235
A1,103.0,0.8712871287128713,0.880258500478887,0.004965526511277489
A1,104.0,0.8712871287128713,0.8816140247881336,0.004935709931992626
A1,105.0,0.8688118811881188,0.8788674210269384,0.004942953292051267
A1,106.0,0.8712871287128713,0.8818670307734765,0.004832541609905886
A1,107.0,0.8663366336633663,0.8764499605975209,0.004776067517498225
A1,108.0,0.8688118811881188,0.8775764788498897,0.005189818844048692
A1,109.0,0.8663366336633663,0.8748527580885948,0.005458731272999067
A1,110.0,0.8663366336633663,0.873577981140191,0.004750334719493647
A1,111.0,0.8663366336633663,0.8783789321576186,0.004811588462169792
A1,112.0,0.8638613861386139,0.8694844985456678,0.004729472995041067
A1,113.0,0.8638613861386139,0.8721881421246142,0.005187819917537935
A1,114.0,0.8638613861386139,0.8701522679186536,0.004760133934792432
A1,115.0,0.8638613861386139,0.8677675689626727,0.004742566329434597
A1,116.0,0.8613861386138614,0.8688532253626351,0.004979267559467545
A1,117.0,0.8613861386138614,0.8676420351541003,0.004906280414897567
A1,118.0,0.8613861386138614,0.8690305340122153,0.004948970368996189
A1,119.0,0.8589108910891089,0.8674572249082234,0.004933470835992384
A1,120.0,0.8589108910891089,0.8646683397121181,0.004775912123374411
A1,121.0,0.8589108910891089,0.8616622597540603,0.00472356088394614
A1,122.0,0.8589108910891089,0.8630095823863907,0.0047795623682713746
A1,123.0,0.8564356435643564,0.8597587284211308,0.00475472890843733
A1,124.0,0.8564356435643564,0.8595910428138409,0.0047093319362907825
A1,125.0,0.8589108910891089,0.8681693187192596,0.0047613319341247235
A1,126.0,0.8514851485148515,0.8668320808835981,0.005498239192729222
A1,127.0,0.8539603960396039,0.8617623747423102,0.005301054993305028
A1,128.0,0.8539603960396039,0.8569514336480061,0.004606332848499514
A1,129.0,0.8514851485148515,0.8576866066500732,0.004762397017060593
A1,130.0,0.8514851485148515,0.8562724606986667,0.004973719005658064
A1,131.0,0.849009900990099,0.8529034460570426,0.005276738368675746
A1,132.0,0.8514851485148515,0.8562073303321607,0.004723406133293532
A1,133.0,0.8514851485148515,0.8570137804797138,0.004694469828257031
A1,134.0,0.8514851485148515,0.858987948433786,0.004806614489834275
A1,135.0,0.8465346534653465,0.8546150308539998,0.005488740825606607
A1,136.0,0.8465346534653465,0.8518819803409974,0.0048826257044914095
A1,137.0,0.8465346534653465,0.8526557187296063,0.004636551451592306
A1,138.0,0.8465346534653465,0.8538041757083478,0.004759168528025067
A1,139.0,0.844059405940594,0.8481218757719851,0.005000325317823791
A1,140.0,0.844059405940594,0.843624492544951,0.0046645621173736366
A1,141.0,0.8415841584158416,0.8451898791938953,0.005300539647234721
A1,142.0,0.8415841584158416,0.8420540422283882,0.005319123789104297
A1,143.0,0.8415841584158416,0.8440727256316014,0.005202625791179543
A1,144.0,0.8391089108910891,0.8399279489775041,0.005172612633114431
A1,145.0,0.8391089108910891,0.843414582194854,0.004840653665942846
A1,146.0,0.8366336633663366,0.8383128833712402,0.0051690905896910715
A1,147.0,0.8366336633663366,0.8389907439544644,0.004869127306519054
A1,148.0,0.8341584158415841,0.8364391462827516,0.005181567848809932
A1,149.0,0.8366336633663366,0.837505404755762,0.004897279299130941
A1,150.0,0.8366336633663366,0.8372144131625865,0.004919544653173199
A1,151.0,0.8366336633663366,0.8305115621211322,0.004805708635137393
A1,152.0,0.8341584158415841,0.8309229725780772,0.004943942337601214
A1,153.0,0.8341584158415841,0.8289832413004867,0.004766220144793481
A1,154.0,0.8316831683168316,0.8300348962789271,0.004887850241152665
A1,155.0,0.8292079207920792,0.8283632953387399,0.00484427243065064
A1,156.0,0.8292079207920792,0.8263663136572632,0.005009542461828212
A1,157.0,0.8292079207920792,0.8259257173305119,0.004982941015639253
A1,158.0,0.8267326732673267,0.8269633894669205,0.00500524496777632
A1,159.0,0.8267326732673267,0.8330076334728513,0.0051780141287657636
A1,160.0,0.8242574257425742,0.8229204615701358,0.004948128019393402
A1,161.0,0.8242574257425742,0.8203465301511481,0.005078908088658644
A1,162.0,0.8242574257425742,0.83000796264159,0.005071615483390675
A1,163.0,0.8217821782178217,0.8283699027586056,0.005035314474410592
A1,164.0,0.8168316831683168,0.8174734600411312,0.005059172585628847
A1,165.0,0.8168316831683168,0.8165172824467763,0.005140875712350682
A1,166.0,0.8168316831683168,0.8135854902407599,0.005138004169672865
A1,167.0,0.8143564356435643,0.8140814030195517,0.005147800430152032
A1,168.0,0.8118811881188119,0.8136726517351679,0.00513018825335362
A1,169.0,0.8118811881188119,0.8151650975952636,0.005261576297748314
A1,170.0,0.8094059405940595,0.8114696133969788,0.00524461271812291
A1,171.0,0.806930693069307,0.8117207107236091,0.005170730662972511
A1,172.0,0.8044554455445545,0.8069380062475564,0.005525282264035646
A1,173.0,0.8044554455445545,0.8043683731431066,0.005184399607658201
A1,174.0,0.801980198019802,0.8066080140991926,0.005368973086583372
A1,175.0,0.801980198019802,0.8064827106285842,0.005298196680209911
A1,176.0,0.7995049504950495,0.8025407068035848,0.005256538279546431
A1,177.0,0.7995049504950495,0.8015277198434141,0.00520585753754888
A1,178.0,0.7970297029702971,0.8003387025848412,0.005152637035449433
A1,179.0,0.7945544554455446,0.8019418155707314,0.0053896763543116975
A1,180.0,0.7945544554455446,0.799659554570413,0.005346135723886496
A1,181.0,0.7920792079207921,0.7972471743302562,0.005476556312576203
A1,182.0,0.7896039603960396,0.7961212350046976,0.005521462065188469
A1,183.0,0.7871287128712872,0.7915645756654693,0.005390660345773204
A1,184.0,0.7846534653465347,0.7918580958637378,0.00562108979600309
A1,185.0,0.7846534653465347,0.7876218413203819,0.005468698363867005
A1,186.0,0.7846534653465347,0.7873120271889865,0.005556809036640649
A1,187.0,0.7772277227722773,0.7835456147238743,0.0054922413015462855
A1,188.0,0.7772277227722773,0.7839230462107869,0.005434559804944964
A1,189.0,0.7772277227722773,0.7790398068184751,0.005414419983098444
A1,190.0,0.7722772277227723,0.781024151676879,0.00574603452819083
A1,191.0,0.7722772277227723,0.7788209907125291,0.005833961087214234
A1,192.0,0.7698019801980198,0.7768434414979815,0.005885224821378982
A1,193.0,0.7673267326732673,0.7739930688238652,0.005719683585709988
A1,194.0,0.7623762376237624,0.7728245435836374,0.00573278136109118
A1,195.0,0.7623762376237624,0.7715548176432034,0.005932284840719949
A1,196.0,0.7599009900990099,0.7694264346848096,0.005869055911285604
A1,197.0,0.7574257425742574,0.764122036547239,0.005850222956433802
A1,198.0,0.754950495049505,0.7621649870823678,0.006010314315480655
A1,199.0,0.754950495049505,0.7610474418933231,0.006462550407620943
A1,200.0,0.75,0.7553493318920725,0.006117377775608824
A1,201.0,0.7475247524752475,0.753222559807424,0.006409798508846165
A1,202.0,0.7475247524752475,0.7492121669074908,0.006867883915251517
A1,203.0,0.7425742574257426,0.753406464871901,0.006911133579462005
A1,204.0,0.7400990099009901,0.748150626961387,0.006596409055505742
A1,205.0,0.7376237623762376,0.7459454011901605,0.006999380352662413
A1,206.0,0.7351485148514851,0.7384954020492863,0.006883097258617602
A1,207.0,0.7277227722772277,0.741315557538236,0.007766415804662747
A1,208.0,0.7301980198019802,0.7288632027700326,0.0074507671797685755
A1,209.0,0.7227722772277227,0.7375856049558568,0.008180406792812452
A1,210.0,0.7277227722772277,0.7352670707923846,0.007829651025015986
A1,211.0,0.7227722772277227,0.7269314736713108,0.008416028823553188
A1,212.0,0.7178217821782178,0.7322415113080533,0.008452897200301535
A1,213.0,0.7128712871287128,0.7272499405164417,0.008959122127553234
A1,214.0,0.7153465346534653,0.7246114105405759,0.008690702820210186
A1,215.0,0.7079207920792079,0.7254606294943907,0.008606651187411704
A1,216.0,0.7079207920792079,0.7218677057360144,0.009053780151708041
A1,217.0,0.7029702970297029,0.7232913628921309,0.009684865361959949
A1,218.0,0.7103960396039604,0.7200118228978017,0.00977836933288111
A1,219.0,0.7029702970297029,0.7198630749659024,0.009172990901079035
A1,220.0,0.7029702970297029,0.7160631842630603,0.009622426594626228
A1,221.0,0.7004950495049505,0.7166046788166077,0.010378785316417935
A1,222.0,0.698019801980198,0.7170275951717077,0.00926599312305775
A1,223.0,0.6955445544554455,0.7075274721883618,0.01160334593647931
A1,224.0,0.693069306930693,0.7106718464366992,0.010879281490713348
A1,225.0,0.6905940594059405,0.7114094000908896,0.01062925918778531
A1,226.0,0.6905940594059405,0.7056654148900949,0.011727765112176753
A1,227.0,0.6856435643564357,0.7100733802263923,0.010698909323432001
A1,228.0,0.6856435643564357,0.7014178183382438,0.012137176251995164
A1,229.0,0.6806930693069307,0.7061642566777397,0.011349279033218732
A1,230.0,0.6806930693069307,0.7015743121138217,0.012808370773963833
A1,231.0,0.6757425742574258,0.7006732390090251,0.012253879938684863
A1,232.0,0.6757425742574258,0.6966499527450498,0.0134371389976327
A1,233.0,0.6707920792079208,0.6895632982164173,0.015497420581407727
A1,234.0,0.6683168316831684,0.694776488348111,0.013360326105454054
A1,235.0,0.6707920792079208,0.6854160301907062,0.01635009708002341
A1,236.0,0.6633663366336634,0.692164518428839,0.014142413582225356
A1,237.0,0.6658415841584159,0.6791658432804196,0.01563312941507644
A1,238.0,0.6584158415841584,0.683908436930841,0.01627302016563565
A1,239.0,0.655940594059406,0.677326650825044,0.017015876131029867
A1,240.0,0.650990099009901,0.6818216937279503,0.016115850327889057
A1,241.0,0.650990099009901,0.6787286227853317,0.016140550586388705
A1,242.0,0.6460396039603961,0.6736736000837761,0.018353096376434556
A1,243.0,0.6410891089108911,0.6762803534575921,0.01822428996777666
A1,244.0,0.6410891089108911,0.6761544531573918,0.01789456034701477
A1,245.0,0.6336633663366337,0.6651177602661571,0.018935346182644537
A1,246.0,0.6361386138613861,0.6662052765850229,0.018160600753349604
A1,247.0,0.6262376237623762,0.6615487041812678,0.020526250200597146
A1,248.0,0.6262376237623762,0.6622594854253954,0.021504584401881913
A1,249.0,0.6212871287128713,0.6575541934870222,0.022048970640378907
A1,250.0,0.6163366336633663,0.6561864625784031,0.022207306530656366
A1,251.0,0.6138613861386139,0.658145458880633,0.02180491010351525
A1,252.0,0.6089108910891089,0.6455775576739604,0.024965998050399316
A1,253.0,0.6064356435643564,0.6536221050009067,0.024018121742224303
A1,254.0,0.6014851485148515,0.6393068040496932,0.02657156271988159
A1,255.0,0.6014851485148515,0.6398264249644995,0.02686740786159197
A1,256.0,0.5915841584158416,0.6276543271798359,0.02969744373870241
A1,257.0,0.5891089108910891,0.6311223523565286,0.0267933139272618
A1,258.0,0.5816831683168316,0.6287764669462643,0.028387198766452133
A1,259.0,0.5792079207920792,0.6300076273191855,0.030069887059625856
A1,260.0,0.5767326732673267,0.623722934928813,0.03001860746348008
A1,261.0,0.5742574257425742,0.617156179645991,0.03314345630117348
A1,262.0,0.5668316831683168,0.6180977425922618,0.030869818466175106
A1,263.0,0.5643564356435643,0.6074819367270001,0.035456686047471826
A1,264.0,0.556930693069307,0.5918708689215948,0.037088742429347246
A1,265.0,0.551980198019802,0.5935031603339276,0.03750880709151246
A1,266.0,0.5420792079207921,0.6052971180233517,0.03523966348435836
A1,267.0,0.5371287128712872,0.5681437079157763,0.04571206591368901
A2,1.0,1.0,0.9709272640664506,0.005520475734180004
A2,2.0,0.9950372208436724,0.966924982919969,0.005921426195949125
A2,3.0,0.9875930521091811,0.9651461661166085,0.005278325058477423
A2,4.0,0.9826302729528535,0.9588627204861921,0.005270060152809441
A2,5.0,0.9801488833746899,0.9671682833125289,0.005161159046451137
A2,6.0,0.9751861042183623,0.9463063654258652,0.005261802787640836
A2,7.0,0.9702233250620348,0.9424688110011697,0.005273526325573418
A2,8.0,0.967741935483871,0.9473316104972587,0.005167850396395143
A2,9.0,0.9652605459057072,0.9461464307343892,0.005143417468443652
A2,10.0,0.9602977667493796,0.9370105046791547,0.005157623937432754
A2,11.0,0.9578163771712159,0.9322250893181917,0.004960132840050249
A2,12.0,0.9578163771712159,0.9356516052909977,0.004992709370784736
A2,13.0,0.9553349875930521,0.920525570287541,0.005278435576246506
A2,14.0,0.9528535980148883,0.9167657982697571,0.005238647763240062
A2,15.0,0.9503722084367245,0.9218503646976832,0.005159746033911469
A2,16.0,0.9478908188585607,0.9216308984355357,0.00523834520410287
A2,17.0,0.9429280397022333,0.9142467953238193,0.0053627764611937625
A2,18.0,0.9429280397022333,0.909062852322318,0.0053453297262902495
A2,19.0,0.9404466501240695,0.911462780486705,0.00523124924831329
A2,20.0,0.9404466501240695,0.9078762552206953,0.005060028320413735
A2,21.0,0.9404466501240695,0.9106859709659606,0.005369232263433124
A2,22.0,0.9379652605459057,0.9113967219803252,0.0056033099011282015
A2,23.0,0.9379652605459057,0.9022224258659289,0.006077163845200341
A2,24.0,0.9354838709677419,0.9082154486257088,0.004806145469982732
A2,25.0,0.9354838709677419,0.9061886540341809,0.004920981100938274
A2,26.0,0.9330024813895782,0.9071048184867465,0.004920369115888098
A2,27.0,0.9305210918114144,0.9014930245665427,0.004769252823343032
A2,28.0,0.9305210918114144,0.9064162712435702,0.004873467616349412
A2,29.0,0.9305210918114144,0.8984647759050755,0.005486973654435861
A2,30.0,0.9305210918114144,0.8925832093031033,0.005138532121347088
A2,31.0,0.9280397022332506,0.8968929993449153,0.004603762219285431
A2,32.0,0.9255583126550868,0.905710124127423,0.004893772204695468
A2,33.0,0.9255583126550868,0.9058618560607241,0.0047909981706026365
A2,34.0,0.9230769230769231,0.8859813840312829,0.005035733491381477
A2,35.0,0.9230769230769231,0.8965343170441267,0.005248292022439932
A2,36.0,0.9230769230769231,0.8835831331143578,0.005727004269727775
A2,37.0,0.9205955334987593,0.8866145022279318,0.0053504902230827
A2,38.0,0.9205955334987593,0.8796082202746183,0.0052987989661756035
A2,39.0,0.9205955334987593,0.8902332069142127,0.004644226727830118
A2,40.0,0.9181141439205955,0.8916349956588066,0.005072223843640715
A2,41.0,0.9181141439205955,0.8893564713871908,0.005001759341733111
A2,42.0,0.9156327543424317,0.89864116031932,0.00509954486467488
A2,43.0,0.9156327543424317,0.8792479021555726,0.005189313454581173
A2,44.0,0.9156327543424317,0.880361815729351,0.005048810475659705
A2,45.0,0.9156327543424317,0.8777865721759021,0.0052637520286987075
A2,46.0,0.913151364764268,0.8910113126432903,0.004824565349530712
A2,47.0,0.9106699751861043,0.8866231268286522,0.005194129949148534
A2,48.0,0.9106699751861043,0.8872771059119711,0.004813877085278407
A2,49.0,0.9106699751861043,0.8877641271979956,0.0047672578014043305
A2,50.0,0.9106699751861043,0.8803992344680427,0.005005585090948216
A2,51.0,0.9081885856079405,0.8753556696932061,0.0050592654762021735
A2,52.0,0.9081885856079405,0.8792025925812474,0.0048450492942553975
A2,53.0,0.9057071960297767,0.8799469839003448,0.004844628379823168
A2,54.0,0.9057071960297767,0.8822542285413199,0.005015116589407998
A2,55.0,0.9032258064516129,0.883826371447558,0.00513298656033943
A2,56.0,0.9032258064516129,0.8843138594747937,0.005028996779933867
A2,57.0,0.9007444168734491,0.8808538724425596,0.005002764916628729
A2,58.0,0.9032258064516129,0.87300107824735,0.004720280254919958
A2,59.0,0.9007444168734491,0.8775626779206112,0.004839981915294655
A2,60.0,0.9007444168734491,0.8743587797269545,0.004954087618122133
A2,61.0,0.8982630272952854,0.8762613421827103,0.005031253937675379
A2,62.0,0.8982630272952854,0.8798365455983963,0.0048042222236524094
A2,63.0,0.8982630272952854,0.8730844808379374,0.004612814900033296
A2,64.0,0.8957816377171216,0.8825077648174494,0.004983551135282401
A2,65.0,0.8982630272952854,0.8746198787943111,0.004799976526674394
A2,66.0,0.8933002481389578,0.8744464935217435,0.005511616901414106
A2,67.0,0.8933002481389578,0.8737652608380778,0.005227018248782263
A2,68.0,0.8933002481389578,0.8731116678755129,0.004701812458831885
A2,69.0,0.8933002481389578,0.8691012793988764,0.004505753842885819
A2,70.0,0.890818858560794,0.8691126491977532,0.004680183036532795
A2,71.0,0.8933002481389578,0.8678955636390857,0.004764314588115011
A2,72.0,0.890818858560794,0.8647027178653506,0.005141238230664351
A2,73.0,0.8883374689826302,0.8659646902095485,0.004872666443241611
A2,74.0,0.8883374689826302,0.8624375311826997,0.004655658520976161
A2,75.0,0.8883374689826302,0.8662710029500611,0.004791824960763804
A2,76.0,0.8858560794044665,0.8664347539793722,0.005003752458820948
A2,77.0,0.8858560794044665,0.8649387921763172,0.00463647299101229
A2,78.0,0.8858560794044665,0.8654007515365606,0.004930466348502117
A2,79.0,0.8833746898263027,0.8722965341453185,0.005328965535142477
A2,80.0,0.8833746898263027,0.8708311436461318,0.0052716151975559095
A2,81.0,0.8833746898263027,0.8637235031680897,0.005237696329206114
A2,82.0,0.8833746898263027,0.8576191908756395,0.00482195444736196
A2,83.0,0.8808933002481389,0.8581035212168404,0.004539456056547796
A2,84.0,0.8808933002481389,0.8556801274263842,0.0045979644756001335
A2,85.0,0.8808933002481389,0.8553291688576682,0.004732338962865647
A2,86.0,0.8784119106699751,0.8618784484296986,0.004822807427514872
A2,87.0,0.8784119106699751,0.8562241392656726,0.004950428194360805
A2,88.0,0.8759305210918115,0.8573489120250091,0.005024228682490543
A2,89.0,0.8759305210918115,0.8553923346658299,0.005034885683831752
A2,90.0,0.8759305210918115,0.8543957493275381,0.0047812797332149395
A2,91.0,0.8759305210918115,0.8526490584117001,0.004748406253742349
A2,92.0,0.8734491315136477,0.8482130683051252,0.0050532050025762516
A2,93.0,0.8734491315136477,0.8549423704873175,0.005391926746729455
A2,94.0,0.8709677419354839,0.857416731037367,0.005998273229964659
A2,95.0,0.8709677419354839,0.8541006991584599,0.006371252651335577
A2,96.0,0.8709677419354839,0.8565639020229759,0.005936529752820448
A2,97.0,0.8734491315136477,0.8505480362007709,0.004809864641796666
A2,98.0,0.8709677419354839,0.8503103359810062,0.004656844385853401
A2,99.0,0.8684863523573201,0.8425096302931363,0.004833297158377835
A2,100.0,0.8684863523573201,0.8445821313040069,0.0046813130138907005
A2,101.0,0.8684863523573201,0.8433271285517642,0.004627234476070086
A2,102.0,0.8684863523573201,0.8460358363340388,0.004531175908243518
A2,103.0,0.8660049627791563,0.8427259237954827,0.004792252570871597
A2,104.0,0.8660049627791563,0.8385926405197077,0.004733603268118508
A2,105.0,0.8660049627791563,0.8427204391601113,0.0048201019039637106
A2,106.0,0.8635235732009926,0.839386247939051,0.00476925506909798
A2,107.0,0.8635235732009926,0.8333734913152386,0.0046627259264381245
A2,108.0,0.8610421836228288,0.8394597354309925,0.004820661248896277
A2,109.0,0.8635235732009926,0.837599930758704,0.0046702243196524735
A2,110.0,0.8610421836228288,0.8337010418097737,0.0045688331298470745
A2,111.0,0.8610421836228288,0.8356275794380087,0.005004154765824857
A2,112.0,0.8610421836228288,0.8338400039081655,0.004742106504725409
A2,113.0,0.858560794044665,0.8416083660798239,0.004984176127875288
A2,114.0,0.858560794044665,0.8323604206234122,0.005006561830006379
A2,115.0,0.858560794044665,0.8367274946041671,0.004927652728022291
A2,116.0,0.8560794044665012,0.8316965142435258,0.004923098715347007
A2,117.0,0.8560794044665012,0.8350199817166428,0.004997367607114795
A2,118.0,0.8535980148883374,0.8352521593283856,0.0049362118027133335
A2,119.0,0.8535980148883374,0.8326524310887587,0.004924432258586214
A2,120.0,0.8535980148883374,0.8344354646484408,0.004881450162965688
A2,121.0,0.8535980148883374,0.8341574145422364,0.004824261699592244
A2,122.0,0.8511166253101737,0.8283667519480726,0.004828823671505303
A2,123.0,0.8511166253101737,0.8276061774197221,0.004801994335853503
A2,124.0,0.8511166253101737,0.8236587631838539,0.00485804251115805
A2,125.0,0.8486352357320099,0.8339009316599754,0.005984721462239358
A2,126.0,0.8461538461538461,0.8397069528799759,0.006636802602759482
A2,127.0,0.8461538461538461,0.8429878594242127,0.006563523615999411
A2,128.0,0.8486352357320099,0.826628196383496,0.005068272633061381
A2,129.0,0.8461538461538461,0.824061429725311,0.004974607132119638
A2,130.0,0.8436724565756824,0.8218973985469706,0.005280515231794516
A2,131.0,0.8461538461538461,0.8281273350354462,0.005450818768170194
A2,132.0,0.8461538461538461,0.824138489523749,0.004957583205498125
A2,133.0,0.8436724565756824,0.8283958441706134,0.00496448326680722
A2,134.0,0.8411910669975186,0.8333863426430844,0.005773533377117059
A2,135.0,0.8411910669975186,0.829498397031013,0.0055124742826964486
A2,136.0,0.8387096774193549,0.832670455886485,0.0055922314852232926
A2,137.0,0.8387096774193549,0.8288146618089023,0.005413791096539632
A2,138.0,0.8387096774193549,0.8218525560324087,0.00530378910178176
A2,139.0,0.8362282878411911,0.8257958688911318,0.0052868015602074965
A2,140.0,0.8362282878411911,0.8224148870936183,0.005151655126916448
A2,141.0,0.8337468982630273,0.8309114185644207,0.007903569060060858
A2,142.0,0.8362282878411911,0.8244961350726243,0.005458266346782911
A2,143.0,0.8362282878411911,0.8232739713420849,0.005086943471391643
A2,144.0,0.8337468982630273,0.8175195309609057,0.005076857638290874
A2,145.0,0.8312655086848635,0.8176166950297283,0.005182346986244212
A2,146.0,0.8312655086848635,0.8225601165955827,0.005446705781090862
A2,147.0,0.8287841191066998,0.8116071489970919,0.005645180708051921
A2,148.0,0.8287841191066998,0.8201675607204028,0.0053538547387563685
A2,149.0,0.8287841191066998,0.8173004023248108,0.0053080333286011
A2,150.0,0.8287841191066998,0.8168817514595355,0.00555520727263394
A2,151.0,0.826302729528536,0.8139227411010451,0.005367786259206165
A2,152.0,0.826302729528536,0.8162055897954194,0.005323055492741223
A2,153.0,0.8238213399503722,0.8129240559470903,0.005403091678877195
A2,154.0,0.8238213399503722,0.8152343170244629,0.005676572896905927
A2,155.0,0.8213399503722084,0.8128254425680311,0.005607001678719372
A2,156.0,0.8213399503722084,0.8203667469084309,0.005872931868431597
A2,157.0,0.8213399503722084,0.8145104273936528,0.005677139574029697
A2,158.0,0.8188585607940446,0.8185029078319974,0.005550278451531524
A2,159.0,0.8163771712158809,0.8175027089690566,0.005513184236194944
A2,160.0,0.8163771712158809,0.8130798244671466,0.0055214369848994435
A2,161.0,0.8138957816377171,0.8173250715214668,0.005608699590141778
A2,162.0,0.8138957816377171,0.8244457202139863,0.006236469367610021
A2,163.0,0.8114143920595533,0.814289414184832,0.005712888511247365
A2,164.0,0.8114143920595533,0.8111720856531378,0.00584877218020929
A2,165.0,0.8089330024813896,0.8182006697707984,0.0057488197223640155
A2,166.0,0.8064516129032258,0.8145436494400152,0.006111765174606584
A2,167.0,0.8064516129032258,0.8128995138847872,0.005718064913174915
A2,168.0,0.8039702233250621,0.8125744446125761,0.0057028342968493085
A2,169.0,0.8014888337468983,0.8092666935928154,0.006472687893388252
A2,170.0,0.8014888337468983,0.8143335469534132,0.005864977217765459
A2,171.0,0.7990074441687345,0.8136977599890227,0.0058509054995034716
A2,172.0,0.7965260545905707,0.812431396697365,0.005648054696527281
A2,173.0,0.7965260545905707,0.8107215159146812,0.006157246083183705
A2,174.0,0.794044665012407,0.811561677591796,0.0062645826049450275
A2,175.0,0.7915632754342432,0.8057409154897691,0.00614994862780196
A2,176.0,0.7915632754342432,0.8071120845510421,0.006052656545487579
A2,177.0,0.7890818858560794,0.8067400240087772,0.006280155793579802
A2,178.0,0.7866004962779156,0.8088595361918726,0.006835673282123849
A2,179.0,0.7866004962779156,0.8098727014316185,0.0069193247015908455
A2,180.0,0.7841191066997518,0.802937563270476,0.006690433358945426
A2,181.0,0.7816377171215881,0.8009068702703088,0.0064811985581455685
A2,182.0,0.7791563275434243,0.7992288996036736,0.006665942197273963
A2,183.0,0.7766749379652605,0.7979958386286558,0.006664631983689211
A2,184.0,0.7741935483870968,0.8067379223643446,0.007097622049251114
A2,185.0,0.7741935483870968,0.8041486270386462,0.006833885638828707
A2,186.0,0.771712158808933,0.7945605040338621,0.00768528893017262
A2,187.0,0.7667493796526055,0.7921761154175494,0.0069894280001204356
A2,188.0,0.7642679900744417,0.7917333767353045,0.007338178244367175
A2,189.0,0.7617866004962779,0.7924134716467848,0.007888590605505003
A2,190.0,0.7593052109181141,0.787073034850999,0.007530354232681593
A2,191.0,0.7568238213399504,0.7855137837486565,0.00786872351680186
A2,192.0,0.7568238213399504,0.7853191375454256,0.007699274218363354
A2,193.0,0.7518610421836228,0.7866269672606665,0.007460313274867968
A2,194.0,0.749379652605459,0.787293192881944,0.00764658710582909
A2,195.0,0.749379652605459,0.7848653898129925,0.007828539948783518
A2,196.0,0.7444168734491315,0.7764886520977148,0.008170187546303227
A2,197.0,0.7419354838709677,0.7721832277686834,0.007794477834392922
A2,198.0,0.739454094292804,0.7729555667695225,0.007789033908443354
A2,199.0,0.7344913151364765,0.7671866301099087,0.008250167768742104
A2,200.0,0.7320099255583127,0.7655262881995046,0.008317691675160952
A2,201.0,0.7295285359801489,0.7644296731780762,0.008344077973151481
A2,202.0,0.7270471464019851,0.779474490839121,0.009906738222806159
A2,203.0,0.7245657568238213,0.7665000989863043,0.008754356446425249
A2,204.0,0.7196029776674938,0.7703834493326147,0.011267549123298604
A2,205.0,0.71712158808933,0.754581718880257,0.008970953857318165
A2,206.0,0.7121588089330024,0.7577462404657359,0.011592409592318798
A2,207.0,0.7146401985111662,0.7571097095887576,0.011548074677890251
A2,208.0,0.707196029776675,0.7471389206756407,0.01088181129843208
A2,209.0,0.707196029776675,0.7448443498766697,0.010429735364000645
A2,210.0,0.6997518610421837,0.742667373928307,0.01201787912680649
A2,211.0,0.6972704714640199,0.7384759790461642,0.012038604385512299
A2,212.0,0.6923076923076923,0.7339423468491644,0.012228937240449348
A2,213.0,0.6898263027295285,0.7293358109536827,0.012549514659841481
A2,214.0,0.6873449131513648,0.72608443852935,0.012698656897540482
A2,215.0,0.684863523573201,0.7213574497427847,0.012468623960739396
A2,216.0,0.6823821339950372,0.7202525010513774,0.012016874566676647
A2,217.0,0.6823821339950372,0.7196284514556917,0.011468293090236904
A2,218.0,0.6823821339950372,0.716381102173343,0.012285358989193883
A2,219.0,0.6774193548387096,0.7183064573858485,0.012859905075835051
A2,220.0,0.674937965260546,0.716376489508123,0.01244066062801718
A2,221.0,0.6724565756823822,0.7137207314455296,0.012358781450102267
A2,222.0,0.6699751861042184,0.7133323658701265,0.012526239927038824
A2,223.0,0.6674937965260546,0.6996504872769314,0.011158560111991227
A2,224.0,0.6650124069478908,0.7028980644882767,0.012587262875234677
A2,225.0,0.6625310173697271,0.7051074490038285,0.012665362606763129
A2,226.0,0.6600496277915633,0.7042183716329252,0.01260229991913166
A2,227.0,0.6550868486352357,0.7021082083620159,0.012577093536048408
A2,228.0,0.6501240694789082,0.6961274297447942,0.013247032079537901
A2,229.0,0.6476426799007444,0.6965994194310454,0.013096409779473574
A2,230.0,0.6426799007444168,0.6952649679916372,0.013307498103961897
A2,231.0,0.6401985111662531,0.6887025377460672,0.013126227865550752
A2,232.0,0.6377171215880894,0.6844563825828953,0.013461407412770958
A2,233.0,0.6327543424317618,0.6824640496136215,0.013348781725816305
A2,234.0,0.630272952853598,0.6720556206943449,0.012357886866875105
A2,235.0,0.6203473945409429,0.673404997175723,0.013807512794771746
A2,236.0,0.6203473945409429,0.673013375399943,0.015037650208029494
A2,237.0,0.6153846153846154,0.6666903416202248,0.013288504865365503
A2,238.0,0.607940446650124,0.6661187576948315,0.0153715958338942
A2,239.0,0.6029776674937966,0.6529800155366545,0.01273189424148022
A2,240.0,0.5955334987593052,0.6579728559464968,0.016234170459290258
A2,241.0,0.5955334987593052,0.6466095033228895,0.014333455904052316
A2,242.0,0.5856079404466501,0.6456143426624353,0.01611162638963086
A2,243.0,0.5831265508684863,0.6373431381421709,0.014259383860110789
A2,244.0,0.5732009925558312,0.6369082383343523,0.017025987108581848
A2,245.0,0.5707196029776674,0.627629866962803,0.014120525163281565
A2,246.0,0.5583126550868487,0.6252714533495909,0.017718686066692663
A2,247.0,0.5558312655086849,0.6180266007373172,0.017370508252917638
A2,248.0,0.5459057071960298,0.600125290262133,0.014431110884904468
A2,249.0,0.5359801488833746,0.6088060198645437,0.0178510418196432
A2,250.0,0.5359801488833746,0.5926211930572429,0.01420406137324105
A2,251.0,0.5260545905707196,0.5952437399156237,0.01648248865974703
A2,252.0,0.5210918114143921,0.5839984467687283,0.016329108539569252
A2,253.0,0.5161290322580645,0.5893773360934002,0.01735915650998418
A2,254.0,0.511166253101737,0.5720815153890304,0.014926194326650313
A2,255.0,0.4987593052109181,0.587709081931446,0.018399799822173803
A2,256.0,0.49379652605459057,0.5757803685498096,0.016401757890506456
A2,257.0,0.48635235732009924,0.5716362569367616,0.017271604615578813
A2,258.0,0.4813895781637717,0.5613730080536099,0.016849366143084195
A2,259.0,0.47642679900744417,0.5567920455385567,0.017281280944468454
A2,260.0,0.46898263027295284,0.5448204242915664,0.016933308433971526
A2,261.0,0.46153846153846156,0.5673169916783811,0.01953465403489197
A2,262.0,0.456575682382134,0.5397444203545042,0.016134915053069007
A2,263.0,0.4491315136476427,0.5573683765480738,0.0209541759651334
A2,264.0,0.4441687344913151,0.5415617136447436,0.018109502531255674
A2,265.0,0.4292803970223325,0.5520946564870773,0.0226750498788313
A2,266.0,0.41935483870967744,0.5426207085857351,0.0224840629958089
A3,1.0,1.0,1.017749121490106,0.016559902871358216
A3,2.0,0.9973753280839895,1.0200677398278906,0.014545217250179326
A3,3.0,0.994750656167979,1.016899236233165,0.014505398670694414
A3,4.0,0.994750656167979,1.0203129976881904,0.016658856444516354
A3,5.0,0.9921259842519685,1.0172174178360618,0.015864822833997195
A3,6.0,0.9921259842519685,1.0145024961811757,0.015292872186133738
A3,7.0,0.989501312335958,1.0106892923171524,0.01572484554904296
A3,8.0,0.9868766404199475,1.01118042213001,0.015829834862329906
A3,9.0,0.9868766404199475,1.0152087493857613,0.01744006994935168
A3,10.0,0.984251968503937,1.0132619100488385,0.01758188670810653
A3,11.0,0.984251968503937,1.0073432991823852,0.016262124327756457
A3,12.0,0.9816272965879265,1.0101717666461572,0.01747105279119033
A3,13.0,0.9816272965879265,1.0114043317738985,0.016956184028846966
A3,14.0,0.9816272965879265,1.0046014906247287,0.017487030939158904
A3,15.0,0.979002624671916,1.0010324500778056,0.015373261749051941
A3,16.0,0.979002624671916,1.0002440260912335,0.01587488543090197
A3,17.0,0.9763779527559056,0.999751492198645,0.016836703499523056
A3,18.0,0.973753280839895,1.0038041871246528,0.018186406952444722
A3,19.0,0.973753280839895,1.0008737761715794,0.017915232965985763
A3,20.0,0.973753280839895,0.9975840156140228,0.016343707713629422
A3,21.0,0.973753280839895,0.990213941114487,0.01568828944214623
A3,22.0,0.973753280839895,0.9908368682420118,0.015113354050051452
A3,23.0,0.973753280839895,0.9830676282931097,0.015848735712668406
A3,24.0,0.9711286089238845,0.9849556198257359,0.014340367107101735
A3,25.0,0.9711286089238845,0.9870162713111981,0.014572846941545611
A3,26.0,0.968503937007874,0.9893615741166263,0.014921920323707524
A3,27.0,0.968503937007874,0.9828411814128345,0.014426495910747987
A3,28.0,0.9658792650918635,0.9839759241254507,0.015344090866437251
A3,29.0,0.968503937007874,0.9836816135311672,0.01542620963222268
A3,30.0,0.9658792650918635,0.9824777480075046,0.01565896709880722
A3,31.0,0.9658792650918635,0.982908183840129,0.014880471439690022
A3,32.0,0.963254593175853,0.981496702320896,0.014536445684798907
A3,33.0,0.963254593175853,0.9795507917501503,0.014454675066126162
A3,34.0,0.9606299212598425,0.9769740502227824,0.015713685082819142
A3,35.0,0.963254593175853,0.9766491839500853,0.014486198830580187
A3,36.0,0.9606299212598425,0.9762732264055854,0.016483655060146932
A3,37.0,0.9606299212598425,0.9745911119181094,0.014720218030995196
A3,38.0,0.9606299212598425,0.9710148695586324,0.0140500694037225
A3,39.0,0.958005249343832,0.9705621838684113,0.015134322889328818
A3,40.0,0.958005249343832,0.9725851303560051,0.015374425139922081
A3,41.0,0.958005249343832,0.9725525808032893,0.015466270539141338
A3,42.0,0.958005249343832,0.9672956450445511,0.014465168284538229
A3,43.0,0.9553805774278216,0.9664571491065287,0.013746206430474316
A3,44.0,0.9553805774278216,0.9684450656537433,0.01382238447274066
A3,45.0,0.952755905511811,0.9649565283064991,0.01467156902687664
A3,46.0,0.952755905511811,0.9635250068585801,0.015419809628786998
A3,47.0,0.952755905511811,0.9606015569434758,0.014113658979155643
A3,48.0,0.952755905511811,0.9655444685220431,0.01463892770854176
A3,49.0,0.952755905511811,0.9638676606889152,0.015427033411136331
A3,50.0,0.952755905511811,0.962869853437523,0.015096552826907035
A3,51.0,0.9501312335958005,0.9632887180216524,0.015417726018297525
A3,52.0,0.9501312335958005,0.9643680897174964,0.015687820711337425
A3,53.0,0.94750656167979,0.9573759736432201,0.01582328458287425
A3,54.0,0.94750656167979,0.9568899828094777,0.015721663958858285
A3,55.0,0.94750656167979,0.9612325671534574,0.014603584573505786
A3,56.0,0.9422572178477691,0.9561635996655591,0.01554805792219092
A3,57.0,0.9448818897637795,0.9608897197082845,0.014867320072527574
A3,58.0,0.9448818897637795,0.957811942184872,0.015762079185363327
A3,59.0,0.9448818897637795,0.9544207482400091,0.013613942906135549
A3,60.0,0.9422572178477691,0.9567507928958459,0.015750297455412093
A3,61.0,0.9422572178477691,0.9460579008800747,0.01487701425533305
A3,62.0,0.9422572178477691,0.9512883022143697,0.014029252468440638
A3,63.0,0.9422572178477691,0.9521316875079411,0.016260850414574073
A3,64.0,0.9422572178477691,0.952464976864387,0.013400241090413406
A3,65.0,0.9396325459317585,0.9514641665400874,0.016366435930242833
A3,66.0,0.9396325459317585,0.9526877074353006,0.01432652659509703
A3,67.0,0.937007874015748,0.9498874975748196,0.014305011421377403
A3,68.0,0.937007874015748,0.9503162262918949,0.012875233536065463
A3,69.0,0.937007874015748,0.9499250156586678,0.013459328273259486
A3,70.0,0.937007874015748,0.9462485061704425,0.013617298576404932
A3,71.0,0.9343832020997376,0.947804032059274,0.015824706567779227
A3,72.0,0.9343832020997376,0.9509542054589455,0.014732751926995016
A3,73.0,0.9343832020997376,0.9457889299160736,0.013151797593640291
A3,74.0,0.9343832020997376,0.9503430190405452,0.014489905706363009
A3,75.0,0.9343832020997376,0.947528305347425,0.013747449957761153
A3,76.0,0.931758530183727,0.9457534572970491,0.013463751782320947
A3,77.0,0.931758530183727,0.9486035326424394,0.01401854087592093
A3,78.0,0.9291338582677166,0.9375327147768642,0.016270855135102666
A3,79.0,0.9291338582677166,0.9418285362305883,0.017525769295401235
A3,80.0,0.9291338582677166,0.9365799676594879,0.01608922259604465
A3,81.0,0.9291338582677166,0.9455201509741247,0.01449195699768631
A3,82.0,0.9291338582677166,0.944851785200915,0.013729606344822308
A3,83.0,0.926509186351706,0.9458917326258115,0.013808052988510051
A3,84.0,0.926509186351706,0.94499131199889,0.013785897474479744
A3,85.0,0.926509186351706,0.9479953640628849,0.014782259816798794
A3,86.0,0.9238845144356955,0.9426306938563442,0.013080743339802416
A3,87.0,0.9238845144356955,0.9433038165045387,0.014813019531666772
A3,88.0,0.9212598425196851,0.9492717411072217,0.016700997959321843
A3,89.0,0.9212598425196851,0.9462392463119544,0.015268266990658256
A3,90.0,0.9212598425196851,0.943463467216596,0.014713606513850326
A3,91.0,0.9186351706036745,0.9415368465738929,0.014842561020207066
A3,92.0,0.9186351706036745,0.9508814456956121,0.016525559370061227
A3,93.0,0.916010498687664,0.9354501085274833,0.02046802304564219
A3,94.0,0.9133858267716536,0.9369695947980266,0.020676211389006865
A3,95.0,0.9133858267716536,0.9363180026754924,0.021298805850949978
A3,96.0,0.916010498687664,0.9501126538320768,0.0173835460397818
A3,97.0,0.9133858267716536,0.9385972325071853,0.015802687187688173
A3,98.0,0.910761154855643,0.9377476437481769,0.0158005053342424
A3,99.0,0.910761154855643,0.939600116605797,0.016156843375265833
A3,100.0,0.910761154855643,0.9372845342732798,0.015415105204053679
A3,101.0,0.910761154855643,0.9378027577814694,0.015741711681192004
A3,102.0,0.9081364829396326,0.9386567029695192,0.015636813205834432
A3,103.0,0.9081364829396326,0.9442680268312301,0.017023889993755186
A3,104.0,0.9081364829396326,0.9453743614425453,0.017278284576617786
A3,105.0,0.905511811023622,0.9319762479716389,0.019876609908265036
A3,106.0,0.905511811023622,0.9426414221085744,0.017391422793771608
A3,107.0,0.9028871391076115,0.9289590224545381,0.01946167033700037
A3,108.0,0.905511811023622,0.9394852369971869,0.015708374853616838
A3,109.0,0.9028871391076115,0.9353163060391549,0.015922833278808578
A3,110.0,0.9028871391076115,0.9359414812797138,0.016212215700531937
A3,111.0,0.9028871391076115,0.937240499513782,0.016671630102821983
A3,112.0,0.9002624671916011,0.9302918739575945,0.020241105267113823
A3,113.0,0.9002624671916011,0.9384286608200648,0.01709683520545701
A3,114.0,0.9002624671916011,0.9294033441917662,0.015610218693389289
A3,115.0,0.8976377952755905,0.9360706957903759,0.017061704300454568
A3,116.0,0.8976377952755905,0.9332931970965597,0.016531784834667034
A3,117.0,0.89501312335958,0.9314431341510634,0.016621351546866697
A3,118.0,0.89501312335958,0.9359753692792456,0.017907434319790076
A3,119.0,0.89501312335958,0.9326250164278915,0.017451136925861865
A3,120.0,0.89501312335958,0.9316128333851328,0.016133583865049622
A3,121.0,0.89501312335958,0.9306691216058496,0.016078829247823605
A3,122.0,0.8923884514435696,0.9291217555217475,0.015978857170439304
A3,123.0,0.8923884514435696,0.9359013094704303,0.01766484227494886
A3,124.0,0.8923884514435696,0.9254544498610052,0.020334821918321828
A3,125.0,0.8871391076115486,0.9183550743034423,0.02151620785269883
A3,126.0,0.8871391076115486,0.9217464193120444,0.022164289753084584
A3,127.0,0.889763779527559,0.9277697925558674,0.016193953653541995
A3,128.0,0.8871391076115486,0.9331014055292155,0.018050900117597333
A3,129.0,0.884514435695538,0.916522206991381,0.019131417201505043
A3,130.0,0.884514435695538,0.9182485909446745,0.020437233647185676
A3,131.0,0.889763779527559,0.9216222335037549,0.015269284705458975
A3,132.0,0.8871391076115486,0.9247863287469631,0.021015613599701624
A3,133.0,0.884514435695538,0.9198212944468835,0.019642967051168164
A3,134.0,0.8818897637795275,0.9162757337622428,0.02294781624384278
A3,135.0,0.8818897637795275,0.92067741859445,0.01766861005238726
A3,136.0,0.8818897637795275,0.9204023034572644,0.01645270353741507
A3,137.0,0.8792650918635171,0.9189179561995064,0.017076323054044544
A3,138.0,0.8792650918635171,0.918988802523208,0.020578820714464475
A3,139.0,0.8792650918635171,0.9233416376885821,0.01929636669842014
A3,140.0,0.8792650918635171,0.9180823906061069,0.015994650656501457
A3,141.0,0.8792650918635171,0.9117779599147472,0.02311878466575596
A3,142.0,0.8818897637795275,0.9221645020834977,0.016426630465192316
A3,143.0,0.8766404199475065,0.917974571284756,0.0162906048979105
A3,144.0,0.8766404199475065,0.9193559578022585,0.017494453682626265
A3,145.0,0.8766404199475065,0.9146920128338648,0.017328138649193293
A3,146.0,0.8740157480314961,0.9220363879590581,0.01730994954083953
A3,147.0,0.8740157480314961,0.9134439188070715,0.016625770158641615
A3,148.0,0.8740157480314961,0.9210330390949604,0.017335624795025144
A3,149.0,0.8740157480314961,0.9058714823201847,0.01901141988842144
A3,150.0,0.8713910761154856,0.9117893234644441,0.020231293049058158
A3,151.0,0.8713910761154856,0.9085097646015521,0.019067382446244
A3,152.0,0.8713910761154856,0.9088644768059482,0.020054311241287426
A3,153.0,0.8713910761154856,0.9104203498144853,0.02066288858249455
A3,154.0,0.868766404199475,0.9037367774131979,0.019170659568564122
A3,155.0,0.868766404199475,0.9061120999583162,0.019503719289893976
A3,156.0,0.868766404199475,0.900845587867778,0.018364494748599896
A3,157.0,0.868766404199475,0.9029653997747701,0.01875749505883876
A3,158.0,0.8661417322834646,0.8764109772135124,0.011754494361223911
A3,159.0,0.863517060367454,0.877219035283017,0.012563095920373028
A3,160.0,0.863517060367454,0.876652122797873,0.0126264971416037
A3,161.0,0.8661417322834646,0.8779170236162728,0.009504424079866935
A3,162.0,0.863517060367454,0.8754146630931778,0.013229390019791237
A3,163.0,0.8608923884514436,0.8776697017013733,0.013680325945093896
A3,164.0,0.8608923884514436,0.8699994148901107,0.012160333849056338
A3,165.0,0.8608923884514436,0.8744605919857871,0.01319608852180762
A3,166.0,0.8582677165354331,0.871247837838291,0.012253142919112182
A3,167.0,0.8582677165354331,0.8693275242775088,0.011688985699000481
A3,168.0,0.8582677165354331,0.871404220556353,0.009661949688419436
A3,169.0,0.8556430446194225,0.866986676661616,0.011814724576123207
A3,170.0,0.8556430446194225,0.8686989682567389,0.012522453607765811
A3,171.0,0.8556430446194225,0.870201341430824,0.013322249319740923
A3,172.0,0.8530183727034121,0.865153011504918,0.012417399383751495
A3,173.0,0.8530183727034121,0.8684992880457727,0.0134665626671827
A3,174.0,0.8503937007874016,0.8622738683246804,0.012426383808010397
A3,175.0,0.8503937007874016,0.8630426661999706,0.012634821155142103
A3,176.0,0.8503937007874016,0.8607934700861699,0.012327673885991153
A3,177.0,0.847769028871391,0.8634245266914156,0.013318917908108038
A3,178.0,0.847769028871391,0.8586770647228403,0.012275344082384343
A3,179.0,0.8451443569553806,0.8614897406756119,0.013294801143326887
A3,180.0,0.8451443569553806,0.8568252383079786,0.012379487411472717
A3,181.0,0.8451443569553806,0.858850257884747,0.012889963441927655
A3,182.0,0.84251968503937,0.8564456778152337,0.013243308475369742
A3,183.0,0.84251968503937,0.8552344446863055,0.013156080601660281
A3,184.0,0.8398950131233596,0.8585768067999808,0.01354693576291969
A3,185.0,0.8398950131233596,0.8542505942983455,0.013271115131939869
A3,186.0,0.8372703412073491,0.8578570262898293,0.01436925887641326
A3,187.0,0.8372703412073491,0.8544844617865144,0.012985071239502393
A3,188.0,0.8372703412073491,0.8525461386651378,0.01268428804169877
A3,189.0,0.8346456692913385,0.8495588226198987,0.012904216423593684
A3,190.0,0.8346456692913385,0.8501190834266973,0.01298368613113176
A3,191.0,0.8320209973753281,0.8484371652201794,0.012815373633190302
A3,192.0,0.8320209973753281,0.8514201388666303,0.013629100790786651
A3,193.0,0.8320209973753281,0.848154816328281,0.012702320063960191
A3,194.0,0.8293963254593176,0.8443255914255345,0.013542115786608402
A3,195.0,0.8267716535433071,0.8459988396241183,0.01340729741908132
A3,196.0,0.8267716535433071,0.8481658363516793,0.013954316935908423
A3,197.0,0.8267716535433071,0.8396291635809978,0.012463995591460825
A3,198.0,0.8241469816272966,0.8417009838139208,0.012200765198715668
A3,199.0,0.8241469816272966,0.8410427710980543,0.012501267380025665
A3,200.0,0.821522309711286,0.8409431745015661,0.01310123031020099
A3,201.0,0.821522309711286,0.8373488576610079,0.013414644632402587
A3,202.0,0.8188976377952756,0.8380970155540779,0.016730166182399954
A3,203.0,0.821522309711286,0.8312522315172942,0.013566837666957562
A3,204.0,0.8136482939632546,0.8405175571753828,0.018399980026549752
A3,205.0,0.8162729658792651,0.8330429626472392,0.015285394347380916
A3,206.0,0.8110236220472441,0.8311009571086959,0.0165339391669842
A3,207.0,0.8162729658792651,0.8326053486361845,0.016113317642992737
A3,208.0,0.8083989501312336,0.8366884992554969,0.01382475266733893
A3,209.0,0.8110236220472441,0.8250409835559489,0.01623439431680574
A3,210.0,0.8031496062992126,0.825708845470803,0.016096386583328518
A3,211.0,0.8031496062992126,0.831121680192868,0.018738052412771534
A3,212.0,0.800524934383202,0.8254435216184511,0.01829858380969205
A3,213.0,0.8031496062992126,0.8299527139377239,0.014125628263050274
A3,214.0,0.7979002624671916,0.8239667548856721,0.017523140710732996
A3,215.0,0.800524934383202,0.8291748211837016,0.013663403025321944
A3,216.0,0.7926509186351706,0.8228175280710776,0.016462532366894985
A3,217.0,0.7979002624671916,0.8218820362727263,0.014734491685742162
A3,218.0,0.7926509186351706,0.8212156254683647,0.017059678030607497
A3,219.0,0.7952755905511811,0.8287710603428554,0.012928288716783311
A3,220.0,0.7874015748031497,0.8244797412355415,0.017544496098453943
A3,221.0,0.7874015748031497,0.8160070801883788,0.015073835051157159
A3,222.0,0.7847769028871391,0.820413265064371,0.016726014429102574
A3,223.0,0.7821522309711286,0.8215173462391006,0.01580462929483097
A3,224.0,0.7795275590551181,0.8190580346977768,0.01645701672407627
A3,225.0,0.7821522309711286,0.830384484499101,0.013583284428482952
A3,226.0,0.7769028871391076,0.8156253001551561,0.01663644137535606
A3,227.0,0.7769028871391076,0.8199443708886007,0.01314821349065906
A3,228.0,0.7716535433070866,0.8131004870839083,0.016240325009148935
A3,229.0,0.7716535433070866,0.8233621981802174,0.013546090979933359
A3,230.0,0.7664041994750657,0.8134246150971869,0.017182800516745367
A3,231.0,0.7664041994750657,0.8242650729621513,0.01413541394236307
A3,232.0,0.7611548556430446,0.8074647004913251,0.01725943425535035
A3,233.0,0.7611548556430446,0.8066126355703664,0.014693379033727144
A3,234.0,0.7559055118110236,0.8061573280299785,0.015832697669606807
A3,235.0,0.7559055118110236,0.8085405507046047,0.015593552870736887
A3,236.0,0.7506561679790026,0.8043453254668732,0.017010442449670156
A3,237.0,0.7480314960629921,0.8061292405199276,0.016758027684707605
A3,238.0,0.7427821522309711,0.7950153356697531,0.017779544923139327
A3,239.0,0.7427821522309711,0.8058812302945976,0.016101911222933512
A3,240.0,0.7349081364829396,0.7976033028219023,0.019980103820453537
A3,241.0,0.7349081364829396,0.7922399881398542,0.017745661516253796
A3,242.0,0.7296587926509186,0.7850686609419935,0.016480102383079606
A3,243.0,0.7296587926509186,0.7858766998073582,0.01688598866029729
A3,244.0,0.7217847769028871,0.786344811021815,0.020374252150043223
A3,245.0,0.7217847769028871,0.78213650662509,0.017914689358333635
A3,246.0,0.7139107611548556,0.7799328332046611,0.020816550220480477
A3,247.0,0.7139107611548556,0.7759363282270149,0.020748134190134583
A3,248.0,0.7086614173228346,0.7737008301124353,0.019745786765419746
A3,249.0,0.7034120734908137,0.7715871367165706,0.02006432676853899
A3,250.0,0.7007874015748031,0.7743194688131236,0.019595531507295604
A3,251.0,0.6955380577427821,0.7736815093573334,0.019544566534673215
A3,252.0,0.6929133858267716,0.7741969949657914,0.016394358653479206
A3,253.0,0.6876640419947506,0.7609555280682709,0.021232768099540545
A3,254.0,0.6850393700787402,0.7562522835681103,0.021913092323207196
A3,255.0,0.6771653543307087,0.756233030576312,0.022351674541054082
A3,256.0,0.6745406824146981,0.7561028066109095,0.017329110622451478
A3,257.0,0.6692913385826772,0.7535689287473144,0.016895717610507267
A3,258.0,0.6666666666666666,0.754312504948037,0.01813471908045397
A3,259.0,0.6614173228346457,0.7449735769702744,0.0209445194595468
A3,260.0,0.6587926509186351,0.7466456676335552,0.01949786059294017
A3,261.0,0.6509186351706037,0.7373844476648996,0.02368222828126652
A3,262.0,0.6482939632545932,0.7354425109655269,0.01969670413841151
A3,263.0,0.6430446194225722,0.7291580911453585,0.022228485512372217
A3,264.0,0.6404199475065617,0.7262647329118284,0.02459919434257632
A3,265.0,0.6325459317585301,0.7255938147283959,0.019269523894051607
A3,266.0,0.6220472440944882,0.7155215773376116,0.024276974498805098
A4,1.0,1.0,0.9828384201143704,0.0179269063662792
A4,2.0,0.9925187032418953,0.986918896353348,0.014947120440995894
A4,3.0,0.9875311720698254,0.9924534978743003,0.011597318085344716
A4,4.0,0.9825436408977556,0.9821210159165291,0.008643127105101647
A4,5.0,0.9775561097256857,0.980344156869805,0.008540137398180632
A4,6.0,0.972568578553616,0.9876127242119864,0.009763859790596468
A4,7.0,0.9675810473815462,0.9839290720339305,0.009569621281616475
A4,8.0,0.9625935162094763,0.9838040346653782,0.010064721853313866
A4,9.0,0.9600997506234414,0.982483857142934,0.010204828175305845
A4,10.0,0.9576059850374065,0.9739458480456324,0.009140299499181258
A4,11.0,0.9551122194513716,0.9649834567708304,0.009086964672918878
A4,12.0,0.9526184538653366,0.9646723477402448,0.008898562217234812
A4,13.0,0.9476309226932669,0.9714567885646372,0.009433310462712303
A4,14.0,0.9476309226932669,0.9716195886425807,0.009337958757861375
A4,15.0,0.942643391521197,0.968620326854027,0.01000576440678542
A4,16.0,0.942643391521197,0.9668401511432354,0.009931966488233435
A4,17.0,0.940149625935162,0.966240976958445,0.010398350869200875
A4,18.0,0.940149625935162,0.9558461929568376,0.009321805068406906
A4,19.0,0.9376558603491272,0.9533420853894848,0.009394610832068948
A4,20.0,0.9351620947630923,0.9490222270693542,0.009810950462161842
A4,21.0,0.9351620947630923,0.9620041249716473,0.009547486443208445
A4,22.0,0.9326683291770573,0.9577002916406292,0.009757380850357439
A4,23.0,0.9326683291770573,0.956595121477303,0.009694498579163394
A4,24.0,0.9301745635910225,0.9585828904660254,0.009717890358180763
A4,25.0,0.9276807980049875,0.9564758477981143,0.00952129978272905
A4,26.0,0.9276807980049875,0.9496775886937092,0.00925444903747064
A4,27.0,0.9276807980049875,0.942088432169214,0.009285083994393189
A4,28.0,0.9251870324189526,0.9396002953137235,0.009496277020684946
A4,29.0,0.9251870324189526,0.950261265748272,0.009201168848836403
A4,30.0,0.9226932668329177,0.9517402099178951,0.00957309385806795
A4,31.0,0.9226932668329177,0.9517509316431996,0.009438246544736873
A4,32.0,0.9201995012468828,0.9511113575356656,0.009374140540772343
A4,33.0,0.9201995012468828,0.9469117244312766,0.008825613775113402
A4,34.0,0.9201995012468828,0.9357299303028915,0.009419524808512795
A4,35.0,0.9177057356608479,0.938111060361188,0.00906437804548628
A4,36.0,0.9152119700748129,0.9479505379170909,0.009390897371779233
A4,37.0,0.9152119700748129,0.9460105349557625,0.009514457339153525
A4,38.0,0.9152119700748129,0.945002040999603,0.009399317624402728
A4,39.0,0.912718204488778,0.9449123054411217,0.008900010970068917
A4,40.0,0.9152119700748129,0.9304590909587555,0.009028288824345197
A4,41.0,0.912718204488778,0.9297265245355362,0.008963699069778806
A4,42.0,0.912718204488778,0.9279099572320499,0.008633715105255518
A4,43.0,0.9102244389027432,0.9393801641391376,0.00882317227863921
A4,44.0,0.9077306733167082,0.9410292184337605,0.00904046011881637
A4,45.0,0.9077306733167082,0.9411321013810567,0.008907620334055585
A4,46.0,0.9077306733167082,0.9401880517883038,0.009080896792589655
A4,47.0,0.9077306733167082,0.9248288998866362,0.008559295102063304
A4,48.0,0.9077306733167082,0.9258902259051853,0.008478182945312473
A4,49.0,0.9052369077306733,0.9352653642450262,0.008547347125448468
A4,50.0,0.9052369077306733,0.9365597394357273,0.008729305031078022
A4,51.0,0.9027431421446384,0.9344261230528771,0.008616639083358276
A4,52.0,0.9027431421446384,0.9322243240850859,0.008938384963366743
A4,53.0,0.9027431421446384,0.9282088620079583,0.008310658383754041
A4,54.0,0.9002493765586035,0.9321155815021451,0.008487231950520858
A4,55.0,0.9002493765586035,0.922618450251224,0.008362455423254386
A4,56.0,0.9002493765586035,0.9220870786114856,0.007925304233726645
A4,57.0,0.9002493765586035,0.9188161068265378,0.00819352477451403
A4,58.0,0.8977556109725686,0.9287300808951251,0.00808668458899587
A4,59.0,0.8952618453865336,0.9266836542107675,0.008640385266985531
A4,60.0,0.8977556109725686,0.9233515896089779,0.007872389147637954
A4,61.0,0.8952618453865336,0.9267788917676663,0.008860191324639695
A4,62.0,0.8952618453865336,0.9175874330111096,0.008193089991112727
A4,63.0,0.8927680798004988,0.9236925502363589,0.008317533804777087
A4,64.0,0.8927680798004988,0.9169417916849764,0.008106516632134656
A4,65.0,0.8902743142144638,0.9212962858807501,0.00819707192149203
A4,66.0,0.8902743142144638,0.9234506177122824,0.008758588206405836
A4,67.0,0.8902743142144638,0.9146786389428675,0.00791368406719004
A4,68.0,0.8877805486284289,0.9205144858908819,0.008274010558943737
A4,69.0,0.8877805486284289,0.9180671903472657,0.00806128170015103
A4,70.0,0.8877805486284289,0.9146075355006682,0.0075925050718371415
A4,71.0,0.885286783042394,0.9167772037859439,0.008313219097862479
A4,72.0,0.885286783042394,0.9146756332744836,0.008345944851631457
A4,73.0,0.885286783042394,0.9141667165724727,0.008143588298312807
A4,74.0,0.8827930174563591,0.9137532070992351,0.008072812550901575
A4,75.0,0.8827930174563591,0.911738135141713,0.00825295757050116
A4,76.0,0.8802992518703242,0.9123449255284255,0.008077887701570856
A4,77.0,0.8802992518703242,0.9109170949330949,0.008554643964490453
A4,78.0,0.8802992518703242,0.9078300440594116,0.007827421778551997
A4,79.0,0.8802992518703242,0.9003350082076117,0.007586343137363357
A4,80.0,0.8802992518703242,0.9019640930503814,0.007754290875181231
A4,81.0,0.8778054862842892,0.9003081872871703,0.007545086416410712
A4,82.0,0.8753117206982544,0.9086941725503037,0.008048731197011785
A4,83.0,0.8753117206982544,0.905768571033408,0.00822869053990404
A4,84.0,0.8728179551122195,0.9043408604506147,0.008108156674609828
A4,85.0,0.8728179551122195,0.9006777913999201,0.008046457668972906
A4,86.0,0.8728179551122195,0.8990640661864522,0.008206601006319073
A4,87.0,0.8703241895261845,0.8988355301462212,0.008251392646758648
A4,88.0,0.8703241895261845,0.8992175139324696,0.008104663320196059
A4,89.0,0.8678304239401496,0.8997402255680799,0.008352402052037185
A4,90.0,0.8678304239401496,0.8978986483072499,0.008348394952873176
A4,91.0,0.8653366583541147,0.8967662308349515,0.008169031301957055
A4,92.0,0.8653366583541147,0.8944204299193191,0.00837372103274449
A4,93.0,0.8653366583541147,0.8895518119196795,0.007600388088166868
A4,94.0,0.8653366583541147,0.8866868865514882,0.007509798123453742
A4,95.0,0.8628428927680798,0.8817529428516828,0.007491402065132874
A4,96.0,0.8628428927680798,0.8908718282901216,0.008694322143592417
A4,97.0,0.8603491271820449,0.886847385595521,0.008597500899051033
A4,98.0,0.85785536159601,0.8875238178861063,0.008516302479538947
A4,99.0,0.85785536159601,0.8838933962412959,0.008252302494290768
A4,100.0,0.8553615960099751,0.8849857148084136,0.008490256070185333
A4,101.0,0.8553615960099751,0.8857094582799984,0.008744080218551886
A4,102.0,0.8528678304239401,0.8829927245295822,0.008320362921669587
A4,103.0,0.8528678304239401,0.8793527054106048,0.008522205235621257
A4,104.0,0.8503740648379052,0.8779668419768998,0.008683008102185112
A4,105.0,0.8503740648379052,0.875757898692799,0.00987368041849868
A4,106.0,0.8503740648379052,0.8712144916610772,0.008045755114738092
A4,107.0,0.8478802992518704,0.87276680597763,0.008952114994005972
A4,108.0,0.8478802992518704,0.8696301978446952,0.009154034629457403
A4,109.0,0.8428927680798005,0.8649807436597551,0.009030834095668232
A4,110.0,0.8428927680798005,0.8653807415845076,0.009131687632241236
A4,111.0,0.8428927680798005,0.8616703202654573,0.008375777174235124
A4,112.0,0.8379052369077307,0.857631241237593,0.009360045236792123
A4,113.0,0.8379052369077307,0.8574142912586638,0.009436189747519533
A4,114.0,0.8354114713216958,0.8525986987455538,0.009905483753396845
A4,115.0,0.8329177057356608,0.8518986486668498,0.010232401787836872
A4,116.0,0.830423940149626,0.8470966668442237,0.010281932265687977
A4,117.0,0.830423940149626,0.8438572586072792,0.010230149825112353
A4,118.0,0.827930174563591,0.8423437505692892,0.010128503923999988
A4,119.0,0.8254364089775561,0.8381270540604173,0.01050891763547618
A4,120.0,0.8254364089775561,0.8351727281761012,0.010447304597186569
A4,121.0,0.8229426433915212,0.8332065255212393,0.01043972963767721
A4,122.0,0.8229426433915212,0.8297188246307894,0.01063847415687314
A4,123.0,0.8204488778054863,0.8263939490700705,0.010935816143690238
A4,124.0,0.8204488778054863,0.8261682134500689,0.010420034277491289
A4,125.0,0.8204488778054863,0.8216826861698426,0.009987720116450126
A4,126.0,0.8254364089775561,0.808192151178444,0.009803369556238778
A4,127.0,0.8179551122194514,0.8095007016133899,0.009367049014783446
A4,128.0,0.8179551122194514,0.8091926169908069,0.009572760810150337
A4,129.0,0.8179551122194514,0.8066538948962854,0.009601674846884902
A4,130.0,0.8179551122194514,0.8030012737764277,0.010061012370599618
A4,131.0,0.8179551122194514,0.7998116705708183,0.01026893083113989
A4,132.0,0.8129675810473815,0.8137478452508525,0.011522399099451705
A4,133.0,0.8104738154613467,0.8140804658798181,0.01279888584546597
A4,134.0,0.8079800498753117,0.8136710584991946,0.01332125904908543
A4,135.0,0.8129675810473815,0.7939293941909571,0.010375011942964103
A4,136.0,0.8104738154613467,0.7927754298274051,0.010699322768575579
A4,137.0,0.8054862842892768,0.8037816491015828,0.011387052251045223
A4,138.0,0.8054862842892768,0.8008772380199322,0.011602607002419371
A4,139.0,0.8054862842892768,0.7981562984991679,0.011006175302103325
A4,140.0,0.8029925187032418,0.7931020137045973,0.010061951043126682
A4,141.0,0.8104738154613467,0.7850047806137296,0.010549926669554746
A4,142.0,0.8054862842892768,0.8001362136447396,0.011867900455846308
A4,143.0,0.800498753117207,0.7933827824406249,0.010095537337475978
A4,144.0,0.800498753117207,0.7907435302709502,0.01026091690575983
A4,145.0,0.800498753117207,0.7896808792697887,0.01008110352992201
A4,146.0,0.7980049875311721,0.7875357884340847,0.010220416252294542
A4,147.0,0.7980049875311721,0.7894795617760526,0.010432220500895676
A4,148.0,0.7980049875311721,0.7817025961331427,0.010607375281246148
A4,149.0,0.7955112219451371,0.7955570618251108,0.011319871000955018
A4,150.0,0.7930174563591023,0.7955475413323128,0.011357521698050588
A4,151.0,0.7930174563591023,0.7901907295114288,0.011332817059176083
A4,152.0,0.7905236907730673,0.7967380228212908,0.011574098671330574
A4,153.0,0.7905236907730673,0.7921513458190272,0.011903611624410563
A4,154.0,0.7880299251870324,0.792289816482291,0.011703330255775597
A4,155.0,0.7880299251870324,0.7901444352648423,0.011617795887116169
A4,156.0,0.7855361596009975,0.787174954963933,0.011210974753337924
A4,157.0,0.7855361596009975,0.7868365403382277,0.011596588639313968
A4,158.0,0.7805486284289277,0.7943335779592309,0.013002922850710905
A4,159.0,0.7805486284289277,0.7893121772327303,0.012180362551785017
A4,160.0,0.7830423940149626,0.7874643828105129,0.012239979999428295
A4,161.0,0.7780548628428927,0.787562301427692,0.01232529738563641
A4,162.0,0.7755610972568578,0.7935598775503327,0.013565537597837777
A4,163.0,0.7755610972568578,0.7778968788921035,0.011899803426457078
A4,164.0,0.773067331670823,0.7831327643100797,0.012369042677261067
A4,165.0,0.770573566084788,0.7805430472421608,0.012518802784634658
A4,166.0,0.770573566084788,0.7804291149335465,0.012458279688082616
A4,167.0,0.7680798004987531,0.7794217307148111,0.012743676609879925
A4,168.0,0.7680798004987531,0.7778972361702119,0.012416473218758977
A4,169.0,0.7655860349127181,0.7792197106659388,0.012694303855024597
A4,170.0,0.7630922693266833,0.77786127835616,0.012326713565512343
A4,171.0,0.7630922693266833,0.7742940109050588,0.012797714004512895
A4,172.0,0.7605985037406484,0.7740129378307002,0.01271432895344606
A4,173.0,0.7581047381546134,0.7720873167737251,0.012556117059373411
A4,174.0,0.7556109725685786,0.7723361478090821,0.012726624902720423
A4,175.0,0.7531172069825436,0.7676740527423114,0.012943813461867664
A4,176.0,0.7531172069825436,0.7670277326617542,0.012583144343270248
A4,177.0,0.7506234413965087,0.7682583306528669,0.012776341200356969
A4,178.0,0.7481296758104738,0.7660625634190437,0.012648363545308168
A4,179.0,0.7481296758104738,0.7659343431074372,0.012839502598964386
A4,180.0,0.7456359102244389,0.7635128356405175,0.01289304098493725
A4,181.0,0.743142144638404,0.7610716114286543,0.013012834991197104
A4,182.0,0.7406483790523691,0.7589636006521145,0.012807394874222933
A4,183.0,0.7381546134663342,0.7602171210913409,0.013072062685904273
A4,184.0,0.7356608478802993,0.756863317235634,0.012980151967216509
A4,185.0,0.7331670822942643,0.7527309485358917,0.013124413505637391
A4,186.0,0.7306733167082294,0.7511325908660711,0.01310728741149495
A4,187.0,0.7306733167082294,0.7487472337751854,0.013451762014943901
A4,188.0,0.7281795511221946,0.7460047839772744,0.013406622040136117
A4,189.0,0.7256857855361596,0.7458140782113756,0.013048271258578412
A4,190.0,0.7231920199501247,0.7453596975653256,0.0130974236405446
A4,191.0,0.7206982543640897,0.740011949528379,0.013418075835546238
A4,192.0,0.7182044887780549,0.7360902262506159,0.013356620429009902
A4,193.0,0.71571072319202,0.7308371957563568,0.01381193556550822
A4,194.0,0.713216957605985,0.7284833515041255,0.013840013750647485
A4,195.0,0.7107231920199502,0.731683837551623,0.013044677610769084
A4,196.0,0.7082294264339152,0.7274956670015216,0.013427188188932616
A4,197.0,0.7057356608478803,0.7234752659979922,0.013372145031728632
A4,198.0,0.7007481296758105,0.7177529738049532,0.014188927107656646
A4,199.0,0.6982543640897756,0.7150977533812996,0.01379052778864427
A4,200.0,0.6957605985037406,0.7124447539961813,0.013699900235900942
A4,201.0,0.6907730673316709,0.7120707025366985,0.015414498857720432
A4,202.0,0.6907730673316709,0.6920219301670318,0.014043715463671643
A4,203.0,0.683291770573566,0.7037817578451503,0.01640368412710167
A4,204.0,0.683291770573566,0.6810258556612442,0.017896960327160653
A4,205.0,0.6733167082294265,0.6871656165936088,0.016578080408434552
A4,206.0,0.6783042394014963,0.6687405577209502,0.016205609655718343
A4,207.0,0.6683291770573566,0.6778561317020264,0.017065391869795485
A4,208.0,0.6633416458852868,0.6610930813551102,0.020045860349208848
A4,209.0,0.6583541147132169,0.6628488413824799,0.01751358998381718
A4,210.0,0.6533665835411472,0.660517448670775,0.01846033588188089
A4,211.0,0.6483790523690773,0.652538785695572,0.019239432544206743
A4,212.0,0.6408977556109726,0.6477889260316896,0.01989744716463994
A4,213.0,0.6334164588528678,0.6267008773479115,0.017961386318330188
A4,214.0,0.6309226932668329,0.6247225126686052,0.020035771020352658
A4,215.0,0.6259351620947631,0.6136981827132364,0.01894751241466018
A4,216.0,0.6184538653366584,0.6147266283285782,0.02084315498919735
A4,217.0,0.6159600997506235,0.6034656230804695,0.02052735334051909
A4,218.0,0.6059850374064838,0.5964080897687893,0.02229771038015193
A4,219.0,0.5985037406483791,0.5887222577906618,0.02344116463309984
A4,220.0,0.5935162094763092,0.5834658298553568,0.02415018900214372
A4,221.0,0.5860349127182045,0.567641615343692,0.023761472003309164
A4,222.0,0.5810473815461347,0.5703999492345542,0.02692320944920523
A4,223.0,0.57356608478803,0.552960646701582,0.025954265551641383
A4,224.0,0.5660847880299252,0.5576056707264616,0.028557124722707564
A4,225.0,0.5586034912718204,0.5432792991297427,0.028266707960754273
A4,226.0,0.5511221945137157,0.5462996634558273,0.030732154193172923
A4,227.0,0.543640897755611,0.5273955271165197,0.031544210646094764
A4,228.0,0.5361596009975063,0.5354762453569032,0.03506876498361011
A4,229.0,0.5286783042394015,0.5143621577250658,0.03432024790184177
A4,230.0,0.5211970074812967,0.5321991872760778,0.03943572252220877
A4,231.0,0.5112219451371571,0.4995127074636983,0.03783501544351997
A4,232.0,0.5037406483790524,0.5189642762003465,0.04379832526937545
A4,233.0,0.49625935162094764,0.47641718491074386,0.040993256922654646
A4,234.0,0.4837905236907731,0.4854796681503606,0.04582015711397755
A4,235.0,0.4763092269326683,0.4611988420042219,0.0474666560380657
A4,236.0,0.46633416458852867,0.4918874655513973,0.05473009423082831
A4,237.0,0.45885286783042395,0.4901755129069517,0.059937389975775614
A4,238.0,0.4463840399002494,0.4374306605151298,0.05588180287766206
A4,239.0,0.43640897755610975,0.48947072371899897,0.0700113626981744
A4,240.0,0.42643391521197005,0.4637752722028905,0.07148110103000825
A4,241.0,0.4164588528678304,0.5077426708494539,0.08576251473885713
A4,242.0,0.40399002493765584,0.38033782233730656,0.06888986542711982
A4,243.0,0.39650872817955113,0.5510088427388385,0.11232458876797084
A4,244.0,0.3865336658354115,0.3716163414559795,0.07652402155850845
A4,245.0,0.3765586034912718,0.569603328708213,0.12906617164692497
A4,246.0,0.36658354114713215,0.3689314777316475,0.0845846233699017
A4,247.0,0.3566084788029925,0.5959567014718167,0.1521742093346507
A4,248.0,0.3491271820448878,0.3673380786334649,0.09310439905810718
A4,249.0,0.33915211970074816,0.6565832018387133,0.19254505109691095
A4,250.0,0.3316708229426434,0.58894618831447,0.16853076561774785
A4,251.0,0.32418952618453867,0.5900098860582896,0.17306734945157978
A4,252.0,0.3167082294264339,0.5882167326505048,0.17946023585223522
A4,253.0,0.30673316708229426,0.6185314972823944,0.1967784326152272
A4,254.0,0.30174563591022446,0.3920685082838421,0.1229292082480861
A4,255.0,0.2942643391521197,0.6414133799258578,0.22577791775627307
A4,256.0,0.286783042394015,0.6954859665580987,0.2785013686283205
A4,257.0,0.2793017456359102,0.4419074765727383,0.15154771598010805
A4,258.0,0.2743142144638404,0.6615140394791664,0.2589957728009846
A4,259.0,0.26683291770573564,0.6588711884435993,0.2655105132450863
A4,260.0,0.26433915211970077,0.46030587951244273,0.16546110347914966
A4,261.0,0.26184538653366585,0.6836107210830221,0.30369329403326817
A4,262.0,0.256857855361596,0.6598334438725398,0.2790567133511718
A4,263.0,0.2518703241895262,0.6774493855464396,0.3122012191007273
A4,264.0,0.24788029925187033,0.5081857920314159,0.19674562765627798
A4,265.0,0.24463840399002493,0.6570616967447499,0.3042792440163175
A4,266.0,0.24064837905236908,0.6629737066569643,0.33727414823832325
A4,267.0,0.23541147132169576,0.6546538602679788,0.33378334121270914
A4,268.0,0.053865336658354114,0.6482597183407544,0.3429112899949728
A4,269.0,0.04937655860349127,0.6469752634628918,0.3440322018225756
A5,1.0,1.0,0.916837238162988,0.0070943816015190874
A5,2.0,0.9973890339425587,0.9100206598908976,0.006342189527453082
A5,3.0,0.9947780678851175,0.9099025031775417,0.006799839670167263
A5,4.0,0.9921671018276762,0.8937805629390059,0.006094085530082598
A5,5.0,0.9921671018276762,0.8781440495029629,0.007363507815621303
A5,6.0,0.9895561357702349,0.8797859879344283,0.006746644947755522
A5,7.0,0.9843342036553525,0.8991735539577806,0.0059854225341353495
A5,8.0,0.9843342036553525,0.8977014719022842,0.006086664354287245
A5,9.0,0.9817232375979112,0.9005319545360562,0.006811356701677947
A5,10.0,0.97911227154047,0.8955539430614468,0.009884109442195354
A5,11.0,0.97911227154047,0.8729112140956601,0.007935217448810558
A5,12.0,0.9765013054830287,0.8631293977740656,0.008069253638132616
A5,13.0,0.9738903394255874,0.8652219696571949,0.008027937957752532
A5,14.0,0.9712793733681462,0.8835928030308031,0.007664486587004222
A5,15.0,0.9712793733681462,0.8857329811635036,0.0097075503857581
A5,16.0,0.9686684073107049,0.8897437972084121,0.008243538744844271
A5,17.0,0.9660574412532638,0.889154809298212,0.00811061616672182
A5,18.0,0.9660574412532638,0.8846871491164088,0.010420254047834965
A5,19.0,0.9660574412532638,0.8633280298739023,0.008625440205630703
A5,20.0,0.9634464751958225,0.8510119177385849,0.010606605315811621
A5,21.0,0.9634464751958225,0.8525134659390167,0.010241489366711713
A5,22.0,0.9634464751958225,0.8518619752748484,0.011650619031339888
A5,23.0,0.9608355091383812,0.8675286200673525,0.007715300292214829
A5,24.0,0.95822454308094,0.8699675350241454,0.008291528495150628
A5,25.0,0.95822454308094,0.8750476571690313,0.009024400201188547
A5,26.0,0.9556135770234987,0.8723882513846622,0.007385245896905299
A5,27.0,0.9556135770234987,0.8562362953423661,0.008089828051698321
A5,28.0,0.9556135770234987,0.8475965856988645,0.011711640539344844
A5,29.0,0.9530026109660574,0.8492455989719021,0.009051753338170048
A5,30.0,0.9530026109660574,0.8690663154329581,0.009081135744520838
A5,31.0,0.9503916449086162,0.8686979492145841,0.008466919363638525
A5,32.0,0.9477806788511749,0.8684694785773321,0.008549067946567875
A5,33.0,0.9477806788511749,0.8685796980371495,0.009805199829320831
A5,34.0,0.9477806788511749,0.8571056858564048,0.007983385968833622
A5,35.0,0.9477806788511749,0.8464521788320565,0.011400258927266123
A5,36.0,0.9451697127937336,0.8432065311024683,0.010268496495032715
A5,37.0,0.9425587467362925,0.8598291785586452,0.007653323507527169
A5,38.0,0.9425587467362925,0.8647132237920945,0.009419463996606902
A5,39.0,0.9399477806788512,0.8656487688126553,0.008950524834855101
A5,40.0,0.9399477806788512,0.8643625176921576,0.009297657670681742
A5,41.0,0.9399477806788512,0.8389173070856646,0.009933436414935083
A5,42.0,0.9399477806788512,0.8392241478402651,0.009277102737383466
A5,43.0,0.9373368146214099,0.8416733250324681,0.010593110582382631
A5,44.0,0.9347258485639687,0.8586657645169722,0.0087899139615186
A5,45.0,0.9347258485639687,0.8542296070633604,0.008083914508387722
A5,46.0,0.9321148825065274,0.858331315490956,0.009774038861982285
A5,47.0,0.9321148825065274,0.847607407866757,0.008060146580947681
A5,48.0,0.9321148825065274,0.8386990664242504,0.009380363970567653
A5,49.0,0.9321148825065274,0.8367662774093066,0.009598043780926307
A5,50.0,0.9295039164490861,0.8534974213510038,0.0085652582527874
A5,51.0,0.9295039164490861,0.8517009397300929,0.009066954581833184
A5,52.0,0.9268929503916449,0.8517541099805143,0.009580393510235756
A5,53.0,0.9242819843342036,0.8516251197514386,0.009282700967841577
A5,54.0,0.9268929503916449,0.8419721123415541,0.008462688070126775
A5,55.0,0.9216710182767625,0.8540816781998328,0.010685763795012945
A5,56.0,0.9242819843342036,0.8425180484240117,0.011914043883255294
A5,57.0,0.9190600522193212,0.8515535938866612,0.011143892993334485
A5,58.0,0.9216710182767625,0.8332965854839973,0.011067990913191404
A5,59.0,0.9190600522193212,0.8469712400672045,0.009359683444791106
A5,60.0,0.9164490861618799,0.8525335301918512,0.01161752221850967
A5,61.0,0.9190600522193212,0.8382847796511322,0.008745872571488504
A5,62.0,0.9138381201044387,0.8419731756746585,0.009188475917020602
A5,63.0,0.9164490861618799,0.8320612759914623,0.009748262434220556
A5,64.0,0.9138381201044387,0.8468533785049979,0.011514989196036819
A5,65.0,0.9138381201044387,0.8423157918232637,0.0119425783398296
A5,66.0,0.9112271540469974,0.8450360850492364,0.01149239140468159
A5,67.0,0.9086161879895561,0.8386424387356305,0.01139598073623298
A5,68.0,0.9086161879895561,0.8382038687450213,0.009716435720430268
A5,69.0,0.9060052219321149,0.8405728946229852,0.010754159336633772
A5,70.0,0.9060052219321149,0.8328833664382844,0.01038269336922446
A5,71.0,0.9060052219321149,0.8407526685522456,0.011754675044996485
A5,72.0,0.9033942558746736,0.8341569039123746,0.010313121269332754
A5,73.0,0.9033942558746736,0.8328172669752136,0.012062486264883852
A5,74.0,0.9033942558746736,0.8296137877316249,0.009920426551746063
A5,75.0,0.9007832898172323,0.8315351660489039,0.0099855432823307
A5,76.0,0.9007832898172323,0.8365280181686562,0.011376603895879661
A5,77.0,0.8955613577023499,0.8324654599015734,0.01048041521965278
A5,78.0,0.8981723237597912,0.8350640915398257,0.011066694526705558
A5,79.0,0.8955613577023499,0.8338764529106316,0.010856606773173065
A5,80.0,0.8955613577023499,0.8340828363203465,0.01082907547403342
A5,81.0,0.8929503916449086,0.8361405754497808,0.012607262852345199
A5,82.0,0.8929503916449086,0.8287579373624361,0.009372935633903942
A5,83.0,0.8903394255874674,0.8362256494152402,0.011510078904474117
A5,84.0,0.8903394255874674,0.8320153983878465,0.01063848310910886
A5,85.0,0.8877284595300261,0.8370198021114565,0.011945051456808275
A5,86.0,0.8851174934725848,0.8371106769612329,0.012807550805075505
A5,87.0,0.8851174934725848,0.8305626035605813,0.009391912287667517
A5,88.0,0.8825065274151436,0.8289790317636839,0.009564712124239162
A5,89.0,0.8798955613577023,0.8328183490834292,0.011701945242651033
A5,90.0,0.8798955613577023,0.8319517393332615,0.01154201156775116
A5,91.0,0.8772845953002611,0.8302649262597995,0.011991384809415345
A5,92.0,0.8720626631853786,0.8226590713297292,0.010316029613933039
A5,93.0,0.8720626631853786,0.8283808197739055,0.01171927369071775
A5,94.0,0.8694516971279374,0.8263188705045597,0.011455526954095319
A5,95.0,0.8694516971279374,0.8187269644382813,0.009492760627732565
A5,96.0,0.8668407310704961,0.8199509458509404,0.00971857493733856
A5,97.0,0.8642297650130548,0.8220180486096749,0.010702359055775013
A5,98.0,0.8616187989556136,0.8182383110145655,0.009682794572386728
A5,99.0,0.8590078328981723,0.8174139715941582,0.010182477246966512
A5,100.0,0.856396866840731,0.8231107808826722,0.011266179363811553
A5,101.0,0.8537859007832899,0.8223867416854715,0.012282350956385565
A5,102.0,0.8511749347258486,0.8190746373462077,0.01155338885957593
A5,103.0,0.8485639686684073,0.820259396314267,0.011431911452063893
A5,104.0,0.8459530026109661,0.81932826160833,0.010909742624136198
A5,105.0,0.8433420365535248,0.8172227791641826,0.01170518099290034
A5,106.0,0.8407310704960835,0.8171450805575546,0.0114587907010046
A5,107.0,0.835509138381201,0.8121346426369953,0.009951212460121456
A5,108.0,0.8328981723237598,0.8105683563499982,0.01097396548189442
A5,109.0,0.8302872062663186,0.8091441251833189,0.010076185719577647
A5,110.0,0.8276762402088773,0.8123182477074975,0.012140992420286965
A5,111.0,0.825065274151436,0.7983159161586223,0.010125430449564194
A5,112.0,0.8198433420365535,0.8065287493203744,0.011739643176537777
A5,113.0,0.8198433420365535,0.80165200577801,0.011732972426477334
A5,114.0,0.8172323759791122,0.8009674862810627,0.012015676866178474
A5,115.0,0.8120104438642297,0.7954020970617457,0.010915275680238942
A5,116.0,0.804177545691906,0.7949682884736449,0.012610074621726116
A5,117.0,0.804177545691906,0.7911061603288576,0.011472417671687636
A5,118.0,0.7989556135770235,0.7839711794653268,0.010575118828640687
A5,119.0,0.7963446475195822,0.778574199974397,0.009699078725766995
A5,120.0,0.7911227154046997,0.7811604197269649,0.011530417794374253
A5,121.0,0.7859007832898173,0.7804460869992863,0.012617620515740807
A5,122.0,0.7859007832898173,0.7725399037727101,0.011420153808471086
A5,123.0,0.7806788511749347,0.7713426014560925,0.011117538848370183
A5,124.0,0.7780678851174935,0.752445594841033,0.013034524042773462
A5,125.0,0.7728459530026109,0.7629533017769117,0.012348051251528021
A5,126.0,0.7702349869451697,0.7597945655738821,0.011817312468667032
A5,127.0,0.7650130548302873,0.7577823405126548,0.011663312375632215
A5,128.0,0.762402088772846,0.7431114162750178,0.01221359040495582
A5,129.0,0.7571801566579635,0.739284746132884,0.012996031490113948
A5,130.0,0.7545691906005222,0.7485288170753749,0.013274658465614063
A5,131.0,0.7493472584856397,0.7472584751660939,0.014146571829683508
A5,132.0,0.7493472584856397,0.7193094019091308,0.01206429342998572
A5,133.0,0.7441253263707572,0.7157935752994424,0.011728038705508826
A5,134.0,0.7389033942558747,0.7292514294886497,0.013502610099542412
A5,135.0,0.7336814621409922,0.7267803739415957,0.013579923104271327
A5,136.0,0.7284595300261096,0.7147056019307915,0.012964295184088722
A5,137.0,0.7258485639686684,0.7196055416678215,0.013887219271329429
A5,138.0,0.7180156657963447,0.6980137891484222,0.013657966490158421
A5,139.0,0.7154046997389034,0.711092553227997,0.01577923412950612
A5,140.0,0.7101827676240209,0.69533346823998,0.013111953192073448
A5,141.0,0.6997389033942559,0.6912643199352321,0.014241423659647591
A5,142.0,0.6945169712793734,0.6578923236304185,0.014222385648414078
A5,143.0,0.6892950391644909,0.6800809399674654,0.016250374887540126
A5,144.0,0.6840731070496083,0.6478027874673536,0.013098318706392258
A5,145.0,0.6788511749347258,0.6599824437600025,0.014327642059357234
A5,146.0,0.6710182767624021,0.6306411201549894,0.015758968663132224
A5,147.0,0.6684073107049608,0.6485958881773505,0.01622660283901616
A5,148.0,0.660574412532637,0.6150505547803974,0.013965235831564877
A5,149.0,0.6579634464751958,0.605987707637968,0.016558823667288145
A5,150.0,0.6527415143603134,0.597624831341227,0.016692279574734032
A5,151.0,0.6475195822454308,0.5875326359289366,0.017740826073775903
A5,152.0,0.6422976501305483,0.5775895195672139,0.017636909834541224
A5,153.0,0.6344647519582245,0.5662036238709199,0.017234575276321915
A5,154.0,0.6292428198433421,0.5609369527257448,0.018363792457781192
A5,155.0,0.6240208877284595,0.5486300276523629,0.019267575570270805
A5,156.0,0.618798955613577,0.5400352809730993,0.019336205708936384
A5,157.0,0.6135770234986945,0.5315259869976915,0.019765811305092102
A5,158.0,0.608355091383812,0.5254859326250345,0.02028339319177007
A5,159.0,0.6005221932114883,0.5189864998936737,0.018729451609010593
A5,160.0,0.5953002610966057,0.5205333077904714,0.018932911616952357
A5,161.0,0.5900783289817232,0.5111835905738328,0.01757991087643532
A5,162.0,0.5848563968668408,0.49893865483488425,0.02261178517270762
A5,163.0,0.5796344647519582,0.4854969747230392,0.020896488032202915
A5,164.0,0.5718015665796344,0.4826391554148629,0.019346635798740592
A5,165.0,0.5639686684073107,0.47527245164899024,0.01835947424836412
A5,166.0,0.5587467362924282,0.47253403867353944,0.019052873629712093
A5,167.0,0.5535248041775457,0.4624907331319428,0.018638307641808752
A5,168.0,0.5456919060052219,0.44831587303160264,0.019356793024071357
A5,169.0,0.5404699738903395,0.4464866671952738,0.0207337235951288
A5,170.0,0.5326370757180157,0.43630403958389263,0.01964319964048669
A5,171.0,0.5274151436031331,0.43052652958325605,0.020570043600656174
A5,172.0,0.5195822454308094,0.41899050750024375,0.020432280418594895
A5,173.0,0.5143603133159269,0.40567654247536616,0.02129365392740445
A5,174.0,0.5065274151436031,0.3975608917966471,0.02139188401894396
A5,175.0,0.5013054830287206,0.3879190851730099,0.020650517597477717
A5,176.0,0.4934725848563969,0.38373177886872006,0.0203883706663016
A5,177.0,0.4856396866840731,0.3799423251264533,0.022393090329180767
A5,178.0,0.4804177545691906,0.3706358745222801,0.02320395226251671
A5,179.0,0.4725848563968668,0.3600624129828574,0.023981362852948898
A5,180.0,0.46475195822454307,0.3546921446563203,0.02511630075454015
A5,181.0,0.45691906005221933,0.34516969920708523,0.025004649164715228
A5,182.0,0.4490861618798956,0.3356918010038543,0.025053213228593562
A5,183.0,0.4412532637075718,0.32842608499886206,0.027280339878290535
A5,184.0,0.43342036553524804,0.3236052740545201,0.028721197061069348
A5,185.0,0.4255874673629243,0.31931151261834884,0.0293636971358322
A5,186.0,0.4177545691906005,0.3103948288105387,0.02916396153673392
A5,187.0,0.40992167101827676,0.3063473118180646,0.028904815680491188
A5,188.0,0.402088772845953,0.29801862536056417,0.030426955471502773
A5,189.0,0.391644908616188,0.2916892472938755,0.03188531443496248
A5,190.0,0.3838120104438642,0.2844500941714759,0.033901089624176976
A5,191.0,0.37597911227154046,0.2769129377526366,0.035571319062240266
A5,192.0,0.36553524804177545,0.2685059519044979,0.0351857216064668
A5,193.0,0.3577023498694517,0.2615501890406562,0.03616255438565195
A5,194.0,0.34986945169712796,0.25573980538137125,0.03619441089542839
A5,195.0,0.3394255874673629,0.24293304660780363,0.038890010039470096
A5,196.0,0.33159268929503916,0.24002072585188527,0.038440761830087905
A5,197.0,0.3237597911227154,0.2356959159321213,0.037684017242270836
A5,198.0,0.3185378590078329,0.23298434971859056,0.040420831503884265
A5,199.0,0.30809399477806787,0.21349112226795558,0.041977783787080176
A5,200.0,0.3002610966057441,0.19786815326788837,0.04262051373390019
A5,201.0,0.2924281984334204,0.10908230972970945,0.0470591047593719
A5,202.0,0.2845953002610966,0.22968679549870086,0.038711454821299805
A5,203.0,0.2741514360313316,0.07503533266155882,0.042953693628184714
A5,204.0,0.26370757180156656,0.0676942974393151,0.042373128989375654
A5,205.0,0.06318537859007833,0.049862302987374596,0.0323114160000622
A5,206.0,0.05796344647519582,0.0496982989661765,0.0357028352898852
A5,207.0,0.056657963446475196,0.058773010312860086,0.043226328450947656
A5,208.0,0.05456919060052219,0.05700564521044438,0.042407494967112075
A5,209.0,0.053263707571801565,0.04670360567565801,0.03567884133509595
A5,210.0,0.05221932114882506,0.0440956215516668,0.03340307783692698
A5,211.0,0.05039164490861619,0.048864411468231284,0.03922139908732098
A5,212.0,0.04882506527415144,0.0468441908961168,0.03871449095484242
A5,213.0,0.04699738903394256,0.044673858016016865,0.03188766034704576
A5,214.0,0.04490861618798955,0.04430112230888994,0.033168480584948964
A5,215.0,0.042819843342036555,0.042309277488875585,0.03281789764085986
A5,216.0,0.0412532637075718,0.04468245540315885,0.035280764387676196
A5,217.0,0.04203655352480418,0.04106292889852037,0.03190629592630149
A5,218.0,0.04308093994778068,0.04299698204268354,0.03295763891257872
A5,219.0,0.04203655352480418,0.039530485950517,0.030748593202437894
A5,220.0,0.0433420365535248,0.04231956235972534,0.03214429387468947
A5,221.0,0.04255874673629243,0.04155801377432389,0.03250638920609975
A5,222.0,0.042819843342036555,0.04270055801375228,0.031932062989351216
A5,223.0,0.04151436031331593,0.04238837870081913,0.03270558095892579
A5,224.0,0.0402088772845953,0.04051696960140283,0.03297204474125975
A5,225.0,0.038903394255874676,0.03964274331474127,0.033017887572670004
A5,226.0,0.038642297650130546,0.04108617660090186,0.03369701561691486
A5,227.0,0.03759791122715405,0.0377808146827332,0.03107751575265158
A5,228.0,0.037075718015665796,0.03839414390614493,0.031953808883638954
A5,229.0,0.03733681462140992,0.04046356463048939,0.033834179182097995
A5,230.0,0.0381201044386423,0.0398828595227565,0.03331819498513044
A5,231.0,0.0381201044386423,0.04048897543241514,0.032762333974940445
A5,232.0,0.038642297650130546,0.038948644444302016,0.03294000450693952
A5,233.0,0.03838120104438642,0.03811277724438222,0.032056929468181825
A5,234.0,0.037859007832898174,0.03821014869649364,0.032877572491694346
A5,235.0,0.03733681462140992,0.03931783770760011,0.03410595146267616
A5,236.0,0.03681462140992167,0.037361273842380416,0.03187023538634302
A5,237.0,0.03629242819843342,0.0381455948984144,0.03245578674310492
A5,238.0,0.03629242819843342,0.03614837983630692,0.03462194909193605
A5,239.0,0.03577023498694517,0.038386420921095454,0.034429310014070506
A5,240.0,0.03498694516971279,0.037078399154185315,0.03338643660608911
A5,241.0,0.03472584856396867,0.036147827421670886,0.035486375940839227
A5,242.0,0.03446475195822454,0.03520229201002789,0.034422496767741353
A5,243.0,0.03420365535248042,0.03496126879885175,0.03382800939808517
A5,244.0,0.03446475195822454,0.03583635246663286,0.036235201245876
A5,245.0,0.03446475195822454,0.03512306306101709,0.03479744273754146
A5,246.0,0.03420365535248042,0.03531598090770749,0.035556234302246074
A5,247.0,0.03420365535248042,0.03572018012371514,0.03633606161398969
A5,248.0,0.033681462140992165,0.03704935690058975,0.03422923403296338
A5,249.0,0.03315926892950392,0.034249731762351354,0.03413689332926022
A5,250.0,0.03315926892950392,0.03555538686731874,0.03744812168631312
A5,251.0,0.03263707571801567,0.03409012833043579,0.03431513486179254
A5,252.0,0.032114882506527415,0.03411035570155185,0.03633815483096696
A5,253.0,0.03185378590078329,0.03453210940162488,0.03834352406204833
A5,254.0,0.03080939947780679,0.0338528882872271,0.03778877496003403
A5,255.0,0.030287206266318537,0.03328193986085204,0.03690238232414341
A5,256.0,0.029503916449086162,0.03402825278296984,0.04032344976220789
A5,257.0,0.029242819843342035,0.03273729490505517,0.04051200392443433
A5,258.0,0.028720626631853787,0.030583050870846007,0.03902985414588653
A5,259.0,0.02845953002610966,0.032935574995651695,0.042559599914443386
A5,260.0,0.02845953002610966,0.032028261288286286,0.041172277624130414
A5,261.0,0.02793733681462141,0.03122049819252748,0.04075455276463804
A5,262.0,0.027676240208877285,0.03392242161967585,0.04465811050022812
A5,263.0,0.02741514360313316,0.03163130258703717,0.04347085639893625
A5,264.0,0.027154046997389034,0.031498082007981876,0.04226048096431855
A5,265.0,0.02689295039164491,0.032625107384210206,0.04578116443971938
A5,266.0,0.026631853785900782,0.03411607484816093,0.04575823734587786
A5,267.0,0.02600522193211488,0.03222469404622463,0.04403570603686385
A5,268.0,0.02600522193211488,0.02996865470066956,0.0433175916932513
A5,269.0,0.025900783289817233,0.03141363351576898,0.04574032845105266
A5,270.0,0.025926892950391644,0.033864676267085114,0.04623285662946959
A5,271.0,0.025822454308093996,0.03260841361002398,0.04672265132814291
A5,272.0,0.025822454308093996,0.033207213190905804,0.04833070695125299
A5,273.0,0.02563968668407311,0.0330756570262819,0.048328722734433734
A5,274.0,0.025744125326370756,0.033796368047098624,0.04702928248967692
A5,275.0,0.025691906005221934,0.03217275764552885,0.0474800419995622
A5,276.0,0.02485639686684073,0.03183290330971533,0.04739437955942498
A5,277.0,0.02472584856396867,0.03069830001689766,0.0470277205036068
A5,278.0,0.02451697127937337,0.03481194649500241,0.05204263051342491
A5,279.0,0.024334203655352483,0.03442973815363892,0.05176912841136671
A5,280.0,0.02381201044386423,0.032916417681816856,0.05089079055900683
A5,281.0,0.024073107049608355,0.033933665970021676,0.054545653321747045
A5,282.0,0.023864229765013057,0.03170465070681239,0.0516060600295749
A5,283.0,0.023968668407310705,0.0324653604137527,0.051905734525727096
A5,284.0,0.024099216710182766,0.031988207515366684,0.050805986638389415
A5,285.0,0.024360313315926894,0.0298481681551922,0.04984888559958308
A5,286.0,0.024151436031331592,0.0319976330511349,0.05138676396311242
A5,287.0,0.024281984334203654,0.029732440106544966,0.050462200445058315
A5,288.0,0.02412532637075718,0.03584887397616898,0.0537088144767999
A5,289.0,0.02360313315926893,0.031977088872440884,0.051393251571199644
A5,290.0,0.023446475195822453,0.03269228116417844,0.05315523517421
A5,291.0,0.023342036553524806,0.03387085587313743,0.05671114530705971
A5,292.0,0.023080939947780682,0.03478228207460998,0.0563141060460712
A5,293.0,0.022872062663185377,0.0337943747728342,0.056745403975053905
A5,294.0,0.022689295039164493,0.03335026627471871,0.0546583810988732
A5,295.0,0.022637075718015667,0.03193969145389175,0.0554243325958964
A5,296.0,0.022715404699738904,0.03595293764110319,0.059959171426157865
A5,297.0,0.022140992167101827,0.03443765376669761,0.05879279877024619
A5,298.0,0.02240208877284595,0.03433891349515017,0.05850683727351361
A6,1.0,1.0,1.0104588237558247,0.006777336868441319
A6,2.0,0.995049504950495,1.008187464109837,0.0060819027501172185
A6,3.0,0.9925742574257426,0.996867903537386,0.00446450169620721
A6,4.0,0.9900990099009901,0.9922802886777211,0.004462696084451146
A6,5.0,0.9851485148514851,0.9923688299789524,0.004512102628147838
A6,6.0,0.9801980198019802,0.9946472779527169,0.0046877773820982495
A6,7.0,0.9777227722772277,0.990853806618198,0.004876249901233264
A6,8.0,0.9752475247524752,0.9898286079116075,0.004617815503105119
A6,9.0,0.9727722772277227,0.9806758688427053,0.004282093839976
A6,10.0,0.9702970297029703,0.9750506393177418,0.004360893998554199
A6,11.0,0.9678217821782178,0.9696107252480566,0.00446671305786172
A6,12.0,0.9653465346534653,0.9776882220117453,0.004381929399789545
A6,13.0,0.9628712871287128,0.9772867942036721,0.004358945435473545
A6,14.0,0.9603960396039604,0.9748983609852169,0.004453752132820617
A6,15.0,0.9579207920792079,0.9744510135455957,0.0044641481082437475
A6,16.0,0.9579207920792079,0.9730861340396851,0.004134363094393222
A6,17.0,0.9579207920792079,0.9663229669653814,0.004087692156005551
A6,18.0,0.9554455445544554,0.9614418498635067,0.004189676251527667
A6,19.0,0.9529702970297029,0.9608625476413274,0.004340856849824765
A6,20.0,0.9504950495049505,0.9637980658118722,0.004045089788115259
A6,21.0,0.9504950495049505,0.9628056274367448,0.004112821858655042
A6,22.0,0.9504950495049505,0.9630718961532512,0.0041048531500131715
A6,23.0,0.948019801980198,0.9641398489561888,0.0041879278702806975
A6,24.0,0.948019801980198,0.9609741616510239,0.0041072795340676045
A6,25.0,0.9455445544554455,0.9602092336199597,0.004273880073479549
A6,26.0,0.9455445544554455,0.9533875147071651,0.00428641183538594
A6,27.0,0.9455445544554455,0.9526958872718507,0.0043960520356295975
A6,28.0,0.943069306930693,0.9547700069377435,0.004174572338391645
A6,29.0,0.943069306930693,0.9547025112190326,0.00431597253149857
A6,30.0,0.9405940594059405,0.9507438498483851,0.0041571957627252595
A6,31.0,0.9405940594059405,0.9559926986755471,0.004208466587101884
A6,32.0,0.9405940594059405,0.9521183855618252,0.0042575372369418035
A6,33.0,0.9381188118811881,0.9474393700129473,0.004490377207583805
A6,34.0,0.9381188118811881,0.9489747353407336,0.004124602333579635
A6,35.0,0.9356435643564357,0.9507997788931892,0.0043717934089289165
A6,36.0,0.9356435643564357,0.9544800544203168,0.004246226848673216
A6,37.0,0.9356435643564357,0.9516510122983384,0.004262661495449581
A6,38.0,0.9356435643564357,0.9504527150657937,0.004245767248637072
A6,39.0,0.9356435643564357,0.9421397493857374,0.004649096604064392
A6,40.0,0.9331683168316832,0.9418807744766959,0.004769085743619656
A6,41.0,0.9331683168316832,0.9426038656289485,0.00467029678000833
A6,42.0,0.9331683168316832,0.9462046382320338,0.004305506074793022
A6,43.0,0.9306930693069307,0.9485547787075559,0.0042163317537956945
A6,44.0,0.9306930693069307,0.9467889129871696,0.0041767999277668435
A6,45.0,0.9306930693069307,0.9451977881826228,0.0042830631532305395
A6,46.0,0.9306930693069307,0.9393196100335612,0.004897173869793586
A6,47.0,0.9306930693069307,0.935688445463503,0.004814747811305951
A6,48.0,0.9282178217821783,0.942758109857756,0.004321962833949016
A6,49.0,0.9282178217821783,0.9415200672427901,0.0043288638427344435
A6,50.0,0.9282178217821783,0.9441678993261424,0.004201426038782192
A6,51.0,0.9257425742574258,0.9405041788460813,0.004245894758010101
A6,52.0,0.9282178217821783,0.9399322333330662,0.004498728147415757
A6,53.0,0.9257425742574258,0.9438711249808738,0.004278705174634767
A6,54.0,0.9257425742574258,0.9332992613299197,0.004768518798254099
A6,55.0,0.9257425742574258,0.9411562195113661,0.004204920358852134
A6,56.0,0.9257425742574258,0.9366041540704393,0.0047348672553170065
A6,57.0,0.9232673267326733,0.9397761320128946,0.004313353475368413
A6,58.0,0.9232673267326733,0.9404034068022955,0.00428341451927919
A6,59.0,0.9232673267326733,0.9357575005806414,0.004445585744393026
A6,60.0,0.9232673267326733,0.9384053721370413,0.00427133243826636
A6,61.0,0.9232673267326733,0.93108180642223,0.005027056764745988
A6,62.0,0.9207920792079208,0.9398001282880406,0.004578958035526421
A6,63.0,0.9207920792079208,0.9313709891949501,0.0050647343889685895
A6,64.0,0.9207920792079208,0.9410686169452018,0.004509726594142368
A6,65.0,0.9183168316831684,0.9422688686506748,0.004524479720194653
A6,66.0,0.9207920792079208,0.9333890648165785,0.004573345987719036
A6,67.0,0.9183168316831684,0.9317672754201649,0.004722707964522199
A6,68.0,0.9183168316831684,0.9398418264550252,0.004572416247897964
A6,69.0,0.9183168316831684,0.9398327503561746,0.004642998374185417
A6,70.0,0.9183168316831684,0.9314047217857051,0.004775231090317754
A6,71.0,0.9158415841584159,0.9382599069843525,0.004680047947565865
A6,72.0,0.9183168316831684,0.9313131433445617,0.0047223657762634486
A6,73.0,0.9158415841584159,0.9382967723914886,0.0047379463143083006
A6,74.0,0.9158415841584159,0.9375745688308499,0.00470355105464085
A6,75.0,0.9158415841584159,0.9365460965364372,0.004782928120727418
A6,76.0,0.9158415841584159,0.9351192663847101,0.00475891213830146
A6,77.0,0.9158415841584159,0.9388989647486286,0.004803839510748487
A6,78.0,0.9158415841584159,0.9248347924693965,0.0051732383505780745
A6,79.0,0.9158415841584159,0.9229254146162993,0.005137586205504541
A6,80.0,0.9158415841584159,0.9255846035346966,0.005371528801600308
A6,81.0,0.9133663366336634,0.9337706838641363,0.004710602185991396
A6,82.0,0.9133663366336634,0.9356987336170612,0.0049476727672052535
A6,83.0,0.9133663366336634,0.9338597805755323,0.004930817437365374
A6,84.0,0.9133663366336634,0.9336272065029472,0.005030327380477484
A6,85.0,0.9133663366336634,0.9359722618836963,0.0050730208790496795
A6,86.0,0.9108910891089109,0.9313050936179063,0.004895198477028246
A6,87.0,0.9108910891089109,0.9309552819411993,0.004908837092927154
A6,88.0,0.9108910891089109,0.9282539175666448,0.004944016582534716
A6,89.0,0.9108910891089109,0.9317108056285567,0.005038640607532273
A6,90.0,0.9108910891089109,0.9358665864001273,0.005108753194210016
A6,91.0,0.9108910891089109,0.9324414285788074,0.004926034721585012
A6,92.0,0.9108910891089109,0.9340919037839395,0.005084732340058791
A6,93.0,0.9108910891089109,0.9250069174941116,0.005347379638787696
A6,94.0,0.9084158415841584,0.9197989154684283,0.005182658803368051
A6,95.0,0.9084158415841584,0.9353911343997522,0.00499051881396553
A6,96.0,0.905940594059406,0.9383775719506073,0.005157114831530843
A6,97.0,0.9084158415841584,0.9331407458417591,0.005116154280418291
A6,98.0,0.9084158415841584,0.9324017372349762,0.005044075982809973
A6,99.0,0.9084158415841584,0.9323012060263154,0.004961434434286474
A6,100.0,0.905940594059406,0.9339614720404856,0.005066585016738369
A6,101.0,0.905940594059406,0.9316849805582439,0.005109282759138624
A6,102.0,0.905940594059406,0.9319934336268073,0.005133785753849923
A6,103.0,0.905940594059406,0.9330054201847277,0.005214824398785882
A6,104.0,0.905940594059406,0.9322345217319349,0.005198592424081373
A6,105.0,0.905940594059406,0.9334368440932577,0.005258192923201813
A6,106.0,0.905940594059406,0.9318441820994089,0.005220834442879442
A6,107.0,0.905940594059406,0.9291758449594376,0.005057888227065421
A6,108.0,0.9034653465346535,0.9315456210100981,0.00532226481351719
A6,109.0,0.9034653465346535,0.9297077615670772,0.00525687168609075
A6,110.0,0.9034653465346535,0.9290683373475412,0.00525412491840747
A6,111.0,0.9034653465346535,0.9291063546977572,0.0052955388631217085
A6,112.0,0.905940594059406,0.9293057862505083,0.005260748648870802
A6,113.0,0.9034653465346535,0.9316027760026747,0.005367827090654406
A6,114.0,0.9034653465346535,0.929217643281127,0.0052853399843955035
A6,115.0,0.9034653465346535,0.9286863169223224,0.005291641643732574
A6,116.0,0.9034653465346535,0.9300360151939485,0.005323866775538263
A6,117.0,0.9034653465346535,0.9290874491242535,0.005458517329953643
A6,118.0,0.900990099009901,0.9297014936761487,0.005504322484651279
A6,119.0,0.900990099009901,0.9291437026262521,0.005527243223028505
A6,120.0,0.900990099009901,0.9344712925836679,0.005569800821951118
A6,121.0,0.900990099009901,0.9269316782041221,0.005483038025786163
A6,122.0,0.900990099009901,0.926575364917166,0.005488878159705119
A6,123.0,0.900990099009901,0.9157566000534412,0.0055377487430198
A6,124.0,0.8985148514851485,0.9329410988040531,0.005622127728928723
A6,125.0,0.900990099009901,0.9281092079874858,0.00541471126648896
A6,126.0,0.900990099009901,0.9320998783603232,0.00561749249063146
A6,127.0,0.8985148514851485,0.927955250011761,0.005585258712249942
A6,128.0,0.8985148514851485,0.9292293957164663,0.005639422727127294
A6,129.0,0.900990099009901,0.9236513498853414,0.005483311595751396
A6,130.0,0.8985148514851485,0.9274211184706316,0.00559517694622981
A6,131.0,0.8985148514851485,0.9271360634749977,0.005665952637766822
A6,132.0,0.8985148514851485,0.9293549298968597,0.005799952584048308
A6,133.0,0.8985148514851485,0.9263200826010228,0.0056279808086726665
A6,134.0,0.900990099009901,0.9303020869334607,0.005649578484520629
A6,135.0,0.8985148514851485,0.9201021309009164,0.00562537421021287
A6,136.0,0.8960396039603961,0.9249918308225461,0.005734545235575051
A6,137.0,0.8985148514851485,0.9240368955467486,0.00580836069686821
A6,138.0,0.8985148514851485,0.91747551332579,0.005780466555876552
A6,139.0,0.8985148514851485,0.9175809236245854,0.005708528244907669
A6,140.0,0.8985148514851485,0.9268580491220642,0.005736275856523378
A6,141.0,0.8960396039603961,0.9284097936587796,0.005790835112645661
A6,142.0,0.8960396039603961,0.9274629671268739,0.005834297587519852
A6,143.0,0.8960396039603961,0.9284655797754883,0.005876485267784706
A6,144.0,0.8960396039603961,0.9242355721527599,0.005804287845422533
A6,145.0,0.8960396039603961,0.924987519244582,0.0057862436450358936
A6,146.0,0.8935643564356436,0.9242307774079351,0.005734599332942516
A6,147.0,0.8960396039603961,0.9235803405804102,0.005859944494810856
A6,148.0,0.8935643564356436,0.9235484301663589,0.0058696927663082574
A6,149.0,0.8935643564356436,0.9254025824134868,0.005834933987310962
A6,150.0,0.8935643564356436,0.9269325232213335,0.005896747465616549
A6,151.0,0.8935643564356436,0.9253438414341324,0.005938410705015318
A6,152.0,0.8935643564356436,0.9253314050433483,0.005960192403773104
A6,153.0,0.8935643564356436,0.9247439929028443,0.005992373903139757
A6,154.0,0.8935643564356436,0.9263288755321193,0.00591343788836954
A6,155.0,0.8910891089108911,0.9275270887779505,0.005995648884955583
A6,156.0,0.8935643564356436,0.923283803655117,0.005893350686644636
A6,157.0,0.8935643564356436,0.9177259484240836,0.00588879978854943
A6,158.0,0.8935643564356436,0.9089835436404377,0.005915544071691328
A6,159.0,0.8935643564356436,0.9146432413622021,0.005831786394662653
A6,160.0,0.8910891089108911,0.921196873053261,0.005984550098308832
A6,161.0,0.8910891089108911,0.9225481824838635,0.006085225588048531
A6,162.0,0.8935643564356436,0.912662713424404,0.006138746076572855
A6,163.0,0.8910891089108911,0.9163593101107993,0.006030966532280047
A6,164.0,0.8910891089108911,0.9136385511786519,0.006007338230141221
A6,165.0,0.8910891089108911,0.9144237030496181,0.006120368768562031
A6,166.0,0.8910891089108911,0.915533828865723,0.006141882497163433
A6,167.0,0.8886138613861386,0.9218781503774034,0.006121850484882841
A6,168.0,0.8886138613861386,0.9223089127100619,0.006211309195529622
A6,169.0,0.8910891089108911,0.9138063671830982,0.00612912430641685
A6,170.0,0.8910891089108911,0.9151032415495532,0.0062329582058113986
A6,171.0,0.8910891089108911,0.9155800067437858,0.006154691780630771
A6,172.0,0.8886138613861386,0.9131322281349126,0.006285590568155398
A6,173.0,0.8886138613861386,0.9157729988945102,0.006235248054232599
A6,174.0,0.8886138613861386,0.9131601936106617,0.006174801019475249
A6,175.0,0.8886138613861386,0.9173999966954818,0.006250824137054241
A6,176.0,0.8886138613861386,0.9133813909198463,0.006190258331143539
A6,177.0,0.8886138613861386,0.9128077880846438,0.006195883580184267
A6,178.0,0.8886138613861386,0.9139092021604609,0.006239245926645157
A6,179.0,0.8886138613861386,0.9169443686800907,0.0063669929232571185
A6,180.0,0.8886138613861386,0.9158033287414182,0.006341413490825033
A6,181.0,0.8861386138613861,0.9157720127235722,0.006289874254809063
A6,182.0,0.8861386138613861,0.9141768976844684,0.006306296353827805
A6,183.0,0.8861386138613861,0.9110368480488009,0.006293402235318662
A6,184.0,0.8861386138613861,0.915363072711239,0.006371823271477321
A6,185.0,0.8861386138613861,0.9154532869221434,0.006478793873731777
A6,186.0,0.8861386138613861,0.9108670046473297,0.006515893487752996
A6,187.0,0.8861386138613861,0.912643798701872,0.006496563295188277
A6,188.0,0.8861386138613861,0.9128038743018636,0.006503255409022399
A6,189.0,0.8861386138613861,0.9106962804800265,0.006527777766812515
A6,190.0,0.8861386138613861,0.9115244542942897,0.006438628897464112
A6,191.0,0.8836633663366337,0.9133998789007222,0.006593077207195886
A6,192.0,0.8836633663366337,0.9141385294115641,0.006554287879682468
A6,193.0,0.8836633663366337,0.9121639301420228,0.0066762520911543615
A6,194.0,0.8836633663366337,0.9111474746774183,0.006651792408103173
A6,195.0,0.8836633663366337,0.910040534715092,0.006552192686763464
A6,196.0,0.8836633663366337,0.910492156241234,0.006695695840542475
A6,197.0,0.8836633663366337,0.9073271759540653,0.0065896626542349115
A6,198.0,0.8836633663366337,0.91104211446843,0.0067611867618442845
A6,199.0,0.8836633663366337,0.9135177881974135,0.0067302172275767545
A6,200.0,0.8836633663366337,0.9117545816971283,0.006577104952594108
A6,201.0,0.8836633663366337,0.9004348016577274,0.006893223848295292
A6,202.0,0.8811881188118812,0.9299146058099212,0.006974706623394472
A6,203.0,0.8836633663366337,0.9008078903238452,0.007047890570802363
A6,204.0,0.8836633663366337,0.92995564577402,0.006953189535810464
A6,205.0,0.8836633663366337,0.8976195487545175,0.006974148281723906
A6,206.0,0.8811881188118812,0.9245484171344229,0.007121786874561647
A6,207.0,0.8836633663366337,0.9217935198982457,0.006987132666701602
A6,208.0,0.8811881188118812,0.9123439567186913,0.00679451628603155
A6,209.0,0.8787128712871287,0.9248368639469029,0.007097904581228944
A6,210.0,0.8836633663366337,0.9061857868244958,0.007007070610004729
A6,211.0,0.8787128712871287,0.9260455207124438,0.007216063418825059
A6,212.0,0.8811881188118812,0.9307752837544119,0.007256902108373956
A6,213.0,0.8811881188118812,0.9255465959687106,0.0070032193624519415
A6,214.0,0.8787128712871287,0.9269483616582017,0.007221954389167848
A6,215.0,0.8811881188118812,0.9234461981042552,0.00717305042155097
A6,216.0,0.8811881188118812,0.8941185924954053,0.0072060065337306665
A6,217.0,0.8787128712871287,0.9221275627441594,0.007228843687024379
A6,218.0,0.8787128712871287,0.922880850685672,0.007325461565775427
A6,219.0,0.8811881188118812,0.9232872982895078,0.007248889478821188
A6,220.0,0.8787128712871287,0.9246810498071968,0.007326990694907217
A6,221.0,0.8787128712871287,0.9213946818648066,0.00734341808567471
A6,222.0,0.8787128712871287,0.9215406138419868,0.0073409083346209995
A6,223.0,0.8762376237623762,0.9151568737476138,0.007328918847623474
A6,224.0,0.8787128712871287,0.9194239638985973,0.007471161118792725
A6,225.0,0.8787128712871287,0.9216712198395139,0.007408264861115786
A6,226.0,0.8787128712871287,0.9193298166464551,0.00741841178912395
A6,227.0,0.8787128712871287,0.9195813968450489,0.007424896281909152
A6,228.0,0.8762376237623762,0.9214437822051382,0.007596386444106558
A6,229.0,0.8787128712871287,0.9199192980344622,0.007390054000440563
A6,230.0,0.8762376237623762,0.920779961461079,0.007471659432674745
A6,231.0,0.8787128712871287,0.9189604920835543,0.007455650722885998
A6,232.0,0.8762376237623762,0.916886785485835,0.007471800417954284
A6,233.0,0.8787128712871287,0.91876609685022,0.007474147580325394
A6,234.0,0.8762376237623762,0.9206958769666731,0.007545205830897866
A6,235.0,0.8762376237623762,0.9201570051732866,0.007459401074340079
A6,236.0,0.8762376237623762,0.9218842921636489,0.0075578725362316955
A6,237.0,0.8762376237623762,0.9203790796768824,0.0075717178697989876
A6,238.0,0.8737623762376238,0.9209761475662923,0.00760558096283281
A6,239.0,0.8762376237623762,0.9216547228852371,0.007660805143127464
A6,240.0,0.8762376237623762,0.8968736380190147,0.007387770769021528
A6,241.0,0.8762376237623762,0.9278634434559074,0.007631366971508014
A6,242.0,0.8762376237623762,0.8958489831096953,0.0073944866057783585
A6,243.0,0.8762376237623762,0.926222763154904,0.007655794744496342
A6,244.0,0.8762376237623762,0.8960879855317538,0.007452749734804511
A6,245.0,0.8737623762376238,0.9269927846586838,0.007879192427687042
A6,246.0,0.8762376237623762,0.897948111671158,0.007410173848532253
A6,247.0,0.8712871287128713,0.9285872761226257,0.007937708612494324
A6,248.0,0.8762376237623762,0.927205664290706,0.008050501895943769
A6,249.0,0.8762376237623762,0.9250066078067587,0.007711536110283304
A6,250.0,0.8737623762376238,0.9113903303397424,0.007617989811420115
A6,251.0,0.8737623762376238,0.9214357034598114,0.007717420784443116
A6,252.0,0.8712871287128713,0.9269384548977464,0.008006631295305136
A6,253.0,0.8737623762376238,0.9054216161959304,0.007577033764759229
A6,254.0,0.8688118811881188,0.9297503891224128,0.008378123555329124
A6,255.0,0.8737623762376238,0.9270461823524689,0.007942402377667352
A6,256.0,0.8712871287128713,0.9258554613641257,0.008005381215770612
A6,257.0,0.8737623762376238,0.910913965746244,0.007805094711524463
A6,258.0,0.8712871287128713,0.9065511806852191,0.007647758507250317
A6,259.0,0.8712871287128713,0.9035219258633375,0.007656054834748471
A6,260.0,0.8688118811881188,0.9259033582165006,0.008291963296562519
A6,261.0,0.8737623762376238,0.9263267623904251,0.008195839296160284
A6,262.0,0.8712871287128713,0.8931245243753799,0.007675679689994772
A6,263.0,0.8712871287128713,0.9292371980906557,0.008319059968097545
A6,264.0,0.8712871287128713,0.895709094685443,0.007689278626959868
A6,265.0,0.8712871287128713,0.9275759078311807,0.00828682064228103
A6,266.0,0.8712871287128713,0.8945686816547184,0.007854681352969203
A7,1.0,1.0,1.0782750509095345,0.011303243344073817
A7,2.0,0.9925373134328358,1.0761044326770115,0.008437540857655813
A7,3.0,0.9875621890547264,1.0639997640374597,0.008024200025895404
A7,4.0,0.9800995024875622,1.0636503299787532,0.00837748815758609
A7,5.0,0.9751243781094527,1.0526439238461285,0.007654173825704086
A7,6.0,0.9701492537313433,1.0371922213288751,0.007146070718040261
A7,7.0,0.9651741293532339,1.0338197467865178,0.007085512900611427
A7,8.0,0.9626865671641791,1.0357068173251287,0.006430540239048783
A7,9.0,0.9601990049751243,1.0282849863006005,0.007497344322902652
A7,10.0,0.9577114427860697,1.026697544538636,0.007489684363522934
A7,11.0,0.9527363184079602,1.0196785688881342,0.006731188410100551
A7,12.0,0.9502487562189055,1.0122035682046444,0.006811560540119438
A7,13.0,0.9477611940298507,1.0063261617031745,0.007306935694795445
A7,14.0,0.945273631840796,1.0058972698383082,0.006794777778033387
A7,15.0,0.9427860696517413,0.9931655785497928,0.00677877360132164
A7,16.0,0.9427860696517413,1.005301749579995,0.006478817903302769
A7,17.0,0.9378109452736318,1.0017281679790218,0.006884912772717121
A7,18.0,0.9378109452736318,1.0105663251623294,0.006321856063520158
A7,19.0,0.9328358208955224,0.9884883290909021,0.0059788490789800764
A7,20.0,0.9328358208955224,0.9905985283043236,0.006285263497016952
A7,21.0,0.9303482587064676,0.9868995911080525,0.0064045669459815505
A7,22.0,0.9303482587064676,0.9842353444910996,0.005773409328944632
A7,23.0,0.927860696517413,0.9818762271275039,0.006088628651107519
A7,24.0,0.927860696517413,0.9909051412072644,0.005540629816374453
A7,25.0,0.9253731343283582,0.9968754415464618,0.006287277000814234
A7,26.0,0.9228855721393034,0.9997339084867266,0.006877903661381211
A7,27.0,0.9203980099502488,0.9830264219419642,0.005819529199364492
A7,28.0,0.9203980099502488,0.9794738664612703,0.005946587553335801
A7,29.0,0.917910447761194,0.9759712720079068,0.005581123074092194
A7,30.0,0.917910447761194,0.9766303304021455,0.00591269112427742
A7,31.0,0.917910447761194,0.9879432621098638,0.0055899246905682
A7,32.0,0.9154228855721394,0.9958493024846938,0.00609531691785275
A7,33.0,0.9129353233830846,0.9864518882781237,0.005488194484008005
A7,34.0,0.9104477611940298,0.9658640458974871,0.005710129851688133
A7,35.0,0.9104477611940298,0.9669324624477028,0.005662958827488661
A7,36.0,0.9079601990049752,0.9637130447690898,0.005432382095938421
A7,37.0,0.9079601990049752,0.9667559870531357,0.0053692290245386
A7,38.0,0.9079601990049752,0.9826281740739448,0.006210183684629743
A7,39.0,0.9054726368159204,0.9801618881665815,0.005207333526288318
A7,40.0,0.9054726368159204,0.9777044825115171,0.005713694593763107
A7,41.0,0.9029850746268657,0.9595679462675595,0.004925391063120218
A7,42.0,0.900497512437811,0.9604443182038291,0.004901897721095321
A7,43.0,0.900497512437811,0.9600197350152271,0.005248436416692301
A7,44.0,0.8980099502487562,0.9555430873439178,0.004830498241091557
A7,45.0,0.900497512437811,0.9683138763054895,0.005396381637560698
A7,46.0,0.8980099502487562,0.9672428220247123,0.004668853488734832
A7,47.0,0.8955223880597015,0.952204773516615,0.004623238026075334
A7,48.0,0.8930348258706468,0.9539871160645723,0.004243164249759162
A7,49.0,0.8930348258706468,0.9491535175942338,0.004684906748971569
A7,50.0,0.8930348258706468,0.9480619044366307,0.004683881169026807
A7,51.0,0.8930348258706468,0.9561573494958546,0.004574134775553521
A7,52.0,0.8905472636815921,0.9625163767497817,0.004845033696921376
A7,53.0,0.8905472636815921,0.9627985461733465,0.004779913487388066
A7,54.0,0.8880597014925373,0.944129277029344,0.004600468571501785
A7,55.0,0.8880597014925373,0.954318447435496,0.004365079990020527
A7,56.0,0.8830845771144279,0.9389579047965628,0.0042859177631629
A7,57.0,0.8830845771144279,0.9336738837132879,0.004369553193230632
A7,58.0,0.8830845771144279,0.9463109664108422,0.0042805818326368174
A7,59.0,0.8805970149253731,0.9348805637112746,0.004398397796714846
A7,60.0,0.8830845771144279,0.9462849931862798,0.004608853010210795
A7,61.0,0.8805970149253731,0.9333333568640463,0.004096062436333554
A7,62.0,0.8805970149253731,0.9446239758747634,0.0045861493935857155
A7,63.0,0.8756218905472637,0.9254319838738185,0.004185758603880042
A7,64.0,0.8756218905472637,0.9246734084259809,0.004449738779925378
A7,65.0,0.8756218905472637,0.9294415864112048,0.004047147207571011
A7,66.0,0.8731343283582089,0.926432873092683,0.00399891931574599
A7,67.0,0.8706467661691543,0.9222125349686441,0.00406527350106592
A7,68.0,0.8706467661691543,0.9197413400486357,0.003975444595346719
A7,69.0,0.8706467661691543,0.9235631833053954,0.00393412121698577
A7,70.0,0.8681592039800995,0.9214145329588088,0.004047655481902847
A7,71.0,0.8681592039800995,0.9131114422180909,0.0039582599479246324
A7,72.0,0.8656716417910447,0.9120891284601172,0.0036859062696700745
A7,73.0,0.8656716417910447,0.9068065836691641,0.003896739648662119
A7,74.0,0.8631840796019901,0.9088667066068941,0.003915791846473414
A7,75.0,0.8631840796019901,0.9034419221257513,0.003804649633237914
A7,76.0,0.8606965174129353,0.8993296597515632,0.003837256541022348
A7,77.0,0.8606965174129353,0.9066174731580111,0.0037213970710475584
A7,78.0,0.8582089552238806,0.8966109359972299,0.0038782732497370303
A7,79.0,0.8557213930348259,0.8903546781111034,0.003599044880208946
A7,80.0,0.8507462686567164,0.880104371346451,0.004036659787195048
A7,81.0,0.8482587064676617,0.8689712486012015,0.0037637775448232484
A7,82.0,0.845771144278607,0.8646773317803268,0.0038780848331370597
A7,83.0,0.8432835820895522,0.8643861091391679,0.0039358535854309325
A7,84.0,0.8407960199004975,0.8587055657834215,0.00406234090893399
A7,85.0,0.8383084577114428,0.8562486271157754,0.0041104424916459355
A7,86.0,0.835820895522388,0.8506889070999869,0.004411581084754488
A7,87.0,0.8333333333333334,0.8464244631547436,0.004575792864224911
A7,88.0,0.8283582089552238,0.8434964216944871,0.004710557472193068
A7,89.0,0.8258706467661692,0.8376791675358712,0.004798260721109476
A7,90.0,0.8233830845771144,0.8331504471268468,0.005170801239609912
A7,91.0,0.818407960199005,0.8291397401701479,0.005268882786016732
A7,92.0,0.818407960199005,0.8162302258954102,0.004807543449834376
A7,93.0,0.8134328358208955,0.8147696027074265,0.0050770421984832805
A7,94.0,0.8109452736318408,0.8085549484309453,0.005078754954640089
A7,95.0,0.8034825870646766,0.8027425184193564,0.0049570952066467925
A7,96.0,0.8034825870646766,0.8106520974232134,0.008870248572442455
A7,97.0,0.8009950248756219,0.8089755501253784,0.006371742987859112
A7,98.0,0.7985074626865671,0.8049431724882443,0.006417380240471981
A7,99.0,0.7985074626865671,0.8022659228703547,0.00640494109409343
A7,100.0,0.7960199004975125,0.8020974771231985,0.006599526486989283
A7,101.0,0.7935323383084577,0.8000837581876458,0.006795006891465791
A7,102.0,0.7910447761194029,0.7941068982169651,0.006984326274279365
A7,103.0,0.7885572139303483,0.7940065148121961,0.006966562438434363
A7,104.0,0.7860696517412935,0.7911038867689477,0.0068551303815341585
A7,105.0,0.7810945273631841,0.7909225026497896,0.010083174552380465
A7,106.0,0.7835820895522388,0.7919611981490046,0.006859266640148737
A7,107.0,0.7835820895522388,0.7786034109371767,0.006151136436615924
A7,108.0,0.7761194029850746,0.787199712608147,0.008219278044976118
A7,109.0,0.7761194029850746,0.7889952905799412,0.007196445315147411
A7,110.0,0.7736318407960199,0.7776241377711859,0.007137037013496423
A7,111.0,0.7711442786069652,0.7801792408626764,0.007124337456085035
A7,112.0,0.7711442786069652,0.7661169245182491,0.006198132485453717
A7,113.0,0.763681592039801,0.7782138241518245,0.008543400070197844
A7,114.0,0.763681592039801,0.7765403635885625,0.0071817622307046415
A7,115.0,0.7611940298507462,0.7733551358031875,0.007333630119813391
A7,116.0,0.7587064676616916,0.7724348800740772,0.007282274308189599
A7,117.0,0.7562189054726368,0.7686719561045559,0.007219518483357467
A7,118.0,0.753731343283582,0.7658991990796754,0.007267621619979575
A7,119.0,0.7512437810945274,0.7626750853474789,0.0072543988123898355
A7,120.0,0.7487562189054726,0.7632512174058634,0.007447578834620174
A7,121.0,0.746268656716418,0.7608269684921398,0.00764789248349745
A7,122.0,0.7437810945273632,0.7591859793614194,0.007579793193489873
A7,123.0,0.7412935323383084,0.7550865365789662,0.010457393035426482
A7,124.0,0.7437810945273632,0.7424112489736565,0.006983615836415032
A7,125.0,0.736318407960199,0.7515000247078578,0.008799259923806514
A7,126.0,0.7313432835820896,0.7484638489348403,0.009171928949911395
A7,127.0,0.7288557213930348,0.7422252549450933,0.008709780873140581
A7,128.0,0.7263681592039801,0.7383578487248867,0.007766274830886306
A7,129.0,0.7263681592039801,0.7269977012019594,0.006904453219132923
A7,130.0,0.7213930348258707,0.7375552833608239,0.00832976018466123
A7,131.0,0.7139303482587065,0.7300918194194418,0.009283976308254812
A7,132.0,0.7114427860696517,0.7264429168526976,0.011496642858228915
A7,133.0,0.7089552238805971,0.7214124948105862,0.012083700331630504
A7,134.0,0.7114427860696517,0.7149238760114542,0.008975214971717108
A7,135.0,0.7014925373134329,0.704363940294927,0.007463178166207649
A7,136.0,0.6965174129353234,0.7106539581957176,0.00947961594557373
A7,137.0,0.6965174129353234,0.7096376566004491,0.008877456002532492
A7,138.0,0.6940298507462687,0.6934299304991616,0.007427367553674216
A7,139.0,0.6890547263681592,0.6916477212686841,0.007763689759034332
A7,140.0,0.6865671641791045,0.7007681658564731,0.009451495273188977
A7,141.0,0.6766169154228856,0.693026201943989,0.00996250368615764
A7,142.0,0.6716417910447762,0.6862071826855293,0.012354987805970585
A7,143.0,0.6691542288557214,0.6800127803647265,0.009784454465078222
A7,144.0,0.664179104477612,0.6766464037832167,0.009625919552085728
A7,145.0,0.6592039800995025,0.669108394822488,0.01065321118209357
A7,146.0,0.654228855721393,0.6635089551981717,0.00990830303273507
A7,147.0,0.6492537313432836,0.65947187622961,0.010357607131565487
A7,148.0,0.6442786069651741,0.6539599557387087,0.01017366083766778
A7,149.0,0.6393034825870647,0.6457638612298554,0.013166318332717617
A7,150.0,0.6343283582089553,0.6358577666732064,0.01383180216217632
A7,151.0,0.6293532338308457,0.6305497825053845,0.013606298668776167
A7,152.0,0.6218905472636815,0.6184102130835516,0.014459764807305528
A7,153.0,0.6144278606965174,0.6160983867459429,0.014958885611523648
A7,154.0,0.6094527363184079,0.6059850053904231,0.015586071973618918
A7,155.0,0.6044776119402985,0.5915341204037723,0.016207068903531123
A7,156.0,0.5970149253731343,0.5908714241509851,0.016087970769266366
A7,157.0,0.5920398009950248,0.5784872339307511,0.01612376934537654
A7,158.0,0.5845771144278606,0.5674085320437019,0.01682461177068303
A7,159.0,0.5771144278606966,0.5548123982289784,0.012102933101009702
A7,160.0,0.5671641791044776,0.5455927792719084,0.012529286604985318
A7,161.0,0.5597014925373134,0.5533614433722174,0.01476640510940243
A7,162.0,0.554726368159204,0.5425747714255356,0.015209208723084502
A7,163.0,0.5447761194029851,0.5256201552938051,0.013598618250625874
A7,164.0,0.5373134328358209,0.5179583537784758,0.014183940351168742
A7,165.0,0.5298507462686567,0.5113898459916553,0.014713435832694936
A7,166.0,0.5199004975124378,0.5065831525604569,0.015079915372618824
A7,167.0,0.5124378109452736,0.4982442748777042,0.01581821237338332
A7,168.0,0.5049751243781094,0.5025494172045947,0.01998959715730936
A7,169.0,0.4975124378109453,0.4860642089882254,0.016754169887156514
A7,170.0,0.4900497512437811,0.48196732256425145,0.017363420500528942
A7,171.0,0.48009950248756217,0.4859233506636921,0.017251847795438327
A7,172.0,0.4701492537313433,0.4735679641073469,0.01835138755318908
A7,173.0,0.4601990049751244,0.46543437450583247,0.019070211660026874
A7,174.0,0.4527363184079602,0.46278220896437505,0.019706791433382408
A7,175.0,0.4427860696517413,0.45658107846951007,0.020335019832318148
A7,176.0,0.43532338308457713,0.44893007934955903,0.021082009179230053
A7,177.0,0.4253731343283582,0.4435159794206513,0.021327985862872458
A7,178.0,0.4154228855721393,0.43470960882011045,0.022436877995159282
A7,179.0,0.4079601990049751,0.42763009445642125,0.0227240065468254
A7,180.0,0.39800995024875624,0.4191612588262352,0.022797108878172982
A7,181.0,0.3880597014925373,0.42078095932060483,0.023114055660289883
A7,182.0,0.3781094527363184,0.4077605407307682,0.024464944036062444
A7,183.0,0.3681592039800995,0.39866510158698487,0.02525874675965119
A7,184.0,0.36069651741293535,0.39708173735592767,0.024734990829786436
A7,185.0,0.35074626865671643,0.3847100922302367,0.026029854455769354
A7,186.0,0.34328358208955223,0.38406009291184323,0.026970154262915824
A7,187.0,0.3358208955223881,0.3789466517724206,0.02701311174468697
A7,188.0,0.3283582089552239,0.366878758429431,0.027859987985042748
A7,189.0,0.3208955223880597,0.35927856138821446,0.027880659989329228
A7,190.0,0.31343283582089554,0.3444861840432845,0.029284911973208302
A7,191.0,0.30597014925373134,0.3317071331115964,0.029572444976653522
A7,192.0,0.29850746268656714,0.32558756878048334,0.029206259012277056
A7,193.0,0.291044776119403,0.3113358776502161,0.031232290257108657
A7,194.0,0.2835820895522388,0.29835070551152904,0.03174588436936605
A7,195.0,0.27860696517412936,0.28559082238717515,0.03202440898410111
A7,196.0,0.27114427860696516,0.26909020216971036,0.033522784080741705
A7,197.0,0.26616915422885573,0.2523960747916762,0.03534768514621319
A7,198.0,0.25870646766169153,0.23134824879545252,0.03600901553477299
A7,199.0,0.24875621890547264,0.20523587529881515,0.039097198533831555
A7,200.0,0.04776119402985075,0.010626579241473366,0.028719736533103075
A7,201.0,0.04203980099502488,-0.006232240738141881,0.027323797679092442
A7,202.0,0.03980099502487562,-0.00941315814438115,0.027393900155180343
A7,203.0,0.03805970149253731,-0.024761470883446046,0.027695731391005556
A7,204.0,0.03731343283582089,-0.006830476097832494,0.027123574357595773
A7,205.0,0.03631840796019901,-0.026303879617048054,0.027536392317016583
A7,206.0,0.036069651741293535,-0.0018835163110735298,0.028199725062848048
A7,207.0,0.035323383084577116,-0.00425186387850629,0.027937830751862066
A7,208.0,0.03557213930348259,-0.004526609292829331,0.027914521207473397
A7,209.0,0.03582089552238806,-0.013889331977742114,0.026986001798298485
A7,210.0,0.03582089552238806,-0.010914471408889237,0.026283644753942542
A7,211.0,0.03507462686567164,-0.00022548385238374546,0.02775164303302173
A7,212.0,0.03482587064676617,0.005464667770517795,0.026910981860823704
A7,213.0,0.03407960199004975,0.006229415458512411,0.027761196363476563
A7,214.0,0.03333333333333333,-0.005014365621649919,0.02771684047383849
A7,215.0,0.032587064676616914,-0.014930323096534637,0.0265690197792258
A7,216.0,0.031840796019900496,-0.006354317353173156,0.02514361833435033
A7,217.0,0.030845771144278607,-0.0032822449178874225,0.026724179850689058
A7,218.0,0.03034825870646766,0.0033995709286216425,0.028249613708287782
A7,219.0,0.03034825870646766,0.015030669030011046,0.030839436954654218
A7,220.0,0.030597014925373135,-0.005841244929301603,0.026452772056567982
A7,221.0,0.030845771144278607,0.0010765797527459986,0.026850329952150608
A7,222.0,0.030845771144278607,-0.0014470624486143668,0.02688588211725236
A7,223.0,0.03109452736318408,-0.006997917031020817,0.026204417236601656
A7,224.0,0.030845771144278607,0.010503164675597976,0.027778774606542246
A7,225.0,0.03009950248756219,-0.003843284439239092,0.02613268737989645
A7,226.0,0.029601990049751243,-0.0036160647019060077,0.026833225723078596
A7,227.0,0.02935323383084577,0.01205874255459849,0.02806548189309815
A7,228.0,0.029104477611940297,0.01872883437090933,0.033544670248491455
A7,229.0,0.028358208955223882,0.008091793965344096,0.028282973678269673
A7,230.0,0.02810945273631841,0.022490229280972662,0.033364311044798145
A7,231.0,0.027860696517412936,0.019004461073243828,0.029931384541516545
A7,232.0,0.02810945273631841,0.010339490797224293,0.02794093404523228
A7,233.0,0.028606965174129355,0.010546647818898913,0.02920454174702552
A7,234.0,0.028606965174129355,0.012179124627574756,0.030766450345428714
A7,235.0,0.028855721393034824,0.006944741323912318,0.026821738890683743
A7,236.0,0.028606965174129355,0.007757840454992837,0.031052717177788933
A7,237.0,0.02810945273631841,0.011567785453145407,0.030443193229582253
A7,238.0,0.02810945273631841,0.011661737781309078,0.02763082212548355
A7,239.0,0.027860696517412936,0.014932601148470837,0.03205257106536036
A7,240.0,0.027611940298507463,0.017921510884164715,0.032194941775762764
A7,241.0,0.02736318407960199,0.010631452941772479,0.03164156191230723
A7,242.0,0.027114427860696518,0.02131691216800491,0.03238319538864507
A7,243.0,0.026865671641791045,0.021786825706972435,0.033100134718695114
A7,244.0,0.02661691542288557,0.015390561284822968,0.03213706713059486
A7,245.0,0.02661691542288557,0.023957845595415694,0.032891926359580596
A7,246.0,0.02661691542288557,0.022502976537036923,0.03361294201045829
A7,247.0,0.02661691542288557,0.016525764043810676,0.032041389971512575
A7,248.0,0.02661691542288557,0.022330123852516648,0.03316832417687125
A7,249.0,0.02661691542288557,0.01837779129605488,0.03161334299720152
A7,250.0,0.0263681592039801,0.025845116230293064,0.0333923579958126
A7,251.0,0.026119402985074626,0.025858549538493203,0.034278145931229215
A7,252.0,0.025870646766169153,0.02364605864145164,0.03239241424584891
A7,253.0,0.02562189054726368,0.02258396285251163,0.033023602979063364
A7,254.0,0.025373134328358207,0.03199689727977595,0.03552539844865332
A7,255.0,0.025124378109452738,0.03173120509352356,0.0351953270244131
A7,256.0,0.024626865671641792,0.027084511847063508,0.03439786270973845
A7,257.0,0.024353233830845773,0.03807257926855101,0.03704526881277862
A7,258.0,0.02390547263681592,0.04041470989219753,0.03823366229392717
A7,259.0,0.023606965174129354,0.03442544011971882,0.035762603325230964
A7,260.0,0.023407960199004974,0.041662077947258735,0.03944090332929151
A7,261.0,0.02318407960199005,0.03655602568197658,0.0381466088881526
A7,262.0,0.023109452736318408,0.04420613782600913,0.0394078472244469
A7,263.0,0.022885572139303482,0.03821609715789598,0.038763181180218
A7,264.0,0.022711442786069652,0.040270790375023346,0.03796651681289556
A7,265.0,0.022437810945273633,0.040929335411461154,0.038402973064432966
A7,266.0,0.022338308457711443,0.04591057627850992,0.04144148703696932
A7,267.0,0.02208955223880597,0.043076368723173886,0.03926987094784356
A7,268.0,0.021940298507462687,0.04205686465726177,0.039243515609584494
A7,269.0,0.02171641791044776,0.04686492370792228,0.042872865024157755
A7,270.0,0.021592039800995024,0.04658975666919973,0.04122162406576636
A7,271.0,0.021467661691542288,0.043366299317807666,0.040360587697341826
A7,272.0,0.021517412935323384,0.04333389486173522,0.0403438023474668
A7,273.0,0.02144278606965174,0.04362364260249896,0.04069802449704428
A7,274.0,0.021318407960199005,0.046558314562575864,0.04169717068926057
A7,275.0,0.021318407960199005,0.04952963735616889,0.04561982697656813
A7,276.0,0.021218905472636815,0.04787690646483356,0.04326904442883026
A7,277.0,0.021194029850746268,0.045503568874108336,0.04039367496185298
A7,278.0,0.02082089552238806,0.04994430753978518,0.04552249328290145
A7,279.0,0.02064676616915423,0.048223399860811145,0.042507894846977305
A7,280.0,0.020522388059701493,0.04857827041432572,0.04802799218285163
A7,281.0,0.020298507462686566,0.04828267043561896,0.044036583054474596
A7,282.0,0.020099502487562187,0.04747118058995725,0.04441648275398402
A7,283.0,0.02017412935323383,0.0478902747275648,0.044468590111642385
A7,284.0,0.02017412935323383,0.04999022736196446,0.047242962791876265
A7,285.0,0.01997512437810945,0.05000827470070235,0.047337740132680856
A7,286.0,0.020074626865671644,0.050539547879227764,0.046979690001202966
A7,287.0,0.020248756218905473,0.05054516064284886,0.047822815349999284
A7,288.0,0.02019900497512438,0.050696630538574095,0.04703280031950505
A7,289.0,0.020124378109452737,0.04846494976224869,0.04668142478866889
A7,290.0,0.020149253731343283,0.04957440239921351,0.04386907627053557
A7,291.0,0.019850746268656717,0.04842013951365598,0.04491609647744997
A7,292.0,0.01962686567164179,0.04854994452980799,0.04523749354373827
A7,293.0,0.0195273631840796,0.048537025729453065,0.04640756759078281
A7,294.0,0.01945273631840796,0.047301466707847184,0.05246348186190304
A7,295.0,0.019228855721393035,0.050785492652313136,0.047989451510327734
A7,296.0,0.01912935323383085,0.04973027045922018,0.04925596398104993
A7,297.0,0.019303482587064675,0.04947722014244749,0.05500802914055051
A7,298.0,0.0191044776119403,0.049634056149526984,0.04863484468692377
A7,299.0,0.018930348258706466,0.05014911037732839,0.04978693077079763
A7,300.0,0.01917910447761194,0.04714902187468828,0.05504385722260416
A8,1.0,1.0,0.9774001988580066,0.004563123405846037
A8,2.0,0.9950372208436724,0.9658855612786542,0.004766610760255693
A8,3.0,0.9875930521091811,0.9775880789874827,0.00478519720631142
A8,4.0,0.9851116625310173,0.9701903035357148,0.004775284027046401
A8,5.0,0.9801488833746899,0.9689507917409922,0.0051683578606754686
A8,6.0,0.9751861042183623,0.9660007487763214,0.004966730242485851
A8,7.0,0.9727047146401985,0.9570219955276479,0.00489462726651999
A8,8.0,0.9702233250620348,0.9516022215346005,0.00519929780648527
A8,9.0,0.967741935483871,0.9471636680509947,0.004990746043320737
A8,10.0,0.9627791563275434,0.9564778723794811,0.004458247115141854
A8,11.0,0.9602977667493796,0.9524040734601691,0.004561020137896681
A8,12.0,0.9578163771712159,0.9511091559608231,0.004542693335651235
A8,13.0,0.9578163771712159,0.9475000418579989,0.004468343459077011
A8,14.0,0.9553349875930521,0.9465544278213882,0.004488609058882655
A8,15.0,0.9528535980148883,0.945192197414181,0.004599888506772441
A8,16.0,0.9503722084367245,0.9437773209939174,0.004709240312224033
A8,17.0,0.9478908188585607,0.9414721015095202,0.004693523182295749
A8,18.0,0.9478908188585607,0.9395583623950033,0.004651205488318927
A8,19.0,0.9454094292803971,0.9346854313753079,0.004496448082331522
A8,20.0,0.9454094292803971,0.9350857053328785,0.004423129940169853
A8,21.0,0.9429280397022333,0.9326286434515964,0.004573159379710955
A8,22.0,0.9429280397022333,0.9310495909538582,0.004429381638825513
A8,23.0,0.9404466501240695,0.9284573954420179,0.004420015077116871
A8,24.0,0.9404466501240695,0.93363722922294,0.004745022787812258
A8,25.0,0.9379652605459057,0.9297318488775403,0.004639523456630534
A8,26.0,0.9354838709677419,0.9247924841432181,0.004610020647367953
A8,27.0,0.9354838709677419,0.9234987911849475,0.004460096824539566
A8,28.0,0.9330024813895782,0.9214246942316335,0.004499493424701257
A8,29.0,0.9330024813895782,0.9234309492830459,0.004467299731405543
A8,30.0,0.9330024813895782,0.9244338418768278,0.004550507343562841
A8,31.0,0.9330024813895782,0.9256852116034111,0.0048034755070544815
A8,32.0,0.9305210918114144,0.9253364487990756,0.004597420054979306
A8,33.0,0.9280397022332506,0.9191263977470395,0.004591299941217269
A8,34.0,0.9280397022332506,0.9183974653600608,0.00454454467612455
A8,35.0,0.9280397022332506,0.9181673516980613,0.00450012994720149
A8,36.0,0.9255583126550868,0.9158121849503562,0.004465799492778574
A8,37.0,0.9255583126550868,0.9210506447727429,0.004801105808716184
A8,38.0,0.9255583126550868,0.9198145208297812,0.004724040255171813
A8,39.0,0.9255583126550868,0.9177891455595855,0.004614838247615273
A8,40.0,0.9230769230769231,0.91261612250084,0.004490837012386866
A8,41.0,0.9230769230769231,0.9080218044893452,0.004484042830435471
A8,42.0,0.9205955334987593,0.9101735604943626,0.004457370817398608
A8,43.0,0.9205955334987593,0.9089458834181956,0.004447687918263369
A8,44.0,0.9205955334987593,0.9115257231605629,0.00451461267601166
A8,45.0,0.9205955334987593,0.9121716376259978,0.004663473205934288
A8,46.0,0.9181141439205955,0.9066929796026194,0.004357726659204622
A8,47.0,0.9181141439205955,0.9057943973540736,0.004381539293514562
A8,48.0,0.9156327543424317,0.9042392086469423,0.004451092321759548
A8,49.0,0.9156327543424317,0.9030945276773991,0.004414945145107323
A8,50.0,0.9156327543424317,0.9042947552170565,0.00435097190916577
A8,51.0,0.9156327543424317,0.9080399262814678,0.004685252945307985
A8,52.0,0.9156327543424317,0.9097814847589121,0.004641582253132531
A8,53.0,0.913151364764268,0.8992703706437933,0.0043134283811783
A8,54.0,0.913151364764268,0.9055217473202596,0.004480498887029634
A8,55.0,0.913151364764268,0.89837569962712,0.004446158309538956
A8,56.0,0.9106699751861043,0.8968087019656696,0.004499556385729159
A8,57.0,0.913151364764268,0.8977041230257616,0.004461226354033431
A8,58.0,0.9106699751861043,0.8959411653378633,0.004372517675197807
A8,59.0,0.9106699751861043,0.8986737676646998,0.0045351571659313986
A8,60.0,0.9081885856079405,0.8945475397015734,0.004442659407117395
A8,61.0,0.9106699751861043,0.897199803031882,0.004559841986083154
A8,62.0,0.9081885856079405,0.8918782267703069,0.004400213831098042
A8,63.0,0.9057071960297767,0.8916073295743573,0.004439231007685717
A8,64.0,0.9081885856079405,0.8903477353775713,0.004523803784831031
A8,65.0,0.9057071960297767,0.8922546569049375,0.004424086017999709
A8,66.0,0.9057071960297767,0.8909516979297805,0.004444417564333491
A8,67.0,0.9057071960297767,0.8931172557596565,0.004461284192092178
A8,68.0,0.9032258064516129,0.8882404791616885,0.0044910405569520365
A8,69.0,0.9057071960297767,0.8876390695379273,0.004394361012065478
A8,70.0,0.9032258064516129,0.8869360728273626,0.004362362544068474
A8,71.0,0.9032258064516129,0.8883613169479153,0.004411920133132688
A8,72.0,0.9007444168734491,0.886022068316571,0.004527128873711236
A8,73.0,0.9007444168734491,0.8838810408153098,0.004565296934405477
A8,74.0,0.9007444168734491,0.8823927979202708,0.004586466506292087
A8,75.0,0.9007444168734491,0.8822989822261158,0.004661675311732154
A8,76.0,0.8982630272952854,0.8793417967468489,0.004683075122338339
A8,77.0,0.9007444168734491,0.8808880964645064,0.004478549876555412
A8,78.0,0.8982630272952854,0.8776834357963723,0.004502903408535659
A8,79.0,0.8982630272952854,0.8783455525376034,0.00447137866909798
A8,80.0,0.8957816377171216,0.8767636179115152,0.0046584105942074645
A8,81.0,0.8957816377171216,0.8781284243841536,0.004613699469920715
A8,82.0,0.8957816377171216,0.8752356824131419,0.004648891320834578
A8,83.0,0.8957816377171216,0.8748495200488731,0.004548872616580606
A8,84.0,0.8957816377171216,0.8728991768273126,0.004639374688722357
A8,85.0,0.8933002481389578,0.8745484504893241,0.004608956901199236
A8,86.0,0.8933002481389578,0.8730983040897483,0.004638538840556675
A8,87.0,0.8933002481389578,0.8734900211233863,0.004783993364643062
A8,88.0,0.8933002481389578,0.8745255089118947,0.004755055133715429
A8,89.0,0.890818858560794,0.8746132897922614,0.0048075786349831085
A8,90.0,0.890818858560794,0.8735976107466887,0.004832644844714865
A8,91.0,0.890818858560794,0.8683683781398547,0.004964104166672566
A8,92.0,0.890818858560794,0.8688749528854571,0.004687104350471656
A8,93.0,0.890818858560794,0.8695461636139186,0.004784587359714009
A8,94.0,0.8883374689826302,0.8669809860186253,0.004768175740456074
A8,95.0,0.8883374689826302,0.8670664439117107,0.004987746330102585
A8,96.0,0.8883374689826302,0.8680693131361799,0.005236139052428954
A8,97.0,0.8883374689826302,0.8680890023547628,0.004838027676900121
A8,98.0,0.8858560794044665,0.8654037564520498,0.004819584358979277
A8,99.0,0.8858560794044665,0.8640188937692251,0.004807532546500668
A8,100.0,0.8858560794044665,0.8644859119823404,0.004904914455345325
A8,101.0,0.8858560794044665,0.8638278025104356,0.004899061314578695
A8,102.0,0.8833746898263027,0.8617002922740691,0.004906313019079421
A8,103.0,0.8833746898263027,0.8641848177908791,0.004883672324782089
A8,104.0,0.8833746898263027,0.8613612470228281,0.004940056079440612
A8,105.0,0.8833746898263027,0.8605250859814505,0.005086141848407187
A8,106.0,0.8833746898263027,0.8640305003450095,0.004633733778794409
A8,107.0,0.8808933002481389,0.8601940610813896,0.005253703397641799
A8,108.0,0.8808933002481389,0.859480107722876,0.005035626690743523
A8,109.0,0.8808933002481389,0.8596779972594282,0.005011203222288632
A8,110.0,0.8808933002481389,0.8588377951741568,0.005024034760808685
A8,111.0,0.8808933002481389,0.8593660860192284,0.0046504853668290136
A8,112.0,0.8784119106699751,0.8576648241897626,0.0052278083633259
A8,113.0,0.8784119106699751,0.8575232721637701,0.005123500687813964
A8,114.0,0.8784119106699751,0.8537592327343899,0.005104418683334726
A8,115.0,0.8759305210918115,0.8560757637214571,0.005071630610517739
A8,116.0,0.8759305210918115,0.8537991175264664,0.00511478359257035
A8,117.0,0.8759305210918115,0.8558166963012852,0.005050530782373109
A8,118.0,0.8759305210918115,0.8557151398194025,0.0050663722398267014
A8,119.0,0.8759305210918115,0.854025265976132,0.005202217527545736
A8,120.0,0.8734491315136477,0.8510171912811906,0.00518725392674851
A8,121.0,0.8734491315136477,0.8515758278452551,0.005151466160076403
A8,122.0,0.8734491315136477,0.8491339840867392,0.005252852130650668
A8,123.0,0.8734491315136477,0.8509699249341732,0.0051804468610833244
A8,124.0,0.8734491315136477,0.8479663309707455,0.0049661026301667565
A8,125.0,0.8734491315136477,0.8498897835371058,0.005391992861988838
A8,126.0,0.8709677419354839,0.8500182431801832,0.005671473603846657
A8,127.0,0.8709677419354839,0.8472933848537845,0.005211051144742983
A8,128.0,0.8709677419354839,0.8472476764571131,0.005214425401422625
A8,129.0,0.8684863523573201,0.8470319601162514,0.005350594475236997
A8,130.0,0.8684863523573201,0.8438518306679875,0.005645939010399192
A8,131.0,0.8684863523573201,0.8431144160922708,0.005206619628755342
A8,132.0,0.8684863523573201,0.8464952138375084,0.005075486944153216
A8,133.0,0.8709677419354839,0.8471817388753823,0.004744009176967021
A8,134.0,0.8684863523573201,0.8448228134704013,0.005422286044054469
A8,135.0,0.8660049627791563,0.8410166673935684,0.005282624101019703
A8,136.0,0.8660049627791563,0.8414942834861816,0.005157149220518674
A8,137.0,0.8684863523573201,0.8456749964819226,0.004717064083176938
A8,138.0,0.8684863523573201,0.8553808128834106,0.004782583790613302
A8,139.0,0.8660049627791563,0.845821968766922,0.004896275022576576
A8,140.0,0.8635235732009926,0.841390114267822,0.005827819368385728
A8,141.0,0.8635235732009926,0.8390208178336327,0.005879639331452057
A8,142.0,0.8635235732009926,0.836554941212884,0.0059706150342987
A8,143.0,0.8635235732009926,0.8365155002125244,0.005602530460166835
A8,144.0,0.8610421836228288,0.8375190586315535,0.005263190565707533
A8,145.0,0.8610421836228288,0.8357203102412462,0.005563188290282622
A8,146.0,0.8610421836228288,0.8360238428070021,0.0053237454622488785
A8,147.0,0.8610421836228288,0.836536133506395,0.005360524834252144
A8,148.0,0.8610421836228288,0.847061454198194,0.004704831257433601
A8,149.0,0.8610421836228288,0.8415749597589841,0.005107136124898263
A8,150.0,0.8610421836228288,0.8378379985216794,0.005178250139995143
A8,151.0,0.858560794044665,0.837605726860036,0.005116250027071194
A8,152.0,0.858560794044665,0.8330652369971445,0.005146034142108267
A8,153.0,0.858560794044665,0.8325753859485547,0.0051898035118596595
A8,154.0,0.8560794044665012,0.8316920594645851,0.0052682471085469555
A8,155.0,0.8560794044665012,0.8328396795024609,0.0051270410217499965
A8,156.0,0.8560794044665012,0.8384684636297424,0.004774432968994463
A8,157.0,0.8535980148883374,0.8351592660685532,0.005441469807549092
A8,158.0,0.8535980148883374,0.8356396031965283,0.0054928472577828276
A8,159.0,0.8560794044665012,0.8404604538284475,0.004561599742891284
A8,160.0,0.8535980148883374,0.8411423604966664,0.0045291172716759075
A8,161.0,0.8511166253101737,0.8342492936565996,0.00489390986186148
A8,162.0,0.8535980148883374,0.8380895445552623,0.005056511393696045
A8,163.0,0.8535980148883374,0.8399006979632196,0.004562744334087194
A8,164.0,0.8511166253101737,0.8404691888895265,0.0045535188270753755
A8,165.0,0.8511166253101737,0.8432271799578822,0.00460982168517867
A8,166.0,0.8511166253101737,0.8418471165049648,0.0046271070139010705
A8,167.0,0.8511166253101737,0.8400812526328656,0.004620966359054984
A8,168.0,0.8486352357320099,0.8332491521674235,0.005038609524160081
A8,169.0,0.8486352357320099,0.8390139425136016,0.0046589067041124255
A8,170.0,0.8486352357320099,0.8409575220255598,0.004673720969531606
A8,171.0,0.8486352357320099,0.8398539081284184,0.004740105409521183
A8,172.0,0.8461538461538461,0.8373149850129745,0.0046664305567202125
A8,173.0,0.8461538461538461,0.8373363608013826,0.004644306085447833
A8,174.0,0.8461538461538461,0.8372265777059583,0.004627977458687139
A8,175.0,0.8436724565756824,0.8394672307949093,0.004644623768291861
A8,176.0,0.8436724565756824,0.8392081690296861,0.004581672780396159
A8,177.0,0.8436724565756824,0.8354901578340967,0.004677316583780217
A8,178.0,0.8436724565756824,0.8375930333800297,0.004586132081529798
A8,179.0,0.8411910669975186,0.8348863296953033,0.0044988704846261095
A8,180.0,0.8411910669975186,0.8366057725172212,0.004564847650700472
A8,181.0,0.8411910669975186,0.8348539652111315,0.0044797231242469605
A8,182.0,0.8387096774193549,0.8355871822679016,0.004504449683639494
A8,183.0,0.8387096774193549,0.8355032937686595,0.004527944922181701
A8,184.0,0.8387096774193549,0.8338249225851817,0.004489388267547743
A8,185.0,0.8387096774193549,0.8324658759003575,0.004503676886338901
A8,186.0,0.8362282878411911,0.8324442575304033,0.004505401201980839
A8,187.0,0.8362282878411911,0.8351805974746795,0.0045189502617057915
A8,188.0,0.8362282878411911,0.83518566347016,0.004516885948783823
A8,189.0,0.8362282878411911,0.829683115148775,0.0045638369998787336
A8,190.0,0.8337468982630273,0.8309816715428142,0.004586179454873836
A8,191.0,0.8337468982630273,0.8303796925516791,0.004558395313846166
A8,192.0,0.8337468982630273,0.8298475050873577,0.004714815161634873
A8,193.0,0.8312655086848635,0.8255866802119661,0.004664451549847714
A8,194.0,0.8312655086848635,0.8251456835330029,0.004664671712191441
A8,195.0,0.8312655086848635,0.8207637458430768,0.004654481971344734
A8,196.0,0.8287841191066998,0.8235594912666918,0.004677013994882239
A8,197.0,0.8287841191066998,0.822945368653105,0.004687491773115938
A8,198.0,0.8287841191066998,0.8226040720036143,0.004571888878188688
A8,199.0,0.8287841191066998,0.8189732630921377,0.004539605055947545
A8,200.0,0.826302729528536,0.8207988561957765,0.004504027980597781
A8,201.0,0.826302729528536,0.815306943047559,0.004579750428337227
A8,202.0,0.826302729528536,0.8060977945366794,0.00540476600425828
A8,203.0,0.8238213399503722,0.8062705901995615,0.005291327320622963
A8,204.0,0.8238213399503722,0.8057418550703858,0.004913794867572465
A8,205.0,0.8213399503722084,0.8042099026580025,0.005299240645986041
A8,206.0,0.8238213399503722,0.7978619235083384,0.005597486339989798
A8,207.0,0.8188585607940446,0.8005167487849996,0.005587713754032861
A8,208.0,0.8188585607940446,0.8011959996759781,0.004848011117667954
A8,209.0,0.8163771712158809,0.7967088888824928,0.006017036316332472
A8,210.0,0.8188585607940446,0.8008887544600898,0.00479228896737249
A8,211.0,0.8138957816377171,0.8074416979787267,0.004788738121901252
A8,212.0,0.8163771712158809,0.8041778133599735,0.004809501704096111
A8,213.0,0.8163771712158809,0.7987095132539608,0.004764530725231206
A8,214.0,0.8114143920595533,0.796033285196007,0.004824774732154185
A8,215.0,0.8138957816377171,0.806550907472105,0.00507424521156219
A8,216.0,0.8114143920595533,0.7970503544217798,0.004794724183626509
A8,217.0,0.8138957816377171,0.7944856932596517,0.005064562393471426
A8,218.0,0.8114143920595533,0.803918736765032,0.005066327573030869
A8,219.0,0.8114143920595533,0.7929016368143178,0.004900086914711363
A8,220.0,0.8064516129032258,0.799715349171904,0.005132225881932329
A8,221.0,0.8064516129032258,0.7989366100725541,0.004971892971943757
A8,222.0,0.8039702233250621,0.7901708577231469,0.004740950107015406
A8,223.0,0.8039702233250621,0.7860716186703474,0.004871237952183077
A8,224.0,0.8014888337468983,0.7873040092399491,0.004830166816304393
A8,225.0,0.8014888337468983,0.7927166605858962,0.0053615848711573745
A8,226.0,0.7965260545905707,0.7821755536273169,0.005337847931714329
A8,227.0,0.7990074441687345,0.7882741150730629,0.005476305759249298
A8,228.0,0.7965260545905707,0.7800079580768173,0.005042234919412001
A8,229.0,0.7965260545905707,0.7853064496179565,0.00551935868103694
A8,230.0,0.7915632754342432,0.7793114669127715,0.004885406105576955
A8,231.0,0.7915632754342432,0.7826428502825789,0.005643327348237091
A8,232.0,0.7890818858560794,0.7750122963869703,0.004911013068887272
A8,233.0,0.7890818858560794,0.7695344377595527,0.0052359876065898045
A8,234.0,0.7866004962779156,0.7720226814757372,0.005301842950069039
A8,235.0,0.7841191066997518,0.7663904552774963,0.005605419207140871
A8,236.0,0.7841191066997518,0.7679096960089694,0.005201845822506604
A8,237.0,0.7791563275434243,0.7646466617502227,0.005356322561754287
A8,238.0,0.7791563275434243,0.7606932650185925,0.005688414709383744
A8,239.0,0.7741935483870968,0.7573880136864161,0.005954881019612306
A8,240.0,0.771712158808933,0.7588490455959194,0.005785823505261704
A8,241.0,0.7692307692307693,0.7547093703606588,0.005919450970855625
A8,242.0,0.7692307692307693,0.7562084274935997,0.005348870572019367
A8,243.0,0.7642679900744417,0.7531905233042101,0.006034076211774883
A8,244.0,0.7642679900744417,0.7484787058695369,0.005810103226070728
A8,245.0,0.7617866004962779,0.7491661319641304,0.006045450071836506
A8,246.0,0.7593052109181141,0.7464126509943011,0.005724374985647225
A8,247.0,0.7568238213399504,0.7457380236465575,0.005565551171068103
A8,248.0,0.7543424317617866,0.7406093401170206,0.006161614945646291
A8,249.0,0.7543424317617866,0.7380437152581611,0.006460787217806
A8,250.0,0.7518610421836228,0.7415107077956877,0.006282245025966599
A8,251.0,0.749379652605459,0.7387073615852914,0.006310292739340102
A8,252.0,0.7468982630272953,0.7331198920183871,0.005438324570133916
A8,253.0,0.7419354838709677,0.7310995776938294,0.006388223502817965
A8,254.0,0.7419354838709677,0.7311650054029111,0.0070037123773997335
A8,255.0,0.7419354838709677,0.7242635775319892,0.005594478208376069
A8,256.0,0.7369727047146402,0.7253024198244308,0.005628450112205078
A8,257.0,0.7344913151364765,0.7258068219817144,0.005549486895996847
A8,258.0,0.7320099255583127,0.7182974062865849,0.0060640765923935585
A8,259.0,0.7295285359801489,0.7191515850172269,0.005573974150864581
A8,260.0,0.7270471464019851,0.7173930980741201,0.006555822497653263
A8,261.0,0.7270471464019851,0.7136891961099004,0.00555219739157229
A8,262.0,0.7220843672456576,0.7062780941323636,0.00659679673216216
A8,263.0,0.7220843672456576,0.7026555491809267,0.006292021919920535
A8,264.0,0.7196029776674938,0.7012614454136539,0.00667067820243598
A8,265.0,0.71712158808933,0.7003478336770559,0.006266128411373899
A8,266.0,0.7121588089330024,0.6932213274658626,0.007007692003343045
B1,1.0,1.0,0.8989918689358669,0.12436189378991667
B1,2.0,1.019672131147541,0.9011098787778977,0.14601172848583224
B1,3.0,1.0295081967213116,0.875779462939714,0.11829693867919172
B1,4.0,1.0360655737704918,0.8517183943107373,0.12238532179244688
B1,5.0,1.039344262295082,0.8523551792739069,0.12220690322012188
B1,6.0,1.0262295081967212,0.8490174016494509,0.11497462299350038
B1,7.0,0.9934426229508196,0.8676459163124782,0.10640930622948958
B1,8.0,0.9704918032786886,0.8515915462012236,0.09637830302946186
B1,9.0,0.9540983606557377,0.8177903799337702,0.0867256644062183
B1,10.0,0.9311475409836065,0.7999682134707549,0.08378374835117786
B1,11.0,0.9114754098360656,0.7751535630222859,0.08606472361429765
B1,12.0,0.8885245901639345,0.7746019455958923,0.08521191509096866
B1,13.0,0.8622950819672132,0.7250074952257566,0.08695109803943876
B1,14.0,0.839344262295082,0.7549450654648009,0.088504538986837
B1,15.0,0.8163934426229508,0.7496983708152519,0.0861988556589865
B1,16.0,0.7934426229508197,0.7447666563850455,0.08376142236803152
B1,17.0,0.7737704918032787,0.7381894859659286,0.088018473834687
B1,18.0,0.7540983606557377,0.7349125006146291,0.09078923997531603
B1,19.0,0.7344262295081967,0.7269660960868505,0.08702900552245056
B1,20.0,0.7081967213114754,0.6921255753165807,0.08610584020207683
B1,21.0,0.6754098360655738,0.6577448567487172,0.106051954355911
B1,22.0,0.6557377049180327,0.6796730064146222,0.13884187902849776
B1,23.0,0.6459016393442623,0.6873348070362337,0.14044927367054436
B1,24.0,0.6327868852459017,0.6387742790720846,0.13719251186903073
B1,25.0,0.6196721311475409,0.6844960832645456,0.15222678118868235
B1,26.0,0.6131147540983607,0.6737967691177512,0.168433405118962
B1,27.0,0.5934426229508196,0.6387632487551175,0.14317403772527013
B1,28.0,0.5672131147540984,0.6280252729465993,0.1318623491729659
B1,29.0,0.5540983606557377,0.6573588640412528,0.1520500286803131
B1,30.0,0.5344262295081967,0.6272207202010263,0.13379119454559452
B1,31.0,0.5147540983606558,0.6285902678831197,0.17050424103274964
B1,32.0,0.5114754098360655,0.6094002428089096,0.1604110048021664
B1,33.0,0.49508196721311476,0.5916835202372426,0.14369790591051718
B1,34.0,0.47540983606557374,0.5788629238053505,0.1503244767533848
B1,35.0,0.4426229508196721,0.4975666089285853,0.24380164474941915
B1,36.0,0.4491803278688525,0.48306722079756637,0.25066987526384854
B1,37.0,0.4426229508196721,0.46250486203442903,0.2547125258983077
B1,38.0,0.4131147540983607,0.447653067241087,0.3005941249352089
B1,39.0,0.35737704918032787,0.4309588083967333,0.2963978716756451
B1,40.0,0.39672131147540984,0.4365936798008634,0.29835977649773476
B1,41.0,0.36721311475409835,0.4238026890294393,0.2999334567967775
B1,42.0,0.3442622950819672,0.4516420232793441,0.2927541174760562
B1,43.0,0.3639344262295082,0.42011227718049016,0.24504668050620404
B1,44.0,0.35737704918032787,0.4291478124949642,0.2893141837283631
B1,45.0,0.3475409836065574,0.43425398413844907,0.27502959772704005
B1,46.0,0.3377049180327869,0.3894144240783828,0.2355357182382698
B1,47.0,0.3118032786885246,0.42515304255484027,0.27404437112732827
B1,48.0,0.30885245901639347,0.41016386229125623,0.2697215939039802
B1,49.0,0.2862295081967213,0.45243460082015935,0.30176826119598615
B1,50.0,0.28688524590163933,0.4521363871506956,0.3022710253933534
B1,51.0,0.2839344262295082,0.4331664586320355,0.28424964168582406
B1,52.0,0.28918032786885245,0.43669476658211087,0.29121922324043004
B1,53.0,0.2537704918032787,0.4468253255490705,0.2982658593324036
B1,54.0,0.259672131147541,0.39825343242167455,0.2545516716347055
B1,55.0,0.2698360655737705,0.3359490351619855,0.17259028860154998
B1,56.0,0.2659016393442623,0.3638243948057307,0.21130443198805177
B1,57.0,0.25934426229508195,0.33346964475849583,0.17202083858377523
B1,58.0,0.2498360655737705,0.3156435936472439,0.16012936869435176
B1,59.0,0.24721311475409835,0.29295605609301073,0.1359192214787343
B1,60.0,0.23737704918032787,0.32814041076339057,0.18954301787387323
B1,61.0,0.23344262295081966,0.3011779677274623,0.15308927047705817
B1,62.0,0.21868852459016394,0.29639966121993533,0.15446940990746008
B1,63.0,0.2,0.2818589729094567,0.1464057917628445
B1,64.0,0.20688524590163934,0.2839783438819755,0.14895824857901807
B1,65.0,0.18754098360655738,0.259449250440595,0.1334678770961894
B1,66.0,0.18754098360655738,0.26535531435678583,0.1405863354144707
B1,67.0,0.14163934426229507,0.264969549251878,0.1432446315718315
B1,68.0,0.20655737704918034,0.28328719808107183,0.17664109279305795
B1,69.0,0.18918032786885247,0.343721013369917,0.24488485097755236
B1,70.0,0.2022950819672131,0.31663772136457546,0.20851552057005515
B1,71.0,0.14557377049180328,0.4157686784826096,0.2720248107474295
B1,72.0,0.18786885245901638,0.4073309435884178,0.26109595016070364
B1,73.0,0.17245901639344263,0.4382754670326717,0.27867332702592723
B1,74.0,0.13409836065573771,0.23655472106733133,0.13496205784726167
B1,75.0,0.1921311475409836,0.24246985894709183,0.1339059693412521
B1,76.0,0.14426229508196722,0.2623613935955398,0.17452398427981206
B1,77.0,0.17901639344262296,0.2650696654287846,0.17643879307233407
B1,78.0,0.15934426229508197,0.23792709393240474,0.14666593988509571
B1,79.0,0.17934426229508196,0.34871076192864947,0.216974354742482
B1,80.0,0.15377049180327867,0.25509328027019557,0.17269113904492223
B1,81.0,0.17573770491803278,0.38694317905502423,0.254833575438463
B1,82.0,0.16459016393442624,0.2251404154740615,0.14254091903445212
B1,83.0,0.17278688524590163,0.22135876848813596,0.138885852466515
B1,84.0,0.1678688524590164,0.28166691072222183,0.1595184289311963
B1,85.0,0.12918032786885245,0.25155832678725765,0.1726024291995029
B1,86.0,0.16262295081967212,0.3124991052908301,0.18295016471881745
B1,87.0,0.12819672131147541,0.24980285651620787,0.182598073600515
B1,88.0,0.16131147540983606,0.41141626587155183,0.2667732409075747
B1,89.0,0.08885245901639344,0.47378529692600113,0.3332366588052145
B1,90.0,0.07901639344262296,0.19822204453040243,0.14109049547593355
B1,91.0,0.15770491803278688,0.20991236483094522,0.1601486973202301
B1,92.0,0.14524590163934425,0.20569648217331932,0.14470010789340587
B1,93.0,0.1557377049180328,0.20818677594988222,0.13235869013558293
B1,94.0,0.15147540983606558,0.3412327346587332,0.20089874232500873
B1,95.0,0.14622950819672131,0.46885542201253716,0.3188049940588901
B1,96.0,0.09377049180327869,0.19540605559372204,0.13301942064884997
B1,97.0,0.14622950819672131,0.22158564870733433,0.13647278130027182
B1,98.0,0.12360655737704918,0.4803427761815041,0.3435550269465303
B1,99.0,0.14065573770491804,0.4691129004452267,0.3342639838010514
B1,100.0,0.08459016393442623,0.18790382824980323,0.15588789749857915
B1,101.0,0.1360655737704918,0.1812073162367953,0.13562048160897444
B1,102.0,0.14295081967213114,0.16501599429671887,0.1295270568918094
B2,1.0,1.0,1.1706521822228624,0.15718830947293116
B2,2.0,0.9801324503311258,1.0978433201851858,0.15686142691944885
B2,3.0,0.9701986754966887,1.075672240486738,0.15047831941599027
B2,4.0,0.9602649006622517,1.052254022168868,0.14540994902990062
B2,5.0,0.9470198675496688,1.0400981976410504,0.14291218056164112
B2,6.0,0.9271523178807947,1.0269888056885508,0.13448018439920575
B2,7.0,0.9139072847682119,1.0179871783074534,0.12266379776653519
B2,8.0,0.8940397350993378,1.0172312604517604,0.11405253147359243
B2,9.0,0.8774834437086093,1.0066491467865097,0.10248140539016225
B2,10.0,0.8576158940397351,0.9745413491666617,0.12431503427442563
B2,11.0,0.8377483443708609,0.9864406874838247,0.0853522272705466
B2,12.0,0.8178807947019867,0.9711660406952777,0.07721030731611536
B2,13.0,0.8013245033112583,0.9567040934963711,0.0759457822687267
B2,14.0,0.7814569536423841,0.9280702907847806,0.14737343693588886
B2,15.0,0.7682119205298014,0.9172316284793423,0.14162933736567443
B2,16.0,0.7516556291390728,0.9062052459239047,0.09391451950373747
B2,17.0,0.7350993377483444,0.8750175328251951,0.06484987628023135
B2,18.0,0.7185430463576159,0.8615917811039189,0.11446226043040907
B2,19.0,0.7019867549668874,0.8151685028429988,0.07716261290838851
B2,20.0,0.6854304635761589,0.7880158700898907,0.09991434560749239
B2,21.0,0.6688741721854304,0.7617164754536878,0.09665413972918234
B2,22.0,0.652317880794702,0.7214205006037235,0.08671656284957842
B2,23.0,0.6357615894039735,0.6885324022894863,0.1252717865774208
B2,24.0,0.6158940397350994,0.673851497484628,0.09004674507868751
B2,25.0,0.5993377483443708,0.649235528767686,0.09357788648053608
B2,26.0,0.5827814569536424,0.5856361539237368,0.10988503488186607
B2,27.0,0.5629139072847682,0.5922889031851389,0.09707095446901844
B2,28.0,0.5463576158940397,0.5707770145371646,0.0976451870509995
B2,29.0,0.5264900662251656,0.541641261130196,0.09969969285039888
B2,30.0,0.5033112582781457,0.5066280408511525,0.09922600106307386
B2,31.0,0.4867549668874172,0.4853923926373511,0.10629901429613504
B2,32.0,0.46357615894039733,0.40301316692712785,0.10673938741552524
B2,33.0,0.4470198675496689,0.4141686804799062,0.11626943663484689
B2,34.0,0.4271523178807947,0.40905198360193207,0.13430572622125342
B2,35.0,0.40728476821192056,0.4205680738159042,0.1394417473734142
B2,36.0,0.38741721854304634,0.41557607932653,0.1524651173447543
B2,37.0,0.3675496688741722,0.40080480660761486,0.12323776808911745
B2,38.0,0.3543046357615894,0.3912945605533142,0.17009888511461238
B2,39.0,0.33774834437086093,0.3628375428264324,0.15245808306962078
B2,40.0,0.3211920529801324,0.3310855152177516,0.13955739370948064
B2,41.0,0.30993377483443707,0.316427295160552,0.14479880046995192
B2,42.0,0.2933774834437086,0.33084118193201056,0.1207618252793956
B2,43.0,0.2854304635761589,0.3026237159573646,0.10477245357294661
B2,44.0,0.2705298013245033,0.27341780765518303,0.10915134319808982
B2,45.0,0.2589403973509934,0.2693542540931696,0.10045993893280131
B2,46.0,0.2509933774834437,0.2630222066732374,0.09434569692815241
B2,47.0,0.23973509933774834,0.24542802472778524,0.09503458472935897
B2,48.0,0.23112582781456953,0.21969301393793528,0.12695084481255053
B2,49.0,0.22748344370860926,0.2478185216830226,0.09583155098228087
B2,50.0,0.21456953642384105,0.22880038350773618,0.13940556530578643
B2,51.0,0.20794701986754968,0.23542852301329698,0.14930963433058314
B2,52.0,0.2052980132450331,0.24243699876128777,0.1094816488352745
B2,53.0,0.19602649006622516,0.2594028344994971,0.148825324523209
B2,54.0,0.1890728476821192,0.2576290994275749,0.14851741039644595
B2,55.0,0.18443708609271522,0.25637287419434407,0.1439910884689991
B2,56.0,0.17913907284768213,0.26562318770375376,0.11887545728955345
B2,57.0,0.17516556291390728,0.2712921348744206,0.12987500392432616
B2,58.0,0.1728476821192053,0.26484332648536574,0.15090705914140404
B2,59.0,0.17019867549668874,0.28475639781934503,0.13156692952713087
B2,60.0,0.16225165562913907,0.22527548753698012,0.14148383500685605
B2,61.0,0.15894039735099338,0.17907153794381225,0.13966995569642007
B2,62.0,0.15894039735099338,0.2119467737183091,0.13841567247913766
B2,63.0,0.15264900662251657,0.186151481833003,0.13717385795324688
B2,64.0,0.1533112582781457,0.2468778009144924,0.1369238210476247
B2,65.0,0.147682119205298,0.16741045994660197,0.13706513336382595
B2,66.0,0.14437086092715232,0.19604043915565444,0.14586998076151234
B2,67.0,0.1423841059602649,0.19423885578583755,0.14513304342038777
B2,68.0,0.13940397350993378,0.2058118219071095,0.14147679533651536
B2,69.0,0.13841059602649006,0.1935414163305641,0.142840931559849
B2,70.0,0.13543046357615893,0.23041344722929186,0.17306296402282473
B2,71.0,0.1317880794701987,0.22949342874902928,0.16541865683384302
B2,72.0,0.12980132450331125,0.19558589737073262,0.16135843430661737
B2,73.0,0.12980132450331125,0.2392431673768014,0.19229759215473693
B2,74.0,0.12582781456953643,0.22497467020764217,0.20479947741930737
B2,75.0,0.123841059602649,0.23081269381068625,0.20391753985264902
B2,76.0,0.12251655629139073,0.23808504901999467,0.22289335214353687
B2,77.0,0.12417218543046357,0.2208034472999737,0.1938211679268049
B2,78.0,0.12086092715231789,0.2342440823504871,0.20571913536308345
B2,79.0,0.12019867549668874,0.27358747171601394,0.2411171229453546
B2,80.0,0.1195364238410596,0.2907421132194519,0.24108017993575534
B2,81.0,0.1162251655629139,0.2498131280953637,0.22134682040116924
B2,82.0,0.11390728476821192,0.2623884819128397,0.22776829565887372
B2,83.0,0.11390728476821192,0.3151182928129985,0.2756852502350457
B2,84.0,0.1119205298013245,0.30867394666232373,0.2661346115194067
B2,85.0,0.11059602649006622,0.31191950264378293,0.30375438847874303
B2,86.0,0.10894039735099338,0.32731121922656964,0.2933100780582907
B2,87.0,0.10927152317880795,0.34164534435905863,0.31093626359389764
B2,88.0,0.10662251655629139,0.3386101450261811,0.2723532420196914
B2,89.0,0.10629139072847682,0.3546709595071047,0.3245877088293665
B2,90.0,0.10529801324503311,0.31907136268036806,0.2603589592219081
B2,91.0,0.10397350993377484,0.3561189876089424,0.27058873591234933
B2,92.0,0.10529801324503311,0.37086958372758694,0.31255368746819845
B2,93.0,0.10231788079470198,0.36006247390694995,0.2769543800078201
B2,94.0,0.10132450331125828,0.38416546482567665,0.31743911971845346
B2,95.0,0.10066225165562914,0.3992576058103906,0.33499395096958995
B2,96.0,0.09900662251655629,0.36261736931380856,0.2792913279351384
B2,97.0,0.09834437086092715,0.38666451919279693,0.28831788549498044
B2,98.0,0.09768211920529801,0.3974849567823634,0.30544139360030587
B2,99.0,0.09668874172185431,0.411615443305787,0.3280865048589647
B2,100.0,0.09503311258278145,0.39878283187085983,0.305737322345051
B2,101.0,0.09437086092715231,0.4015645379109278,0.3009810970969966
B2,102.0,0.09470198675496688,0.4004922201274838,0.295570799724486
B2,103.0,0.09370860927152318,0.42417725325174116,0.3280367121544278
B2,104.0,0.09370860927152318,0.41610463545395593,0.318457719337712
B2,105.0,0.0923841059602649,0.4194128511342367,0.3207902684613112
B2,106.0,0.09172185430463577,0.42323152023203164,0.32004768800537725
B2,107.0,0.09205298013245033,0.42013884036945615,0.3070211473271293
B2,108.0,0.0913907284768212,0.41881328354498254,0.3082782205192253
B2,109.0,0.09105960264900662,0.43403105254741015,0.3331149006223793
B2,110.0,0.08940397350993377,0.4368738664687844,0.3310464730688779
B2,111.0,0.08841059602649007,0.43415551710167066,0.32465803670576754
B2,112.0,0.0880794701986755,0.43416035107791434,0.32252295541339154
B2,113.0,0.08741721854304636,0.43999647730501107,0.3272436107831716
B2,114.0,0.08675496688741721,0.4366061094379332,0.3247155485227032
B2,115.0,0.08642384105960264,0.44226977264999107,0.32885957932902976
B3,1.0,1.0,1.0084896384001214,0.1019888587764795
B3,2.0,1.0161290322580645,0.9809718183525002,0.09241756552078158
B3,3.0,1.0258064516129033,0.9697480623652541,0.08176816950382623
B3,4.0,1.032258064516129,0.9091408786888172,0.1353241607733246
B3,5.0,1.0354838709677419,0.8569586452750046,0.1663971358095526
B3,6.0,1.032258064516129,0.8191103063951766,0.19623031878198136
B3,7.0,1.0064516129032257,0.8007551047516538,0.21165401895385683
B3,8.0,0.9838709677419355,0.8119349935307675,0.21623291521903054
B3,9.0,0.964516129032258,0.8331843621586842,0.2071245488686731
B3,10.0,0.9483870967741935,0.8172144052137015,0.1688449685164015
B3,11.0,0.9290322580645162,0.8124404975887652,0.18491424464040793
B3,12.0,0.9096774193548387,0.794502060951371,0.18463383331034317
B3,13.0,0.8935483870967742,0.7668493418630468,0.18408885529285318
B3,14.0,0.8741935483870967,0.7473813459111962,0.1893891321218568
B3,15.0,0.8548387096774194,0.7422983829996809,0.1900745916128422
B3,16.0,0.8387096774193549,0.6983075404203097,0.1824075762335181
B3,17.0,0.8258064516129032,0.6946390916541214,0.19041763829202696
B3,18.0,0.8032258064516129,0.6781115116126504,0.20345852343639786
B3,19.0,0.7870967741935484,0.6693130253182963,0.2069568167612791
B3,20.0,0.7741935483870968,0.5766196694701922,0.12791227547488734
B3,21.0,0.7580645161290323,0.6322045307936749,0.20952853664319523
B3,22.0,0.7451612903225806,0.518393294374229,0.09335354480694077
B3,23.0,0.7290322580645161,0.5100545993377512,0.09637432932620688
B3,24.0,0.7161290322580646,0.5457423946943956,0.17924150137633965
B3,25.0,0.5903225806451613,0.5095955030365309,0.1691817481589641
B3,26.0,0.5387096774193548,0.47255729596831175,0.14003163882969574
B3,27.0,0.5129032258064516,0.4512610297620555,0.12922528789565224
B3,28.0,0.5096774193548387,0.4805832451289811,0.13261304032306123
B3,29.0,0.5419354838709678,0.5199151647582786,0.13485200119707047
B3,30.0,0.4161290322580645,0.4136198173184918,0.14214972357166974
B3,31.0,0.3935483870967742,0.40056063389108626,0.13587559604740734
B3,32.0,0.3741935483870968,0.36350487349420835,0.18847232162770594
B3,33.0,0.3548387096774194,0.3293896405344221,0.1128294859927586
B3,34.0,0.33225806451612905,0.2852937335622929,0.10456439912582191
B3,35.0,0.31,0.28126147993505923,0.0972434275399913
B3,36.0,0.2880645161290323,0.3071286425051951,0.10291765971176986
B3,37.0,0.27064516129032257,0.3450787923665519,0.12509081465995325
B3,38.0,0.2461290322580645,0.33497704333491685,0.12873167943655117
B3,39.0,0.22806451612903225,0.3291754752760571,0.13244441721522832
B3,40.0,0.2103225806451613,0.2808220362244007,0.10756260502619491
B3,41.0,0.1967741935483871,0.2456235225647348,0.11614382998300919
B3,42.0,0.18419354838709678,0.057597572204700076,0.1594859992476128
B3,43.0,0.1735483870967742,0.22809898913335513,0.1876527715362015
B3,44.0,0.16741935483870968,0.21748560242677117,0.22111858316597377
B3,45.0,0.15645161290322582,0.17867424384119324,0.23011430103670955
B3,46.0,0.14806451612903226,0.08458896199365062,0.2278919777001627
B3,47.0,0.14225806451612905,0.17020909300074738,0.2612840817360333
B3,48.0,0.13709677419354838,0.12513642064028352,0.2655566532646823
B3,49.0,0.13096774193548388,0.1679800576461884,0.27354108568293933
B3,50.0,0.12612903225806452,0.18001510070925086,0.2799806212289672
B3,51.0,0.12225806451612903,0.2209137627931359,0.3021435616821593
B3,52.0,0.11806451612903225,0.2443748504587504,0.3052981064125787
B3,53.0,0.11451612903225807,0.25844423074382544,0.3159248348633178
B3,54.0,0.11064516129032258,0.41364067196654164,0.32762382809915885
B3,55.0,0.10774193548387097,0.4691349812697936,0.33157320077447255
B3,56.0,0.10516129032258065,0.33516494143614417,0.33923715068759486
B3,57.0,0.10290322580645161,0.3704360104470252,0.3437447057180474
B3,58.0,0.10161290322580645,0.4089546980349841,0.3488982415955891
B3,59.0,0.09806451612903226,0.4472610828882936,0.3534174427015828
B3,60.0,0.0964516129032258,0.46565595458357767,0.3512255773522167
B3,61.0,0.09451612903225806,0.4848261061584935,0.35522918428803685
B3,62.0,0.09225806451612903,0.48652859864819087,0.340515758477773
B3,63.0,0.09064516129032259,0.5100682297362238,0.35425350810417156
B3,64.0,0.09,0.526955981304758,0.35349565898656765
B3,65.0,0.0867741935483871,0.5288240349929947,0.35382744463905635
B3,66.0,0.08612903225806452,0.5573447427638484,0.3598464210708125
B3,67.0,0.08354838709677419,0.5505772154217021,0.35653636143431644
B3,68.0,0.08258064516129032,0.5556042969953481,0.3572204703502888
B3,69.0,0.08064516129032258,0.5048914004013838,0.3465066790867824
B3,70.0,0.08,0.5579272297755654,0.35746301155602705
B3,71.0,0.07935483870967742,0.551363938485089,0.35606565074984536
B3,72.0,0.07903225806451612,0.5694439352392757,0.3598358532368608
B3,73.0,0.07838709677419355,0.576686876835924,0.3615113037011896
B3,74.0,0.07612903225806451,0.5660750268731534,0.3595321021928951
B3,75.0,0.07516129032258065,0.5023238454549963,0.3505414548562332
B3,76.0,0.0732258064516129,0.5655256060394905,0.35984864724693916
B3,77.0,0.07258064516129033,0.5656655933773447,0.36011315639463054
B3,78.0,0.07258064516129033,0.5733114228551882,0.3618438492961118
B3,79.0,0.07064516129032258,0.5714053239873225,0.36166532274930074
B3,80.0,0.07,0.5319378750006918,0.35569323110442985
B3,81.0,0.06806451612903226,0.5238859100761947,0.35731383594356875
B3,82.0,0.06741935483870967,0.5536601210934609,0.3587985421728608
B3,83.0,0.06806451612903226,0.5692818102346127,0.3616086298212595
B3,84.0,0.0667741935483871,0.551902351129355,0.36200975872462976
B3,85.0,0.06548387096774194,0.5556839489027587,0.36012282443906624
B3,86.0,0.06451612903225806,0.5413848074266792,0.3599700206457478
B3,87.0,0.06516129032258064,0.5680379800063785,0.36139012983484775
B3,88.0,0.0635483870967742,0.5741694123931449,0.3622360739940363
B3,89.0,0.06483870967741935,0.5819617625132574,0.36342996259598576
B3,90.0,0.06322580645161291,0.5784594184860177,0.36286037553015843
B3,91.0,0.0635483870967742,0.5657139880717177,0.36184332278670267
B3,92.0,0.06193548387096774,0.5700015605849541,0.3619310641757491
B3,93.0,0.06129032258064516,0.5787861758353422,0.3628686683948643
B3,94.0,0.06129032258064516,0.5935483122412296,0.36524880239101093
B3,95.0,0.06129032258064516,0.5977012458774221,0.36580234071121814
B3,96.0,0.05967741935483871,0.5937397543497436,0.3653220733408572
B3,97.0,0.06,0.5979653414681737,0.36896702039551804
B3,98.0,0.05838709677419355,0.5915219512338926,0.36537404392272627
B3,99.0,0.05870967741935484,0.6029422572742582,0.3676610093737323
B3,100.0,0.059032258064516126,0.6181381476124204,0.369318170238068
B3,101.0,0.059032258064516126,0.6294183181828252,0.37073112898753097
B3,102.0,0.05838709677419355,0.6124310226812731,0.3688022844364995
B3,103.0,0.057741935483870965,0.6180143900179624,0.36944870052886525
B3,104.0,0.05709677419354839,0.6153346073892471,0.36951913422551586
B3,105.0,0.056451612903225805,0.6389391192347695,0.3728278158569777
B3,106.0,0.05548387096774193,0.611120162670512,0.36915610714263464
B3,107.0,0.05419354838709677,0.6328579439759412,0.3721405577337842
B3,108.0,0.05548387096774193,0.6378595876973783,0.3725409687987221
B3,109.0,0.054838709677419356,0.6406413357014128,0.3728367505071896
B3,110.0,0.05451612903225807,0.656094791136556,0.37465974284494813
B3,111.0,0.052258064516129035,0.6509766577736869,0.3746104409416693
B3,112.0,0.053548387096774196,0.6381157383253984,0.37317770261906363
B3,113.0,0.0532258064516129,0.6463056815323338,0.37404177408122474
B3,114.0,0.0532258064516129,0.652894924341089,0.374577341389937
B3,115.0,0.05290322580645161,0.6547629916530577,0.3747539191726575
B3,116.0,0.0532258064516129,0.650313172966328,0.37434995899020773
B3,117.0,0.052258064516129035,0.6567605281087129,0.3749871756765599
B3,118.0,0.05161290322580645,0.6591339008035395,0.3751972943640513
B3,119.0,0.05193548387096774,0.6589497222028498,0.37538630404238416
B3,120.0,0.05161290322580645,0.6748694073887661,0.3762081432082907
B3,121.0,0.05064516129032258,0.6860432942365953,0.37676944537721657
B3,122.0,0.04903225806451613,0.6566334520320023,0.3751839986346847
B3,123.0,0.048709677419354835,0.6665661138674441,0.375829471080365
B3,124.0,0.04967741935483871,0.6672678322358851,0.37587270588577687
B3,125.0,0.04935483870967742,0.6685180621067112,0.37593431158939117
B3,126.0,0.04903225806451613,0.6699314302044153,0.37604914431970465
B3,127.0,0.04935483870967742,0.6709231003649611,0.3760890872190063
B4,1.0,1.0,0.7436025123232554,0.30982481972312426
B4,2.0,1.0163398692810457,0.7219143510653298,0.3207350410080447
B4,3.0,1.0294117647058822,0.7623142880476759,0.3018039168169113
B4,4.0,1.0359477124183007,0.763237609797112,0.2985493900371513
B4,5.0,1.0392156862745099,0.7598345558393299,0.29904928730495267
B4,6.0,1.0196078431372548,0.7809629008345698,0.2934212361079181
B4,7.0,0.9836601307189542,0.8555197046496406,0.2714911687921946
B4,8.0,0.9640522875816994,0.8737070832731328,0.2699690289988111
B4,9.0,0.9444444444444444,0.8583018971943778,0.27731808043163625
B4,10.0,0.9215686274509803,0.8481309328046633,0.27764278980142904
B4,11.0,0.8954248366013072,0.8129466797045242,0.28709507040037235
B4,12.0,0.869281045751634,0.848558372446714,0.27840811193196424
B4,13.0,0.8431372549019608,0.7665416216113995,0.2984774951378695
B4,14.0,0.8169934640522876,0.7715552912662955,0.2941561948037861
B4,15.0,0.7941176470588235,0.847892206634736,0.2793307137713989
B4,16.0,0.7712418300653595,0.8460071763352165,0.2800089624549219
B4,17.0,0.7516339869281046,0.7950501851492724,0.28923485601113996
B4,18.0,0.7320261437908496,0.8381856549158764,0.28119387288145065
B4,19.0,0.7091503267973857,0.8071353388542224,0.28791316829988095
B4,20.0,0.6111111111111112,0.7843598162356393,0.28914596513339763
B4,21.0,0.565359477124183,0.7915468582588742,0.28773816061547
B4,22.0,0.5392156862745098,0.7451384693825314,0.29606863381757736
B4,23.0,0.49019607843137253,0.754297737332365,0.3002363207830766
B4,24.0,0.5196078431372549,0.7025797876165221,0.3059850423567052
B4,25.0,0.4803921568627451,0.6681432151316213,0.3144248627386039
B4,26.0,0.38235294117647056,0.6100226606502409,0.3185879963364613
B4,27.0,0.3627450980392157,0.5970555562000961,0.3162948219474859
B4,28.0,0.3431372549019608,0.6072143825943714,0.31944593408360034
B4,29.0,0.3209150326797386,0.6007963341503822,0.3187241749193448
B4,30.0,0.3,0.6033499798724493,0.31949838180194456
B4,31.0,0.2803921568627451,0.49914930823940823,0.30801114422283915
B4,32.0,0.26176470588235295,0.5568437323814042,0.3132510315744259
B4,33.0,0.24444444444444444,0.4835039130111619,0.3065946255192563
B4,34.0,0.2284313725490196,0.5101415789696048,0.3054064557954411
B4,35.0,0.21535947712418302,0.5377658902618255,0.3031928965752838
B4,36.0,0.20294117647058824,0.5342179778497529,0.30172526835027275
B4,37.0,0.19183006535947714,0.535671741831977,0.302346686617604
B4,38.0,0.1830065359477124,0.577587225451297,0.30809253814638987
B4,39.0,0.17483660130718953,0.538255525912949,0.30193451738504895
B4,40.0,0.1676470588235294,0.5578044470597022,0.3032389617413171
B4,41.0,0.16013071895424835,0.544337482928099,0.30809519887291364
B4,42.0,0.15522875816993464,0.5487824780539727,0.30458128568941506
B4,43.0,0.14967320261437908,0.5536975689486614,0.3060952939795059
B4,44.0,0.1450980392156863,0.5542039687268643,0.30699455283349825
B4,45.0,0.14183006535947712,0.552559985485886,0.3066674513479174
B4,46.0,0.13725490196078433,0.5730719142470178,0.3191431322078697
B4,47.0,0.1323529411764706,0.5642231535354336,0.3181879317380834
B4,48.0,0.12941176470588237,0.5507026652070905,0.30698719873416636
B4,49.0,0.12581699346405228,0.5556480123536763,0.308708843849625
B4,50.0,0.12450980392156863,0.5513895008221675,0.30862572501934493
B4,51.0,0.12156862745098039,0.5720023325057788,0.31983798884683456
B4,52.0,0.11797385620915032,0.5489581283128001,0.30999154846269117
B4,53.0,0.11633986928104575,0.5490255585592616,0.31089735561378684
B4,54.0,0.11339869281045752,0.6135033795582507,0.32481999449639704
B4,55.0,0.11176470588235295,0.5983530580302397,0.3234405149240602
B4,56.0,0.11013071895424836,0.5626249485415853,0.31884879696708357
B4,57.0,0.10718954248366012,0.5869507562187117,0.3223136677967216
B4,58.0,0.10588235294117647,0.5837490159013374,0.32199967841872285
B4,59.0,0.1042483660130719,0.6502202329284694,0.32682257877240806
B4,60.0,0.1022875816993464,0.5665616030605733,0.31982637156831206
B4,61.0,0.10098039215686275,0.5896101857591747,0.3226399848004486
B4,62.0,0.09934640522875816,0.6296051755971199,0.32527854351502444
B4,63.0,0.0977124183006536,0.6470137778796842,0.32605175800618286
B4,64.0,0.09673202614379085,0.6420889260112472,0.32570374249780465
B4,65.0,0.09542483660130718,0.5627180564963551,0.3192971606157992
B4,66.0,0.09444444444444444,0.6380025248694307,0.32528412592040423
B4,67.0,0.09313725490196079,0.5448761934388076,0.31686262355263467
B4,68.0,0.09215686274509804,0.5724800673654303,0.3203796542452546
B4,69.0,0.09117647058823529,0.5493995581199103,0.3175063390960882
B4,70.0,0.0915032679738562,0.5763323962796656,0.320519245135532
B4,71.0,0.08888888888888889,0.5506820466415738,0.31760303257919004
B4,72.0,0.08823529411764706,0.5522153794812459,0.3177627340798538
B4,73.0,0.08823529411764706,0.550742432316768,0.3173683522120035
B4,74.0,0.08594771241830065,0.6053986838346808,0.32308271065272465
B4,75.0,0.08496732026143791,0.5603076334009744,0.31915977165601156
B4,76.0,0.08398692810457517,0.611566605360783,0.32381256713540346
B4,77.0,0.08366013071895424,0.5515423400076165,0.31777804319692693
B4,78.0,0.08333333333333333,0.5551246545831354,0.31842213813664283
B4,79.0,0.08202614379084967,0.6400852346131213,0.32565355534192575
B4,80.0,0.08104575163398693,0.562894322773267,0.32016519670339166
B4,81.0,0.0803921568627451,0.5556671076094791,0.3189451471252649
B4,82.0,0.08006535947712418,0.5580874933424063,0.31989275012720436
B4,83.0,0.07941176470588235,0.5574058762349161,0.31931941407307946
B4,84.0,0.07908496732026143,0.6092530322864428,0.3232823042320006
B4,85.0,0.07745098039215687,0.5579512232141841,0.3198649374096909
B4,86.0,0.07712418300653595,0.5555400153454925,0.3195299806634242
B4,87.0,0.07647058823529412,0.5598187223128734,0.32018959639304323
B4,88.0,0.07647058823529412,0.5941675332211678,0.3224979856646866
B4,89.0,0.07483660130718954,0.649089515552401,0.3265917884834585
B4,90.0,0.0738562091503268,0.5593849214175036,0.3204569656112656
B4,91.0,0.0738562091503268,0.5631020697181074,0.32071964464621716
B4,92.0,0.0738562091503268,0.6063543828579988,0.3230608639424076
B4,93.0,0.07254901960784314,0.6429362083218644,0.3262889263332642
B4,94.0,0.07222222222222222,0.5626351471043973,0.32082265788799347
B4,95.0,0.0718954248366013,0.6545027045696309,0.32712819017386874
B4,96.0,0.07091503267973856,0.5629772981053727,0.3208443795217771
B4,97.0,0.07091503267973856,0.6349265288756548,0.3258067171778406
B4,98.0,0.07058823529411765,0.5614878826246983,0.32058848978350046
B4,99.0,0.06993464052287582,0.5647292598651334,0.3208430558759761
B4,100.0,0.06993464052287582,0.5663835765388037,0.3209131075569998
B4,101.0,0.06928104575163399,0.6421719596373467,0.3264149871498315
B4,102.0,0.06862745098039216,0.5827403477725298,0.3216436742931578
B4,103.0,0.06797385620915032,0.567707479211242,0.3211213620265878
B4,104.0,0.06830065359477124,0.5697957610654028,0.32103083728158005
B4,105.0,0.06797385620915032,0.5683424264949944,0.3207813709847571
B4,106.0,0.06699346405228758,0.6313845097369365,0.32570136731077154
B4,107.0,0.06666666666666667,0.6582125607041447,0.32693048927528195
B4,108.0,0.06601307189542484,0.6412002277243272,0.32623055637203463
B4,109.0,0.06568627450980392,0.6398087272154406,0.3260926573361344
B4,110.0,0.06601307189542484,0.5704776272261226,0.3210969934993936
B4,111.0,0.06535947712418301,0.6259208959223981,0.3253047936760862
B4,112.0,0.0650326797385621,0.5733457194644621,0.3210990908863358
B4,113.0,0.06535947712418301,0.5734390056404585,0.3210584467427423
B4,114.0,0.06405228758169934,0.6558987264776783,0.3266806427456254
B4,115.0,0.06339869281045751,0.651765617458534,0.3264132690567647
B4,116.0,0.0630718954248366,0.5780183735181228,0.32144756586760753
B4,117.0,0.0630718954248366,0.6402214037614999,0.32563755425951596
B4,118.0,0.06274509803921569,0.65727936034591,0.3267940809699121
B4,119.0,0.06143790849673202,0.6434876692427908,0.3258408110026528
B4,120.0,0.06143790849673202,0.6340990630718321,0.32522860546451965
B4,121.0,0.06143790849673202,0.6329499979936798,0.32524551332820884
B4,122.0,0.060784313725490195,0.5794286702368296,0.32125947191425785
B4,123.0,0.061764705882352944,0.5765944947859213,0.3206628606799218
B4,124.0,0.06143790849673202,0.6356454100007006,0.32539543559452894
B4,125.0,0.060784313725490195,0.586770524280367,0.32207056115113497
B4,126.0,0.06045751633986928,0.5808783594816889,0.32104852819784835
B4,127.0,0.060784313725490195,0.5924453104922164,0.322633730725647
B4,128.0,0.06045751633986928,0.5813172618062034,0.32107100134537336
B4,129.0,0.059803921568627454,0.6491946662686456,0.3264344514866028
B4,130.0,0.058823529411764705,0.6603278886885496,0.32717344641267293
B4,131.0,0.05849673202614379,0.6381142657783703,0.32554172474049486
B4,132.0,0.05816993464052288,0.6319025210015472,0.32512222151634723
B4,133.0,0.05784313725490196,0.6654066463036549,0.3275223349331846
B4,134.0,0.05784313725490196,0.6426192304662134,0.32595920868594175
B4,135.0,0.05718954248366013,0.639043752806696,0.3257278266517138
B5,1.0,1.0,1.0146279253776145,0.028303880365095582
B5,2.0,0.995049504950495,0.9685633744753408,0.029225630640916933
B5,3.0,0.995049504950495,1.0351743827615194,0.01881619889177758
B5,4.0,0.9900990099009901,1.0485437804807036,0.017609499471170468
B5,5.0,0.9876237623762376,1.0129769000157012,0.02116939645560891
B5,6.0,0.9851485148514851,1.0398227479775948,0.018745548904860448
B5,7.0,0.9826732673267327,1.0009093686741002,0.021470630324405958
B5,8.0,0.9801980198019802,1.0232150283308132,0.01615910356037722
B5,9.0,0.9777227722772277,0.9921922964977039,0.01947481990871477
B5,10.0,0.9752475247524752,1.0208203477059297,0.015204390310427958
B5,11.0,0.9752475247524752,1.0105476351942575,0.015623647249157031
B5,12.0,0.9727722772277227,1.024079673093699,0.017288649945235005
B5,13.0,0.9702970297029703,0.9692378716241099,0.02170507156197347
B5,14.0,0.9702970297029703,1.0129960709142571,0.015318361382783623
B5,15.0,0.9678217821782178,0.9922961849976943,0.018233103359703077
B5,16.0,0.9653465346534653,1.0185515345507647,0.017444740418010998
B5,17.0,0.9628712871287128,1.0184805727752448,0.01662640436415216
B5,18.0,0.9628712871287128,0.9597306549696141,0.021224239093986266
B5,19.0,0.9603960396039604,0.9886965949416529,0.016665745631467173
B5,20.0,0.9603960396039604,1.0140729281230643,0.015130647291812039
B5,21.0,0.9579207920792079,1.023055971239706,0.014698036194371178
B5,22.0,0.9579207920792079,0.9758341516592588,0.0190203450528105
B5,23.0,0.9579207920792079,1.0064746048831927,0.019931535112740064
B5,24.0,0.9554455445544554,0.9818063822491883,0.018905878209222772
B5,25.0,0.9529702970297029,1.0222425867742704,0.015459122146249223
B5,26.0,0.9554455445544554,0.9507835730222045,0.022684961482828395
B5,27.0,0.9529702970297029,1.0118933551588538,0.014485488521919287
B5,28.0,0.9504950495049505,0.952271435886656,0.026164521788148612
B5,29.0,0.9504950495049505,0.9775031162103579,0.022455069272907097
B5,30.0,0.948019801980198,1.0175456334888873,0.015907906966335563
B5,31.0,0.948019801980198,0.9423953558479612,0.024887473915554934
B5,32.0,0.948019801980198,1.0218338219318779,0.018095983912867982
B5,33.0,0.948019801980198,0.9468022700668252,0.02286942655534189
B5,34.0,0.9455445544554455,0.9760181752816413,0.022421168424981507
B5,35.0,0.9455445544554455,0.9414627679059082,0.025457737973424873
B5,36.0,0.9455445544554455,0.9462084900793428,0.0251746385774761
B5,37.0,0.943069306930693,1.0132710391356365,0.015144502295023482
B5,38.0,0.943069306930693,1.0120018939358073,0.015692439260457908
B5,39.0,0.943069306930693,1.0186153412429233,0.016470521870372058
B5,40.0,0.9405940594059405,0.9474778430700568,0.024441131444298877
B5,41.0,0.9405940594059405,1.0118609471792808,0.018154664486856324
B5,42.0,0.9405940594059405,0.9412145525032047,0.026343073047098355
B5,43.0,0.9405940594059405,0.9419561395578209,0.02418933128610762
B5,44.0,0.9405940594059405,0.9362880478849243,0.026049741801716687
B5,45.0,0.9405940594059405,0.9638198822454469,0.022009162822333176
B5,46.0,0.9381188118811881,0.9965615806305981,0.015534164285631119
B5,47.0,0.9381188118811881,0.9828289383520519,0.020597062019859187
B5,48.0,0.9381188118811881,0.9260212820144664,0.025838688762322298
B5,49.0,0.9381188118811881,0.9336530018100698,0.02722138776144285
B5,50.0,0.9381188118811881,0.9882852125870613,0.02007432435125811
B5,51.0,0.9356435643564357,0.974021037718428,0.017303687876662505
B5,52.0,0.9381188118811881,0.9356782606575038,0.025288085907750953
B5,53.0,0.9356435643564357,0.9320143696885731,0.02649295952843885
B5,54.0,0.9356435643564357,1.0127009697794231,0.015244203631641407
B6,1.0,1.0,1.0550889947720623,0.021218471805867535
B6,2.0,0.9950738916256158,1.049466057881019,0.019092909023234413
B6,3.0,0.9926108374384236,1.0222370288437668,0.015980935334679834
B6,4.0,0.9901477832512315,1.019338588872888,0.013662461063743267
B6,5.0,0.9876847290640394,1.0301910166858026,0.015800591710264624
B6,6.0,0.9852216748768473,1.017964582914324,0.014467746783473996
B6,7.0,0.9827586206896551,1.0038181752374706,0.012526162450049238
B6,8.0,0.9802955665024631,1.0201403172692218,0.013171280242006747
B6,9.0,0.9778325123152709,1.014052084964094,0.011325233687816473
B6,10.0,0.9753694581280788,1.0047714308593412,0.010259426264181686
B6,11.0,0.9729064039408867,1.0109011480077816,0.011937326201010708
B6,12.0,0.9704433497536946,0.9915478796038755,0.011603513720068822
B6,13.0,0.9704433497536946,1.005317590571123,0.011785453017095973
B6,14.0,0.9679802955665024,1.000269103021536,0.012277346136750642
B6,15.0,0.9655172413793104,1.0100097092062583,0.0121356537821168
B6,16.0,0.9630541871921182,1.0081324053539789,0.011136086315822588
B6,17.0,0.9630541871921182,0.9941301108691531,0.012468891797767905
B6,18.0,0.9630541871921182,1.0036581985039719,0.012331317022352068
B6,19.0,0.9605911330049262,0.9908837768707333,0.011103687341207182
B6,20.0,0.958128078817734,1.0000035991154996,0.012812935346044742
B6,21.0,0.958128078817734,0.9955923933681541,0.010970331337046325
B6,22.0,0.9556650246305419,0.9823686755779013,0.010823553589696062
B6,23.0,0.9556650246305419,0.9997534497571647,0.012444990435709678
B6,24.0,0.9532019704433498,0.9953269361077712,0.011818061962374359
B6,25.0,0.9532019704433498,0.9917164669406011,0.012618460795282338
B6,26.0,0.9507389162561576,0.9854597112791657,0.00977841632829482
B6,27.0,0.9507389162561576,0.9915103387645492,0.011480420311127264
B6,28.0,0.9482758620689655,0.9780464402810469,0.011045652448371267
B6,29.0,0.9482758620689655,0.9922357686577735,0.012998075857041708
B6,30.0,0.9482758620689655,0.992191230053357,0.012996533518540954
B6,31.0,0.9458128078817734,0.9899971949051934,0.011440549218881362
B6,32.0,0.9482758620689655,0.9785868163942149,0.010169164181941916
B6,33.0,0.9458128078817734,0.9750957567688203,0.011444430575922378
B6,34.0,0.9433497536945813,0.9824051772233249,0.010240005259389014
B6,35.0,0.9458128078817734,0.9724020507064861,0.011743792132915237
B6,36.0,0.9433497536945813,0.9713815605124454,0.012044409641457247
B6,37.0,0.9433497536945813,0.9863275144012633,0.013366886926963042
B6,38.0,0.9433497536945813,0.9739538400428317,0.012710122708839847
B6,39.0,0.9408866995073891,0.9863843521840683,0.011982012150527152
B6,40.0,0.9408866995073891,0.9772497901006473,0.01306184035070607
B6,41.0,0.9408866995073891,0.982136846850131,0.011370728793794894
B6,42.0,0.9408866995073891,0.9734494435323642,0.011586254479902058
B6,43.0,0.9384236453201971,0.9850068379900085,0.012884196947613788
B6,44.0,0.9384236453201971,0.9658684074544841,0.012139918576368425
B6,45.0,0.9384236453201971,0.9693800011294593,0.010800500082472807
B6,46.0,0.9384236453201971,0.9801872172602353,0.01046378773707847
B6,47.0,0.9359605911330049,0.9694767039399972,0.012125421248778983
B6,48.0,0.9359605911330049,0.9732669373390648,0.013207923044271604
B6,49.0,0.9359605911330049,0.9745235504179757,0.013117948572030833
B6,50.0,0.9359605911330049,0.9702646503190027,0.011455476225576182
B6,51.0,0.9359605911330049,0.9694830555999254,0.011352442305938088
B6,52.0,0.9359605911330049,0.9626195458926012,0.009558660437149858
B6,53.0,0.9334975369458128,0.9739247852831375,0.012285071733407243
B6,54.0,0.9334975369458128,0.973180937966254,0.01128479054567842
