channel,cycle,y_true,y_pred,y_std
A1,1.0,1.0,0.992809467734075,0.006989150806867454
A1,2.0,0.995049504950495,0.9904602360580264,0.006254905738380626
A1,3.0,0.9876237623762376,0.9858411273173282,0.005846289397941014
A1,4.0,0.9826732673267327,0.9808255615539347,0.005705226104075605
A1,5.0,0.9777227722772277,0.975702555118277,0.0059327263463674436
A1,6.0,0.9727722772277227,0.9732909465287044,0.005684504367388482
A1,7.0,0.9702970297029703,0.9706191934043628,0.005161784419694471
A1,8.0,0.9678217821782178,0.967698249774036,0.005209894902063081
A1,9.0,0.9653465346534653,0.9647694602439432,0.005320757529365522
A1,10.0,0.9603960396039604,0.960535108154495,0.00518227506722218
A1,11.0,0.9579207920792079,0.9578797028388858,0.004731039949542882
A1,12.0,0.9554455445544554,0.9542234817002961,0.00468943700509041
A1,13.0,0.9529702970297029,0.9557896067659244,0.004757330382170532
A1,14.0,0.9529702970297029,0.9529963545217816,0.004126989362315081
A1,15.0,0.9504950495049505,0.9519947228750445,0.004600629566298703
A1,16.0,0.948019801980198,0.9483214788664612,0.004521292166755014
A1,17.0,0.9455445544554455,0.9484392850677663,0.004368367552294617
A1,18.0,0.9405940594059405,0.9441350103913431,0.00486104610533571
A1,19.0,0.9405940594059405,0.9402297007706569,0.0047533994794438025
A1,20.0,0.9405940594059405,0.9418475270214499,0.004361016896439281
A1,21.0,0.9381188118811881,0.9382891893988038,0.004115055991453216
A1,22.0,0.9381188118811881,0.9370561521306832,0.0042483464273434315
A1,23.0,0.9381188118811881,0.9355801368694926,0.004024098999010507
A1,24.0,0.9356435643564357,0.9347054794951373,0.004293616946759183
A1,25.0,0.9356435643564357,0.9336441265291209,0.004440907315224531
A1,26.0,0.9331683168316832,0.9299817653900262,0.004121299038692501
A1,27.0,0.9331683168316832,0.9311832783209533,0.003997132706546279
A1,28.0,0.9306930693069307,0.9294192647430872,0.004210773922545246
A1,29.0,0.9306930693069307,0.9262071389193384,0.0041027658608358405
A1,30.0,0.9306930693069307,0.9293470421572634,0.004477634259439751
A1,31.0,0.9282178217821783,0.92889332121052,0.004481686290683552
A1,32.0,0.9282178217821783,0.9280800439646817,0.00463239895480311
A1,33.0,0.9257425742574258,0.9222272301379435,0.004036624394313338
A1,34.0,0.9257425742574258,0.9232860501769713,0.003995799898126351
A1,35.0,0.9232673267326733,0.9204561598141991,0.0043756342284185755
A1,36.0,0.9232673267326733,0.9193466523478743,0.004205290423245763
A1,37.0,0.9232673267326733,0.9224267362187283,0.004423282935942576
A1,38.0,0.9207920792079208,0.919949831806059,0.004393861946400109
A1,39.0,0.9207920792079208,0.9189040736612072,0.004580966233150607
A1,40.0,0.9207920792079208,0.9156037782994313,0.004328642010778409
A1,41.0,0.9183168316831684,0.9118496607282138,0.004549406023386535
A1,42.0,0.9183168316831684,0.9149677631649593,0.004360095716644173
A1,43.0,0.9158415841584159,0.9115767875483233,0.004398211281805317
A1,44.0,0.9158415841584159,0.9144348697415658,0.00448505643495807
A1,45.0,0.9158415841584159,0.9140914426422241,0.0044993223475566675
A1,46.0,0.9158415841584159,0.9126931294711995,0.004354291692800488
A1,47.0,0.9133663366336634,0.9083454231809227,0.004278359550332753
A1,48.0,0.9108910891089109,0.9057034802901698,0.004499677663870678
A1,49.0,0.9108910891089109,0.9067709459727495,0.0044860756144565785
A1,50.0,0.9108910891089109,0.9067298933606837,0.0043167162986975875
A1,51.0,0.9108910891089109,0.9039741870692768,0.004479620187557889
A1,52.0,0.9108910891089109,0.9062600639205374,0.004436015047780563
A1,53.0,0.9084158415841584,0.9015304422538285,0.004506712344686505
A1,54.0,0.9084158415841584,0.9045225541058626,0.004447402640825354
A1,55.0,0.905940594059406,0.8988659426270234,0.00452896376803461
A1,56.0,0.9034653465346535,0.898752982534456,0.0047699558455090545
A1,57.0,0.9034653465346535,0.8997579512663103,0.0048752942814614935
A1,58.0,0.9034653465346535,0.8964631377249602,0.00467815713717677
A1,59.0,0.9034653465346535,0.8969318662849683,0.004388682530494257
A1,60.0,0.9034653465346535,0.8919547100737018,0.004706262307943529
A1,61.0,0.9034653465346535,0.8980835921948728,0.004491523688292541
A1,62.0,0.900990099009901,0.8925828357371858,0.004657601239713086
A1,63.0,0.900990099009901,0.8921349835810259,0.004817299766234079
A1,64.0,0.900990099009901,0.8931437928402232,0.0045152405748721
A1,65.0,0.8985148514851485,0.8870932745266188,0.0048410875070964456
A1,66.0,0.8985148514851485,0.8922223712646359,0.004380827023619401
A1,67.0,0.8960396039603961,0.8890954420408134,0.004534692471833863
A1,68.0,0.8960396039603961,0.8884571497701347,0.0044633260966001655
A1,69.0,0.8960396039603961,0.8855257698027525,0.004392637059126563
A1,70.0,0.8960396039603961,0.8835611115962452,0.0044351040618745355
A1,71.0,0.8935643564356436,0.8871945883053346,0.0045799397083335774
A1,72.0,0.8960396039603961,0.8869413635989793,0.004530862293071022
A1,73.0,0.8935643564356436,0.8846466357411428,0.0045157629740283515
A1,74.0,0.8935643564356436,0.8816645334480236,0.004422301188567993
A1,75.0,0.8910891089108911,0.8823410165830454,0.004473519503570623
A1,76.0,0.8910891089108911,0.878268934144225,0.004527170689985429
A1,77.0,0.8886138613861386,0.8800494704386977,0.004497319875683849
A1,78.0,0.8886138613861386,0.8771756574855406,0.004897274517111256
A1,79.0,0.8886138613861386,0.8757939911484502,0.0047960436574210116
A1,80.0,0.8861386138613861,0.8759538909084083,0.004908505651449122
A1,81.0,0.8861386138613861,0.8750703988147318,0.004936938135022129
A1,82.0,0.8861386138613861,0.8734147518992216,0.0049558920738142906
A1,83.0,0.8861386138613861,0.8726302554416008,0.004492299994972639
A1,84.0,0.8836633663366337,0.8732349008757966,0.004978993033885533
A1,85.0,0.8836633663366337,0.8721503350160439,0.004594054670279613
A1,86.0,0.8836633663366337,0.8702125110780832,0.004653773811448379
A1,87.0,0.8836633663366337,0.8686897782581532,0.0046058578801746455
A1,88.0,0.8811881188118812,0.8707552146602361,0.004661189876320798
A1,89.0,0.8811881188118812,0.8710577013881968,0.004472659165492615
A1,90.0,0.8811881188118812,0.8694208581157881,0.004597690072513263
A1,91.0,0.8787128712871287,0.8658015562686774,0.004972869671324162
A1,92.0,0.8787128712871287,0.8643895785070275,0.004497678994240248
A1,93.0,0.8787128712871287,0.8642018136904919,0.004869816351577281
A1,94.0,0.8762376237623762,0.8633068600304568,0.004863976543641591
A1,95.0,0.8762376237623762,0.8632949894088652,0.004992469285051945
A1,96.0,0.8737623762376238,0.8600010407961919,0.005109642109757742
A1,97.0,0.8737623762376238,0.8612586075941263,0.005411676633243539
A1,98.0,0.8737623762376238,0.8582289178420387,0.004398439954798705
A1,99.0,0.8737623762376238,0.8584322950409323,0.004494804228057869
A1,100.0,0.8737623762376238,0.8606439427801917,0.004455124208573391
A1,101.0,0.8737623762376238,0.8564220469146326,0.004418461926550251
A1,102.0,0.8712871287128713,0.855403712869511,0.004383813724083442
A1,103.0,0.8712871287128713,0.855449199880411,0.004336367794984684
A1,104.0,0.8712871287128713,0.8546213413881635,0.004348767853834658
A1,105.0,0.8688118811881188,0.8539438562389782,0.004372664743304062
A1,106.0,0.8712871287128713,0.8539311675410637,0.004356074350065857
A1,107.0,0.8663366336633663,0.8522584059227175,0.0042364536063509255
A1,108.0,0.8688118811881188,0.8509291220533082,0.004542257561187284
A1,109.0,0.8663366336633663,0.8486771261710161,0.004749450617709996
A1,110.0,0.8663366336633663,0.8519593358920314,0.00420389631889067
A1,111.0,0.8663366336633663,0.8499256983232365,0.004338351953999639
A1,112.0,0.8638613861386139,0.8518062700627975,0.004193614673091906
A1,113.0,0.8638613861386139,0.8464491589074786,0.004530016428297231
A1,114.0,0.8638613861386139,0.8463814964233245,0.004190659170923305
A1,115.0,0.8638613861386139,0.8490937591269268,0.004335441578307395
A1,116.0,0.8613861386138614,0.8452964388627212,0.0043096886377285626
A1,117.0,0.8613861386138614,0.8469944000296012,0.0044214591477793755
A1,118.0,0.8613861386138614,0.8412617743689824,0.0043133334233093935
A1,119.0,0.8589108910891089,0.8454033775426436,0.004324004176589732
A1,120.0,0.8589108910891089,0.8454670698342077,0.004183491968071051
A1,121.0,0.8589108910891089,0.8409830664638318,0.004147971213685564
A1,122.0,0.8589108910891089,0.839976138928306,0.0041176956578513925
A1,123.0,0.8564356435643564,0.8414384025207842,0.004236102189334526
A1,124.0,0.8564356435643564,0.8409604178624827,0.004262153188516998
A1,125.0,0.8589108910891089,0.8371130029957082,0.004239536694585551
A1,126.0,0.8514851485148515,0.8365378171396128,0.005022318612266867
A1,127.0,0.8539603960396039,0.8360274877234855,0.004868471785184264
A1,128.0,0.8539603960396039,0.8364124782384498,0.004094369373835781
A1,129.0,0.8514851485148515,0.8373470532588515,0.004299716103584483
A1,130.0,0.8514851485148515,0.8342138953050349,0.004418774492714722
A1,131.0,0.849009900990099,0.8316163942666626,0.004728830040690112
A1,132.0,0.8514851485148515,0.8326443175458823,0.004185453332131531
A1,133.0,0.8514851485148515,0.8341704263148754,0.004408005984919739
A1,134.0,0.8514851485148515,0.8272925486681666,0.0044380804045215366
A1,135.0,0.8465346534653465,0.8280196046413765,0.00509717302301461
A1,136.0,0.8465346534653465,0.8271838057870595,0.004406240272042298
A1,137.0,0.8465346534653465,0.8297172406764691,0.004499399483495669
A1,138.0,0.8465346534653465,0.8271286695051931,0.0044519747839801335
A1,139.0,0.844059405940594,0.8220772099732674,0.004522758706646959
A1,140.0,0.844059405940594,0.8233939239618514,0.004402331510842981
A1,141.0,0.8415841584158416,0.8200007986098244,0.004787868096209507
A1,142.0,0.8415841584158416,0.819641590770188,0.004784011647131598
A1,143.0,0.8415841584158416,0.8169481257720835,0.004738681349199289
A1,144.0,0.8391089108910891,0.8155838735826336,0.0049948174102067595
A1,145.0,0.8391089108910891,0.8165798516781636,0.00447453076639662
A1,146.0,0.8366336633663366,0.8143797856757206,0.005085885062814233
A1,147.0,0.8366336633663366,0.8177300523164235,0.004723174496932475
A1,148.0,0.8341584158415841,0.8124457755229885,0.005000031353616132
A1,149.0,0.8366336633663366,0.8145115003510851,0.004786802551830276
A1,150.0,0.8366336633663366,0.810358627191378,0.004667830216949012
A1,151.0,0.8366336633663366,0.8126753917363334,0.004794814415514042
A1,152.0,0.8341584158415841,0.806256771147927,0.004912750877571114
A1,153.0,0.8341584158415841,0.806632291230359,0.004789847288291146
A1,154.0,0.8316831683168316,0.8041420968346871,0.004820699817478252
A1,155.0,0.8292079207920792,0.8052829798306471,0.004923156105317701
A1,156.0,0.8292079207920792,0.8035241460021638,0.004989169872578917
A1,157.0,0.8292079207920792,0.8041924569485587,0.005101217354744309
A1,158.0,0.8267326732673267,0.8034069321099085,0.005355305343035311
A1,159.0,0.8267326732673267,0.8007411715288866,0.005556281053253243
A1,160.0,0.8242574257425742,0.8018571094843339,0.005321610389437242
A1,161.0,0.8242574257425742,0.7937233363349026,0.0052683899747918515
A1,162.0,0.8242574257425742,0.7975049268609037,0.005618849286979807
A1,163.0,0.8217821782178217,0.799462135984825,0.005682216503124822
A1,164.0,0.8168316831683168,0.793241963939812,0.005470293588050168
A1,165.0,0.8168316831683168,0.7926718906659582,0.00542850411625065
A1,166.0,0.8168316831683168,0.7921220382270261,0.005706093427160798
A1,167.0,0.8143564356435643,0.790915335735822,0.005899647152894625
A1,168.0,0.8118811881188119,0.7856066799538844,0.005775464387183869
A1,169.0,0.8118811881188119,0.7844274694885666,0.005834279925193681
A1,170.0,0.8094059405940595,0.7808847163115941,0.005843096630136645
A1,171.0,0.806930693069307,0.7796173391034847,0.00588086097455988
A1,172.0,0.8044554455445545,0.7819569060200031,0.006360878091915196
A1,173.0,0.8044554455445545,0.7791841462664768,0.006004775216436802
A1,174.0,0.801980198019802,0.7724988784794184,0.0062380790967681505
A1,175.0,0.801980198019802,0.7751910804015614,0.006237255101994399
A1,176.0,0.7995049504950495,0.7756808365815946,0.00628515044969177
A1,177.0,0.7995049504950495,0.7661835790408944,0.006161518915132322
A1,178.0,0.7970297029702971,0.7675076870548581,0.0062775775952142515
A1,179.0,0.7945544554455446,0.7648268179780182,0.0063918636895609155
A1,180.0,0.7945544554455446,0.7649734754522499,0.006292693211657389
A1,181.0,0.7920792079207921,0.7615422131488919,0.0066669305748176914
A1,182.0,0.7896039603960396,0.7565446221054052,0.0068245924258317
A1,183.0,0.7871287128712872,0.7621608932682928,0.006794414025859255
A1,184.0,0.7846534653465347,0.7537539145130189,0.006828475266317854
A1,185.0,0.7846534653465347,0.7500826436309797,0.006805321811411619
A1,186.0,0.7846534653465347,0.7458540996875584,0.007093225854589865
A1,187.0,0.7772277227722773,0.7476020001439662,0.00728109519597248
A1,188.0,0.7772277227722773,0.7487455035273773,0.007424681239408404
A1,189.0,0.7772277227722773,0.7441021421129508,0.007364975234919986
A1,190.0,0.7722772277227723,0.7393387773639473,0.0075283223372915
A1,191.0,0.7722772277227723,0.7470260861057649,0.00789935518222766
A1,192.0,0.7698019801980198,0.7359559082384998,0.008003533482279555
A1,193.0,0.7673267326732673,0.7339161369063568,0.007931628749539557
A1,194.0,0.7623762376237624,0.7305989295757658,0.007828972213957206
A1,195.0,0.7623762376237624,0.7257197720372309,0.008152843059904442
A1,196.0,0.7599009900990099,0.7287587254310963,0.007968670695946527
A1,197.0,0.7574257425742574,0.7256339198402404,0.008401145854771497
A1,198.0,0.754950495049505,0.7241693500896466,0.008696220906568488
A1,199.0,0.754950495049505,0.719076680507007,0.009256405552421675
A1,200.0,0.75,0.7191131248896256,0.008895647335998107
A1,201.0,0.7475247524752475,0.7173802770519829,0.00931877741134846
A1,202.0,0.7475247524752475,0.7183406266745848,0.00911346095727804
A1,203.0,0.7425742574257426,0.718195001324861,0.009566714633998875
A1,204.0,0.7400990099009901,0.7158886900758988,0.010094155269950634
A1,205.0,0.7376237623762376,0.7149186301245037,0.010159199281027187
A1,206.0,0.7351485148514851,0.7108414665861648,0.010041873611445856
A1,207.0,0.7277227722772277,0.7146393906435174,0.010684422289105332
A1,208.0,0.7301980198019802,0.7076587003826943,0.011291640230304606
A1,209.0,0.7227722772277227,0.7156790118129306,0.011538834396016181
A1,210.0,0.7277227722772277,0.7204619681740684,0.012320361229242748
A1,211.0,0.7227722772277227,0.7072844431627855,0.012050491837148167
A1,212.0,0.7178217821782178,0.7246209292755758,0.013278439700481742
A1,213.0,0.7128712871287128,0.7185948166678399,0.012925354541510316
A1,214.0,0.7153465346534653,0.712968614057627,0.013329383491612962
A1,215.0,0.7079207920792079,0.719206756759485,0.013535362083702913
A1,216.0,0.7079207920792079,0.7065612849754861,0.013509812533474823
A1,217.0,0.7029702970297029,0.7170547688155592,0.01398144788728217
A1,218.0,0.7103960396039604,0.7016686305685391,0.014057055657573867
A1,219.0,0.7029702970297029,0.7143282100216489,0.01368439998885465
A1,220.0,0.7029702970297029,0.7007679501895808,0.014652069961876176
A1,221.0,0.7004950495049505,0.7023949578270936,0.015480145176824717
A1,222.0,0.698019801980198,0.7141554003790744,0.014934805236111522
A1,223.0,0.6955445544554455,0.6943580945692093,0.016856046869521624
A1,224.0,0.693069306930693,0.699553371580443,0.016464036574435632
A1,225.0,0.6905940594059405,0.7090670142809572,0.016484517820367826
A1,226.0,0.6905940594059405,0.6968528738732876,0.017679510996168383
A1,227.0,0.6856435643564357,0.7091259381559574,0.016529385109990746
A1,228.0,0.6856435643564357,0.7007844950344844,0.018568539271008072
A1,229.0,0.6806930693069307,0.7122014148905811,0.017914862202216015
A1,230.0,0.6806930693069307,0.7019568638955155,0.019747256293353076
A1,231.0,0.6757425742574258,0.7155471442996078,0.019341598427848
A1,232.0,0.6757425742574258,0.6948771940037669,0.020586561920855076
A1,233.0,0.6707920792079208,0.682922631914961,0.022561699544773946
A1,234.0,0.6683168316831684,0.7176439347845696,0.020161610081690425
A1,235.0,0.6707920792079208,0.6828216158129938,0.023986244236842636
A1,236.0,0.6633663366336634,0.7211574784335513,0.021533456496239015
A1,237.0,0.6658415841584159,0.6871953925106247,0.02397215809945607
A1,238.0,0.6584158415841584,0.6906932090164851,0.025134196028609807
A1,239.0,0.655940594059406,0.6915096820716876,0.0266216902473548
A1,240.0,0.650990099009901,0.7273856957315986,0.02591535398169641
A1,241.0,0.650990099009901,0.7305981330386392,0.027418239961700955
A1,242.0,0.6460396039603961,0.701082482816627,0.02954257293106432
A1,243.0,0.6410891089108911,0.7323680414840005,0.03008891597266901
A1,244.0,0.6410891089108911,0.7109187795530231,0.0295247551606121
A1,245.0,0.6336633663366337,0.7333104401800654,0.030982365025345543
A1,246.0,0.6361386138613861,0.7187591622838536,0.03123746252759918
A1,247.0,0.6262376237623762,0.7362958686528831,0.033713744244880044
A1,248.0,0.6262376237623762,0.736800145587873,0.0379914696013874
A1,249.0,0.6212871287128713,0.7385962947531626,0.03906092659521653
A1,250.0,0.6163366336633663,0.7317378672858348,0.03698421085362313
A1,251.0,0.6138613861386139,0.7119704760596358,0.03705860177866482
A1,252.0,0.6089108910891089,0.7315831120509387,0.04246638651172761
A1,253.0,0.6064356435643564,0.7055349327331563,0.040342923998628426
A1,254.0,0.6014851485148515,0.7336439205751673,0.04540493257226447
A1,255.0,0.6014851485148515,0.7309183276702393,0.04741648785679829
A1,256.0,0.5915841584158416,0.7277334562794161,0.04734453102398317
A1,257.0,0.5891089108910891,0.7291222187841838,0.04642571021212576
A1,258.0,0.5816831683168316,0.7244812483852948,0.049594234189291625
A1,259.0,0.5792079207920792,0.7193168034835461,0.05105956393759376
A1,260.0,0.5767326732673267,0.7196930232359502,0.05103045501171382
A1,261.0,0.5742574257425742,0.7120027577657196,0.054883796514312
A1,262.0,0.5668316831683168,0.7160060789587323,0.0530164279212449
A1,263.0,0.5643564356435643,0.7029823092500183,0.05733620245767521
A1,264.0,0.556930693069307,0.6972791515748111,0.05810002428710672
A1,265.0,0.551980198019802,0.6915473262560221,0.061521320382618525
A1,266.0,0.5420792079207921,0.6969917626017854,0.06120107970638132
A1,267.0,0.5371287128712872,0.6583924605601454,0.06712986297358758
A2,1.0,1.0,1.0029700119067744,0.006540832523502107
A2,2.0,0.9950372208436724,0.9967571529607283,0.0066625589080748435
A2,3.0,0.9875930521091811,0.9921257492286982,0.00594261828643161
A2,4.0,0.9826302729528535,0.9844917519714063,0.005872284908665235
A2,5.0,0.9801488833746899,0.9805680571218984,0.005457034947249481
A2,6.0,0.9751861042183623,0.9742811828132868,0.005873700919090334
A2,7.0,0.9702233250620348,0.9674986023008061,0.005848493942626878
A2,8.0,0.967741935483871,0.9686763748007337,0.005414336610511885
A2,9.0,0.9652605459057072,0.964781722628225,0.005562220177098442
A2,10.0,0.9602977667493796,0.9607421230301133,0.005730927556944968
A2,11.0,0.9578163771712159,0.958100546960798,0.005395022040658309
A2,12.0,0.9578163771712159,0.9576269990689339,0.005348701514122784
A2,13.0,0.9553349875930521,0.9494914537211866,0.006046060170001565
A2,14.0,0.9528535980148883,0.9490877210992892,0.005974327824955717
A2,15.0,0.9503722084367245,0.9456982643116221,0.005412583602917275
A2,16.0,0.9478908188585607,0.9449283456320313,0.005540403740611295
A2,17.0,0.9429280397022333,0.9443133988003501,0.005767033602836342
A2,18.0,0.9429280397022333,0.9417731122061687,0.005787518861446883
A2,19.0,0.9404466501240695,0.9379760168682043,0.0056435163742662746
A2,20.0,0.9404466501240695,0.9390442502356414,0.005779003109256876
A2,21.0,0.9404466501240695,0.9378624758355638,0.005943168473792042
A2,22.0,0.9379652605459057,0.9356444760541852,0.0062076035054011
A2,23.0,0.9379652605459057,0.9311096303488013,0.006482374813865047
A2,24.0,0.9354838709677419,0.9334831797448281,0.005717504394906809
A2,25.0,0.9354838709677419,0.928220289095677,0.005488890075613112
A2,26.0,0.9330024813895782,0.9328816333543968,0.005744104936368355
A2,27.0,0.9305210918114144,0.9303043884231637,0.005747712967828545
A2,28.0,0.9305210918114144,0.9283576514220393,0.005678363580517288
A2,29.0,0.9305210918114144,0.9260849346155419,0.0064162453304405925
A2,30.0,0.9305210918114144,0.9221712087609045,0.006168206524230238
A2,31.0,0.9280397022332506,0.9232183298753088,0.00567203232180516
A2,32.0,0.9255583126550868,0.9228978480085352,0.005885158849796491
A2,33.0,0.9255583126550868,0.9232639829536532,0.0057096419932451846
A2,34.0,0.9230769230769231,0.9191161845542772,0.006138836701287765
A2,35.0,0.9230769230769231,0.9176592760201179,0.00600587864450027
A2,36.0,0.9230769230769231,0.9137126572363224,0.006184782120434288
A2,37.0,0.9205955334987593,0.9133728783194275,0.0063644041504366195
A2,38.0,0.9205955334987593,0.9136232117734786,0.006269155340250303
A2,39.0,0.9205955334987593,0.9139315249065518,0.005699565183875821
A2,40.0,0.9181141439205955,0.9114135931213595,0.006101481715275621
A2,41.0,0.9181141439205955,0.9121637132689672,0.005945931302209938
A2,42.0,0.9156327543424317,0.9105505535944646,0.006007138725942839
A2,43.0,0.9156327543424317,0.9063631823641501,0.006178263944972952
A2,44.0,0.9156327543424317,0.9065623354094579,0.006359620463838847
A2,45.0,0.9156327543424317,0.9047469663253846,0.005872511490800367
A2,46.0,0.913151364764268,0.9053186665278274,0.005818102472837372
A2,47.0,0.9106699751861043,0.9030796977262965,0.006066580499068641
A2,48.0,0.9106699751861043,0.9050164541364605,0.005887048618897203
A2,49.0,0.9106699751861043,0.90643831317447,0.005734970785262536
A2,50.0,0.9106699751861043,0.8993175987808841,0.00612558415106823
A2,51.0,0.9081885856079405,0.898891191102641,0.006054330282155652
A2,52.0,0.9081885856079405,0.8957728089167768,0.006022567706035351
A2,53.0,0.9057071960297767,0.8980749293741863,0.005823828726938891
A2,54.0,0.9057071960297767,0.8962710739074609,0.0059461612720961505
A2,55.0,0.9032258064516129,0.8946590367989457,0.006210282082287357
A2,56.0,0.9032258064516129,0.8915130392852537,0.005682081969161197
A2,57.0,0.9007444168734491,0.8930771317116836,0.005977876447384628
A2,58.0,0.9032258064516129,0.8936668989585462,0.005503614960694459
A2,59.0,0.9007444168734491,0.8891312679774328,0.005958380590621894
A2,60.0,0.9007444168734491,0.8907378897600331,0.005937331366958052
A2,61.0,0.8982630272952854,0.8858800154298149,0.005885474560765837
A2,62.0,0.8982630272952854,0.8903261796778745,0.006082300869866698
A2,63.0,0.8982630272952854,0.8886204832559148,0.005663511170338592
A2,64.0,0.8957816377171216,0.8884230270649209,0.006146254862957301
A2,65.0,0.8982630272952854,0.8846218175640415,0.005567981588287092
A2,66.0,0.8933002481389578,0.8792342067249427,0.005994473397264272
A2,67.0,0.8933002481389578,0.8772103741128882,0.005869439914025894
A2,68.0,0.8933002481389578,0.8836639902579777,0.005521708029401191
A2,69.0,0.8933002481389578,0.8796244626573587,0.0055406979808931035
A2,70.0,0.890818858560794,0.8781004781885778,0.005493194513929278
A2,71.0,0.8933002481389578,0.8794340814951884,0.005440415182112009
A2,72.0,0.890818858560794,0.874800181186791,0.0059548309596737575
A2,73.0,0.8883374689826302,0.8709245259472733,0.0055478319601766635
A2,74.0,0.8883374689826302,0.8708181987594785,0.0054063458373351456
A2,75.0,0.8883374689826302,0.8681518011279866,0.005373249322649365
A2,76.0,0.8858560794044665,0.8685448521769685,0.005447479000240388
A2,77.0,0.8858560794044665,0.8736780145658973,0.005362589730999844
A2,78.0,0.8858560794044665,0.867082934681801,0.005640523596455538
A2,79.0,0.8833746898263027,0.8682386044955196,0.005975652400067095
A2,80.0,0.8833746898263027,0.8707358671402676,0.005975388140305591
A2,81.0,0.8833746898263027,0.8667061459509536,0.005885971405856369
A2,82.0,0.8833746898263027,0.8640594526730065,0.005350553446962657
A2,83.0,0.8808933002481389,0.8661300652477399,0.0051927853291050445
A2,84.0,0.8808933002481389,0.8653817847618975,0.005265560551031736
A2,85.0,0.8808933002481389,0.8589681256119742,0.005268706487266254
A2,86.0,0.8784119106699751,0.8619475648445475,0.005420732347785412
A2,87.0,0.8784119106699751,0.8607015404693988,0.005542807940601695
A2,88.0,0.8759305210918115,0.8552919324944208,0.005400336525026955
A2,89.0,0.8759305210918115,0.8524443284105855,0.005262864406744555
A2,90.0,0.8759305210918115,0.8549827848929616,0.005272733469639317
A2,91.0,0.8759305210918115,0.852683121031728,0.005270993141992144
A2,92.0,0.8734491315136477,0.8481952734173633,0.005341100445656541
A2,93.0,0.8734491315136477,0.8518235086608562,0.005823785339665907
A2,94.0,0.8709677419354839,0.8510112653426699,0.0061897008757864766
A2,95.0,0.8709677419354839,0.8481767016108538,0.006351546364593573
A2,96.0,0.8709677419354839,0.8504818203127117,0.006127705541342098
A2,97.0,0.8734491315136477,0.8445765672280169,0.005060065437563878
A2,98.0,0.8709677419354839,0.84895498986821,0.005020672267103368
A2,99.0,0.8684863523573201,0.8427646068574535,0.005083907007908157
A2,100.0,0.8684863523573201,0.8438162010429515,0.004923354152733704
A2,101.0,0.8684863523573201,0.8452968962949539,0.004902472674336118
A2,102.0,0.8684863523573201,0.8425943147341752,0.004889709150489624
A2,103.0,0.8660049627791563,0.8397918076165619,0.005127837955587285
A2,104.0,0.8660049627791563,0.8361397478448783,0.005041242918016277
A2,105.0,0.8660049627791563,0.8355189652855001,0.0050205211078515975
A2,106.0,0.8635235732009926,0.8370344263485372,0.004875496957805555
A2,107.0,0.8635235732009926,0.8314394877590052,0.004950303751982545
A2,108.0,0.8610421836228288,0.8327584778446417,0.005106071378948552
A2,109.0,0.8635235732009926,0.8331522865212092,0.004903271535933693
A2,110.0,0.8610421836228288,0.8295926061110753,0.004908184467518333
A2,111.0,0.8610421836228288,0.831582975012892,0.005087813584417453
A2,112.0,0.8610421836228288,0.8309010147309629,0.00493961472525755
A2,113.0,0.858560794044665,0.8333936906305294,0.00527843302312039
A2,114.0,0.858560794044665,0.8249959670684339,0.005091186519815085
A2,115.0,0.858560794044665,0.8275760443387895,0.004942020651329502
A2,116.0,0.8560794044665012,0.8228401106349956,0.005145460119368811
A2,117.0,0.8560794044665012,0.8289035399744993,0.005140829449649531
A2,118.0,0.8535980148883374,0.8236575969572835,0.005060041163972136
A2,119.0,0.8535980148883374,0.8253175499429959,0.005153811395673746
A2,120.0,0.8535980148883374,0.8261666388738352,0.00494667186105185
A2,121.0,0.8535980148883374,0.8241427456291892,0.0049782449590147475
A2,122.0,0.8511166253101737,0.8224435632741909,0.004915682700365539
A2,123.0,0.8511166253101737,0.821342885890396,0.004888338076777101
A2,124.0,0.8511166253101737,0.8156777464618518,0.004997532476634772
A2,125.0,0.8486352357320099,0.8185554153384601,0.006078766038083432
A2,126.0,0.8461538461538461,0.8202800405917903,0.00666604514101971
A2,127.0,0.8461538461538461,0.8219691856272737,0.006623930155666923
A2,128.0,0.8486352357320099,0.8157918704131262,0.005023100892465365
A2,129.0,0.8461538461538461,0.8095087270101768,0.00510385212741458
A2,130.0,0.8436724565756824,0.8101833096794488,0.005348695320389527
A2,131.0,0.8461538461538461,0.8087942216420105,0.0054932119864743245
A2,132.0,0.8461538461538461,0.8031317405125029,0.0052510021124298235
A2,133.0,0.8436724565756824,0.8092240455063094,0.005075641850832982
A2,134.0,0.8411910669975186,0.8117124674902452,0.0061083952962674775
A2,135.0,0.8411910669975186,0.8060262242956522,0.005651052331630629
A2,136.0,0.8387096774193549,0.8135402767148273,0.005799991189264509
A2,137.0,0.8387096774193549,0.8052666967168212,0.005504208711792343
A2,138.0,0.8387096774193549,0.7996806217902915,0.005397254106569184
A2,139.0,0.8362282878411911,0.809162733641962,0.005609919595698358
A2,140.0,0.8362282878411911,0.8069220550725421,0.005541335738605884
A2,141.0,0.8337468982630273,0.8076536314480248,0.007653006433743249
A2,142.0,0.8362282878411911,0.8018915246687203,0.005688772483000831
A2,143.0,0.8362282878411911,0.7978621411270381,0.00562440224110265
A2,144.0,0.8337468982630273,0.7933200309445636,0.005450234320862389
A2,145.0,0.8312655086848635,0.8000765421116163,0.005594626927515333
A2,146.0,0.8312655086848635,0.7973069328354422,0.005849143588598061
A2,147.0,0.8287841191066998,0.7899863541595403,0.005935719293589975
A2,148.0,0.8287841191066998,0.7976212319862391,0.0057808717148035635
A2,149.0,0.8287841191066998,0.792020892406348,0.005936125219534533
A2,150.0,0.8287841191066998,0.7903492705652974,0.005990699894322876
A2,151.0,0.826302729528536,0.7897730659929371,0.006066065646828748
A2,152.0,0.826302729528536,0.7887477630975033,0.005971935412124372
A2,153.0,0.8238213399503722,0.7849133514000215,0.006045972120834611
A2,154.0,0.8238213399503722,0.7818702363106587,0.006249636722085794
A2,155.0,0.8213399503722084,0.7805928401067898,0.0062262395033245155
A2,156.0,0.8213399503722084,0.7851951543254558,0.006525703742742952
A2,157.0,0.8213399503722084,0.7834928335026896,0.00632112688724447
A2,158.0,0.8188585607940446,0.792002614080597,0.005223055080807596
A2,159.0,0.8163771712158809,0.793363835699112,0.005094312839876071
A2,160.0,0.8163771712158809,0.7880785019750454,0.005226893849639245
A2,161.0,0.8138957816377171,0.7899551951136624,0.00527203982393139
A2,162.0,0.8138957816377171,0.7887806779819942,0.005759695340515853
A2,163.0,0.8114143920595533,0.7862445061909273,0.005380777866078024
A2,164.0,0.8114143920595533,0.7828282710804504,0.005416697851943227
A2,165.0,0.8089330024813896,0.7829681426035945,0.005549010633759504
A2,166.0,0.8064516129032258,0.7821579761247314,0.005744642928830924
A2,167.0,0.8064516129032258,0.7831677972696892,0.005638853705095243
A2,168.0,0.8039702233250621,0.7821168088196492,0.005684999607668283
A2,169.0,0.8014888337468983,0.7767251841118573,0.00605704210914493
A2,170.0,0.8014888337468983,0.7776247959850333,0.005756769959247691
A2,171.0,0.7990074441687345,0.7777432630292608,0.006156280566846726
A2,172.0,0.7965260545905707,0.775520197282378,0.0061774297291230336
A2,173.0,0.7965260545905707,0.7706633194174283,0.006303269283666988
A2,174.0,0.794044665012407,0.7724050139313539,0.006417690204760884
A2,175.0,0.7915632754342432,0.7696067729357774,0.006439558397900249
A2,176.0,0.7915632754342432,0.7693728880447888,0.00648217512575421
A2,177.0,0.7890818858560794,0.7669759562157451,0.0067616778452381995
A2,178.0,0.7866004962779156,0.7646254166492714,0.007036954684145245
A2,179.0,0.7866004962779156,0.764268455270012,0.007428351047715361
A2,180.0,0.7841191066997518,0.7613822774012315,0.007285126158280315
A2,181.0,0.7816377171215881,0.7576864972386843,0.007186238456601816
A2,182.0,0.7791563275434243,0.7561172039141448,0.007389318224337786
A2,183.0,0.7766749379652605,0.7553553708416729,0.0075681392567103515
A2,184.0,0.7741935483870968,0.7527768575089323,0.007683465633180926
A2,185.0,0.7741935483870968,0.7516832243901627,0.007998522583398055
A2,186.0,0.771712158808933,0.7475692090845689,0.008392118855842514
A2,187.0,0.7667493796526055,0.750297672075117,0.008444533474054196
A2,188.0,0.7642679900744417,0.7477951718290721,0.008486878090291085
A2,189.0,0.7617866004962779,0.7465979041483046,0.008660141825475158
A2,190.0,0.7593052109181141,0.74371432828471,0.00862475422442194
A2,191.0,0.7568238213399504,0.7447696688862285,0.00919809870844357
A2,192.0,0.7568238213399504,0.7425898038623203,0.009064063725219708
A2,193.0,0.7518610421836228,0.739298547821244,0.009062415577085158
A2,194.0,0.749379652605459,0.7379081091073609,0.00901664505120388
A2,195.0,0.749379652605459,0.7376182495913302,0.009447208870293192
A2,196.0,0.7444168734491315,0.7355723404668029,0.009810170450958637
A2,197.0,0.7419354838709677,0.7326851164946724,0.009392202164660385
A2,198.0,0.739454094292804,0.731448033053081,0.009412891148205167
A2,199.0,0.7344913151364765,0.7298841985903407,0.00981024565474112
A2,200.0,0.7320099255583127,0.7308103999231093,0.009704679666256051
A2,201.0,0.7295285359801489,0.7257309958169018,0.009659894039621418
A2,202.0,0.7270471464019851,0.7290242791035525,0.00980372493789595
A2,203.0,0.7245657568238213,0.728133430388671,0.009924603412325515
A2,204.0,0.7196029776674938,0.7235048578424138,0.010209282571900256
A2,205.0,0.71712158808933,0.7211506196682577,0.009813861086838774
A2,206.0,0.7121588089330024,0.7169407062113003,0.010395947834403353
A2,207.0,0.7146401985111662,0.7180592995435111,0.010643245720410092
A2,208.0,0.707196029776675,0.7057833729856069,0.010472429567679999
A2,209.0,0.707196029776675,0.7107676385335377,0.010212465859387175
A2,210.0,0.6997518610421837,0.7058186861824473,0.010040874271661851
A2,211.0,0.6972704714640199,0.7016040004218478,0.010475743767030254
A2,212.0,0.6923076923076923,0.6963187607223544,0.010545974984776699
A2,213.0,0.6898263027295285,0.6903461812336368,0.010418833487982107
A2,214.0,0.6873449131513648,0.69154483065234,0.010481699894440415
A2,215.0,0.684863523573201,0.6875182121266434,0.010453793383920367
A2,216.0,0.6823821339950372,0.6861684256803158,0.010104147104868686
A2,217.0,0.6823821339950372,0.6847286330120386,0.010265907583395545
A2,218.0,0.6823821339950372,0.6826109437804239,0.011039474512311286
A2,219.0,0.6774193548387096,0.6825235936411127,0.010974886976432525
A2,220.0,0.674937965260546,0.6832337374928977,0.010796147086875619
A2,221.0,0.6724565756823822,0.6798763092032206,0.011001522587652583
A2,222.0,0.6699751861042184,0.6778954449289198,0.010850413649521265
A2,223.0,0.6674937965260546,0.6763781603128062,0.012357670527208025
A2,224.0,0.6650124069478908,0.6733295877674834,0.01147679673848675
A2,225.0,0.6625310173697271,0.6712590385380038,0.01142124427431144
A2,226.0,0.6600496277915633,0.6700615960150049,0.011139962733500767
A2,227.0,0.6550868486352357,0.6681259692081313,0.011888645525440908
A2,228.0,0.6501240694789082,0.6636869308221062,0.011808170100612287
A2,229.0,0.6476426799007444,0.6631558125746061,0.011567192882322367
A2,230.0,0.6426799007444168,0.6630617732654723,0.01159717300042711
A2,231.0,0.6401985111662531,0.6573918577655643,0.011943189127468844
A2,232.0,0.6377171215880894,0.6542555919570255,0.011875176481378508
A2,233.0,0.6327543424317618,0.6517981144568662,0.011823594193922963
A2,234.0,0.630272952853598,0.6595546141676375,0.012889587746877354
A2,235.0,0.6203473945409429,0.6456560938695275,0.012377856289100868
A2,236.0,0.6203473945409429,0.645934886715643,0.013085073411504219
A2,237.0,0.6153846153846154,0.6425909231347948,0.012509905943353335
A2,238.0,0.607940446650124,0.6401488790348092,0.012865755419938972
A2,239.0,0.6029776674937966,0.6390238365217057,0.013331653325996248
A2,240.0,0.5955334987593052,0.6315053045066346,0.01306185779197547
A2,241.0,0.5955334987593052,0.629836736915296,0.01378924304784659
A2,242.0,0.5856079404466501,0.6226650901480562,0.013318132560066216
A2,243.0,0.5831265508684863,0.6218843634680981,0.013637243546698931
A2,244.0,0.5732009925558312,0.6171186726254132,0.013509446984241872
A2,245.0,0.5707196029776674,0.6164802481375884,0.013877343235582075
A2,246.0,0.5583126550868487,0.6114161128682468,0.014081501236092479
A2,247.0,0.5558312655086849,0.6049637912473772,0.014866235250967795
A2,248.0,0.5459057071960298,0.6016566195826399,0.015182515435568894
A2,249.0,0.5359801488833746,0.5960335070704608,0.01400101697416697
A2,250.0,0.5359801488833746,0.592496991017489,0.015164684104886144
A2,251.0,0.5260545905707196,0.5879949630124576,0.014364978086186867
A2,252.0,0.5210918114143921,0.581670811341058,0.015086524451528017
A2,253.0,0.5161290322580645,0.5829664057678986,0.014929069898547956
A2,254.0,0.511166253101737,0.5802712776562946,0.01630244691089094
A2,255.0,0.4987593052109181,0.5765549811421649,0.01571860319115219
A2,256.0,0.49379652605459057,0.5737178423391982,0.015153261101844532
A2,257.0,0.48635235732009924,0.567670115005393,0.015106645430192843
A2,258.0,0.4813895781637717,0.561929404627227,0.015083171390735528
A2,259.0,0.47642679900744417,0.5584221258982793,0.015247120856527938
A2,260.0,0.46898263027295284,0.5546414838730382,0.01604538282070934
A2,261.0,0.46153846153846156,0.5548637404950664,0.016154105136034453
A2,262.0,0.456575682382134,0.548574606694349,0.015865362348619214
A2,263.0,0.4491315136476427,0.5439374174824211,0.016898021919024522
A2,264.0,0.4441687344913151,0.5408257535907868,0.017079210691219357
A2,265.0,0.4292803970223325,0.5304195040798487,0.01835314531191587
A2,266.0,0.41935483870967744,0.5222848204383934,0.020085988732213733
A3,1.0,1.0,0.9686634650607784,0.012944441949943188
A3,2.0,0.9973753280839895,0.9703554141069803,0.011837212835433097
A3,3.0,0.994750656167979,0.9700527375246067,0.011996975863672349
A3,4.0,0.994750656167979,0.9687677692079771,0.012532834022060815
A3,5.0,0.9921259842519685,0.9663589881327068,0.012505230956876993
A3,6.0,0.9921259842519685,0.9661046116934918,0.012285699473632504
A3,7.0,0.989501312335958,0.9620173324848615,0.012618336521368538
A3,8.0,0.9868766404199475,0.9614117718114215,0.01301441313844069
A3,9.0,0.9868766404199475,0.9611199062474687,0.012646973447551292
A3,10.0,0.984251968503937,0.9588388181054429,0.01291707193692809
A3,11.0,0.984251968503937,0.9584021082464803,0.012386378227982607
A3,12.0,0.9816272965879265,0.9549111754393682,0.013018550810909319
A3,13.0,0.9816272965879265,0.9571144841253456,0.012969937869543452
A3,14.0,0.9816272965879265,0.9514603187633135,0.013479575499056741
A3,15.0,0.979002624671916,0.9518693762866268,0.01300416444204571
A3,16.0,0.979002624671916,0.9512260947205756,0.012675954465536404
A3,17.0,0.9763779527559056,0.9505420133734762,0.012011066389575343
A3,18.0,0.973753280839895,0.9501805574696304,0.01292526745625537
A3,19.0,0.973753280839895,0.9481640693524244,0.01263665038433431
A3,20.0,0.973753280839895,0.9489011391815796,0.011701196900733063
A3,21.0,0.973753280839895,0.9445627517377775,0.01284273169057453
A3,22.0,0.973753280839895,0.9438902679677565,0.012162306827592097
A3,23.0,0.973753280839895,0.9416091974486613,0.01296041068688283
A3,24.0,0.9711286089238845,0.9416776062643042,0.012542109618794558
A3,25.0,0.9711286089238845,0.9412138345959361,0.011979238728581866
A3,26.0,0.968503937007874,0.9419209645431748,0.012345398419632043
A3,27.0,0.968503937007874,0.9412827181258203,0.011870207990928715
A3,28.0,0.9658792650918635,0.9403512941858698,0.012092094904636445
A3,29.0,0.968503937007874,0.9357661601233704,0.013166127257814934
A3,30.0,0.9658792650918635,0.9363275009694813,0.013180813060486898
A3,31.0,0.9658792650918635,0.936159854691503,0.013039354036420734
A3,32.0,0.963254593175853,0.9360866704925799,0.011805863103462431
A3,33.0,0.963254593175853,0.9331124028751311,0.011648327249187641
A3,34.0,0.9606299212598425,0.9297797337790503,0.012580742821619228
A3,35.0,0.963254593175853,0.9283951334734513,0.012335281974274852
A3,36.0,0.9606299212598425,0.9290789478933199,0.013011185274925688
A3,37.0,0.9606299212598425,0.9279497063588413,0.012462361474018368
A3,38.0,0.9606299212598425,0.925997833578211,0.011606159698516057
A3,39.0,0.958005249343832,0.9250938114234256,0.012310793208746909
A3,40.0,0.958005249343832,0.9233954184674176,0.012233693999037046
A3,41.0,0.958005249343832,0.9233548799482796,0.012287328667326642
A3,42.0,0.958005249343832,0.9217095678432293,0.013005605307704565
A3,43.0,0.9553805774278216,0.9235218601626684,0.012336587197556472
A3,44.0,0.9553805774278216,0.9201145125899064,0.012462824325803323
A3,45.0,0.952755905511811,0.9170225037127108,0.011585427143718218
A3,46.0,0.952755905511811,0.9166863254863177,0.011859009344403603
A3,47.0,0.952755905511811,0.9152281946448787,0.011138562831447294
A3,48.0,0.952755905511811,0.9139544808994738,0.012112593686588048
A3,49.0,0.952755905511811,0.9122519470756714,0.0131317603279835
A3,50.0,0.952755905511811,0.9138866973332811,0.012774231155869115
A3,51.0,0.9501312335958005,0.9104224848344121,0.011962034204262735
A3,52.0,0.9501312335958005,0.9083526630000703,0.012219096827983032
A3,53.0,0.94750656167979,0.90654095226218,0.012262591689800997
A3,54.0,0.94750656167979,0.9041378839043541,0.01210252397971721
A3,55.0,0.94750656167979,0.9079538495403847,0.011609030761698114
A3,56.0,0.9422572178477691,0.9023840782246627,0.011404549221361615
A3,57.0,0.9448818897637795,0.9049317766268477,0.011952446245930922
A3,58.0,0.9448818897637795,0.9010881993836585,0.011841508226177357
A3,59.0,0.9448818897637795,0.9051463554418641,0.011857315648158269
A3,60.0,0.9422572178477691,0.8991152646787587,0.011948222321525767
A3,61.0,0.9422572178477691,0.896990439921491,0.011350020968948075
A3,62.0,0.9422572178477691,0.8978932330020948,0.011440836122104194
A3,63.0,0.9422572178477691,0.8942644587341164,0.012168928466427377
A3,64.0,0.9422572178477691,0.8977404312276571,0.011319581386885451
A3,65.0,0.9396325459317585,0.8918996964302812,0.011552988582388226
A3,66.0,0.9396325459317585,0.8966790245241312,0.011837443414080235
A3,67.0,0.937007874015748,0.8923262558922589,0.01105084702440795
A3,68.0,0.937007874015748,0.8961908893058459,0.011140336827786599
A3,69.0,0.937007874015748,0.8941542129482115,0.011579092736895063
A3,70.0,0.937007874015748,0.8919024294960785,0.010872682349029257
A3,71.0,0.9343832020997376,0.8860735480804478,0.011380912172395343
A3,72.0,0.9343832020997376,0.890037092857947,0.011909628742887186
A3,73.0,0.9343832020997376,0.8905914631524231,0.011218904517773883
A3,74.0,0.9343832020997376,0.8880914293694756,0.011893548178273936
A3,75.0,0.9343832020997376,0.8866589666939138,0.011551047752822587
A3,76.0,0.931758530183727,0.8862755449948928,0.011275453889580022
A3,77.0,0.931758530183727,0.8873328552989396,0.01135230766137512
A3,78.0,0.9291338582677166,0.8758290341813244,0.011594303103344344
A3,79.0,0.9291338582677166,0.8727681185431431,0.012169593708356229
A3,80.0,0.9291338582677166,0.87403652652036,0.011409728782341642
A3,81.0,0.9291338582677166,0.8803857213264524,0.01187198235241109
A3,82.0,0.9291338582677166,0.8822252574847169,0.011771538931729922
A3,83.0,0.926509186351706,0.8796634986577315,0.01179766340911972
A3,84.0,0.926509186351706,0.8787502695784336,0.01174990823041404
A3,85.0,0.926509186351706,0.8785243217917964,0.011870134826108903
A3,86.0,0.9238845144356955,0.8796380171965706,0.01111997258768142
A3,87.0,0.9238845144356955,0.8735516954077818,0.011679248251985994
A3,88.0,0.9212598425196851,0.8704339393819878,0.012378443789493244
A3,89.0,0.9212598425196851,0.8726961055926008,0.012428471692206565
A3,90.0,0.9212598425196851,0.87257608220313,0.012288189962450255
A3,91.0,0.9186351706036745,0.871141214285723,0.012270594790344995
A3,92.0,0.9186351706036745,0.8685519403277713,0.013091408035750157
A3,93.0,0.916010498687664,0.852811718674985,0.013958287288601335
A3,94.0,0.9133858267716536,0.8526484550096745,0.013563383016174187
A3,95.0,0.9133858267716536,0.8486263031050197,0.014355174860476324
A3,96.0,0.916010498687664,0.8621268374163047,0.013894618804358353
A3,97.0,0.9133858267716536,0.8596457371920533,0.012974975287851132
A3,98.0,0.910761154855643,0.8593799407488761,0.012677731012000407
A3,99.0,0.910761154855643,0.8587827860033485,0.012726185123766092
A3,100.0,0.910761154855643,0.8583112095567288,0.013056030240821796
A3,101.0,0.910761154855643,0.8589274565898164,0.013069367081496931
A3,102.0,0.9081364829396326,0.8579949093083583,0.012824433046785945
A3,103.0,0.9081364829396326,0.8553816343156017,0.013464869957185738
A3,104.0,0.9081364829396326,0.8542333164207699,0.013683577027674566
A3,105.0,0.905511811023622,0.8413174087892228,0.014003841657023291
A3,106.0,0.905511811023622,0.8526029281519651,0.013663725279472854
A3,107.0,0.9028871391076115,0.8414412310657257,0.013666580347787555
A3,108.0,0.905511811023622,0.857068313278392,0.013348340995120547
A3,109.0,0.9028871391076115,0.8521542609730488,0.013140099773912827
A3,110.0,0.9028871391076115,0.8516863039896774,0.013203768311321987
A3,111.0,0.9028871391076115,0.8501832581985156,0.013404042169220651
A3,112.0,0.9002624671916011,0.8374115686135364,0.014211591389302006
A3,113.0,0.9002624671916011,0.8490102565858748,0.014203323646990493
A3,114.0,0.9002624671916011,0.8515487425820574,0.013032089500353372
A3,115.0,0.8976377952755905,0.8471469846158285,0.013811744664849872
A3,116.0,0.8976377952755905,0.8474519019536997,0.013563181270973822
A3,117.0,0.89501312335958,0.8461062171053949,0.013551365641261756
A3,118.0,0.89501312335958,0.8440478162343295,0.013732607996787948
A3,119.0,0.89501312335958,0.8421186890809226,0.013624817225398938
A3,120.0,0.89501312335958,0.8473665191978237,0.013195792950619947
A3,121.0,0.89501312335958,0.8461331683679221,0.013827993776205
A3,122.0,0.8923884514435696,0.8452034430190645,0.013181563884358826
A3,123.0,0.8923884514435696,0.8412600958665254,0.014229065073932784
A3,124.0,0.8923884514435696,0.8305935884371528,0.014537930530923766
A3,125.0,0.8871391076115486,0.8274572463493018,0.014518691771805193
A3,126.0,0.8871391076115486,0.828058121125245,0.01501711724758979
A3,127.0,0.889763779527559,0.8428928835143169,0.01369399643790768
A3,128.0,0.8871391076115486,0.8369883798996854,0.014181417599960734
A3,129.0,0.884514435695538,0.8293490382078967,0.013698820276748902
A3,130.0,0.884514435695538,0.8260938225311415,0.014268156199050657
A3,131.0,0.889763779527559,0.8410299281661914,0.013215197522742556
A3,132.0,0.8871391076115486,0.825957899402836,0.014641425134431518
A3,133.0,0.884514435695538,0.8254324589943673,0.014558445388328406
A3,134.0,0.8818897637795275,0.8195021215306048,0.0156653286046477
A3,135.0,0.8818897637795275,0.8319584012551108,0.013825893042774947
A3,136.0,0.8818897637795275,0.8342493170094775,0.013720978442537918
A3,137.0,0.8792650918635171,0.8301315025420467,0.01342228491790985
A3,138.0,0.8792650918635171,0.821529026989795,0.014551141881444052
A3,139.0,0.8792650918635171,0.8248514110642504,0.014404859941754299
A3,140.0,0.8792650918635171,0.831052460526813,0.01327886207662337
A3,141.0,0.8792650918635171,0.8182345126135697,0.01555770680691207
A3,142.0,0.8818897637795275,0.8324674797101361,0.014547683209916087
A3,143.0,0.8766404199475065,0.8312115687595386,0.013324164104333291
A3,144.0,0.8766404199475065,0.8281185950214853,0.014057448371256616
A3,145.0,0.8766404199475065,0.8267521116336476,0.01359216786960756
A3,146.0,0.8740157480314961,0.8308869222178898,0.014031736727841197
A3,147.0,0.8740157480314961,0.8277884913927108,0.013378480573177302
A3,148.0,0.8740157480314961,0.827515165613225,0.013993387986563525
A3,149.0,0.8740157480314961,0.8193549035812956,0.013886482745058508
A3,150.0,0.8713910761154856,0.8180638168215552,0.014610907167012898
A3,151.0,0.8713910761154856,0.8192789052610738,0.014078739925021469
A3,152.0,0.8713910761154856,0.8161814941356326,0.014768407688552119
A3,153.0,0.8713910761154856,0.8166862581257142,0.015067230640312393
A3,154.0,0.868766404199475,0.8169317553374017,0.014405741262034661
A3,155.0,0.868766404199475,0.8181157530038582,0.014278333713898446
A3,156.0,0.868766404199475,0.8191969665531194,0.013677182155297608
A3,157.0,0.868766404199475,0.8182627065590411,0.01375588892410624
A3,158.0,0.8661417322834646,0.8199824572859017,0.008815729388274067
A3,159.0,0.863517060367454,0.8185193091801299,0.00896972176276117
A3,160.0,0.863517060367454,0.8188577605527275,0.009162662574017166
A3,161.0,0.8661417322834646,0.8255864855600658,0.008798090369745127
A3,162.0,0.863517060367454,0.8158577772275728,0.00956863719558058
A3,163.0,0.8608923884514436,0.8175009510345873,0.00963218758607833
A3,164.0,0.8608923884514436,0.8169030762414493,0.009121796644026172
A3,165.0,0.8608923884514436,0.8149670336834581,0.009683190551703443
A3,166.0,0.8582677165354331,0.815894206611026,0.009199179254769837
A3,167.0,0.8582677165354331,0.8161479115096759,0.008766443141410821
A3,168.0,0.8582677165354331,0.8213521990309791,0.00881473662865587
A3,169.0,0.8556430446194225,0.8132753160720019,0.008937201977486004
A3,170.0,0.8556430446194225,0.8135526311457014,0.0091922315946943
A3,171.0,0.8556430446194225,0.81205688736095,0.009813040216084125
A3,172.0,0.8530183727034121,0.8128115018156427,0.009448350563595172
A3,173.0,0.8530183727034121,0.8121808691935832,0.009785212733480788
A3,174.0,0.8503937007874016,0.8113308508635876,0.009389968064432824
A3,175.0,0.8503937007874016,0.8129989400722606,0.009305049400386331
A3,176.0,0.8503937007874016,0.8121837189887166,0.00913130513617686
A3,177.0,0.847769028871391,0.8101659218360587,0.009697414929954034
A3,178.0,0.847769028871391,0.8100406778421394,0.009343099099628405
A3,179.0,0.8451443569553806,0.8086910263434178,0.009782090886659274
A3,180.0,0.8451443569553806,0.8096513329391003,0.009314257487154334
A3,181.0,0.8451443569553806,0.8090056892064542,0.009380819013376097
A3,182.0,0.84251968503937,0.8068190985564238,0.009648128773310278
A3,183.0,0.84251968503937,0.8069369942462135,0.009721902470178869
A3,184.0,0.8398950131233596,0.807930592186785,0.009556159606698535
A3,185.0,0.8398950131233596,0.8065577009303405,0.009482161737893905
A3,186.0,0.8372703412073491,0.8040237541433873,0.010178299534729072
A3,187.0,0.8372703412073491,0.8038475544100486,0.009634043726911628
A3,188.0,0.8372703412073491,0.8040196489190852,0.009488705851344759
A3,189.0,0.8346456692913385,0.8035646262928098,0.009406989864101517
A3,190.0,0.8346456692913385,0.8018120053404835,0.009500928894222152
A3,191.0,0.8320209973753281,0.8028641566416472,0.009368243395152305
A3,192.0,0.8320209973753281,0.8005919687655949,0.009782988232291118
A3,193.0,0.8320209973753281,0.8012681877627301,0.009456996471281013
A3,194.0,0.8293963254593176,0.7992023887060717,0.009615982062737113
A3,195.0,0.8267716535433071,0.7986344954244682,0.00973336812936641
A3,196.0,0.8267716535433071,0.7987578196898817,0.009643391573942249
A3,197.0,0.8267716535433071,0.797658298918517,0.009216125784628904
A3,198.0,0.8241469816272966,0.798127996844621,0.009136784175573941
A3,199.0,0.8241469816272966,0.7946211299207965,0.009399930558129597
A3,200.0,0.821522309711286,0.7951808733474663,0.009448869898858347
A3,201.0,0.821522309711286,0.7949210879552453,0.009589351347920442
A3,202.0,0.8188976377952756,0.7904190567595158,0.0108467896168551
A3,203.0,0.821522309711286,0.7920740398064394,0.01010851980637264
A3,204.0,0.8136482939632546,0.7873001338800495,0.01183828961002356
A3,205.0,0.8162729658792651,0.7888914905518846,0.01083070065455755
A3,206.0,0.8110236220472441,0.7844734411566286,0.010987054642615037
A3,207.0,0.8162729658792651,0.7824267109106251,0.011470777570598733
A3,208.0,0.8083989501312336,0.7903652200359562,0.009757017079868476
A3,209.0,0.8110236220472441,0.7811853560614337,0.011137009620551792
A3,210.0,0.8031496062992126,0.7817206561085822,0.010494343069344892
A3,211.0,0.8031496062992126,0.7822544192294398,0.01168199953687702
A3,212.0,0.800524934383202,0.7828663924303533,0.011333756538502937
A3,213.0,0.8031496062992126,0.7864994682563617,0.010866755137517883
A3,214.0,0.7979002624671916,0.7765271176697486,0.01090963792293056
A3,215.0,0.800524934383202,0.7829194836319282,0.01021035702397037
A3,216.0,0.7926509186351706,0.7770052345317928,0.010662566469436406
A3,217.0,0.7979002624671916,0.7763521571191184,0.010463224028617988
A3,218.0,0.7926509186351706,0.7726768217599485,0.011176206776324527
A3,219.0,0.7952755905511811,0.779052215523364,0.010384964704803469
A3,220.0,0.7874015748031497,0.7738125994626542,0.011182467092030876
A3,221.0,0.7874015748031497,0.7752851966914754,0.010577146077120759
A3,222.0,0.7847769028871391,0.7717154436159372,0.010902845802607392
A3,223.0,0.7821522309711286,0.7719151530918518,0.010456380815410523
A3,224.0,0.7795275590551181,0.7681865823866063,0.010778757968633723
A3,225.0,0.7821522309711286,0.7745379729751017,0.010408659773839837
A3,226.0,0.7769028871391076,0.7647842287123279,0.011058199107585083
A3,227.0,0.7769028871391076,0.775121465538933,0.010221747121503854
A3,228.0,0.7716535433070866,0.7658750289909816,0.010866313028635203
A3,229.0,0.7716535433070866,0.7748698099074225,0.010673933953672896
A3,230.0,0.7664041994750657,0.762937929721547,0.01098679999261966
A3,231.0,0.7664041994750657,0.7718135674491136,0.01072371954732132
A3,232.0,0.7611548556430446,0.7597380703503808,0.011147414194041609
A3,233.0,0.7611548556430446,0.7648962945595361,0.010536288227445515
A3,234.0,0.7559055118110236,0.761160738319343,0.01051896737146037
A3,235.0,0.7559055118110236,0.7629379521501951,0.011158006640038937
A3,236.0,0.7506561679790026,0.7570965185288014,0.010998265360962167
A3,237.0,0.7480314960629921,0.7601802426010907,0.011114617276747053
A3,238.0,0.7427821522309711,0.754198729502742,0.011629797463728319
A3,239.0,0.7427821522309711,0.764352345231829,0.011866806203182843
A3,240.0,0.7349081364829396,0.7499259301250959,0.01248165367397712
A3,241.0,0.7349081364829396,0.7589260877377845,0.012348583476792636
A3,242.0,0.7296587926509186,0.7541829915840402,0.011531849618969019
A3,243.0,0.7296587926509186,0.7567570455912844,0.012172100251472555
A3,244.0,0.7217847769028871,0.7470626842825588,0.013006709576785703
A3,245.0,0.7217847769028871,0.7546057935365531,0.013007299971167738
A3,246.0,0.7139107611548556,0.7446760334515192,0.01308427131056882
A3,247.0,0.7139107611548556,0.7469052971876886,0.014092733661336714
A3,248.0,0.7086614173228346,0.7466559388954083,0.014693743636629918
A3,249.0,0.7034120734908137,0.7343754549219408,0.013114954601865495
A3,250.0,0.7007874015748031,0.7437382858416607,0.013577559384647962
A3,251.0,0.6955380577427821,0.7369898112349847,0.01332567293365079
A3,252.0,0.6929133858267716,0.7496331382679091,0.013613252010035942
A3,253.0,0.6876640419947506,0.7338611178824038,0.014031816615295187
A3,254.0,0.6850393700787402,0.7352634534800362,0.015820988861640108
A3,255.0,0.6771653543307087,0.7271001139209702,0.014646887562820631
A3,256.0,0.6745406824146981,0.7417261263009027,0.0142996435822909
A3,257.0,0.6692913385826772,0.7342025290359883,0.013497035268951421
A3,258.0,0.6666666666666666,0.7320928452579709,0.014511462179485969
A3,259.0,0.6614173228346457,0.7221375657997487,0.014333048881713429
A3,260.0,0.6587926509186351,0.7262139426378225,0.014455301855880936
A3,261.0,0.6509186351706037,0.7122106460213924,0.015829785455631216
A3,262.0,0.6482939632545932,0.7197984057113026,0.015906621599813237
A3,263.0,0.6430446194225722,0.7086079375597933,0.016442640723455595
A3,264.0,0.6404199475065617,0.7095617183746693,0.01852557725098583
A3,265.0,0.6325459317585301,0.7154435723912883,0.01701338373218507
A3,266.0,0.6220472440944882,0.6979320047659535,0.01786245826564654
A4,1.0,1.0,1.0072693087781202,0.012007174580512973
A4,2.0,0.9925187032418953,1.0071615579276536,0.009950497941073444
A4,3.0,0.9875311720698254,1.0053655718535304,0.008656022707970881
A4,4.0,0.9825436408977556,1.0058482524123713,0.007706229919386367
A4,5.0,0.9775561097256857,1.0065929896802162,0.007439491817064269
A4,6.0,0.972568578553616,0.9990903984246376,0.007334047206122542
A4,7.0,0.9675810473815462,0.9963292305039205,0.007295410732273112
A4,8.0,0.9625935162094763,0.9954875525871525,0.0069661653447685695
A4,9.0,0.9600997506234414,0.9924098045015524,0.007264499001053851
A4,10.0,0.9576059850374065,0.9934575938987961,0.00686154325720384
A4,11.0,0.9551122194513716,0.990815578163565,0.007411340089138102
A4,12.0,0.9526184538653366,0.9917427681411448,0.007235286241944967
A4,13.0,0.9476309226932669,0.9866328709281835,0.006958538424840309
A4,14.0,0.9476309226932669,0.9848057778911455,0.006877531799676227
A4,15.0,0.942643391521197,0.9824874010730907,0.006949035398138099
A4,16.0,0.942643391521197,0.9812922883310269,0.006990080787262842
A4,17.0,0.940149625935162,0.9802951920751488,0.007119414269040815
A4,18.0,0.940149625935162,0.9809011146449775,0.007250194356111299
A4,19.0,0.9376558603491272,0.9806676261119587,0.007281366914932022
A4,20.0,0.9351620947630923,0.9776789487830285,0.007503363450850448
A4,21.0,0.9351620947630923,0.974762819105837,0.006975105444924852
A4,22.0,0.9326683291770573,0.9752251149151827,0.006616888029533849
A4,23.0,0.9326683291770573,0.9733587644449019,0.0067368410272421134
A4,24.0,0.9301745635910225,0.972603839401072,0.006858533706040945
A4,25.0,0.9276807980049875,0.970183368664949,0.00675485367760594
A4,26.0,0.9276807980049875,0.9691570705373722,0.0068852203407628295
A4,27.0,0.9276807980049875,0.9674266758229426,0.007163638950545691
A4,28.0,0.9251870324189526,0.9678288751604746,0.007126993898800734
A4,29.0,0.9251870324189526,0.9677742205254446,0.0066164887383449045
A4,30.0,0.9226932668329177,0.9656661989711554,0.006722994387028539
A4,31.0,0.9226932668329177,0.9657934688301502,0.0065214866774340186
A4,32.0,0.9201995012468828,0.9646145704641255,0.006440960796867724
A4,33.0,0.9201995012468828,0.9633290561709826,0.00643326097100557
A4,34.0,0.9201995012468828,0.9605745071000916,0.007016222839208094
A4,35.0,0.9177057356608479,0.9610483911125652,0.006664967615697044
A4,36.0,0.9152119700748129,0.9592240474388853,0.0066401369691699045
A4,37.0,0.9152119700748129,0.9584618721421281,0.006667522865134308
A4,38.0,0.9152119700748129,0.9578282609648114,0.006426938751014331
A4,39.0,0.912718204488778,0.9586808327700427,0.006331301669285094
A4,40.0,0.9152119700748129,0.9558207082514087,0.0066034457831408745
A4,41.0,0.912718204488778,0.953869288886573,0.006753991517617492
A4,42.0,0.912718204488778,0.9535738663216737,0.006680337529581106
A4,43.0,0.9102244389027432,0.9531477246713669,0.006303003082516563
A4,44.0,0.9077306733167082,0.9537713002005328,0.006267199603378827
A4,45.0,0.9077306733167082,0.9506712668121782,0.0062011997526898845
A4,46.0,0.9077306733167082,0.9477959851349106,0.006353309095758347
A4,47.0,0.9077306733167082,0.9487424362903208,0.006442396722676606
A4,48.0,0.9077306733167082,0.947745864028209,0.006332627775607059
A4,49.0,0.9052369077306733,0.9465917613802428,0.006065274808626734
A4,50.0,0.9052369077306733,0.9455377142451673,0.006191089369035758
A4,51.0,0.9027431421446384,0.9439543028417355,0.006017394404976738
A4,52.0,0.9027431421446384,0.9437475783728413,0.006044728041923266
A4,53.0,0.9027431421446384,0.94151226444127,0.0058952158117382926
A4,54.0,0.9002493765586035,0.940749192521393,0.005914498099793553
A4,55.0,0.9002493765586035,0.9405128408529084,0.006119121942021289
A4,56.0,0.9002493765586035,0.9386806938202814,0.006099991572095295
A4,57.0,0.9002493765586035,0.9389472391609975,0.005968151577905924
A4,58.0,0.8977556109725686,0.9386123543868968,0.005644341148900062
A4,59.0,0.8952618453865336,0.9370930423486322,0.005993260236175595
A4,60.0,0.8977556109725686,0.9365108394302415,0.005614660090987861
A4,61.0,0.8952618453865336,0.9342422299240926,0.006054652199007387
A4,62.0,0.8952618453865336,0.9334661535267891,0.006131450768944206
A4,63.0,0.8927680798004988,0.9317465027795142,0.005781025237563827
A4,64.0,0.8927680798004988,0.9310840748086742,0.0058336149140262306
A4,65.0,0.8902743142144638,0.9285208386804379,0.0055942969496951345
A4,66.0,0.8902743142144638,0.9273258307115159,0.005967433891256246
A4,67.0,0.8902743142144638,0.9282877459784581,0.005537331911303868
A4,68.0,0.8877805486284289,0.9272611993838338,0.005699560137527079
A4,69.0,0.8877805486284289,0.9263243171942338,0.005684215072024196
A4,70.0,0.8877805486284289,0.9245691203929943,0.0055421125137343746
A4,71.0,0.885286783042394,0.9231739480454031,0.005747332734240768
A4,72.0,0.885286783042394,0.922444025526776,0.005614437810427271
A4,73.0,0.885286783042394,0.9212791287770171,0.005550800873082921
A4,74.0,0.8827930174563591,0.9189590378841228,0.005525406024043423
A4,75.0,0.8827930174563591,0.9181941343360989,0.00574046785712781
A4,76.0,0.8802992518703242,0.9183234825702482,0.005461490901369533
A4,77.0,0.8802992518703242,0.915583895366732,0.005635179976988129
A4,78.0,0.8802992518703242,0.9164924370317776,0.005359060308504843
A4,79.0,0.8802992518703242,0.9120094098701229,0.005650089957552246
A4,80.0,0.8802992518703242,0.9119549928381988,0.005655045337104301
A4,81.0,0.8778054862842892,0.9117405796989528,0.005501971934536197
A4,82.0,0.8753117206982544,0.910938407449903,0.005464190393564109
A4,83.0,0.8753117206982544,0.9086955116696721,0.005482394377192091
A4,84.0,0.8728179551122195,0.907978060933578,0.005408432940067934
A4,85.0,0.8728179551122195,0.9064172072952998,0.005431568815914487
A4,86.0,0.8728179551122195,0.9045242520426989,0.005629841727745146
A4,87.0,0.8703241895261845,0.9036082446547045,0.005603484384008672
A4,88.0,0.8703241895261845,0.9030872834067264,0.005448512167364183
A4,89.0,0.8678304239401496,0.9019409643058349,0.005546406892862048
A4,90.0,0.8678304239401496,0.8992544344366309,0.0052700039956492155
A4,91.0,0.8653366583541147,0.8996854611563477,0.005292999791636125
A4,92.0,0.8653366583541147,0.8994168376501334,0.0055785473466728585
A4,93.0,0.8653366583541147,0.8956161681897363,0.0054386938753606786
A4,94.0,0.8653366583541147,0.8956606086683683,0.0055912302879759426
A4,95.0,0.8628428927680798,0.8930833655997982,0.0056040045595601145
A4,96.0,0.8628428927680798,0.891965207878247,0.005524674383239803
A4,97.0,0.8603491271820449,0.8912999590082136,0.005703707057233377
A4,98.0,0.85785536159601,0.8901540295721562,0.005600092414755123
A4,99.0,0.85785536159601,0.8889814864750878,0.005450498310591129
A4,100.0,0.8553615960099751,0.8864305001423401,0.005634280719129733
A4,101.0,0.8553615960099751,0.8854520848211028,0.005585539308041077
A4,102.0,0.8528678304239401,0.8822585136085187,0.005335221671220569
A4,103.0,0.8528678304239401,0.8818737619137955,0.005678935953390191
A4,104.0,0.8503740648379052,0.8784466382340785,0.005743256874441847
A4,105.0,0.8503740648379052,0.8743785372005421,0.006182209627966411
A4,106.0,0.8503740648379052,0.876011502667877,0.005633041179500311
A4,107.0,0.8478802992518704,0.8740134469174696,0.005938407851136121
A4,108.0,0.8478802992518704,0.8698366602716956,0.006237584733248596
A4,109.0,0.8428927680798005,0.8695016535435136,0.006126416662406802
A4,110.0,0.8428927680798005,0.86755932647581,0.006050162719359522
A4,111.0,0.8428927680798005,0.8636287799937634,0.006143089815851677
A4,112.0,0.8379052369077307,0.8616293228537437,0.006489912401114131
A4,113.0,0.8379052369077307,0.8578819363383245,0.006471083868447662
A4,114.0,0.8354114713216958,0.8536835965533436,0.006798647857389762
A4,115.0,0.8329177057356608,0.8537863736719724,0.006869369598940381
A4,116.0,0.830423940149626,0.8498891867674601,0.006942882022739359
A4,117.0,0.830423940149626,0.8471838532777763,0.00709562780949508
A4,118.0,0.827930174563591,0.8445019033745021,0.0070921264326180965
A4,119.0,0.8254364089775561,0.843660241589708,0.007128417512853527
A4,120.0,0.8254364089775561,0.8394102341226019,0.007032141343074733
A4,121.0,0.8229426433915212,0.8350744375643904,0.007397995263326474
A4,122.0,0.8229426433915212,0.8331746190171371,0.007337240585395013
A4,123.0,0.8204488778054863,0.832346889833497,0.007551865769725815
A4,124.0,0.8204488778054863,0.8285487926065461,0.007279000334959689
A4,125.0,0.8204488778054863,0.8248870838808218,0.007505151955506644
A4,126.0,0.8254364089775561,0.8190699767690435,0.008197803293318977
A4,127.0,0.8179551122194514,0.8201434176148914,0.0077014071096924794
A4,128.0,0.8179551122194514,0.8170831090432027,0.007782817249885132
A4,129.0,0.8179551122194514,0.8163570477008476,0.007813946453324429
A4,130.0,0.8179551122194514,0.8131088016461896,0.008163812060734228
A4,131.0,0.8179551122194514,0.8117753060389823,0.008213575540952402
A4,132.0,0.8129675810473815,0.8098738590828726,0.007826383599935137
A4,133.0,0.8104738154613467,0.8110220290142163,0.007999890567456886
A4,134.0,0.8079800498753117,0.8104283238253421,0.00833835380747714
A4,135.0,0.8129675810473815,0.8025759538200838,0.008256686929709009
A4,136.0,0.8104738154613467,0.802162914816969,0.00839513311215416
A4,137.0,0.8054862842892768,0.8019942331926962,0.00777049440390891
A4,138.0,0.8054862842892768,0.8027308022044454,0.007866782960029928
A4,139.0,0.8054862842892768,0.8006369158979358,0.0077855613660066944
A4,140.0,0.8029925187032418,0.7981649398591928,0.007698799418757214
A4,141.0,0.8104738154613467,0.7927159686544933,0.00837708696278206
A4,142.0,0.8054862842892768,0.7945801496826678,0.007828255017206581
A4,143.0,0.800498753117207,0.7932939769951629,0.007579613717181309
A4,144.0,0.800498753117207,0.7909477553898978,0.007919837407417677
A4,145.0,0.800498753117207,0.7883416594460697,0.007634553439112996
A4,146.0,0.7980049875311721,0.7854824624563679,0.007955348233938207
A4,147.0,0.7980049875311721,0.7878598561798145,0.007779757153859147
A4,148.0,0.7980049875311721,0.7852057563196603,0.008172093302268544
A4,149.0,0.7955112219451371,0.7833411443066922,0.007587619545487154
A4,150.0,0.7930174563591023,0.7825202068651752,0.007523793368097727
A4,151.0,0.7930174563591023,0.7810018724593946,0.007535483371442269
A4,152.0,0.7905236907730673,0.7820753092683466,0.007579335650033362
A4,153.0,0.7905236907730673,0.7790456864564863,0.007695822906039971
A4,154.0,0.7880299251870324,0.7780707738223128,0.007751166379834429
A4,155.0,0.7880299251870324,0.7770807635317463,0.007775146306038031
A4,156.0,0.7855361596009975,0.7745737175684091,0.007613700980221472
A4,157.0,0.7855361596009975,0.7733732324605871,0.0077496934992793256
A4,158.0,0.7805486284289277,0.774071268436946,0.008233528139672529
A4,159.0,0.7805486284289277,0.7731822426797161,0.008034835285126149
A4,160.0,0.7830423940149626,0.7645785743519448,0.008235868126912257
A4,161.0,0.7780548628428927,0.7669194940007033,0.008142379720150686
A4,162.0,0.7755610972568578,0.7687555867033165,0.008569941389855092
A4,163.0,0.7755610972568578,0.7655776613971914,0.008144425124362873
A4,164.0,0.773067331670823,0.7635023530345485,0.008321012779707357
A4,165.0,0.770573566084788,0.7628985768030357,0.008423628520592006
A4,166.0,0.770573566084788,0.7609220199033361,0.008292656936999437
A4,167.0,0.7680798004987531,0.7604287564456118,0.008446544277653607
A4,168.0,0.7680798004987531,0.7605141053980891,0.008374785921615597
A4,169.0,0.7655860349127181,0.7582153870045027,0.008609707302863031
A4,170.0,0.7630922693266833,0.7524586208468133,0.008485920008398064
A4,171.0,0.7630922693266833,0.7511631145292765,0.008660412613786268
A4,172.0,0.7605985037406484,0.7495716558001706,0.008719900738965574
A4,173.0,0.7581047381546134,0.7504044109728766,0.008549628773966813
A4,174.0,0.7556109725685786,0.7498244472862996,0.008765102846936915
A4,175.0,0.7531172069825436,0.7445336355184184,0.008870256457913337
A4,176.0,0.7531172069825436,0.7414226397240841,0.008823614491243251
A4,177.0,0.7506234413965087,0.7422569033115924,0.008750436924078975
A4,178.0,0.7481296758104738,0.7391926943250465,0.008834470940786774
A4,179.0,0.7481296758104738,0.736945159302853,0.008959609715084959
A4,180.0,0.7456359102244389,0.7319482969387914,0.009112740009646295
A4,181.0,0.743142144638404,0.7352085880066117,0.009177863857574334
A4,182.0,0.7406483790523691,0.7282278538467367,0.00923246429408804
A4,183.0,0.7381546134663342,0.7292234870084694,0.009261372570683511
A4,184.0,0.7356608478802993,0.7255183823499416,0.009325556080778
A4,185.0,0.7331670822942643,0.721614759762079,0.00953612780233954
A4,186.0,0.7306733167082294,0.7216022819196921,0.009426029017858172
A4,187.0,0.7306733167082294,0.7191777966858595,0.009580202840855648
A4,188.0,0.7281795511221946,0.7124241392780131,0.009848529432396464
A4,189.0,0.7256857855361596,0.7086247094818969,0.009813999625450322
A4,190.0,0.7231920199501247,0.7078290092591705,0.009897453604324888
A4,191.0,0.7206982543640897,0.7077681746976513,0.010011425205651589
A4,192.0,0.7182044887780549,0.7021054757977943,0.009964899415704996
A4,193.0,0.71571072319202,0.698831330796551,0.010389172127809338
A4,194.0,0.713216957605985,0.6979606753276751,0.010277895957008669
A4,195.0,0.7107231920199502,0.6904090059339053,0.010400818511024897
A4,196.0,0.7082294264339152,0.6910460106123075,0.01055945883968234
A4,197.0,0.7057356608478803,0.6836870131905274,0.010691400642479887
A4,198.0,0.7007481296758105,0.6839473250430755,0.011047062322714962
A4,199.0,0.6982543640897756,0.6759649115647371,0.011172560353633555
A4,200.0,0.6957605985037406,0.6717167258617412,0.01118465646246676
A4,201.0,0.6907730673316709,0.6705296001329896,0.011870407827796541
A4,202.0,0.6907730673316709,0.6592828391923091,0.012120686189195746
A4,203.0,0.683291770573566,0.6597320720891631,0.012518095446758649
A4,204.0,0.683291770573566,0.6500670702492556,0.015278241889694377
A4,205.0,0.6733167082294265,0.650139477781193,0.013098977103361715
A4,206.0,0.6783042394014963,0.6403959709034444,0.013483386279997152
A4,207.0,0.6683291770573566,0.638855728496473,0.013471741715361986
A4,208.0,0.6633416458852868,0.624817783781908,0.01743906725271003
A4,209.0,0.6583541147132169,0.6261875422035414,0.01440816559838452
A4,210.0,0.6533665835411472,0.6255265155877745,0.015054062300255903
A4,211.0,0.6483790523690773,0.6195638771318281,0.015431620163883636
A4,212.0,0.6408977556109726,0.6118294983364694,0.015821623631642533
A4,213.0,0.6334164588528678,0.5990615443645014,0.0163737133963999
A4,214.0,0.6309226932668329,0.5994333569509548,0.01677064748952163
A4,215.0,0.6259351620947631,0.5838818702235646,0.01726974822635314
A4,216.0,0.6184538653366584,0.5872707019623898,0.01777230285679465
A4,217.0,0.6159600997506235,0.5712885248248141,0.019033550581424384
A4,218.0,0.6059850374064838,0.5764575249235072,0.018922308989216662
A4,219.0,0.5985037406483791,0.5712920079076113,0.020192465972954377
A4,220.0,0.5935162094763092,0.5691855317078014,0.02075984525212748
A4,221.0,0.5860349127182045,0.5564254908090664,0.021519696107943274
A4,222.0,0.5810473815461347,0.5597028453638483,0.022891777595153318
A4,223.0,0.57356608478803,0.5482543311078054,0.023264959820694295
A4,224.0,0.5660847880299252,0.5471789375983379,0.02480060948451486
A4,225.0,0.5586034912718204,0.5395582702251134,0.025061734928471767
A4,226.0,0.5511221945137157,0.5448400297342042,0.02663889741076991
A4,227.0,0.543640897755611,0.5331392439339127,0.02819919327986902
A4,228.0,0.5361596009975063,0.5435227841797711,0.02982344598582584
A4,229.0,0.5286783042394015,0.5282909867742765,0.030878045184076882
A4,230.0,0.5211970074812967,0.5416583676254497,0.033089264212984734
A4,231.0,0.5112219451371571,0.5252708911475511,0.03425361912076324
A4,232.0,0.5037406483790524,0.5373218148892633,0.03716490778218344
A4,233.0,0.49625935162094764,0.5138082278327265,0.037432745863736065
A4,234.0,0.4837905236907731,0.5255998654141025,0.04050210679028496
A4,235.0,0.4763092269326683,0.5155470017778105,0.04411314782755531
A4,236.0,0.46633416458852867,0.5315979357395326,0.046899341191471475
A4,237.0,0.45885286783042395,0.5332219245116923,0.05173125402258151
A4,238.0,0.4463840399002494,0.5107629068469443,0.052610156566224545
A4,239.0,0.43640897755610975,0.538561806796547,0.059857841301985515
A4,240.0,0.42643391521197005,0.5314716149856571,0.06402381692935792
A4,241.0,0.4164588528678304,0.5411425934458783,0.07043255110360053
A4,242.0,0.40399002493765584,0.4816842612167359,0.0704317955006837
A4,243.0,0.39650872817955113,0.5438138130420396,0.08612930104590481
A4,244.0,0.3865336658354115,0.48476293654894054,0.07774773650766546
A4,245.0,0.3765586034912718,0.5378604293936584,0.0955910653162302
A4,246.0,0.36658354114713215,0.48846707619038876,0.08563732875988907
A4,247.0,0.3566084788029925,0.5274640342748868,0.10626254552339101
A4,248.0,0.3491271820448878,0.4871170010784241,0.09387074388073591
A4,249.0,0.33915211970074816,0.5167528266255415,0.1159713417043397
A4,250.0,0.3316708229426434,0.5073015491995855,0.11589260367380265
A4,251.0,0.32418952618453867,0.502813871112413,0.11714197563552788
A4,252.0,0.3167082294264339,0.4927032520950453,0.12070052963030242
A4,253.0,0.30673316708229426,0.48428091737032625,0.12461996694980815
A4,254.0,0.30174563591022446,0.47232427254536113,0.11496378380521655
A4,255.0,0.2942643391521197,0.4658271216728649,0.13063127611677955
A4,256.0,0.286783042394015,0.4426194789261547,0.13794400497518627
A4,257.0,0.2793017456359102,0.45714704039616355,0.12553169926005467
A4,258.0,0.2743142144638404,0.4303776623616479,0.1382645827829838
A4,259.0,0.26683291770573564,0.42403419441987844,0.13925877626993854
A4,260.0,0.26433915211970077,0.44158452285457284,0.1298839884266373
A4,261.0,0.26184538653366585,0.4000421458045466,0.14255867153524038
A4,262.0,0.256857855361596,0.4033356384353755,0.14173632288343338
A4,263.0,0.2518703241895262,0.38733438355211625,0.14394716026037196
A4,264.0,0.24788029925187033,0.41256309980482364,0.1370896633001082
A4,265.0,0.24463840399002493,0.36736165862685716,0.14473023730386475
A4,266.0,0.24064837905236908,0.3558942609635835,0.14622471231701234
A4,267.0,0.23541147132169576,0.34617151792920736,0.14642291118236925
A4,268.0,0.053865336658354114,0.3308939959995909,0.1469947702799499
A4,269.0,0.04937655860349127,0.32453007049142585,0.14711252505228578
A5,1.0,1.0,0.9198656777221268,0.009257697498897571
A5,2.0,0.9973890339425587,0.9194685606031153,0.009252492369327655
A5,3.0,0.9947780678851175,0.9174448167392452,0.008770264771966187
A5,4.0,0.9921671018276762,0.9149950889345683,0.008396965822949909
A5,5.0,0.9921671018276762,0.9099274359164806,0.00934038142298719
A5,6.0,0.9895561357702349,0.9087453875259343,0.009349567440743565
A5,7.0,0.9843342036553525,0.9120154620604614,0.00839212981168634
A5,8.0,0.9843342036553525,0.9107363888115378,0.008231304642587135
A5,9.0,0.9817232375979112,0.9090082192323404,0.009455662067467018
A5,10.0,0.97911227154047,0.905685251551592,0.010904080214867886
A5,11.0,0.97911227154047,0.9032230993724947,0.012350428765820038
A5,12.0,0.9765013054830287,0.8999691222425474,0.012832805014020125
A5,13.0,0.9738903394255874,0.9010915042236359,0.012220062953906733
A5,14.0,0.9712793733681462,0.9012010016224261,0.012319668386606695
A5,15.0,0.9712793733681462,0.8978967150902597,0.012601549776411456
A5,16.0,0.9686684073107049,0.9006067266014792,0.011532989285764008
A5,17.0,0.9660574412532638,0.9016326940714375,0.012333839584280661
A5,18.0,0.9660574412532638,0.8951051740189544,0.012952000187513326
A5,19.0,0.9660574412532638,0.8946341425713713,0.012955375207826926
A5,20.0,0.9634464751958225,0.8926731084462931,0.014570221292204002
A5,21.0,0.9634464751958225,0.8921442600076575,0.014685242450068818
A5,22.0,0.9634464751958225,0.8889198301096578,0.015950953733005535
A5,23.0,0.9608355091383812,0.8940115624400378,0.013664832783528705
A5,24.0,0.95822454308094,0.8913096868447793,0.014410872355300022
A5,25.0,0.95822454308094,0.8906619686666613,0.015011456572266779
A5,26.0,0.9556135770234987,0.8939746095624864,0.012899055955231699
A5,27.0,0.9556135770234987,0.8895407821964593,0.013270697971134475
A5,28.0,0.9556135770234987,0.885794000413221,0.015607492037464131
A5,29.0,0.9530026109660574,0.8889671357274563,0.014051882597159034
A5,30.0,0.9530026109660574,0.8873072421382312,0.013370195713557095
A5,31.0,0.9503916449086162,0.8877430306230158,0.01481985998300905
A5,32.0,0.9477806788511749,0.8865812868857565,0.013609017634926225
A5,33.0,0.9477806788511749,0.884655641360824,0.01432272026672985
A5,34.0,0.9477806788511749,0.8857321545696585,0.012711243715661668
A5,35.0,0.9477806788511749,0.8806908740826271,0.015049812492256965
A5,36.0,0.9451697127937336,0.8820926175792319,0.01454244456798487
A5,37.0,0.9425587467362925,0.8819853089193815,0.01341616310775971
A5,38.0,0.9425587467362925,0.8810779111568192,0.014455967374437904
A5,39.0,0.9399477806788512,0.8800778183971527,0.015217863116384022
A5,40.0,0.9399477806788512,0.8797245078099724,0.015067865107308372
A5,41.0,0.9399477806788512,0.8770398720741184,0.015862841730314072
A5,42.0,0.9399477806788512,0.8783946081421561,0.015607431741627889
A5,43.0,0.9373368146214099,0.8755406287057387,0.016154273648723416
A5,44.0,0.9347258485639687,0.8755686075807977,0.013664760640579832
A5,45.0,0.9347258485639687,0.8776689124832129,0.014384092605287743
A5,46.0,0.9321148825065274,0.8735465640818938,0.01531598309540719
A5,47.0,0.9321148825065274,0.8741516562745646,0.01300458927996512
A5,48.0,0.9321148825065274,0.8746126756180805,0.013801651297918618
A5,49.0,0.9321148825065274,0.8717893367640751,0.01578435689152396
A5,50.0,0.9295039164490861,0.8717267181493922,0.015619699159750863
A5,51.0,0.9295039164490861,0.8702421659682407,0.014674144813928515
A5,52.0,0.9268929503916449,0.8689399818438014,0.01568598257844838
A5,53.0,0.9242819843342036,0.8690774379147767,0.014953277378995425
A5,54.0,0.9268929503916449,0.8688392722464089,0.013305059124261845
A5,55.0,0.9216710182767625,0.8651750568945622,0.01602538104288457
A5,56.0,0.9242819843342036,0.8637469472748124,0.015853082003533508
A5,57.0,0.9190600522193212,0.8621617503036326,0.014667356916346682
A5,58.0,0.9216710182767625,0.8648769629815072,0.015122357499405818
A5,59.0,0.9190600522193212,0.8634053590602905,0.014642276636113873
A5,60.0,0.9164490861618799,0.8593286923485917,0.015939224757181892
A5,61.0,0.9190600522193212,0.8641633194838443,0.014313455968296425
A5,62.0,0.9138381201044387,0.8623663960016056,0.015321305156727071
A5,63.0,0.9164490861618799,0.8617733183206012,0.01461186587187484
A5,64.0,0.9138381201044387,0.8570594055712971,0.015510657332775341
A5,65.0,0.9138381201044387,0.8565307658274823,0.015575430105274672
A5,66.0,0.9112271540469974,0.8531247083341705,0.016327930250264206
A5,67.0,0.9086161879895561,0.8537772526835222,0.01657791319635737
A5,68.0,0.9086161879895561,0.8559410337954353,0.015626110031002984
A5,69.0,0.9060052219321149,0.8538621733089268,0.01627925948079984
A5,70.0,0.9060052219321149,0.8545995778665604,0.016331777210535074
A5,71.0,0.9060052219321149,0.8495695907499711,0.015917119622530278
A5,72.0,0.9033942558746736,0.8503564388550409,0.015096930763681703
A5,73.0,0.9033942558746736,0.8499515131224616,0.016480411590449755
A5,74.0,0.9033942558746736,0.8524473275470207,0.015163235198686478
A5,75.0,0.9007832898172323,0.8492314818722935,0.016150460572813607
A5,76.0,0.9007832898172323,0.8454628313425884,0.01700406472548679
A5,77.0,0.8955613577023499,0.8475773309113231,0.016746699420041616
A5,78.0,0.8981723237597912,0.8446961181861138,0.01579946661147898
A5,79.0,0.8955613577023499,0.8437849273509853,0.016164611613994434
A5,80.0,0.8955613577023499,0.8457257164620328,0.01621733580641007
A5,81.0,0.8929503916449086,0.8405794152394895,0.018348095229476755
A5,82.0,0.8929503916449086,0.8448293045977352,0.015094363771282282
A5,83.0,0.8903394255874674,0.840122057820973,0.017209490311734146
A5,84.0,0.8903394255874674,0.8395453898907361,0.0159500906026923
A5,85.0,0.8877284595300261,0.836628935538828,0.01699386915935687
A5,86.0,0.8851174934725848,0.8348049087628663,0.01761316755032585
A5,87.0,0.8851174934725848,0.8370315407617664,0.01582690978945683
A5,88.0,0.8825065274151436,0.8368439036575325,0.016340872250767642
A5,89.0,0.8798955613577023,0.8323914292755747,0.017368430892767198
A5,90.0,0.8798955613577023,0.8306984832383456,0.017160160875153253
A5,91.0,0.8772845953002611,0.8286863114903502,0.017594876452905306
A5,92.0,0.8720626631853786,0.8292719620516668,0.017359673602915366
A5,93.0,0.8720626631853786,0.8246098952339881,0.01811611185518673
A5,94.0,0.8694516971279374,0.822012284892269,0.01747676009975061
A5,95.0,0.8694516971279374,0.8239525690245448,0.015888034109262126
A5,96.0,0.8668407310704961,0.8220395982443857,0.01714568746651446
A5,97.0,0.8642297650130548,0.8195237258861984,0.017674743938653613
A5,98.0,0.8616187989556136,0.8190020539674199,0.017603326208754842
A5,99.0,0.8590078328981723,0.8173761103895568,0.017613683853439605
A5,100.0,0.856396866840731,0.8152116649325143,0.01849418763843988
A5,101.0,0.8537859007832899,0.8129661258972332,0.019305770142289066
A5,102.0,0.8511749347258486,0.8104407852269133,0.019162046081024602
A5,103.0,0.8485639686684073,0.8103019642763661,0.019612781063525785
A5,104.0,0.8459530026109661,0.8092174709073653,0.01967930775695343
A5,105.0,0.8433420365535248,0.8007126289274763,0.020634371466977452
A5,106.0,0.8407310704960835,0.8031730588305247,0.02498027889119928
A5,107.0,0.835509138381201,0.8022450830265203,0.019553054485352796
A5,108.0,0.8328981723237598,0.8003429797714158,0.02192215196192776
A5,109.0,0.8302872062663186,0.8018494115568386,0.02313746874817835
A5,110.0,0.8276762402088773,0.7907960855390672,0.022672227777697247
A5,111.0,0.825065274151436,0.7871367889870223,0.022819429342201908
A5,112.0,0.8198433420365535,0.7784280060437094,0.02064036693045641
A5,113.0,0.8198433420365535,0.7750641387700792,0.02075390866135321
A5,114.0,0.8172323759791122,0.7705987190364871,0.02032897582870966
A5,115.0,0.8120104438642297,0.7666642308512401,0.01968020307733685
A5,116.0,0.804177545691906,0.7613536593316362,0.020360219966832148
A5,117.0,0.804177545691906,0.7562316969278355,0.019843234721994726
A5,118.0,0.7989556135770235,0.7542825144057177,0.01917004607862208
A5,119.0,0.7963446475195822,0.7503895530875961,0.01829474896742149
A5,120.0,0.7911227154046997,0.7453829824795124,0.02095733213557789
A5,121.0,0.7859007832898173,0.7386534163811971,0.020413419269243872
A5,122.0,0.7859007832898173,0.7372368592731682,0.02029563724336066
A5,123.0,0.7806788511749347,0.7317305734872103,0.019689833616107526
A5,124.0,0.7780678851174935,0.7206789478921805,0.02122877754582837
A5,125.0,0.7728459530026109,0.7222742156091254,0.020644273613741104
A5,126.0,0.7702349869451697,0.7151075481226026,0.0197168406348143
A5,127.0,0.7650130548302873,0.7141708139601366,0.02054994726849229
A5,128.0,0.762402088772846,0.7030779920289076,0.025295768397836312
A5,129.0,0.7571801566579635,0.6958434176001731,0.02480955906082139
A5,130.0,0.7545691906005222,0.6957990751327269,0.021702940482474738
A5,131.0,0.7493472584856397,0.6929424450661736,0.024292783302974786
A5,132.0,0.7493472584856397,0.6826636007017316,0.02419177743918304
A5,133.0,0.7441253263707572,0.6764941193717192,0.024016885252870483
A5,134.0,0.7389033942558747,0.6743473064514652,0.021052088542232818
A5,135.0,0.7336814621409922,0.6688987063400095,0.024679985290622153
A5,136.0,0.7284595300261096,0.6593559053023701,0.023680222722412294
A5,137.0,0.7258485639686684,0.6572300919965834,0.023342382440237487
A5,138.0,0.7180156657963447,0.6400359371392473,0.025490286157111977
A5,139.0,0.7154046997389034,0.6428654605096394,0.02532283650181128
A5,140.0,0.7101827676240209,0.6342746651611825,0.021547749043881917
A5,141.0,0.6997389033942559,0.6278729578244734,0.021679946810634624
A5,142.0,0.6945169712793734,0.6046818897005933,0.020802042061132335
A5,143.0,0.6892950391644909,0.6073892188925544,0.024979851351149836
A5,144.0,0.6840731070496083,0.5857698376080896,0.022417143756932278
A5,145.0,0.6788511749347258,0.5903209219802621,0.023275404181065145
A5,146.0,0.6710182767624021,0.572619942425885,0.02149201281984082
A5,147.0,0.6684073107049608,0.5729355315011905,0.026250543257983677
A5,148.0,0.660574412532637,0.5542300450655784,0.02201527469166828
A5,149.0,0.6579634464751958,0.5443512838545513,0.025440089846355627
A5,150.0,0.6527415143603134,0.5337245613365696,0.02593634246020981
A5,151.0,0.6475195822454308,0.530949386804868,0.02540676609828479
A5,152.0,0.6422976501305483,0.5282064244409389,0.02473900057323496
A5,153.0,0.6344647519582245,0.5241921772774281,0.02432170701583388
A5,154.0,0.6292428198433421,0.5232781200575851,0.025587134788502462
A5,155.0,0.6240208877284595,0.5238090792196441,0.024004380795725984
A5,156.0,0.618798955613577,0.512727732626631,0.025829040590823745
A5,157.0,0.6135770234986945,0.5105295110043415,0.025743605839788828
A5,158.0,0.608355091383812,0.5105886753372771,0.025472185872593298
A5,159.0,0.6005221932114883,0.4958239275700977,0.02540333940274811
A5,160.0,0.5953002610966057,0.48650305883604794,0.025698649956073297
A5,161.0,0.5900783289817232,0.4853105722056976,0.024051006605403505
A5,162.0,0.5848563968668408,0.4944191836369935,0.025783049234703433
A5,163.0,0.5796344647519582,0.48388041731390263,0.024508233518960563
A5,164.0,0.5718015665796344,0.4665396726549752,0.023945516818079975
A5,165.0,0.5639686684073107,0.46838131820927165,0.02267777683982098
A5,166.0,0.5587467362924282,0.4606949519921666,0.023324737585652573
A5,167.0,0.5535248041775457,0.45411287324976046,0.024102932025901382
A5,168.0,0.5456919060052219,0.4487330744887259,0.023812164393462797
A5,169.0,0.5404699738903395,0.44493856363503576,0.023440093865785647
A5,170.0,0.5326370757180157,0.436664097412616,0.0237660548001455
A5,171.0,0.5274151436031331,0.42889585015572945,0.023797784258749947
A5,172.0,0.5195822454308094,0.425881539572452,0.023736439536620774
A5,173.0,0.5143603133159269,0.41397311630848915,0.025116309021713086
A5,174.0,0.5065274151436031,0.40839699902791404,0.026183327849504442
A5,175.0,0.5013054830287206,0.40294345120550695,0.026338294671106783
A5,176.0,0.4934725848563969,0.39633331012649886,0.02677032619834317
A5,177.0,0.4856396866840731,0.38767564330166165,0.02915795653483561
A5,178.0,0.4804177545691906,0.38261959659873607,0.029713493820440612
A5,179.0,0.4725848563968668,0.37401575603835724,0.032222464073019756
A5,180.0,0.46475195822454307,0.3659971014095195,0.03361158050134451
A5,181.0,0.45691906005221933,0.35817491339003765,0.03475533644634115
A5,182.0,0.4490861618798956,0.3496966627009117,0.03489991736600288
A5,183.0,0.4412532637075718,0.3427433685592551,0.03767229787436232
A5,184.0,0.43342036553524804,0.33453361593537967,0.039029553214322554
A5,185.0,0.4255874673629243,0.32830307303018186,0.04052868238060837
A5,186.0,0.4177545691906005,0.3207856455335241,0.0408715908816061
A5,187.0,0.40992167101827676,0.3165461051564401,0.039775123135389764
A5,188.0,0.402088772845953,0.30962429900345884,0.04227225607284112
A5,189.0,0.391644908616188,0.3020743489727483,0.04051843472658953
A5,190.0,0.3838120104438642,0.29565058995861393,0.04140022229373594
A5,191.0,0.37597911227154046,0.2877110036596238,0.04219809671031039
A5,192.0,0.36553524804177545,0.28293369526780565,0.04268683759181242
A5,193.0,0.3577023498694517,0.27696525624509066,0.04193853253440646
A5,194.0,0.34986945169712796,0.2694051482328459,0.04352531949948451
A5,195.0,0.3394255874673629,0.26120028088921937,0.04445834657175659
A5,196.0,0.33159268929503916,0.25765558656695164,0.041838446884612045
A5,197.0,0.3237597911227154,0.2530637323237083,0.04108179643953556
A5,198.0,0.3185378590078329,0.24672148271783328,0.0414959536883695
A5,199.0,0.30809399477806787,0.23522496439521381,0.04302631754418109
A5,200.0,0.3002610966057441,0.2191290252294864,0.04332378346206075
A5,201.0,0.2924281984334204,0.12731941557735538,0.04580027602091998
A5,202.0,0.2845953002610966,0.23994371956488275,0.029564997724706308
A5,203.0,0.2741514360313316,0.07313506815667195,0.03180244948276198
A5,204.0,0.26370757180156656,0.06994531575836313,0.03329247534947825
A5,205.0,0.06318537859007833,0.04477409966236975,0.023732583047115733
A5,206.0,0.05796344647519582,0.044338902632948866,0.02574006927470369
A5,207.0,0.056657963446475196,0.05130590797530178,0.02921531805942482
A5,208.0,0.05456919060052219,0.047827339882542515,0.027816760167533174
A5,209.0,0.053263707571801565,0.04168877680276852,0.025381574085324377
A5,210.0,0.05221932114882506,0.03931893950591565,0.02476684420034433
A5,211.0,0.05039164490861619,0.040851886542164394,0.026201458206681516
A5,212.0,0.04882506527415144,0.03866761677032328,0.02574314400293463
A5,213.0,0.04699738903394256,0.03845737823391807,0.023262936188727323
A5,214.0,0.04490861618798955,0.03818626362266039,0.024295031221699962
A5,215.0,0.042819843342036555,0.036708259199947295,0.023579502096788035
A5,216.0,0.0412532637075718,0.036106156539723974,0.023557953731062016
A5,217.0,0.04203655352480418,0.034897666188127494,0.02347131510420557
A5,218.0,0.04308093994778068,0.03598757918458055,0.023902575661399566
A5,219.0,0.04203655352480418,0.03362869351288322,0.023030193097005155
A5,220.0,0.0433420365535248,0.034469697678381456,0.023170401841594482
A5,221.0,0.04255874673629243,0.03464313574366601,0.02395515143405212
A5,222.0,0.042819843342036555,0.0329259028708614,0.023432819709602672
A5,223.0,0.04151436031331593,0.033394829866009695,0.023936068041939564
A5,224.0,0.0402088772845953,0.0330200734102404,0.024090193791458145
A5,225.0,0.038903394255874676,0.03050640461518113,0.024109165658514953
A5,226.0,0.038642297650130546,0.029029798413507862,0.024714545003695732
A5,227.0,0.03759791122715405,0.029828283770822084,0.02354596802094711
A5,228.0,0.037075718015665796,0.0293342303716907,0.023403504167760006
A5,229.0,0.03733681462140992,0.02766292770338326,0.02495200445316018
A5,230.0,0.0381201044386423,0.029446658032117136,0.024072670968583367
A5,231.0,0.0381201044386423,0.02899770217879977,0.024027812375815687
A5,232.0,0.038642297650130546,0.027183063193786734,0.0246365313259574
A5,233.0,0.03838120104438642,0.028031064866381482,0.024616726883756594
A5,234.0,0.037859007832898174,0.027054927766459763,0.024788282744108877
A5,235.0,0.03733681462140992,0.025973093286259824,0.025934608214885514
A5,236.0,0.03681462140992167,0.026897721751767894,0.024050954900647948
A5,237.0,0.03629242819843342,0.025649121719792244,0.024335608716058513
A5,238.0,0.03629242819843342,0.024244870760102726,0.026060920886924455
A5,239.0,0.03577023498694517,0.025426848701388814,0.02527601248102268
A5,240.0,0.03498694516971279,0.024473661133771814,0.024922456597695875
A5,241.0,0.03472584856396867,0.022591281265713543,0.02623080490972932
A5,242.0,0.03446475195822454,0.02299051619039366,0.025713935455354865
A5,243.0,0.03420365535248042,0.023973168998721574,0.025203162570971063
A5,244.0,0.03446475195822454,0.02162963255114865,0.026535729767803898
A5,245.0,0.03446475195822454,0.02187697221215698,0.02572651600833691
A5,246.0,0.03420365535248042,0.021207109074136404,0.02651789379930919
A5,247.0,0.03420365535248042,0.020270024866361966,0.027681845259419663
A5,248.0,0.033681462140992165,0.02169946423148533,0.0250438505500152
A5,249.0,0.03315926892950392,0.02095581645879541,0.025235132838092075
A5,250.0,0.03315926892950392,0.01842775467512731,0.027774632361158652
A5,251.0,0.03263707571801567,0.0200249637377772,0.025650424305440976
A5,252.0,0.032114882506527415,0.019500898263331755,0.026731412450454278
A5,253.0,0.03185378590078329,0.01724372723023608,0.02851893889216107
A5,254.0,0.03080939947780679,0.016810021003043747,0.02767879311596649
A5,255.0,0.030287206266318537,0.017246771186432273,0.02681196745468039
A5,256.0,0.029503916449086162,0.015630658434180503,0.028279974209864472
A5,257.0,0.029242819843342035,0.015701643008463904,0.028380575642906213
A5,258.0,0.028720626631853787,0.016259632554977272,0.02756390725619007
A5,259.0,0.02845953002610966,0.015012070413219676,0.028883375678446913
A5,260.0,0.02845953002610966,0.014600941673516526,0.028430748233029015
A5,261.0,0.02793733681462141,0.014664618840875113,0.028081835273316508
A5,262.0,0.027676240208877285,0.012963597921892833,0.029021499117668097
A5,263.0,0.02741514360313316,0.013619928764924044,0.028647210749959677
A5,264.0,0.027154046997389034,0.012961325322856113,0.028300214776148677
A5,265.0,0.02689295039164491,0.012013641602039257,0.029407300156303336
A5,266.0,0.026631853785900782,0.012256290197445709,0.028900444950255167
A5,267.0,0.02600522193211488,0.01219187885730219,0.02814125436409355
A5,268.0,0.02600522193211488,0.011551904585122307,0.027780964710840066
A5,269.0,0.025900783289817233,0.011201575200402207,0.028716515534250066
A5,270.0,0.025926892950391644,0.010268012852814083,0.02881914924863061
A5,271.0,0.025822454308093996,0.01143493302191883,0.029041339953825712
A5,272.0,0.025822454308093996,0.009182717805365018,0.029427098317371735
A5,273.0,0.02563968668407311,0.009203161347558116,0.029790385922577496
A5,274.0,0.025744125326370756,0.009018986262766517,0.029271558539742185
A5,275.0,0.025691906005221934,0.008014746006734942,0.029589784960077723
A5,276.0,0.02485639686684073,0.008721917084252483,0.029386305536463576
A5,277.0,0.02472584856396867,0.009937571285193209,0.028640971391894428
A5,278.0,0.02451697127937337,0.0063532022133518246,0.030701036110360555
A5,279.0,0.024334203655352483,0.007766016339881776,0.03033040097336963
A5,280.0,0.02381201044386423,0.008927636839119305,0.029715303310318103
A5,281.0,0.024073107049608355,0.006984184913836747,0.030887181745054317
A5,282.0,0.023864229765013057,0.007122369524509661,0.03017022812095895
A5,283.0,0.023968668407310705,0.0062443825950368875,0.030598499039498156
A5,284.0,0.024099216710182766,0.006020400675050247,0.030100467671575797
A5,285.0,0.024360313315926894,0.006184632697817896,0.029801060552696913
A5,286.0,0.024151436031331592,0.0047728656302828965,0.030549501808858334
A5,287.0,0.024281984334203654,0.0045383392276035495,0.02995715006874158
A5,288.0,0.02412532637075718,0.0033477816688597534,0.03138354493632093
A5,289.0,0.02360313315926893,0.0039114356821229185,0.03022846303446087
A5,290.0,0.023446475195822453,0.002898552564633991,0.0307300539209572
A5,291.0,0.023342036553524806,0.002554479780522048,0.031982273737775936
A5,292.0,0.023080939947780682,0.002573893330148694,0.03181133442321246
A5,293.0,0.022872062663185377,0.0015634756048626963,0.03220390560442314
A5,294.0,0.022689295039164493,0.001243423225514309,0.03137377828702968
A5,295.0,0.022637075718015667,0.0009279176248840337,0.03144235515656113
A5,296.0,0.022715404699738904,-0.0007767169425898779,0.03305033248757218
A5,297.0,0.022140992167101827,0.0002043773732836318,0.03256714270994134
A5,298.0,0.02240208877284595,-0.00316180371329379,0.03276389477766816
A6,1.0,1.0,1.0040043313548876,0.005217799663491378
A6,2.0,0.995049504950495,0.9992601296683117,0.004514651870048802
A6,3.0,0.9925742574257426,0.99014494920556,0.003283773842280453
A6,4.0,0.9900990099009901,0.982224191573188,0.0033504508238595856
A6,5.0,0.9851485148514851,0.9828351795754947,0.003262535767936028
A6,6.0,0.9801980198019802,0.9796841974476007,0.003415402508824733
A6,7.0,0.9777227722772277,0.9749891741064078,0.003562531397714104
A6,8.0,0.9752475247524752,0.973297163374621,0.0033497273411080206
A6,9.0,0.9727722772277227,0.9687556884658047,0.003139449792276384
A6,10.0,0.9702970297029703,0.962512650981194,0.0032618526792370364
A6,11.0,0.9678217821782178,0.9594187512581852,0.003137209946866992
A6,12.0,0.9653465346534653,0.9615529334865915,0.0032233939177433567
A6,13.0,0.9628712871287128,0.9599961122487656,0.003219661076463829
A6,14.0,0.9603960396039604,0.9587001889051582,0.0033332387124120435
A6,15.0,0.9579207920792079,0.9563644135372505,0.0033862309197894873
A6,16.0,0.9579207920792079,0.956214699839192,0.0031134142619376405
A6,17.0,0.9579207920792079,0.95199077128151,0.0029991524303739545
A6,18.0,0.9554455445544554,0.9492689304222269,0.003102642067522676
A6,19.0,0.9529702970297029,0.9479928547703772,0.003139853061878585
A6,20.0,0.9504950495049505,0.9479821291129035,0.0030799417872880387
A6,21.0,0.9504950495049505,0.9454152076426647,0.0030992205114463993
A6,22.0,0.9504950495049505,0.9453338193262169,0.0032661468169220623
A6,23.0,0.948019801980198,0.9431720696733695,0.003303389738723521
A6,24.0,0.948019801980198,0.9419229465853888,0.0032572828515888093
A6,25.0,0.9455445544554455,0.9394175409398289,0.0034291737947542062
A6,26.0,0.9455445544554455,0.9367129843874069,0.0034513461489606013
A6,27.0,0.9455445544554455,0.9343697514542935,0.0033713362776670182
A6,28.0,0.943069306930693,0.9362687986994426,0.0033129650432515605
A6,29.0,0.943069306930693,0.9363002619727016,0.003469925080091227
A6,30.0,0.9405940594059405,0.9355119195458284,0.0033975270699166896
A6,31.0,0.9405940594059405,0.9348405809540515,0.003443309895107374
A6,32.0,0.9405940594059405,0.9332122407813985,0.003419453040836126
A6,33.0,0.9381188118811881,0.9298464077862316,0.0033738961207752274
A6,34.0,0.9381188118811881,0.9318358486349014,0.003171163860730771
A6,35.0,0.9356435643564357,0.9321811748347153,0.0034555275939725173
A6,36.0,0.9356435643564357,0.9315311774371134,0.003428197470432525
A6,37.0,0.9356435643564357,0.9308629521756195,0.003500900468496228
A6,38.0,0.9356435643564357,0.930153584159792,0.0035595601574303394
A6,39.0,0.9356435643564357,0.9248466324049605,0.003852130593793647
A6,40.0,0.9331683168316832,0.924209968601489,0.0037808160125320767
A6,41.0,0.9331683168316832,0.9230418783978288,0.003998016208965376
A6,42.0,0.9331683168316832,0.9252520736748308,0.0035894708173857333
A6,43.0,0.9306930693069307,0.926183251342912,0.003797307036235983
A6,44.0,0.9306930693069307,0.9249506143621962,0.0036063066881059373
A6,45.0,0.9306930693069307,0.9252950052962081,0.0036481741635437694
A6,46.0,0.9306930693069307,0.9206326631766559,0.003977757860920412
A6,47.0,0.9306930693069307,0.9195872080301045,0.0038661798415118667
A6,48.0,0.9282178217821783,0.9213983880075216,0.003634373268919741
A6,49.0,0.9282178217821783,0.9207229201122659,0.0038212345205552046
A6,50.0,0.9282178217821783,0.9216635253157042,0.0038524354790748405
A6,51.0,0.9257425742574258,0.921236668212928,0.003947137394029689
A6,52.0,0.9282178217821783,0.9189510800550081,0.003761494760658345
A6,53.0,0.9257425742574258,0.9199428526763256,0.0038816636722307095
A6,54.0,0.9257425742574258,0.9148215583370921,0.003994895426820995
A6,55.0,0.9257425742574258,0.9190514658337587,0.0036112042811764305
A6,56.0,0.9257425742574258,0.9157610698139339,0.003867553951760342
A6,57.0,0.9232673267326733,0.9169132144976135,0.0037024365769380667
A6,58.0,0.9232673267326733,0.9171489771227783,0.003892924267165977
A6,59.0,0.9232673267326733,0.9145585986963285,0.003916789856958834
A6,60.0,0.9232673267326733,0.9154372410789408,0.003947231105926257
A6,61.0,0.9232673267326733,0.9114231161839973,0.004277670902229641
A6,62.0,0.9207920792079208,0.914999740245611,0.003979358110401615
A6,63.0,0.9207920792079208,0.9118569907528933,0.00414892184425056
A6,64.0,0.9207920792079208,0.9147802619640304,0.003784822299103315
A6,65.0,0.9183168316831684,0.9142585427205709,0.0040768912345450475
A6,66.0,0.9207920792079208,0.9120078326058595,0.0037928442778681452
A6,67.0,0.9183168316831684,0.9123472117879894,0.003923023770877687
A6,68.0,0.9183168316831684,0.9127378756787011,0.003996083774103417
A6,69.0,0.9183168316831684,0.9125509343669442,0.004045379364271371
A6,70.0,0.9183168316831684,0.9100395356231533,0.004045085816184588
A6,71.0,0.9158415841584159,0.9109525371932986,0.004320136066990026
A6,72.0,0.9183168316831684,0.9089261756190087,0.003994154727208406
A6,73.0,0.9158415841584159,0.9109498352522153,0.00410896096126957
A6,74.0,0.9158415841584159,0.9099457379568848,0.004124634354620247
A6,75.0,0.9158415841584159,0.9099930623995759,0.004141836863867352
A6,76.0,0.9158415841584159,0.908896416815358,0.00409041800933398
A6,77.0,0.9158415841584159,0.9094694020770692,0.0041575773952129925
A6,78.0,0.9158415841584159,0.9052191075959197,0.00428134219533685
A6,79.0,0.9158415841584159,0.9043222268011271,0.004426516078691368
A6,80.0,0.9158415841584159,0.9041207648571836,0.004447366119863746
A6,81.0,0.9133663366336634,0.9060191541424151,0.004260908982016587
A6,82.0,0.9133663366336634,0.9061950343071253,0.004399081182135752
A6,83.0,0.9133663366336634,0.9065879911889414,0.004233477292954075
A6,84.0,0.9133663366336634,0.9061609602737962,0.004236718943890938
A6,85.0,0.9133663366336634,0.9057967330283438,0.004351256826328263
A6,86.0,0.9108910891089109,0.9045746859440438,0.004212960298607278
A6,87.0,0.9108910891089109,0.9044189534256112,0.00428078736986212
A6,88.0,0.9108910891089109,0.9047058752118844,0.004291337341884344
A6,89.0,0.9108910891089109,0.9037935315467753,0.004347468529827171
A6,90.0,0.9108910891089109,0.9050130917105821,0.004314495704231014
A6,91.0,0.9108910891089109,0.9039563005798275,0.0042720825096116185
A6,92.0,0.9108910891089109,0.9030582625651491,0.004358118653686552
A6,93.0,0.9108910891089109,0.8984467404350303,0.004298580540306697
A6,94.0,0.9084158415841584,0.8981611994403338,0.004236750912753703
A6,95.0,0.9084158415841584,0.9021410890904518,0.004178147867191091
A6,96.0,0.905940594059406,0.9038430003698729,0.004462664878999972
A6,97.0,0.9084158415841584,0.9028618425040537,0.0043897082468729925
A6,98.0,0.9084158415841584,0.9021853796624982,0.004382368571557088
A6,99.0,0.9084158415841584,0.9008465993526054,0.004380518450709054
A6,100.0,0.905940594059406,0.902043125784593,0.004497443845310131
A6,101.0,0.905940594059406,0.9007612842233494,0.004472256093679659
A6,102.0,0.905940594059406,0.9008965466575157,0.004493413028126508
A6,103.0,0.905940594059406,0.8995038011395734,0.004572411127355696
A6,104.0,0.905940594059406,0.8994814234137044,0.004534138540469901
A6,105.0,0.905940594059406,0.9001698122096233,0.004630548271811787
A6,106.0,0.905940594059406,0.8997568579470334,0.004547861066833806
A6,107.0,0.905940594059406,0.8972516670524441,0.004275210687568157
A6,108.0,0.9034653465346535,0.8989660846043088,0.0046900621008424456
A6,109.0,0.9034653465346535,0.897682491834392,0.004642303294215174
A6,110.0,0.9034653465346535,0.8967223128206131,0.0046469754599218595
A6,111.0,0.9034653465346535,0.896266731619574,0.004632566051292469
A6,112.0,0.905940594059406,0.8951429710158103,0.004484521777852273
A6,113.0,0.9034653465346535,0.8972788226641739,0.004841554766796135
A6,114.0,0.9034653465346535,0.8957249599016496,0.004722807192406044
A6,115.0,0.9034653465346535,0.8952177736710899,0.004731873548918163
A6,116.0,0.9034653465346535,0.8948653535830473,0.00473033597693613
A6,117.0,0.9034653465346535,0.8947106154701064,0.004818178541489708
A6,118.0,0.900990099009901,0.8948087434161658,0.004929082637194693
A6,119.0,0.900990099009901,0.8939297431345223,0.00491345551433102
A6,120.0,0.900990099009901,0.894455774311367,0.005033496419069004
A6,121.0,0.900990099009901,0.894024280113917,0.005016763950331894
A6,122.0,0.900990099009901,0.8924519562770907,0.004902407427016596
A6,123.0,0.900990099009901,0.8895612117209218,0.004849535981291913
A6,124.0,0.8985148514851485,0.8938753681002736,0.005085017058794577
A6,125.0,0.900990099009901,0.8892798746632472,0.004647429578435538
A6,126.0,0.900990099009901,0.8905876586326831,0.004849622645101362
A6,127.0,0.8985148514851485,0.8911758459934108,0.005108812437640528
A6,128.0,0.8985148514851485,0.8902989656383525,0.005071080961317464
A6,129.0,0.900990099009901,0.8882104331703023,0.004829222130861717
A6,130.0,0.8985148514851485,0.8898120978290589,0.005159375151816463
A6,131.0,0.8985148514851485,0.8913144080108409,0.005293543918077335
A6,132.0,0.8985148514851485,0.8908614382353471,0.005282645062899102
A6,133.0,0.8985148514851485,0.8911865418068687,0.005222040546677012
A6,134.0,0.900990099009901,0.8873740153125954,0.004948431039209342
A6,135.0,0.8985148514851485,0.8874084648380741,0.005114585091422983
A6,136.0,0.8960396039603961,0.8888209132721464,0.005195532556200262
A6,137.0,0.8985148514851485,0.8869884820508525,0.005221416325740441
A6,138.0,0.8985148514851485,0.8840020716526027,0.00515159837033953
A6,139.0,0.8985148514851485,0.8855235319613327,0.005246677460117405
A6,140.0,0.8985148514851485,0.8862483943671315,0.0051743211815039845
A6,141.0,0.8960396039603961,0.8864927206140529,0.005238605299128005
A6,142.0,0.8960396039603961,0.8880680045233689,0.005569346101601373
A6,143.0,0.8960396039603961,0.8864148924064108,0.005304840582724397
A6,144.0,0.8960396039603961,0.8859245023576081,0.005409714417292481
A6,145.0,0.8960396039603961,0.8855238533687148,0.0053689612046636985
A6,146.0,0.8935643564356436,0.8859156882590931,0.005288038216254152
A6,147.0,0.8960396039603961,0.8851212867656842,0.005413813966807735
A6,148.0,0.8935643564356436,0.8840776509865907,0.0055058809320487285
A6,149.0,0.8935643564356436,0.8863066443899663,0.005502967556836894
A6,150.0,0.8935643564356436,0.8858490359992081,0.005475004700044049
A6,151.0,0.8935643564356436,0.8853177477835229,0.005493878530324198
A6,152.0,0.8935643564356436,0.8850946982615914,0.005563188694980643
A6,153.0,0.8935643564356436,0.8846788546572053,0.005482024789314721
A6,154.0,0.8935643564356436,0.8865565104710719,0.005517550568822801
A6,155.0,0.8910891089108911,0.8844237633761783,0.005532796811051139
A6,156.0,0.8935643564356436,0.8840827798238476,0.005526773637363406
A6,157.0,0.8935643564356436,0.8812466024833364,0.005355656762556245
A6,158.0,0.8935643564356436,0.8763305236584431,0.005278399088070069
A6,159.0,0.8935643564356436,0.8791073518302722,0.0052601053372079015
A6,160.0,0.8910891089108911,0.8815712712146976,0.00554609385309157
A6,161.0,0.8910891089108911,0.881944400905641,0.005587049090798667
A6,162.0,0.8935643564356436,0.8765870905816906,0.0054944040178744975
A6,163.0,0.8910891089108911,0.8784355027797381,0.005396843258244444
A6,164.0,0.8910891089108911,0.8784458461192834,0.005422110137013348
A6,165.0,0.8910891089108911,0.8770237386255016,0.005382229985059333
A6,166.0,0.8910891089108911,0.8780480585141358,0.005612878867368103
A6,167.0,0.8886138613861386,0.880062609429716,0.005636834688034243
A6,168.0,0.8886138613861386,0.8801125722479911,0.005676629681486319
A6,169.0,0.8910891089108911,0.8761715008627253,0.005558082060964733
A6,170.0,0.8910891089108911,0.8756154415643952,0.005557462798360934
A6,171.0,0.8910891089108911,0.8756697345777137,0.0056284773936361165
A6,172.0,0.8886138613861386,0.8754735884334397,0.005675620316114355
A6,173.0,0.8886138613861386,0.8755936732450338,0.005630597783329933
A6,174.0,0.8886138613861386,0.8750244951766448,0.005635860822387579
A6,175.0,0.8886138613861386,0.8749890474857978,0.0056720998939689665
A6,176.0,0.8886138613861386,0.8740441440563234,0.005631308458057574
A6,177.0,0.8886138613861386,0.8737897071706312,0.005677701747758302
A6,178.0,0.8886138613861386,0.8736184399652684,0.0056471613662583625
A6,179.0,0.8886138613861386,0.8733569859958479,0.00571532143924836
A6,180.0,0.8886138613861386,0.8726857698006196,0.005752296183948171
A6,181.0,0.8861386138613861,0.8721049314583101,0.005653787972746208
A6,182.0,0.8861386138613861,0.8717208636802687,0.005647847813830287
A6,183.0,0.8861386138613861,0.8705703008984438,0.0057013882772110995
A6,184.0,0.8861386138613861,0.870367575625697,0.005807947037046643
A6,185.0,0.8861386138613861,0.8708385317796901,0.00587162201597633
A6,186.0,0.8861386138613861,0.8704825353067653,0.005891913231850874
A6,187.0,0.8861386138613861,0.8703471854919813,0.005832693333142553
A6,188.0,0.8861386138613861,0.870214300393461,0.0059405745398207754
A6,189.0,0.8861386138613861,0.8695215995658526,0.00580934483667058
A6,190.0,0.8861386138613861,0.8688660142091831,0.0057901158989839665
A6,191.0,0.8836633663366337,0.8693013950484823,0.005913959230697445
A6,192.0,0.8836633663366337,0.86943996549443,0.006047614796334342
A6,193.0,0.8836633663366337,0.8687933694136827,0.00599132774966197
A6,194.0,0.8836633663366337,0.8677954374834871,0.005970965499875428
A6,195.0,0.8836633663366337,0.8678047135655728,0.006077988034063082
A6,196.0,0.8836633663366337,0.868325918990526,0.006134615234859538
A6,197.0,0.8836633663366337,0.866923328240375,0.006080285993132833
A6,198.0,0.8836633663366337,0.8674379846033728,0.006126067305409098
A6,199.0,0.8836633663366337,0.8672772375728419,0.006171924726916411
A6,200.0,0.8836633663366337,0.8663744848975542,0.00604411472194292
A6,201.0,0.8836633663366337,0.8617878192551375,0.006228086571281929
A6,202.0,0.8811881188118812,0.8703841906357289,0.006339411763754759
A6,203.0,0.8836633663366337,0.8615232037948004,0.00626602344135456
A6,204.0,0.8836633663366337,0.868244633229415,0.006337125523753442
A6,205.0,0.8836633663366337,0.8621777448265568,0.0062470489343799075
A6,206.0,0.8811881188118812,0.8672858038961806,0.0064461497070587275
A6,207.0,0.8836633663366337,0.8669976757616967,0.006415724463314986
A6,208.0,0.8811881188118812,0.8651242078720044,0.006397768270759091
A6,209.0,0.8787128712871287,0.8693095327727813,0.006646843072639673
A6,210.0,0.8836633663366337,0.8612330949017571,0.006354586984800562
A6,211.0,0.8787128712871287,0.8698822272527679,0.006712891991416295
A6,212.0,0.8811881188118812,0.867876301503497,0.006560050736660187
A6,213.0,0.8811881188118812,0.8667845014245799,0.006478857035676515
A6,214.0,0.8787128712871287,0.8688764178121181,0.0067433177290492545
A6,215.0,0.8811881188118812,0.8661445288051361,0.006599954849923487
A6,216.0,0.8811881188118812,0.8579091787838943,0.006667793668468829
A6,217.0,0.8787128712871287,0.8660113104841444,0.0066647864488294075
A6,218.0,0.8787128712871287,0.8668590396337257,0.00671343332611709
A6,219.0,0.8811881188118812,0.8652490827739627,0.0066654799379669075
A6,220.0,0.8787128712871287,0.8673640690132486,0.0067967114928637615
A6,221.0,0.8787128712871287,0.8668223180249038,0.006776372048514949
A6,222.0,0.8787128712871287,0.867141986584645,0.006790234451247206
A6,223.0,0.8762376237623762,0.8668967626827426,0.0069040919450018895
A6,224.0,0.8787128712871287,0.8661585655889731,0.00695655680030621
A6,225.0,0.8787128712871287,0.863515740377211,0.006753546542329443
A6,226.0,0.8787128712871287,0.8655035348054821,0.006848440031095936
A6,227.0,0.8787128712871287,0.8632004164522933,0.006785624348664015
A6,228.0,0.8762376237623762,0.8649193454353561,0.006944982710962412
A6,229.0,0.8787128712871287,0.8630531950023274,0.006823427833836511
A6,230.0,0.8762376237623762,0.8638173137648182,0.006956937386587188
A6,231.0,0.8787128712871287,0.8625673670289089,0.006853412628963338
A6,232.0,0.8762376237623762,0.8635233945485308,0.007012413213459421
A6,233.0,0.8787128712871287,0.8618445917093243,0.00694650834627375
A6,234.0,0.8762376237623762,0.8627570133909789,0.007042857001473058
A6,235.0,0.8762376237623762,0.8624871864098168,0.006940137956662066
A6,236.0,0.8762376237623762,0.8628826778727616,0.007082350833383866
A6,237.0,0.8762376237623762,0.8609164981534929,0.006996227131796247
A6,238.0,0.8737623762376238,0.8640823915026212,0.0070650861519678185
A6,239.0,0.8762376237623762,0.8614003570955782,0.00701945655479796
A6,240.0,0.8762376237623762,0.8540829515236072,0.006985016009958826
A6,241.0,0.8762376237623762,0.8625285270231696,0.007074841447914046
A6,242.0,0.8762376237623762,0.8540018956897316,0.0070505640545935186
A6,243.0,0.8762376237623762,0.8616332546283422,0.007069065830635042
A6,244.0,0.8762376237623762,0.8523213218048382,0.00695870716606658
A6,245.0,0.8737623762376238,0.8606529249163967,0.0070822553848405925
A6,246.0,0.8762376237623762,0.8527860493972966,0.007007187857880567
A6,247.0,0.8712871287128713,0.8624094257266048,0.007185208760086613
A6,248.0,0.8762376237623762,0.859155837931923,0.007214886728279244
A6,249.0,0.8762376237623762,0.8569579550077318,0.007112945600882172
A6,250.0,0.8737623762376238,0.855525342081532,0.007030384928538649
A6,251.0,0.8737623762376238,0.8582721445091434,0.007200699652206401
A6,252.0,0.8712871287128713,0.8595942239137498,0.007233227501786543
A6,253.0,0.8737623762376238,0.8528465348693982,0.007104743144767753
A6,254.0,0.8688118811881188,0.8616148752889263,0.007448881801936586
A6,255.0,0.8737623762376238,0.8567481889006339,0.007293711802786368
A6,256.0,0.8712871287128713,0.8582618241373262,0.007274384422052361
A6,257.0,0.8737623762376238,0.853758627484631,0.0072035587309859
A6,258.0,0.8712871287128713,0.8530391500182499,0.007213373082970738
A6,259.0,0.8712871287128713,0.8514195614122779,0.0071135867504618
A6,260.0,0.8688118811881188,0.8596708718531465,0.007513514515198103
A6,261.0,0.8737623762376238,0.8557188600378896,0.007448951496839303
A6,262.0,0.8712871287128713,0.8482341757265586,0.007415978194713174
A6,263.0,0.8712871287128713,0.8570555547507732,0.007527827153178832
A6,264.0,0.8712871287128713,0.8480087733546612,0.007480535593545749
A6,265.0,0.8712871287128713,0.8570442634016678,0.007578323009437409
A6,266.0,0.8712871287128713,0.8469219722441483,0.007467089653048063
A7,1.0,1.0,1.043709673941429,0.010552061580544843
A7,2.0,0.9925373134328358,1.0402752572539564,0.009237605938579915
A7,3.0,0.9875621890547264,1.0293386514366674,0.009102582502174392
A7,4.0,0.9800995024875622,1.0223135808808237,0.008630418908142786
A7,5.0,0.9751243781094527,1.018722807889527,0.008478449973125335
A7,6.0,0.9701492537313433,1.0109031867309373,0.008132389670630166
A7,7.0,0.9651741293532339,1.0078988684998127,0.00799794428150261
A7,8.0,0.9626865671641791,1.0075544629756548,0.008001690669076687
A7,9.0,0.9601990049751243,0.9984635505351133,0.008346350894076437
A7,10.0,0.9577114427860697,1.00111964406166,0.008857813942689363
A7,11.0,0.9527363184079602,0.9958684001454741,0.0076966781075600895
A7,12.0,0.9502487562189055,0.99092276465548,0.0074211922676542304
A7,13.0,0.9477611940298507,0.9910630857674763,0.008021106196488131
A7,14.0,0.945273631840796,0.9885956717972846,0.007328683537413182
A7,15.0,0.9427860696517413,0.9777141443575879,0.007162703623257995
A7,16.0,0.9427860696517413,0.9804837158451838,0.007683335498678918
A7,17.0,0.9378109452736318,0.9822682524496869,0.008026345682704845
A7,18.0,0.9378109452736318,0.9817694248295193,0.0075049535948234795
A7,19.0,0.9328358208955224,0.9750372567396611,0.006864032207737068
A7,20.0,0.9328358208955224,0.9768758367180436,0.007448822353637308
A7,21.0,0.9303482587064676,0.9744739603009142,0.007588879123794416
A7,22.0,0.9303482587064676,0.9748549991793531,0.007205406408300915
A7,23.0,0.927860696517413,0.9719583981099115,0.00711195938681082
A7,24.0,0.927860696517413,0.9719875347304016,0.006943572140850409
A7,25.0,0.9253731343283582,0.9734824194245759,0.00805703152383112
A7,26.0,0.9228855721393034,0.978108506835049,0.008262788894893004
A7,27.0,0.9203980099502488,0.9705337280509788,0.007174146177585111
A7,28.0,0.9203980099502488,0.9630401391230073,0.007072229280501994
A7,29.0,0.917910447761194,0.9664631083019614,0.006946663507094337
A7,30.0,0.917910447761194,0.9623043670388977,0.007148736452830315
A7,31.0,0.917910447761194,0.9630107894350077,0.007464339565326322
A7,32.0,0.9154228855721394,0.9670015463978002,0.007770362992138165
A7,33.0,0.9129353233830846,0.9633501145888008,0.007302009849577107
A7,34.0,0.9104477611940298,0.9523956763530724,0.006914813409850455
A7,35.0,0.9104477611940298,0.9567073486302045,0.006751562010073298
A7,36.0,0.9079601990049752,0.9506667841880823,0.006338834428018268
A7,37.0,0.9079601990049752,0.9544246066634107,0.006492588028281035
A7,38.0,0.9079601990049752,0.9572730212732745,0.007780914821505726
A7,39.0,0.9054726368159204,0.9509950607562191,0.007053074410148171
A7,40.0,0.9054726368159204,0.9505401510362148,0.007347488356647428
A7,41.0,0.9029850746268657,0.945720474993915,0.00614445078902979
A7,42.0,0.900497512437811,0.9461236808944622,0.006459225491508308
A7,43.0,0.900497512437811,0.9422108134635254,0.0064868526400941075
A7,44.0,0.8980099502487562,0.9432234280059179,0.006048832850757929
A7,45.0,0.900497512437811,0.9424760827799019,0.0069613740006422165
A7,46.0,0.8980099502487562,0.9409212341218482,0.006281714216659782
A7,47.0,0.8955223880597015,0.9384278615035411,0.005938976342985547
A7,48.0,0.8930348258706468,0.9392607494200632,0.005546013166832163
A7,49.0,0.8930348258706468,0.9363012302588649,0.006156908142100603
A7,50.0,0.8930348258706468,0.9347538584849945,0.005979983846682724
A7,51.0,0.8930348258706468,0.9386961541416253,0.005733829316482862
A7,52.0,0.8905472636815921,0.9359835688416587,0.006071446855444368
A7,53.0,0.8905472636815921,0.9395893088718054,0.006081269827264295
A7,54.0,0.8880597014925373,0.9285877436805685,0.00549592928969353
A7,55.0,0.8880597014925373,0.927519671901297,0.005641371748972227
A7,56.0,0.8830845771144279,0.92235843831261,0.005280788692235429
A7,57.0,0.8830845771144279,0.9254376778592768,0.005431056466280062
A7,58.0,0.8830845771144279,0.9288028412334958,0.00516012608173073
A7,59.0,0.8805970149253731,0.9207132398653695,0.005485687585037766
A7,60.0,0.8830845771144279,0.9232229342160754,0.005563440879182326
A7,61.0,0.8805970149253731,0.9244459766249186,0.004930435903471903
A7,62.0,0.8805970149253731,0.9226699249229298,0.005199412705284783
A7,63.0,0.8756218905472637,0.9149839412757547,0.00495199787990521
A7,64.0,0.8756218905472637,0.9158839399119854,0.00530985413044143
A7,65.0,0.8756218905472637,0.9173840649872742,0.004381026639657261
A7,66.0,0.8731343283582089,0.9119040980082724,0.004520122606066602
A7,67.0,0.8706467661691543,0.9134106782399349,0.004500512949473612
A7,68.0,0.8706467661691543,0.9076998629334371,0.00440598640696735
A7,69.0,0.8706467661691543,0.9135974440878013,0.004124726428143839
A7,70.0,0.8681592039800995,0.9146083124662581,0.004159604296442753
A7,71.0,0.8681592039800995,0.9044145427332333,0.004222092828959308
A7,72.0,0.8656716417910447,0.9017596197842268,0.004008057609371321
A7,73.0,0.8656716417910447,0.9001002227937425,0.003972144130439617
A7,74.0,0.8631840796019901,0.8995026672735329,0.003986962160441036
A7,75.0,0.8631840796019901,0.8942745592663168,0.003816960683980286
A7,76.0,0.8606965174129353,0.8912648322752396,0.0037071156559740064
A7,77.0,0.8606965174129353,0.8916322097439904,0.003528022975523008
A7,78.0,0.8582089552238806,0.88449373018657,0.003450236374233071
A7,79.0,0.8557213930348259,0.8799376712707243,0.0032099098151992674
A7,80.0,0.8507462686567164,0.8729079426274754,0.003840625774706834
A7,81.0,0.8482587064676617,0.8689406615951537,0.0035886227789428027
A7,82.0,0.845771144278607,0.8653587761919724,0.0036313477367550155
A7,83.0,0.8432835820895522,0.8646029148350273,0.003877619582354472
A7,84.0,0.8407960199004975,0.8578853720518275,0.004076258835532285
A7,85.0,0.8383084577114428,0.8545633147810737,0.004342427459205305
A7,86.0,0.835820895522388,0.8516794501544075,0.00464627786827122
A7,87.0,0.8333333333333334,0.8472627664374112,0.00484897269891875
A7,88.0,0.8283582089552238,0.8437029053513458,0.004991658095400053
A7,89.0,0.8258706467661692,0.8411640540057844,0.005512909829625661
A7,90.0,0.8233830845771144,0.8353454882894582,0.005943492842090233
A7,91.0,0.818407960199005,0.8335519074036101,0.006364400060140775
A7,92.0,0.818407960199005,0.8296434810945127,0.006105078416273968
A7,93.0,0.8134328358208955,0.828602969182845,0.006841464673949726
A7,94.0,0.8109452736318408,0.8238020250853331,0.006985030560596234
A7,95.0,0.8034825870646766,0.8210364453407702,0.006792641190612979
A7,96.0,0.8034825870646766,0.8109817882170697,0.01040926318482845
A7,97.0,0.8009950248756219,0.8129603312102354,0.008570539285421489
A7,98.0,0.7985074626865671,0.8119239649757941,0.008323295686842796
A7,99.0,0.7985074626865671,0.809944157849003,0.008221971605527975
A7,100.0,0.7960199004975125,0.8089137376031429,0.00857082653856211
A7,101.0,0.7935323383084577,0.8071633101909919,0.008850842478204531
A7,102.0,0.7910447761194029,0.8014343824072149,0.008948453284767191
A7,103.0,0.7885572139303483,0.8014493675657947,0.008872669708422147
A7,104.0,0.7860696517412935,0.7975321699495492,0.00882999819092506
A7,105.0,0.7810945273631841,0.7938629130486743,0.011225220089980475
A7,106.0,0.7835820895522388,0.7971242516193598,0.008903813702424745
A7,107.0,0.7835820895522388,0.791217361619844,0.00831196752790975
A7,108.0,0.7761194029850746,0.7920126528945551,0.009775186628965774
A7,109.0,0.7761194029850746,0.7897246808697559,0.00880771818083873
A7,110.0,0.7736318407960199,0.7875877826537317,0.008768250831396568
A7,111.0,0.7711442786069652,0.7851989374368814,0.00901036285728785
A7,112.0,0.7711442786069652,0.7791282582864254,0.008463404974496037
A7,113.0,0.763681592039801,0.7789209602709205,0.009252481079770057
A7,114.0,0.763681592039801,0.7806869361794144,0.008777937883222427
A7,115.0,0.7611940298507462,0.7776595441533617,0.00905060455317386
A7,116.0,0.7587064676616916,0.7733083726221599,0.008737923007098547
A7,117.0,0.7562189054726368,0.7721109523006512,0.008661265219208217
A7,118.0,0.753731343283582,0.7713285239823819,0.008568284105527608
A7,119.0,0.7512437810945274,0.7673596661184,0.008344221298472083
A7,120.0,0.7487562189054726,0.7679675140800335,0.008592173442826286
A7,121.0,0.746268656716418,0.7646458534009953,0.008516272353783428
A7,122.0,0.7437810945273632,0.7605155492333225,0.00852038681555163
A7,123.0,0.7412935323383084,0.7582322272083173,0.009334250735422225
A7,124.0,0.7437810945273632,0.749630544996084,0.008764828939118634
A7,125.0,0.736318407960199,0.7551590196975547,0.009155951779173563
A7,126.0,0.7313432835820896,0.7512189091896151,0.008756707202051255
A7,127.0,0.7288557213930348,0.7485878211824106,0.008864684126904172
A7,128.0,0.7263681592039801,0.7444861880868606,0.008629683089744199
A7,129.0,0.7263681592039801,0.7311183518953326,0.0085895030005839
A7,130.0,0.7213930348258707,0.7399758842343742,0.008835633708488399
A7,131.0,0.7139303482587065,0.7352118015532146,0.008770634034553143
A7,132.0,0.7114427860696517,0.7286156319898254,0.009886980239243127
A7,133.0,0.7089552238805971,0.723913422080685,0.010470136264935209
A7,134.0,0.7114427860696517,0.7237537338599986,0.010023155457796242
A7,135.0,0.7014925373134329,0.709772031721577,0.009501116621611638
A7,136.0,0.6965174129353234,0.7142002600408008,0.009105840276867335
A7,137.0,0.6965174129353234,0.7087298288095056,0.008978165875243676
A7,138.0,0.6940298507462687,0.6987434114395384,0.009180189838208558
A7,139.0,0.6890547263681592,0.6937611313671112,0.009066675652545715
A7,140.0,0.6865671641791045,0.7017839481994749,0.009920674180614373
A7,141.0,0.6766169154228856,0.6942526254725648,0.009827182087377737
A7,142.0,0.6716417910447762,0.6859488319369822,0.0109933870813305
A7,143.0,0.6691542288557214,0.6831028146946496,0.01025602993267717
A7,144.0,0.664179104477612,0.6739501001140061,0.009877797595051249
A7,145.0,0.6592039800995025,0.6695143693076318,0.010254943796407144
A7,146.0,0.654228855721393,0.6610206888923287,0.010163055107697728
A7,147.0,0.6492537313432836,0.6552703707308929,0.010443864478305191
A7,148.0,0.6442786069651741,0.6476328613924109,0.010130910624396477
A7,149.0,0.6393034825870647,0.6394595038246993,0.01128281667848064
A7,150.0,0.6343283582089553,0.6292660177699388,0.012013674689142691
A7,151.0,0.6293532338308457,0.622186410403994,0.011942535338361688
A7,152.0,0.6218905472636815,0.6107291897764876,0.01199211110071603
A7,153.0,0.6144278606965174,0.6082310498837707,0.012052424560678033
A7,154.0,0.6094527363184079,0.5951723533353567,0.012543915744585086
A7,155.0,0.6044776119402985,0.5849678657518381,0.012211304971541707
A7,156.0,0.5970149253731343,0.5757229029943554,0.012304419986501313
A7,157.0,0.5920398009950248,0.5642142373414064,0.012340458844547696
A7,158.0,0.5845771144278606,0.5545974646370379,0.012686839924281428
A7,159.0,0.5771144278606966,0.5478276890161239,0.012931672673327657
A7,160.0,0.5671641791044776,0.5442152194725852,0.012928911478790283
A7,161.0,0.5597014925373134,0.5412989713399289,0.01194408482807939
A7,162.0,0.554726368159204,0.5279865677664255,0.012234725110548164
A7,163.0,0.5447761194029851,0.5129422993390844,0.014160536205042993
A7,164.0,0.5373134328358209,0.5050069041919033,0.014417162312510985
A7,165.0,0.5298507462686567,0.4970312621964143,0.01485950330909358
A7,166.0,0.5199004975124378,0.49318853518223177,0.015145635551930454
A7,167.0,0.5124378109452736,0.482673208122351,0.0159589798669383
A7,168.0,0.5049751243781094,0.4894671440605856,0.01394191702646031
A7,169.0,0.4975124378109453,0.46696971386270014,0.01762243905235829
A7,170.0,0.4900497512437811,0.45940563156461806,0.018838780070286686
A7,171.0,0.48009950248756217,0.46350951218073955,0.019028124340855355
A7,172.0,0.4701492537313433,0.45695945847823094,0.020767095978492033
A7,173.0,0.4601990049751244,0.4545632389500563,0.02164081812488051
A7,174.0,0.4527363184079602,0.4492987517042032,0.023084775233590486
A7,175.0,0.4427860696517413,0.4511162175073816,0.02372689049034711
A7,176.0,0.43532338308457713,0.4460687641404157,0.025121439691697146
A7,177.0,0.4253731343283582,0.4464362420640954,0.026161967749384868
A7,178.0,0.4154228855721393,0.44165972031436196,0.02776768785571415
A7,179.0,0.4079601990049751,0.4398644395704069,0.02870824930082883
A7,180.0,0.39800995024875624,0.43696305976938005,0.02949884731379606
A7,181.0,0.3880597014925373,0.4352659720701877,0.030074187529981807
A7,182.0,0.3781094527363184,0.4315313856319457,0.03076859394937448
A7,183.0,0.3681592039800995,0.42340271970846055,0.03209460219943375
A7,184.0,0.36069651741293535,0.41888096359393606,0.032208543866208625
A7,185.0,0.35074626865671643,0.4137057957591857,0.03207245962423825
A7,186.0,0.34328358208955223,0.40715218561623634,0.03251444535972123
A7,187.0,0.3358208955223881,0.39955002501539577,0.032874881163425546
A7,188.0,0.3283582089552239,0.3921596522759179,0.03285958169010588
A7,189.0,0.3208955223880597,0.3824268531216921,0.031970612630440993
A7,190.0,0.31343283582089554,0.371591102560969,0.03197385444687493
A7,191.0,0.30597014925373134,0.360875550040085,0.030634621677400695
A7,192.0,0.29850746268656714,0.3491824308009994,0.029943784487931523
A7,193.0,0.291044776119403,0.3352998221658962,0.030608282035689265
A7,194.0,0.2835820895522388,0.3235065762014665,0.028678591071717874
A7,195.0,0.27860696517412936,0.3092407471554499,0.027205353862703115
A7,196.0,0.27114427860696516,0.2959122827082365,0.026112009704834054
A7,197.0,0.26616915422885573,0.27812679471435453,0.02589861819393594
A7,198.0,0.25870646766169153,0.261741122455897,0.023661434998713295
A7,199.0,0.24875621890547264,0.24162506201275447,0.025880767938490177
A7,200.0,0.04776119402985075,0.03521820951920751,0.019721596951555388
A7,201.0,0.04203980099502488,0.027422282796156147,0.01775207934995892
A7,202.0,0.03980099502487562,0.02051416583157288,0.01778316876700973
A7,203.0,0.03805970149253731,0.013072062242903262,0.018028241474661092
A7,204.0,0.03731343283582089,0.016278248822335445,0.01844290384225075
A7,205.0,0.03631840796019901,0.008806110682676421,0.018335688066158286
A7,206.0,0.036069651741293535,0.01564996208504374,0.0185847770133801
A7,207.0,0.035323383084577116,0.01229878586687451,0.018483116821012866
A7,208.0,0.03557213930348259,0.010968361504473598,0.01849169241701043
A7,209.0,0.03582089552238806,0.007705121484796976,0.01796365839996113
A7,210.0,0.03582089552238806,0.007884812815968867,0.0178619805916522
A7,211.0,0.03507462686567164,0.009332974215757836,0.018474415111584798
A7,212.0,0.03482587064676617,0.010193790340066997,0.018217765352892105
A7,213.0,0.03407960199004975,0.008092467487568145,0.018685022689388275
A7,214.0,0.03333333333333333,0.0010816184933815642,0.018910488142648556
A7,215.0,0.032587064676616914,-0.0024798892048516763,0.018899053614551894
A7,216.0,0.031840796019900496,-0.0005418518404238098,0.01808652568654255
A7,217.0,0.030845771144278607,0.0002826729696425584,0.018627836371740137
A7,218.0,0.03034825870646766,0.001953970740191671,0.01936650083417528
A7,219.0,0.03034825870646766,0.006099714818395621,0.01993561860086937
A7,220.0,0.030597014925373135,-0.0028068645359459465,0.019840917336051433
A7,221.0,0.030845771144278607,-0.0008056652054400509,0.018902962639358548
A7,222.0,0.030845771144278607,-0.002539427321308199,0.01927621567340126
A7,223.0,0.03109452736318408,-0.004376644222266982,0.018688807107435854
A7,224.0,0.030845771144278607,0.0006771984219608035,0.019388985696789058
A7,225.0,0.03009950248756219,-0.004317132286526276,0.019530369384840072
A7,226.0,0.029601990049751243,-0.0037655000291341723,0.019972947391979537
A7,227.0,0.02935323383084577,0.0007202373812753016,0.01967290013616238
A7,228.0,0.029104477611940297,0.0055644864744358175,0.020718553922757284
A7,229.0,0.028358208955223882,-0.0006328721259595271,0.020371194633739112
A7,230.0,0.02810945273631841,0.006719452252874861,0.021464964146371737
A7,231.0,0.027860696517412936,0.0008854563300074586,0.020814846408952307
A7,232.0,0.02810945273631841,-0.0030214750743942087,0.020509376109961702
A7,233.0,0.028606965174129355,-0.0019981361673945125,0.02061201592353996
A7,234.0,0.028606965174129355,0.002089620423092693,0.020281754428338815
A7,235.0,0.028855721393034824,-0.0038992439191915668,0.02017115413782782
A7,236.0,0.028606965174129355,-0.0016141347279611737,0.020583744157893633
A7,237.0,0.02810945273631841,0.0003747901702166184,0.020293946878435595
A7,238.0,0.02810945273631841,-0.0027700794241538595,0.020564679614953944
A7,239.0,0.027860696517412936,0.0015468225832079782,0.021056683312281645
A7,240.0,0.027611940298507463,0.0025055032203490993,0.021182681116169114
A7,241.0,0.02736318407960199,-0.0019877085861142937,0.021479931043731835
A7,242.0,0.027114427860696518,0.003925100928597061,0.021370063096666968
A7,243.0,0.026865671641791045,0.002951688085109948,0.02199246007427085
A7,244.0,0.02661691542288557,4.167883965233016e-05,0.02212978801668154
A7,245.0,0.02661691542288557,0.004371531942785618,0.021730697836900136
A7,246.0,0.02661691542288557,0.0036051589301988873,0.022175283283079578
A7,247.0,0.02661691542288557,0.0005414385998690971,0.021774347800614567
A7,248.0,0.02661691542288557,0.0028691280155861143,0.02218045799021747
A7,249.0,0.02661691542288557,0.00015950922452406813,0.02180562231393646
A7,250.0,0.0263681592039801,0.005125842572977851,0.022245112109185394
A7,251.0,0.026119402985074626,0.0049473529536006484,0.02243178804827872
A7,252.0,0.025870646766169153,0.001121259935329362,0.02256154188786684
A7,253.0,0.02562189054726368,0.0021321900714802097,0.022550175628829855
A7,254.0,0.025373134328358207,0.0064762056281226395,0.023123625019018514
A7,255.0,0.025124378109452738,0.0071560627163117264,0.022886288881202397
A7,256.0,0.024626865671641792,0.004292628189163979,0.023182477703332035
A7,257.0,0.024353233830845773,0.01105767853488303,0.023867783046881565
A7,258.0,0.02390547263681592,0.014084999178996527,0.02401578487473543
A7,259.0,0.023606965174129354,0.007176370875165847,0.024086816830419223
A7,260.0,0.023407960199004974,0.01587796011187103,0.024358492674193946
A7,261.0,0.02318407960199005,0.008860033559295977,0.024626535367697957
A7,262.0,0.023109452736318408,0.015855652084572746,0.02428809177043251
A7,263.0,0.022885572139303482,0.009413775252709838,0.02469912412090315
A7,264.0,0.022711442786069652,0.010514558212182565,0.02450080572287815
A7,265.0,0.022437810945273633,0.011875326926611205,0.024470208900949236
A7,266.0,0.022338308457711443,0.018813557158981465,0.024572273810225927
A7,267.0,0.02208955223880597,0.01295200265778583,0.024672271635915653
A7,268.0,0.021940298507462687,0.012651408786957197,0.024657478495825676
A7,269.0,0.02171641791044776,0.018949472352724584,0.02472836920409449
A7,270.0,0.021592039800995024,0.013435620507910168,0.025123622809487545
A7,271.0,0.021467661691542288,0.016182680607501634,0.024569256932726043
A7,272.0,0.021517412935323384,0.01656523897388631,0.02432661429176997
A7,273.0,0.02144278606965174,0.012833488663999092,0.024887617250401672
A7,274.0,0.021318407960199005,0.013544922858513705,0.025591529999008423
A7,275.0,0.021318407960199005,0.018310828192327024,0.025424282401996765
A7,276.0,0.021218905472636815,0.01660940223824242,0.025204307549056164
A7,277.0,0.021194029850746268,0.01391071794731169,0.024830391815436927
A7,278.0,0.02082089552238806,0.01695467322726696,0.02585743267416227
A7,279.0,0.02064676616915423,0.0143364116617897,0.025636285734461875
A7,280.0,0.020522388059701493,0.01757422971152431,0.02619061549677313
A7,281.0,0.020298507462686566,0.015538620690266756,0.025659144270056534
A7,282.0,0.020099502487562187,0.01570983179100044,0.025972007301049167
A7,283.0,0.02017412935323383,0.014480547467418357,0.026037131265839304
A7,284.0,0.02017412935323383,0.016373739761825677,0.026103633384231373
A7,285.0,0.01997512437810945,0.015440506433412132,0.026392019978751957
A7,286.0,0.020074626865671644,0.015913833713154482,0.026071818334414656
A7,287.0,0.020248756218905473,0.015039255466383197,0.026215011520174084
A7,288.0,0.02019900497512438,0.014461474952043418,0.026152833498623414
A7,289.0,0.020124378109452737,0.01699496470274417,0.025670084723314834
A7,290.0,0.020149253731343283,0.012403576520454346,0.02588152539283834
A7,291.0,0.019850746268656717,0.013168275298061832,0.02588242210051235
A7,292.0,0.01962686567164179,0.01272559892371318,0.026317569862996784
A7,293.0,0.0195273631840796,0.011604251726661075,0.026499248910067975
A7,294.0,0.01945273631840796,0.0148284445325442,0.027450111644406913
A7,295.0,0.019228855721393035,0.009957455904747267,0.02759217812908667
A7,296.0,0.01912935323383085,0.011582871960602162,0.027802966959930876
A7,297.0,0.019303482587064675,0.01099691320582187,0.028570439235307696
A7,298.0,0.0191044776119403,0.011571762536440447,0.02722155957730845
A7,299.0,0.018930348258706466,0.008504164610958584,0.028247900347616997
A7,300.0,0.01917910447761194,0.00999788054991857,0.028500558222439198
A8,1.0,1.0,0.9908358348238298,0.0034371651564872015
A8,2.0,0.9950372208436724,0.9855155901142653,0.0035758039031671953
A8,3.0,0.9875930521091811,0.9819320358850697,0.0031014517641060947
A8,4.0,0.9851116625310173,0.9771222787761513,0.003025378817299856
A8,5.0,0.9801488833746899,0.9714807893679994,0.0033033753006620594
A8,6.0,0.9751861042183623,0.9692252642090774,0.0031118636071361385
A8,7.0,0.9727047146401985,0.9687878694751556,0.0032452362311946007
A8,8.0,0.9702233250620348,0.96763763878428,0.0036917929685789863
A8,9.0,0.967741935483871,0.9644872482516341,0.00350247203809575
A8,10.0,0.9627791563275434,0.9596706211453051,0.0025094324098564502
A8,11.0,0.9602977667493796,0.9569650822260016,0.0025301763593575458
A8,12.0,0.9578163771712159,0.9536307039688691,0.0025712832813245485
A8,13.0,0.9578163771712159,0.9523624355343623,0.0024769492413538904
A8,14.0,0.9553349875930521,0.9546739235014028,0.002539567198215802
A8,15.0,0.9528535980148883,0.9536042589105933,0.002903315991142213
A8,16.0,0.9503722084367245,0.9531581977473732,0.002977738744531442
A8,17.0,0.9478908188585607,0.9517986135810078,0.003012485518029079
A8,18.0,0.9478908188585607,0.9460748774339538,0.0026593648813378907
A8,19.0,0.9454094292803971,0.941959207999056,0.002544898043170558
A8,20.0,0.9454094292803971,0.9425470614949641,0.0024924437215646206
A8,21.0,0.9429280397022333,0.9388338088281449,0.002583692028667184
A8,22.0,0.9429280397022333,0.9400403587168935,0.0024548286966161403
A8,23.0,0.9404466501240695,0.9414721220217631,0.0026446479561840304
A8,24.0,0.9404466501240695,0.9418078932491463,0.0028920720241521927
A8,25.0,0.9379652605459057,0.9406750469300387,0.0027649905659499676
A8,26.0,0.9354838709677419,0.9352881198645557,0.002608410700400335
A8,27.0,0.9354838709677419,0.9356874415946892,0.0024922633613455292
A8,28.0,0.9330024813895782,0.9318217315400201,0.002568700042785785
A8,29.0,0.9330024813895782,0.9323492999084819,0.0025011450274445702
A8,30.0,0.9330024813895782,0.9340629308035433,0.00278123579841008
A8,31.0,0.9330024813895782,0.9348166712056797,0.0028959562849376883
A8,32.0,0.9305210918114144,0.9342126039520118,0.002758201790855827
A8,33.0,0.9280397022332506,0.9283653166905572,0.002611540133907792
A8,34.0,0.9280397022332506,0.9269326602039798,0.002638578216404127
A8,35.0,0.9280397022332506,0.9262699638629575,0.0025094840076766755
A8,36.0,0.9255583126550868,0.9254253964570289,0.0024616666948499627
A8,37.0,0.9255583126550868,0.9299108756245026,0.0028759338889657766
A8,38.0,0.9255583126550868,0.9286221543615756,0.0028783286224841036
A8,39.0,0.9255583126550868,0.9271449391599489,0.002823988889989177
A8,40.0,0.9230769230769231,0.9227396007814272,0.0025918052828249145
A8,41.0,0.9230769230769231,0.9199120166711781,0.002550386326299161
A8,42.0,0.9205955334987593,0.9202095677054682,0.0025081032020281484
A8,43.0,0.9205955334987593,0.9198854840235092,0.0025211602532904647
A8,44.0,0.9205955334987593,0.9249213744663961,0.0028703012653824547
A8,45.0,0.9205955334987593,0.9243350087137796,0.002849315479450504
A8,46.0,0.9181141439205955,0.9185406658305383,0.002511044218946528
A8,47.0,0.9181141439205955,0.9177861408595216,0.002504513436007523
A8,48.0,0.9156327543424317,0.9153018523302588,0.0025621395889947707
A8,49.0,0.9156327543424317,0.914943704614124,0.0025504006599571753
A8,50.0,0.9156327543424317,0.9188443908434724,0.0025112387527755067
A8,51.0,0.9156327543424317,0.9201176050277196,0.0029839902591103193
A8,52.0,0.9156327543424317,0.9203217273116027,0.002803876547827994
A8,53.0,0.913151364764268,0.9125428060491965,0.002477347942886075
A8,54.0,0.913151364764268,0.9168168392893536,0.0028158028063459436
A8,55.0,0.913151364764268,0.9118201480147127,0.002585485346054456
A8,56.0,0.9106699751861043,0.9106527559359348,0.002613360207940782
A8,57.0,0.913151364764268,0.9132277940468011,0.0025560081358164282
A8,58.0,0.9106699751861043,0.9096183784587626,0.00261363763910117
A8,59.0,0.9106699751861043,0.9130140192064077,0.002815425355319245
A8,60.0,0.9081885856079405,0.9087645341456011,0.002601089618286904
A8,61.0,0.9106699751861043,0.911821339820523,0.002863855514051799
A8,62.0,0.9081885856079405,0.9061028353394956,0.002539237929024774
A8,63.0,0.9057071960297767,0.9033943310387492,0.0026150746717878343
A8,64.0,0.9081885856079405,0.907470492722497,0.002685613751400884
A8,65.0,0.9057071960297767,0.9028259932892483,0.0025928020152707065
A8,66.0,0.9057071960297767,0.9064385728957954,0.0026893621133424078
A8,67.0,0.9057071960297767,0.9073186400995408,0.002610023669042584
A8,68.0,0.9032258064516129,0.9012563834510656,0.0027464616534265277
A8,69.0,0.9057071960297767,0.9052656116804149,0.002676693386976445
A8,70.0,0.9032258064516129,0.905062689570021,0.002620278747762609
A8,71.0,0.9032258064516129,0.9035858121345732,0.0026862349927270785
A8,72.0,0.9007444168734491,0.8997272415776806,0.002712773115799725
A8,73.0,0.9007444168734491,0.8978972669710901,0.0027276176035333144
A8,74.0,0.9007444168734491,0.8965450771941905,0.002782627806153976
A8,75.0,0.9007444168734491,0.8966839823952419,0.002869621030546528
A8,76.0,0.8982630272952854,0.8949169323076953,0.0028908400381141546
A8,77.0,0.9007444168734491,0.89533052445488,0.0027598176783885037
A8,78.0,0.8982630272952854,0.894083298396319,0.002714735922357206
A8,79.0,0.8982630272952854,0.8948473907380177,0.0027066682597151064
A8,80.0,0.8957816377171216,0.8919950315393299,0.0029551254538278332
A8,81.0,0.8957816377171216,0.892446008153854,0.0028934040352223854
A8,82.0,0.8957816377171216,0.8901419770281929,0.00291768090746165
A8,83.0,0.8957816377171216,0.8899482723166463,0.002907679729342073
A8,84.0,0.8957816377171216,0.8884880739132448,0.002959648608544768
A8,85.0,0.8933002481389578,0.8885401399314563,0.002953737866613282
A8,86.0,0.8933002481389578,0.8878096895989074,0.0029616187418271406
A8,87.0,0.8933002481389578,0.8873430328534492,0.0031063892530781745
A8,88.0,0.8933002481389578,0.8875302440307928,0.003003254341827995
A8,89.0,0.890818858560794,0.8863510842519836,0.003021532341618696
A8,90.0,0.890818858560794,0.885886191100125,0.0031233315011111574
A8,91.0,0.890818858560794,0.884123006739806,0.003284334249509715
A8,92.0,0.890818858560794,0.8837078019400206,0.00308344078392019
A8,93.0,0.890818858560794,0.8829525321956149,0.0032048615039175694
A8,94.0,0.8883374689826302,0.8824711688107425,0.003211294188268158
A8,95.0,0.8883374689826302,0.8794280617389478,0.003341153764575194
A8,96.0,0.8883374689826302,0.8777173576108948,0.003565967219040089
A8,97.0,0.8883374689826302,0.8789989145182865,0.0032853679904128806
A8,98.0,0.8858560794044665,0.8793574670065275,0.0032336538385545318
A8,99.0,0.8858560794044665,0.8787627525630853,0.003282143151240921
A8,100.0,0.8858560794044665,0.8778891011113097,0.0032903933092777375
A8,101.0,0.8858560794044665,0.8768448356462982,0.003353902480689378
A8,102.0,0.8833746898263027,0.8762210592523707,0.00343937547124002
A8,103.0,0.8833746898263027,0.8749286768951466,0.0033944472608291765
A8,104.0,0.8833746898263027,0.8742313326039114,0.003393881343827842
A8,105.0,0.8833746898263027,0.8718663344188097,0.0036711071127846643
A8,106.0,0.8833746898263027,0.8775775162240287,0.0032180246431252027
A8,107.0,0.8808933002481389,0.8719049596632396,0.00374418155516753
A8,108.0,0.8808933002481389,0.8722266519666418,0.0035654937663622236
A8,109.0,0.8808933002481389,0.8721429723933833,0.003520025493705178
A8,110.0,0.8808933002481389,0.8701337782010115,0.00358315675498249
A8,111.0,0.8808933002481389,0.8755504291473247,0.003288589593238904
A8,112.0,0.8784119106699751,0.8687340516753168,0.003836339187790669
A8,113.0,0.8784119106699751,0.8687837444449089,0.003670207388762029
A8,114.0,0.8784119106699751,0.8675519290596023,0.003791485532378345
A8,115.0,0.8759305210918115,0.8664896059247277,0.0036964047645203723
A8,116.0,0.8759305210918115,0.865891510493596,0.0037968785949432805
A8,117.0,0.8759305210918115,0.8664125006399168,0.00371540522158038
A8,118.0,0.8759305210918115,0.8666231765347548,0.0037207086085839663
A8,119.0,0.8759305210918115,0.866762127463402,0.003794048232637797
A8,120.0,0.8734491315136477,0.8646705247716168,0.003890979175693524
A8,121.0,0.8734491315136477,0.8644967891514683,0.0038734864953832485
A8,122.0,0.8734491315136477,0.8626590660818713,0.004020455926157198
A8,123.0,0.8734491315136477,0.8636134738776625,0.003901436038122965
A8,124.0,0.8734491315136477,0.8613939424183432,0.0039092774243511845
A8,125.0,0.8734491315136477,0.859030060790629,0.004230586229914286
A8,126.0,0.8709677419354839,0.8591504412261837,0.00430749799774041
A8,127.0,0.8709677419354839,0.8596706409409245,0.0038953185255487938
A8,128.0,0.8709677419354839,0.8595549842121882,0.003966505005939672
A8,129.0,0.8684863523573201,0.8584823188871108,0.004126025022862306
A8,130.0,0.8684863523573201,0.8573686875290357,0.004327673249458115
A8,131.0,0.8684863523573201,0.8581717081028348,0.004021998509251715
A8,132.0,0.8684863523573201,0.855821797304252,0.004045852799938411
A8,133.0,0.8709677419354839,0.8614295361858566,0.0038264015295551854
A8,134.0,0.8684863523573201,0.8524079192710449,0.004519547612763527
A8,135.0,0.8660049627791563,0.8555420650988684,0.004136687753617844
A8,136.0,0.8660049627791563,0.8554786536878116,0.004041220969195464
A8,137.0,0.8684863523573201,0.8572345181109167,0.003761094061028043
A8,138.0,0.8684863523573201,0.8658889639039108,0.0038821642980971663
A8,139.0,0.8660049627791563,0.8565262285396283,0.0038140663556801434
A8,140.0,0.8635235732009926,0.8513106979523337,0.004777765888129156
A8,141.0,0.8635235732009926,0.8514228503292538,0.0046964101902418
A8,142.0,0.8635235732009926,0.8508271979917857,0.0047923511342601146
A8,143.0,0.8635235732009926,0.8496676609300484,0.004490068216933912
A8,144.0,0.8610421836228288,0.8497955679919096,0.004315694006103885
A8,145.0,0.8610421836228288,0.8484439321652715,0.004545197728300925
A8,146.0,0.8610421836228288,0.849815896568434,0.0043437851823283306
A8,147.0,0.8610421836228288,0.8487414206945897,0.004389579383319565
A8,148.0,0.8610421836228288,0.8594934631740199,0.0037542426846240637
A8,149.0,0.8610421836228288,0.8490106302001721,0.004228964823445664
A8,150.0,0.8610421836228288,0.8471708799546834,0.0043608338967526935
A8,151.0,0.858560794044665,0.8465332557526946,0.004268668943594731
A8,152.0,0.858560794044665,0.8455975657178313,0.004463461240566393
A8,153.0,0.858560794044665,0.8454308301852826,0.004523088365275218
A8,154.0,0.8560794044665012,0.8433383887982179,0.004617088439135511
A8,155.0,0.8560794044665012,0.8442347657004995,0.00456665041180236
A8,156.0,0.8560794044665012,0.8524038644672716,0.003889536319385366
A8,157.0,0.8535980148883374,0.846110624811909,0.004421840627704281
A8,158.0,0.8535980148883374,0.8476455559849055,0.0041733861593562654
A8,159.0,0.8560794044665012,0.8513511124791457,0.0035047187256857736
A8,160.0,0.8535980148883374,0.8496844005303927,0.0035077751431634822
A8,161.0,0.8511166253101737,0.8477883458433612,0.0037957677982618375
A8,162.0,0.8535980148883374,0.8443325725200513,0.004058876975320818
A8,163.0,0.8535980148883374,0.8486806905339954,0.0035413074896289147
A8,164.0,0.8511166253101737,0.8488255469464496,0.0035245478237606906
A8,165.0,0.8511166253101737,0.8497006849943177,0.0035604605213355
A8,166.0,0.8511166253101737,0.8491058305434551,0.0035839444071569786
A8,167.0,0.8511166253101737,0.8473149346253069,0.003541918599143486
A8,168.0,0.8486352357320099,0.8426215316034396,0.0038589900078293965
A8,169.0,0.8486352357320099,0.8473698979263853,0.0035894060449327514
A8,170.0,0.8486352357320099,0.8461384693353408,0.003617809319841441
A8,171.0,0.8486352357320099,0.8455678570518274,0.003648120355450667
A8,172.0,0.8461538461538461,0.8450806711429684,0.003724592522062254
A8,173.0,0.8461538461538461,0.8440024366274673,0.0036796955391272994
A8,174.0,0.8461538461538461,0.844452113704983,0.003708955644753173
A8,175.0,0.8436724565756824,0.8441362643705264,0.0037082851019538533
A8,176.0,0.8436724565756824,0.8433875589756334,0.003718936217636433
A8,177.0,0.8436724565756824,0.8430416614039935,0.003868800806071341
A8,178.0,0.8436724565756824,0.8431283039690493,0.0037431675130764164
A8,179.0,0.8411910669975186,0.8416501546678421,0.00365229068031583
A8,180.0,0.8411910669975186,0.8413341177881655,0.003764787111651194
A8,181.0,0.8411910669975186,0.8406903099113836,0.0037351760815322334
A8,182.0,0.8387096774193549,0.8398626416962081,0.0037687744203957593
A8,183.0,0.8387096774193549,0.8391301121569313,0.003817934209923854
A8,184.0,0.8387096774193549,0.8377565158957989,0.003821904546730289
A8,185.0,0.8387096774193549,0.8378972937542125,0.003754330671457923
A8,186.0,0.8362282878411911,0.8379769895635194,0.0037199844838054275
A8,187.0,0.8362282878411911,0.837757176225939,0.003763118031801669
A8,188.0,0.8362282878411911,0.8378422137894731,0.003782266022666128
A8,189.0,0.8362282878411911,0.8364941308558016,0.003859643807068022
A8,190.0,0.8337468982630273,0.8355165007217098,0.0039112163505867015
A8,191.0,0.8337468982630273,0.8347261803445997,0.0038656057305457006
A8,192.0,0.8337468982630273,0.8346890768940566,0.004011254906979183
A8,193.0,0.8312655086848635,0.8332018353887378,0.004032344749562247
A8,194.0,0.8312655086848635,0.831378497755662,0.004054962549755724
A8,195.0,0.8312655086848635,0.8309620246958992,0.004020842810831434
A8,196.0,0.8287841191066998,0.8309978724493678,0.0040516411528310975
A8,197.0,0.8287841191066998,0.8308693073649644,0.00397127374099772
A8,198.0,0.8287841191066998,0.8293987425181444,0.0038337286024903087
A8,199.0,0.8287841191066998,0.8290870093791827,0.003882583425213129
A8,200.0,0.826302729528536,0.827587612999106,0.003958998360418691
A8,201.0,0.826302729528536,0.8246170657905392,0.004092415451316451
A8,202.0,0.826302729528536,0.8193498148269692,0.005233974647785726
A8,203.0,0.8238213399503722,0.8193139447963189,0.004900905630014614
A8,204.0,0.8238213399503722,0.8177863467578744,0.004791111840043521
A8,205.0,0.8213399503722084,0.8170993799755176,0.004899820255858876
A8,206.0,0.8238213399503722,0.8139644419771666,0.0053961793227935715
A8,207.0,0.8188585607940446,0.8161262315984926,0.004792377308794074
A8,208.0,0.8188585607940446,0.8171479652109965,0.00440353456822972
A8,209.0,0.8163771712158809,0.8112548537301293,0.005456237674399964
A8,210.0,0.8188585607940446,0.8161538746578963,0.004514126145553171
A8,211.0,0.8138957816377171,0.8201950490138264,0.004178935557842421
A8,212.0,0.8163771712158809,0.8183341146485407,0.004622842212492052
A8,213.0,0.8163771712158809,0.8131299983327277,0.0049387639226533865
A8,214.0,0.8114143920595533,0.813511177518708,0.004461931368182868
A8,215.0,0.8138957816377171,0.8168278680581953,0.005030868993856145
A8,216.0,0.8114143920595533,0.8109910825715495,0.004549643602787025
A8,217.0,0.8138957816377171,0.8086220951534264,0.00489818427779057
A8,218.0,0.8114143920595533,0.8140341370766565,0.005078358655730453
A8,219.0,0.8114143920595533,0.8061502550449534,0.004946616201419929
A8,220.0,0.8064516129032258,0.8111198769494883,0.005262171250663047
A8,221.0,0.8064516129032258,0.8121770267688406,0.005234344538214958
A8,222.0,0.8039702233250621,0.8075807196238236,0.004699588111762831
A8,223.0,0.8039702233250621,0.8018296265116025,0.005036248367651408
A8,224.0,0.8014888337468983,0.8019517917675779,0.0048767675581875575
A8,225.0,0.8014888337468983,0.8060327383083874,0.005272573826419251
A8,226.0,0.7965260545905707,0.7979345082693855,0.005163616857962315
A8,227.0,0.7990074441687345,0.8041037525351331,0.005526645499230512
A8,228.0,0.7965260545905707,0.7959681606088682,0.005006907443163683
A8,229.0,0.7965260545905707,0.7997463862832717,0.0057553149126053
A8,230.0,0.7915632754342432,0.7935855648199761,0.004900440695051442
A8,231.0,0.7915632754342432,0.7975212534396844,0.005848654338667975
A8,232.0,0.7890818858560794,0.7927004431086395,0.004954617597132134
A8,233.0,0.7890818858560794,0.7877291547435243,0.005472949880984264
A8,234.0,0.7866004962779156,0.7877290965472564,0.005242536099033025
A8,235.0,0.7841191066997518,0.7837746252659639,0.005768163131466512
A8,236.0,0.7841191066997518,0.7872511318561219,0.005468467563004718
A8,237.0,0.7791563275434243,0.7838034485486779,0.005482608702333109
A8,238.0,0.7791563275434243,0.7791484124092121,0.00607244648895006
A8,239.0,0.7741935483870968,0.7803832704463514,0.005828623138563409
A8,240.0,0.771712158808933,0.7771365562190863,0.005969466136173784
A8,241.0,0.7692307692307693,0.776570339119796,0.005812365221105151
A8,242.0,0.7692307692307693,0.7743807375981241,0.00582697644049735
A8,243.0,0.7642679900744417,0.7748632144503204,0.005910855612014876
A8,244.0,0.7642679900744417,0.7701049595269522,0.006372665873416139
A8,245.0,0.7617866004962779,0.7692178554619694,0.006090047402774224
A8,246.0,0.7593052109181141,0.7678005391145944,0.006346528360633499
A8,247.0,0.7568238213399504,0.7680513935053556,0.00587646445240531
A8,248.0,0.7543424317617866,0.761869969682129,0.006710581044730914
A8,249.0,0.7543424317617866,0.759816115614582,0.007416678450134692
A8,250.0,0.7518610421836228,0.7664378285734647,0.006351621186024716
A8,251.0,0.749379652605459,0.7583607751610044,0.00646412109382079
A8,252.0,0.7468982630272953,0.756895021922273,0.006347327946158602
A8,253.0,0.7419354838709677,0.7549672531837032,0.006466157169197088
A8,254.0,0.7419354838709677,0.7520062520496298,0.007672062323208017
A8,255.0,0.7419354838709677,0.7520883579287654,0.007149281563860813
A8,256.0,0.7369727047146402,0.7475381509352226,0.006172692583404882
A8,257.0,0.7344913151364765,0.7447876772039204,0.006181422493695989
A8,258.0,0.7320099255583127,0.7411698976513795,0.006640063152336534
A8,259.0,0.7295285359801489,0.7434292479861886,0.0063433603756017625
A8,260.0,0.7270471464019851,0.7389512576160373,0.006976218986767156
A8,261.0,0.7270471464019851,0.7385474425324099,0.0070253886888511875
A8,262.0,0.7220843672456576,0.7333387151791821,0.006976536916265932
A8,263.0,0.7220843672456576,0.731945410150096,0.007671020305841371
A8,264.0,0.7196029776674938,0.7276301176422855,0.0070034776046715135
A8,265.0,0.71712158808933,0.7271929885616405,0.007250709410420541
A8,266.0,0.7121588089330024,0.7209811251597892,0.007478901967432376
B1,1.0,1.0,1.1246370324610913,0.07222651550435792
B1,2.0,1.019672131147541,1.0790606637689708,0.06681297368257975
B1,3.0,1.0295081967213116,1.007052350988426,0.06371647742234822
B1,4.0,1.0360655737704918,1.0020252583954725,0.06566581763721528
B1,5.0,1.039344262295082,0.9989637448220285,0.06825217887621106
B1,6.0,1.0262295081967212,0.9568653026202687,0.07367707261598466
B1,7.0,0.9934426229508196,0.9298098990744952,0.0727159243684049
B1,8.0,0.9704918032786886,0.9028137629383831,0.0650903923942971
B1,9.0,0.9540983606557377,0.8684200614882852,0.060197921306476464
B1,10.0,0.9311475409836065,0.8363624621595439,0.057822685715938994
B1,11.0,0.9114754098360656,0.8069837559229741,0.05710739925102699
B1,12.0,0.8885245901639345,0.7861937260964965,0.05572678555721941
B1,13.0,0.8622950819672132,0.7481321548756419,0.058644018179487646
B1,14.0,0.839344262295082,0.7481131930536684,0.05296832407020779
B1,15.0,0.8163934426229508,0.7309702073530375,0.051507265692208704
B1,16.0,0.7934426229508197,0.7146576097121026,0.04978844054065095
B1,17.0,0.7737704918032787,0.7046687884898382,0.049570498332127115
B1,18.0,0.7540983606557377,0.6860273515192848,0.05074974862345881
B1,19.0,0.7344262295081967,0.6566695025180315,0.05476724183527512
B1,20.0,0.7081967213114754,0.6644947650230052,0.07780615348955014
B1,21.0,0.6754098360655738,0.6271546688380283,0.0730576903319881
B1,22.0,0.6557377049180327,0.5474326251490782,0.07591925273076311
B1,23.0,0.6459016393442623,0.5743124825401275,0.07395347672177158
B1,24.0,0.6327868852459017,0.5399357077089545,0.07106007653365894
B1,25.0,0.6196721311475409,0.5663929590941571,0.07676439913452017
B1,26.0,0.6131147540983607,0.5388239473623471,0.07544568014121848
B1,27.0,0.5934426229508196,0.5299092663329336,0.07535912747090985
B1,28.0,0.5672131147540984,0.5941883753077998,0.0685794935034509
B1,29.0,0.5540983606557377,0.5799488497177209,0.07900493713775526
B1,30.0,0.5344262295081967,0.5984204210563696,0.07275049333981773
B1,31.0,0.5147540983606558,0.5594819942067666,0.08016209633645538
B1,32.0,0.5114754098360655,0.5583433190263722,0.07799336485075152
B1,33.0,0.49508196721311476,0.5622950344601186,0.07830340721864795
B1,34.0,0.47540983606557374,0.5274745952654504,0.08074727679906439
B1,35.0,0.4426229508196721,0.4684542518903011,0.0809086441814709
B1,36.0,0.4491803278688525,0.46761360028325105,0.08067382789608821
B1,37.0,0.4426229508196721,0.3972351932934488,0.0793667068396327
B1,38.0,0.4131147540983607,0.39771164380715507,0.08015704875077148
B1,39.0,0.35737704918032787,0.31946355088113193,0.08089347474195308
B1,40.0,0.39672131147540984,0.3551367901523113,0.08062239732511942
B1,41.0,0.36721311475409835,0.3025636738731755,0.08085522673584063
B1,42.0,0.3442622950819672,0.289813262969348,0.08092820299108769
B1,43.0,0.3639344262295082,0.3207383729621726,0.08019576285777728
B1,44.0,0.35737704918032787,0.3206861746579231,0.08088558316050923
B1,45.0,0.3475409836065574,0.30289244838862983,0.08083842190680647
B1,46.0,0.3377049180327869,0.31507907150837866,0.08091395766570385
B1,47.0,0.3118032786885246,0.30200881777165905,0.08092805945463906
B1,48.0,0.30885245901639347,0.28294188781758395,0.08092753211335593
B1,49.0,0.2862295081967213,0.26439549320665706,0.08092818314670008
B1,50.0,0.28688524590163933,0.16860365987760828,0.08092837095679235
B1,51.0,0.2839344262295082,0.25662886598510404,0.08092705780684685
B1,52.0,0.28918032786885245,0.21142164677496278,0.08092039682794608
B1,53.0,0.2537704918032787,0.19641933342713783,0.08092844766796639
B1,54.0,0.259672131147541,0.22989296485601535,0.08092844924925013
B1,55.0,0.2698360655737705,0.26164744643638677,0.08092817257788668
B1,56.0,0.2659016393442623,0.2397699390942596,0.08092555841671652
B1,57.0,0.25934426229508195,0.24609189274012946,0.0809261163154285
B1,58.0,0.2498360655737705,0.24193548396831138,0.08092839268873081
B1,59.0,0.24721311475409835,0.20578521107295203,0.08091512671983345
B1,60.0,0.23737704918032787,0.22882968394818026,0.08092776779212926
B1,61.0,0.23344262295081966,0.20306208150762914,0.08092693480026689
B1,62.0,0.21868852459016394,0.2664628748660753,0.08092845165039267
B1,63.0,0.2,0.25077591541690236,0.0809284516513705
B1,64.0,0.20688524590163934,0.268838718384369,0.08092845165137
B1,65.0,0.18754098360655738,0.27832962322570143,0.0809284516513705
B1,66.0,0.18754098360655738,0.1879200109837276,0.0809284516513705
B1,67.0,0.14163934426229507,0.08032077058593236,0.0809284516513705
B1,68.0,0.20655737704918034,0.1885136131550761,0.08092793812936229
B1,69.0,0.18918032786885247,0.1844521229206974,0.08092845164815532
B1,70.0,0.2022950819672131,0.09698524791571139,0.08092649532590848
B1,71.0,0.14557377049180328,0.03199381193610663,0.08092845165137007
B1,72.0,0.18786885245901638,0.12456176099833874,0.08092845087603283
B1,73.0,0.17245901639344263,0.10623903896543316,0.08092845070013029
B1,74.0,0.13409836065573771,0.18408021374470035,0.0809284516513705
B1,75.0,0.1921311475409836,0.10507186815116556,0.0787275978040185
B1,76.0,0.14426229508196722,0.14695286484551104,0.0809284516513705
B1,77.0,0.17901639344262296,0.21676591797846256,0.08092845165086313
B1,78.0,0.15934426229508197,0.24917201779591883,0.0809284516513705
B1,79.0,0.17934426229508196,-0.02499138141456893,0.08077928110108268
B1,80.0,0.15377049180327867,0.03645336649204549,0.0809284516513705
B1,81.0,0.17573770491803278,-0.035113013739809025,0.08023903923904116
B1,82.0,0.16459016393442624,0.2195274038844148,0.08092845165111535
B1,83.0,0.17278688524590163,0.07687569977762848,0.06432174516969694
B1,84.0,0.1678688524590164,-0.010261561437863227,0.07974982525287903
B1,85.0,0.12918032786885245,0.08216231821518684,0.0809284516513705
B1,86.0,0.16262295081967212,-0.02280259589953644,0.08056682300334038
B1,87.0,0.12819672131147541,-0.039822744868310646,0.0809284516513705
B1,88.0,0.16131147540983606,-0.10559864743176674,0.08084992189933411
B1,89.0,0.08885245901639344,-0.025661294699487403,0.08092845155174046
B1,90.0,0.07901639344262296,0.10121837454027269,0.0809284516513705
B1,91.0,0.15770491803278688,0.09507778111610088,0.06402184358906725
B1,92.0,0.14524590163934425,0.2516418347386507,0.08092845165136785
B1,93.0,0.1557377049180328,0.1056859267152542,0.06103183354896216
B1,94.0,0.15147540983606558,-0.053749614280152895,0.07988919371912996
B1,95.0,0.14622950819672131,-0.13401950586133976,0.08092521140955686
B1,96.0,0.09377049180327869,-0.02854652839961475,0.0809284516513705
B1,97.0,0.14622950819672131,0.007615443281559551,0.0790628328592648
B1,98.0,0.12360655737704918,-0.315196133216299,0.0809284516513705
B1,99.0,0.14065573770491804,-0.14176637083261748,0.08092605878961126
B1,100.0,0.08459016393442623,0.07810007620835156,0.0809284516513705
B1,101.0,0.1360655737704918,0.2656954033898952,0.0809284516513705
B1,102.0,0.14295081967213114,0.09730232047295073,0.06505283331205408
B2,1.0,1.0,1.0789741534999302,0.10664696634748458
B2,2.0,0.9801324503311258,1.0112350380058424,0.09779418857656491
B2,3.0,0.9701986754966887,1.0084147069720706,0.09558202956942294
B2,4.0,0.9602649006622517,0.9916984170605051,0.08906940705766071
B2,5.0,0.9470198675496688,0.9688512769923049,0.08469971655661754
B2,6.0,0.9271523178807947,0.9531887583151738,0.0813116522262399
B2,7.0,0.9139072847682119,0.937246760847709,0.07906644692954534
B2,8.0,0.8940397350993378,0.9312500435756359,0.0735648555960617
B2,9.0,0.8774834437086093,0.9158915766422628,0.07156068867805014
B2,10.0,0.8576158940397351,0.9209873316916504,0.07635388400144591
B2,11.0,0.8377483443708609,0.8966647081487467,0.06659581607359337
B2,12.0,0.8178807947019867,0.8799397168451693,0.06375961090174775
B2,13.0,0.8013245033112583,0.8643717509734601,0.06477225538380314
B2,14.0,0.7814569536423841,0.8843987494984168,0.08788633927537032
B2,15.0,0.7682119205298014,0.8798903853941982,0.08858699128154257
B2,16.0,0.7516556291390728,0.8560025824032715,0.0779095458142196
B2,17.0,0.7350993377483444,0.8276258027335621,0.06038484525004005
B2,18.0,0.7185430463576159,0.8386475438696874,0.08850951268909649
B2,19.0,0.7019867549668874,0.8213885544741168,0.07796688536737874
B2,20.0,0.6854304635761589,0.809052899714222,0.08934798398554801
B2,21.0,0.6688741721854304,0.8007675333370691,0.0902353803018072
B2,22.0,0.652317880794702,0.7888375153117091,0.08537671764962919
B2,23.0,0.6357615894039735,0.7893671139482188,0.0975372684082777
B2,24.0,0.6158940397350994,0.7621134038834153,0.08791002547079595
B2,25.0,0.5993377483443708,0.7481043767479525,0.09032483612004463
B2,26.0,0.5827814569536424,0.7398633200631749,0.09307278959069477
B2,27.0,0.5629139072847682,0.7150993512916667,0.09126522506332813
B2,28.0,0.5463576158940397,0.6860098290739957,0.09274747273949
B2,29.0,0.5264900662251656,0.678289119873859,0.09039391352157794
B2,30.0,0.5033112582781457,0.6581411329775233,0.09025553124697586
B2,31.0,0.4867549668874172,0.6234084603006873,0.09553751313832191
B2,32.0,0.46357615894039733,0.627071551044287,0.09523445665360786
B2,33.0,0.4470198675496689,0.6022180428100896,0.09727138940420585
B2,34.0,0.4271523178807947,0.5865165608498039,0.09932447187259842
B2,35.0,0.40728476821192056,0.5656934104780698,0.09443145757329481
B2,36.0,0.38741721854304634,0.5277117513790425,0.09614157644843373
B2,37.0,0.3675496688741722,0.48593544207302153,0.06407981101000931
B2,38.0,0.3543046357615894,0.4586271367102953,0.08749805080456659
B2,39.0,0.33774834437086093,0.4616344466913216,0.0778803013602722
B2,40.0,0.3211920529801324,0.4527683434505646,0.07754849849387724
B2,41.0,0.30993377483443707,0.41547085094753616,0.08790332159252275
B2,42.0,0.2933774834437086,0.43561140971748047,0.08109266787006272
B2,43.0,0.2854304635761589,0.4151881998352004,0.07669713404166507
B2,44.0,0.2705298013245033,0.41366658847443255,0.0751140894396907
B2,45.0,0.2589403973509934,0.4002640088920831,0.08106056699586689
B2,46.0,0.2509933774834437,0.3820691280524983,0.08262593335845317
B2,47.0,0.23973509933774834,0.3799812256820709,0.09680263458755166
B2,48.0,0.23112582781456953,0.3735177410381974,0.10564167001850563
B2,49.0,0.22748344370860926,0.3389786994434111,0.09260645766834896
B2,50.0,0.21456953642384105,0.3609554884515133,0.10682813957608335
B2,51.0,0.20794701986754968,0.35464710049442416,0.10710534952016916
B2,52.0,0.2052980132450331,0.32478127623960157,0.09399834514174837
B2,53.0,0.19602649006622516,0.3322389439815028,0.10511072627522834
B2,54.0,0.1890728476821192,0.32765157207048756,0.10184368914821774
B2,55.0,0.18443708609271522,0.31558990139534876,0.0987764378024346
B2,56.0,0.17913907284768213,0.30760242755760225,0.08828432876864059
B2,57.0,0.17516556291390728,0.29861552618357334,0.0860203835659669
B2,58.0,0.1728476821192053,0.26849446151215917,0.09229252276451742
B2,59.0,0.17019867549668874,0.2578035415124875,0.07709674474751825
B2,60.0,0.16225165562913907,0.26464433782609564,0.08809571469553966
B2,61.0,0.15894039735099338,0.24433160524158518,0.08027187360173878
B2,62.0,0.15894039735099338,0.21663252189120574,0.07291013505197888
B2,63.0,0.15264900662251657,0.23446075612686457,0.07670457965824197
B2,64.0,0.1533112582781457,0.21854633515501165,0.08362846517835405
B2,65.0,0.147682119205298,0.2102154339463379,0.07786682023316956
B2,66.0,0.14437086092715232,0.21448604572803023,0.0790481257636606
B2,67.0,0.1423841059602649,0.20990050851080105,0.07835390969919466
B2,68.0,0.13940397350993378,0.2179275260006397,0.0893701867542225
B2,69.0,0.13841059602649006,0.2277529912778872,0.08995936664514761
B2,70.0,0.13543046357615893,0.2100317408008449,0.08166376796824373
B2,71.0,0.1317880794701987,0.22127095034877126,0.08192113005265714
B2,72.0,0.12980132450331125,0.21230179967042323,0.09217890551247566
B2,73.0,0.12980132450331125,0.21512619451918513,0.08667938021963471
B2,74.0,0.12582781456953643,0.22430531431553746,0.09210979693510946
B2,75.0,0.123841059602649,0.23151438869872276,0.09290909028017592
B2,76.0,0.12251655629139073,0.2242930902501195,0.09598236646213806
B2,77.0,0.12417218543046357,0.2018471035861418,0.09851949206464523
B2,78.0,0.12086092715231789,0.20443869599080694,0.09786694328541018
B2,79.0,0.12019867549668874,0.22421599434262376,0.10006696679746868
B2,80.0,0.1195364238410596,0.20747210773313524,0.10245947926081822
B2,81.0,0.1162251655629139,0.20184484413552528,0.10042712101118084
B2,82.0,0.11390728476821192,0.21392717713801684,0.10040242846114365
B2,83.0,0.11390728476821192,0.21011598846704715,0.10523977233734542
B2,84.0,0.1119205298013245,0.21963361595555947,0.10408985133390483
B2,85.0,0.11059602649006622,0.22180899957914413,0.10637096273781148
B2,86.0,0.10894039735099338,0.2138899115651483,0.10636635683382073
B2,87.0,0.10927152317880795,0.21364516895560567,0.10721301989232683
B2,88.0,0.10662251655629139,0.21230450334271456,0.10493943846086842
B2,89.0,0.10629139072847682,0.2187156465586278,0.10727561933221277
B2,90.0,0.10529801324503311,0.20255443999295206,0.10403478616441282
B2,91.0,0.10397350993377484,0.20217281326417458,0.10454759162333462
B2,92.0,0.10529801324503311,0.19492462039562597,0.10699079739027474
B2,93.0,0.10231788079470198,0.18778608656326218,0.10520173757868195
B2,94.0,0.10132450331125828,0.2017213619012043,0.10682106810710719
B2,95.0,0.10066225165562914,0.20847776849694744,0.1073624205133982
B2,96.0,0.09900662251655629,0.17578627647698236,0.10511282540427491
B2,97.0,0.09834437086092715,0.18946402307018104,0.10437150843456316
B2,98.0,0.09768211920529801,0.189823201291009,0.10530527053604032
B2,99.0,0.09668874172185431,0.19942345655676672,0.10718396863638427
B2,100.0,0.09503311258278145,0.18116954852024875,0.10495824233131977
B2,101.0,0.09437086092715231,0.17861411825727253,0.10417009522481893
B2,102.0,0.09470198675496688,0.17385419447131215,0.10418286911410839
B2,103.0,0.09370860927152318,0.17418991603485368,0.10721974249614608
B2,104.0,0.09370860927152318,0.17961171083033187,0.10584301735044585
B2,105.0,0.0923841059602649,0.1844330866795923,0.10621621080913744
B2,106.0,0.09172185430463577,0.17256796959105236,0.10674389977478792
B2,107.0,0.09205298013245033,0.16034268937372517,0.10519138692416287
B2,108.0,0.0913907284768212,0.16598858097016617,0.10367774037120064
B2,109.0,0.09105960264900662,0.17460884187578818,0.10654244276133305
B2,110.0,0.08940397350993377,0.1671407680983282,0.10693938980261584
B2,111.0,0.08841059602649007,0.15892332637251194,0.10641196537619875
B2,112.0,0.0880794701986755,0.16255345074517427,0.10516318584140069
B2,113.0,0.08741721854304636,0.16195778569237396,0.1055482168642059
B2,114.0,0.08675496688741721,0.16348171082919713,0.10525589640651496
B2,115.0,0.08642384105960264,0.16394683210724392,0.10553321006751354
B3,1.0,1.0,1.0931723413776209,0.07247136477199465
B3,2.0,1.0161290322580645,1.0575081260465569,0.06139085718126687
B3,3.0,1.0258064516129033,1.0693352754856245,0.06396493931565406
B3,4.0,1.032258064516129,1.0520057651738894,0.06989082665950663
B3,5.0,1.0354838709677419,1.0304956387977449,0.07218912111281174
B3,6.0,1.032258064516129,1.0099809747997237,0.0750435673923067
B3,7.0,1.0064516129032257,0.9586415237852651,0.07896745974285185
B3,8.0,0.9838709677419355,0.9151897699492679,0.07764650507877821
B3,9.0,0.964516129032258,0.8976241356353405,0.07561209313809844
B3,10.0,0.9483870967741935,0.8856176289009777,0.06956513508752749
B3,11.0,0.9290322580645162,0.8552748408177444,0.07161590346881214
B3,12.0,0.9096774193548387,0.8336757690857279,0.07157670897427633
B3,13.0,0.8935483870967742,0.8162638717578901,0.07132332760874188
B3,14.0,0.8741935483870967,0.7986235800243693,0.07155801288514756
B3,15.0,0.8548387096774194,0.7833454366402088,0.07110570959727311
B3,16.0,0.8387096774193549,0.7589967180804235,0.07011844469922751
B3,17.0,0.8258064516129032,0.731586164774385,0.0718218693095626
B3,18.0,0.8032258064516129,0.7400305680706942,0.07379786035641962
B3,19.0,0.7870967741935484,0.7293148515000164,0.0748195786308537
B3,20.0,0.7741935483870968,0.7539760278829996,0.06022555957544631
B3,21.0,0.7580645161290323,0.7142782572372482,0.07546968825191662
B3,22.0,0.7451612903225806,0.7537829838056499,0.051555170986114174
B3,23.0,0.7290322580645161,0.7540558204429283,0.05524055641678343
B3,24.0,0.7161290322580646,0.6877625614497618,0.07313226015835311
B3,25.0,0.5903225806451613,0.5676667161518356,0.0822665471548281
B3,26.0,0.5387096774193548,0.5631843036711276,0.07941421201125544
B3,27.0,0.5129032258064516,0.5511446634905086,0.0780557430517516
B3,28.0,0.5096774193548387,0.5271846808199814,0.07156859445539843
B3,29.0,0.5419354838709678,0.5007763552993857,0.06626345871070013
B3,30.0,0.4161290322580645,0.33641088221713034,0.05264429154196007
B3,31.0,0.3935483870967742,0.2939127307695137,0.060061863439802604
B3,32.0,0.3741935483870968,0.3033893217243954,0.06904400267692236
B3,33.0,0.3548387096774194,0.25980760473690856,0.06149281742080167
B3,34.0,0.33225806451612905,0.21735700601193803,0.06679385980929567
B3,35.0,0.31,0.2201032963827936,0.0726540222822865
B3,36.0,0.2880645161290323,0.20848271310209665,0.07864515154727839
B3,37.0,0.27064516129032257,0.1521227555284148,0.080184909136742
B3,38.0,0.2461290322580645,0.15484481216339147,0.08247029540832672
B3,39.0,0.22806451612903225,0.1313969701393739,0.08489481652366081
B3,40.0,0.2103225806451613,0.12794371744688424,0.0820748152178965
B3,41.0,0.1967741935483871,0.12539803665993393,0.08251615627808026
B3,42.0,0.18419354838709678,0.1210660541025088,0.0831971623685163
B3,43.0,0.1735483870967742,0.07050386247480095,0.08585655017587573
B3,44.0,0.16741935483870968,0.04556954297612154,0.08551201613426986
B3,45.0,0.15645161290322582,0.056481246021526633,0.08624015490871324
B3,46.0,0.14806451612903226,0.06933586813742992,0.08438363932346618
B3,47.0,0.14225806451612905,0.028637030670098828,0.08653967482855482
B3,48.0,0.13709677419354838,0.06331542059861901,0.08577877574026548
B3,49.0,0.13096774193548388,0.01360845662671806,0.0872342457951495
B3,50.0,0.12612903225806452,0.003438908596642952,0.08745334047009684
B3,51.0,0.12225806451612903,0.032095469664176306,0.08741317238519795
B3,52.0,0.11806451612903225,0.0001535646771185595,0.0877276403593642
B3,53.0,0.11451612903225807,-0.004274887650404248,0.08773722463489404
B3,54.0,0.11064516129032258,0.0427959598257857,0.08761144996663614
B3,55.0,0.10774193548387097,0.041209678387248594,0.08763898653822269
B3,56.0,0.10516129032258065,-0.0196900255397328,0.08773606322140172
B3,57.0,0.10290322580645161,-0.00970597889621087,0.08772520121193329
B3,58.0,0.10161290322580645,-0.005471479364298987,0.08772329207471398
B3,59.0,0.09806451612903226,-0.0036831131564543005,0.08772506798574839
B3,60.0,0.0964516129032258,-0.009383689280601208,0.0877180375793606
B3,61.0,0.09451612903225806,-0.0038890964122292987,0.087731307005463
B3,62.0,0.09225806451612903,0.04748632897610262,0.08765343919920794
B3,63.0,0.09064516129032259,0.002824652994369823,0.08772846164546076
B3,64.0,0.09,0.017220058564156482,0.08772022497303412
B3,65.0,0.0867741935483871,0.0059706608563957,0.0877333929738355
B3,66.0,0.08612903225806452,0.01711142361835795,0.08774293667259622
B3,67.0,0.08354838709677419,0.012866717142544636,0.087738259421161
B3,68.0,0.08258064516129032,0.00831810666917126,0.08774015905980961
B3,69.0,0.08064516129032258,0.026496573114362078,0.0876947379248339
B3,70.0,0.08,0.0069240670960527915,0.08774092047767447
B3,71.0,0.07935483870967742,0.005893893335824541,0.0877382880135512
B3,72.0,0.07903225806451612,0.028544835516792575,0.08774103526533321
B3,73.0,0.07838709677419355,0.03422695197478818,0.08774399110643137
B3,74.0,0.07612903225806451,0.02300459825401483,0.08774444702112469
B3,75.0,0.07516129032258065,0.04495690474529395,0.08769716380349282
B3,76.0,0.0732258064516129,0.02348138106131767,0.08774488919699867
B3,77.0,0.07258064516129033,0.038666077405095846,0.0877439875588371
B3,78.0,0.07258064516129033,0.04656550761650598,0.0877448722185227
B3,79.0,0.07064516129032258,0.043014943545640935,0.08774531342876309
B3,80.0,0.07,0.07647220585065095,0.08773341794256749
B3,81.0,0.06806451612903226,0.06731682295810419,0.08773760166301973
B3,82.0,0.06741935483870967,0.03091378074312477,0.08774678065329908
B3,83.0,0.06806451612903226,0.0494428825375095,0.08774612938044091
B3,84.0,0.0667741935483871,0.11004636748278047,0.08774119377615984
B3,85.0,0.06548387096774194,0.08848467722272249,0.08774499164368582
B3,86.0,0.06451612903225806,0.06608801345289633,0.08774703123531731
B3,87.0,0.06516129032258064,0.03323576685031496,0.08774861603857863
B3,88.0,0.0635483870967742,0.06835967765824433,0.08774798072807617
B3,89.0,0.06483870967741935,0.06856313881255725,0.08774855569147241
B3,90.0,0.06322580645161291,0.061347440107232455,0.08774873572738028
B3,91.0,0.0635483870967742,0.0547595385474336,0.08774890727893758
B3,92.0,0.06193548387096774,0.07186137660461603,0.08774902976892433
B3,93.0,0.06129032258064516,0.06551666144009753,0.08774919249108228
B3,94.0,0.06129032258064516,0.07603345109494931,0.08774923285330893
B3,95.0,0.06129032258064516,0.08445443941456486,0.08774931250974323
B3,96.0,0.05967741935483871,0.08159695002370065,0.08774933910390326
B3,97.0,0.06,0.08881849697163277,0.08774938287700161
B3,98.0,0.05838709677419355,0.07617323080144581,0.0877494137666637
B3,99.0,0.05870967741935484,0.08690145810566421,0.08774941598764668
B3,100.0,0.059032258064516126,0.10610588627784995,0.08774942035423612
B3,101.0,0.059032258064516126,0.09646723793320046,0.08774943594505619
B3,102.0,0.05838709677419355,0.0769994582550623,0.08774944689605377
B3,103.0,0.057741935483870965,0.10207210762240647,0.08774944394123989
B3,104.0,0.05709677419354839,0.08742656446142577,0.08774944736878253
B3,105.0,0.056451612903225805,0.12686713870875282,0.08774944184937225
B3,106.0,0.05548387096774193,0.07757902067511764,0.08774945018079972
B3,107.0,0.05419354838709677,0.10816075644447866,0.0877494490248982
B3,108.0,0.05548387096774193,0.1095925389439338,0.08774944995382598
B3,109.0,0.054838709677419356,0.10603403704785512,0.08774945032843262
B3,110.0,0.05451612903225807,0.12437731323846762,0.08774945049512466
B3,111.0,0.052258064516129035,0.13200785755660738,0.08774945062483673
B3,112.0,0.053548387096774196,0.09534983270701226,0.08774945090700767
B3,113.0,0.0532258064516129,0.11019605586560721,0.08774945083628784
B3,114.0,0.0532258064516129,0.12167208212369243,0.0877494508373525
B3,115.0,0.05290322580645161,0.11791913613846652,0.08774945086592646
B3,116.0,0.0532258064516129,0.10221728709943456,0.08774945092904618
B3,117.0,0.052258064516129035,0.11542702930253172,0.08774945092720551
B3,118.0,0.05161290322580645,0.1204573478246605,0.08774945092860706
B3,119.0,0.05193548387096774,0.11433570041208864,0.08774945093412419
B3,120.0,0.05161290322580645,0.13447460090678118,0.08774945095138513
B3,121.0,0.05064516129032258,0.1388312369336772,0.08774945095670503
B3,122.0,0.04903225806451613,0.09896737531587423,0.08774945095390188
B3,123.0,0.048709677419354835,0.12465858820318346,0.08774945094453211
B3,124.0,0.04967741935483871,0.11519098929822519,0.08774945095312185
B3,125.0,0.04935483870967742,0.11900888384543072,0.08774945095418363
B3,126.0,0.04903225806451613,0.125630261555301,0.08774945095486991
B3,127.0,0.04935483870967742,0.12352388207475591,0.0877494509557944
B4,1.0,1.0,1.1456613795379462,0.09435849799412442
B4,2.0,1.0163398692810457,1.0620416718463999,0.09434275051478022
B4,3.0,1.0294117647058822,0.9652789243023259,0.09406366003582964
B4,4.0,1.0359477124183007,0.9213971478508418,0.0940562015817575
B4,5.0,1.0392156862745099,0.8922242245207007,0.09406791661956533
B4,6.0,1.0196078431372548,0.8451308506147884,0.09394422772741574
B4,7.0,0.9836601307189542,0.8243490525271308,0.09420510683980474
B4,8.0,0.9640522875816994,0.8252990041552437,0.09425095488862059
B4,9.0,0.9444444444444444,0.8079413576504675,0.09426204557173147
B4,10.0,0.9215686274509803,0.7787532426713222,0.09425541676868937
B4,11.0,0.8954248366013072,0.7647885759469559,0.09429646541170288
B4,12.0,0.869281045751634,0.726788008530122,0.09415318557891572
B4,13.0,0.8431372549019608,0.742385614723238,0.0943170067808569
B4,14.0,0.8169934640522876,0.7201570644089611,0.09429051650879465
B4,15.0,0.7941176470588235,0.6819605947587549,0.0940716528531908
B4,16.0,0.7712418300653595,0.66796391498407,0.0940644359458558
B4,17.0,0.7516339869281046,0.680806143782212,0.0942096551951742
B4,18.0,0.7320261437908496,0.6527472965955055,0.09410889374858539
B4,19.0,0.7091503267973857,0.6525106048740754,0.09435691445338217
B4,20.0,0.6111111111111112,0.5605046652300505,0.09437305718572392
B4,21.0,0.565359477124183,0.5410144699031925,0.09426027737438614
B4,22.0,0.5392156862745098,0.5307387075611746,0.09430031512911101
B4,23.0,0.49019607843137253,0.5355980668076875,0.09435059569777268
B4,24.0,0.5196078431372549,0.5217976522805012,0.09432363007348347
B4,25.0,0.4803921568627451,0.5085730781360834,0.0943562264271833
B4,26.0,0.38235294117647056,0.44972400316930955,0.09427564848354736
B4,27.0,0.3627450980392157,0.42588089178364713,0.09416321438451003
B4,28.0,0.3431372549019608,0.4164619204516125,0.09428038485354201
B4,29.0,0.3209150326797386,0.41286509069290245,0.09427720687464596
B4,30.0,0.3,0.41016551201214835,0.09425694019617172
B4,31.0,0.2803921568627451,0.3510233892967617,0.09412922054081573
B4,32.0,0.26176470588235295,0.35692007827056316,0.09411171158273815
B4,33.0,0.24444444444444444,0.30264448043245695,0.09404347145464562
B4,34.0,0.2284313725490196,0.28659905235350636,0.09399626379742244
B4,35.0,0.21535947712418302,0.2639444469311537,0.09396147165482309
B4,36.0,0.20294117647058824,0.2388188582218016,0.09395867416408087
B4,37.0,0.19183006535947714,0.2242701312222803,0.09393838307430012
B4,38.0,0.1830065359477124,0.24129334037644398,0.09401660741387932
B4,39.0,0.17483660130718953,0.19395357608848046,0.09397446462250857
B4,40.0,0.1676470588235294,0.19725215152992545,0.09390937075090014
B4,41.0,0.16013071895424835,0.2078493967365342,0.0939516383659756
B4,42.0,0.15522875816993464,0.16769932019314104,0.093928406791985
B4,43.0,0.14967320261437908,0.17066600564519377,0.09391614466153758
B4,44.0,0.1450980392156863,0.14175709620458704,0.09395978433098547
B4,45.0,0.14183006535947712,0.136865631347901,0.09394687580524881
B4,46.0,0.13725490196078433,0.1714443085384777,0.0940816170289586
B4,47.0,0.1323529411764706,0.165050521287129,0.0940722832429819
B4,48.0,0.12941176470588237,0.12249086954158132,0.09401383752290365
B4,49.0,0.12581699346405228,0.11331304928130696,0.09407085657276779
B4,50.0,0.12450980392156863,0.11068278921424012,0.09413217690816016
B4,51.0,0.12156862745098039,0.12953359718643576,0.09420120002801506
B4,52.0,0.11797385620915032,0.09988882954778022,0.0941447062714989
B4,53.0,0.11633986928104575,0.0942619289531291,0.09417962649671237
B4,54.0,0.11339869281045752,0.1381295176708726,0.09435735899390477
B4,55.0,0.11176470588235295,0.11213860316304543,0.0943512333150628
B4,56.0,0.11013071895424836,0.0987096380808485,0.0943023542532732
B4,57.0,0.10718954248366012,0.10690432396945511,0.09436243176176352
B4,58.0,0.10588235294117647,0.10554056430092525,0.09436410586733808
B4,59.0,0.1042483660130719,0.12189974800569228,0.09439122212991155
B4,60.0,0.1022875816993464,0.08891104893052629,0.09435884859684335
B4,61.0,0.10098039215686275,0.09903886488799955,0.09437848396059438
B4,62.0,0.09934640522875816,0.11118205404072376,0.09438806594742133
B4,63.0,0.0977124183006536,0.11321595765799446,0.09438815663009945
B4,64.0,0.09673202614379085,0.11131996452407096,0.09438661901223469
B4,65.0,0.09542483660130718,0.07590761950317534,0.09435369765474097
B4,66.0,0.09444444444444444,0.09998214783268354,0.09438379640875004
B4,67.0,0.09313725490196079,0.05964114399123112,0.09434410430281488
B4,68.0,0.09215686274509804,0.07878799829708068,0.09436429311011879
B4,69.0,0.09117647058823529,0.053760470095699654,0.09434735271190749
B4,70.0,0.0915032679738562,0.09788750150677321,0.09437711052146612
B4,71.0,0.08888888888888889,0.0611221653822726,0.09435481684474019
B4,72.0,0.08823529411764706,0.059298581263392436,0.09435281121339287
B4,73.0,0.08823529411764706,0.059937053574154346,0.09437390325904148
B4,74.0,0.08594771241830065,0.08321614268037086,0.09437173331439222
B4,75.0,0.08496732026143791,0.05398569241961026,0.09436407531756685
B4,76.0,0.08398692810457517,0.07791504605787467,0.094377878226001
B4,77.0,0.08366013071895424,0.052126881181014675,0.09437928758040484
B4,78.0,0.08333333333333333,0.04709371713113355,0.09436761025798308
B4,79.0,0.08202614379084967,0.08454346643761443,0.09438634914203392
B4,80.0,0.08104575163398693,0.04963476319813984,0.09437558430430615
B4,81.0,0.0803921568627451,0.054753148836199285,0.09438146793731363
B4,82.0,0.08006535947712418,0.04903378498855006,0.09437437084368853
B4,83.0,0.07941176470588235,0.04917270744246039,0.09438125666037857
B4,84.0,0.07908496732026143,0.06478251366207337,0.09437497580767719
B4,85.0,0.07745098039215687,0.042112338280823544,0.09437809744126978
B4,86.0,0.07712418300653595,0.03813902730365858,0.0943783374294887
B4,87.0,0.07647058823529412,0.0448610133150337,0.09438228364296396
B4,88.0,0.07647058823529412,0.07409989488466856,0.09438148032257632
B4,89.0,0.07483660130718954,0.07976422930475903,0.09438803776113319
B4,90.0,0.0738562091503268,0.042435538032244,0.09437709215737747
B4,91.0,0.0738562091503268,0.029976354453703793,0.09437915220969631
B4,92.0,0.0738562091503268,0.08442627199556832,0.09438579727281789
B4,93.0,0.07254901960784314,0.0793935086192521,0.09438801242506442
B4,94.0,0.07222222222222222,0.040371848605820236,0.09437329011599127
B4,95.0,0.0718954248366013,0.07673148253707567,0.09439093143692004
B4,96.0,0.07091503267973856,0.03354283899619834,0.09437703836349799
B4,97.0,0.07091503267973856,0.0661755529779418,0.09438902783531926
B4,98.0,0.07058823529411765,0.031720354457347666,0.09437372388952303
B4,99.0,0.06993464052287582,0.0388474161209646,0.09438001280507403
B4,100.0,0.06993464052287582,0.04263096933999299,0.09437920090674173
B4,101.0,0.06928104575163399,0.06524416810906473,0.09439124031186498
B4,102.0,0.06862745098039216,0.04030995553586224,0.0943825854063767
B4,103.0,0.06797385620915032,0.03063234299010372,0.09437534539969965
B4,104.0,0.06830065359477124,0.04419006773582046,0.09438346813599544
B4,105.0,0.06797385620915032,0.040108400387149176,0.0943816633713237
B4,106.0,0.06699346405228758,0.0609498020189144,0.09439114951381641
B4,107.0,0.06666666666666667,0.07677414398341433,0.09439176262530048
B4,108.0,0.06601307189542484,0.06148166029983597,0.0943914565122748
B4,109.0,0.06568627450980392,0.06445988552248738,0.0943914195372714
B4,110.0,0.06601307189542484,0.036703173519596115,0.09437879441111921
B4,111.0,0.06535947712418301,0.06206751799078185,0.09439097541066
B4,112.0,0.0650326797385621,0.028269757050540988,0.09437726915608703
B4,113.0,0.06535947712418301,0.023038672101025292,0.09437700742058745
B4,114.0,0.06405228758169934,0.07287540083254204,0.09439146272035585
B4,115.0,0.06339869281045751,0.06404673579453103,0.0943910187527385
B4,116.0,0.0630718954248366,0.027570428421233237,0.0943785002227246
B4,117.0,0.0630718954248366,0.06191687268384114,0.09439040851626257
B4,118.0,0.06274509803921569,0.06767642523698526,0.09439114734233547
B4,119.0,0.06143790849673202,0.061602235780837,0.09439026277508268
B4,120.0,0.06143790849673202,0.06180612754952081,0.09438949903530976
B4,121.0,0.06143790849673202,0.050518264359139364,0.09438921733068034
B4,122.0,0.060784313725490195,0.029676692665504024,0.09437887358377628
B4,123.0,0.061764705882352944,0.03746277639883399,0.09438250071304972
B4,124.0,0.06143790849673202,0.0543704140357783,0.09438884467484306
B4,125.0,0.060784313725490195,0.03224930929363226,0.09437846433274236
B4,126.0,0.06045751633986928,0.037410959517522595,0.09438353897625072
B4,127.0,0.060784313725490195,0.03535681408993804,0.09438220670984727
B4,128.0,0.06045751633986928,0.033611725338115864,0.09437978736856044
B4,129.0,0.059803921568627454,0.06664945100825936,0.09438981205412006
B4,130.0,0.058823529411764705,0.06613704820710313,0.0943907263056715
B4,131.0,0.05849673202614379,0.056494691096536494,0.09438812947478604
B4,132.0,0.05816993464052288,0.054976168842565516,0.09438720619767177
B4,133.0,0.05784313725490196,0.06229573762519572,0.09439105851931245
B4,134.0,0.05784313725490196,0.05710416827989804,0.0943885642857627
B4,135.0,0.05718954248366013,0.05597358686476577,0.09438801417497222
B5,1.0,1.0,0.9678493968587507,0.01914637513360434
B5,2.0,0.995049504950495,0.9528767643069159,0.02050263496054113
B5,3.0,0.995049504950495,0.9818195444611328,0.014273676090686275
B5,4.0,0.9900990099009901,0.974960298407992,0.014706532603444308
B5,5.0,0.9876237623762376,0.9555258635360562,0.01651351654487396
B5,6.0,0.9851485148514851,0.9470318681273537,0.01904297505020398
B5,7.0,0.9826732673267327,0.9385981255276077,0.019170683431042147
B5,8.0,0.9801980198019802,0.9685163004598827,0.013667871607088867
B5,9.0,0.9777227722772277,0.950622425626768,0.015727063363583194
B5,10.0,0.9752475247524752,0.9537977003123319,0.015160011266159632
B5,11.0,0.9752475247524752,0.9596121411257696,0.013530209258358305
B5,12.0,0.9727722772277227,0.9550356445046555,0.015488700563339269
B5,13.0,0.9702970297029703,0.9278138543108234,0.019368791156761638
B5,14.0,0.9702970297029703,0.9372127131826868,0.01724782409134611
B5,15.0,0.9678217821782178,0.9508894282294316,0.014633787117232167
B5,16.0,0.9653465346534653,0.9397706146102376,0.016720350113256413
B5,17.0,0.9628712871287128,0.9545433601453944,0.014418714312998298
B5,18.0,0.9628712871287128,0.9174737353385494,0.019961654552801467
B5,19.0,0.9603960396039604,0.9437807808024551,0.01467126243092455
B5,20.0,0.9603960396039604,0.9461514369411782,0.014972408522239135
B5,21.0,0.9579207920792079,0.9583631234231416,0.013196461903998752
B5,22.0,0.9579207920792079,0.9387881591052766,0.015192064609104968
B5,23.0,0.9579207920792079,0.9284853306478034,0.018583658336069227
B5,24.0,0.9554455445544554,0.9378779075266204,0.015420089367097226
B5,25.0,0.9529702970297029,0.9413495329576669,0.015985608814425647
B5,26.0,0.9554455445544554,0.9164985591001452,0.018590079883098576
B5,27.0,0.9529702970297029,0.9480340180468825,0.013863638190909315
B5,28.0,0.9504950495049505,0.9226171123550744,0.018830809548989275
B5,29.0,0.9504950495049505,0.9111971240545012,0.019966894487764588
B5,30.0,0.948019801980198,0.9330831080413501,0.016493646166080688
B5,31.0,0.948019801980198,0.919406774749281,0.019214675378661377
B5,32.0,0.948019801980198,0.9372502035536935,0.016177639292854318
B5,33.0,0.948019801980198,0.9228980964819389,0.017140484591016924
B5,34.0,0.9455445544554455,0.9116455361917652,0.019672253563739726
B5,35.0,0.9455445544554455,0.9020807966401999,0.021343321314714576
B5,36.0,0.9455445544554455,0.9107514466676335,0.019637877077866312
B5,37.0,0.943069306930693,0.9271030999491758,0.016724925084900123
B5,38.0,0.943069306930693,0.9359484350969148,0.01463284362463975
B5,39.0,0.943069306930693,0.9356674051389271,0.015447138037744218
B5,40.0,0.9405940594059405,0.8992074382488968,0.021207901058041188
B5,41.0,0.9405940594059405,0.941021997941544,0.01466866450695557
B5,42.0,0.9405940594059405,0.911434253589003,0.01920846390265368
B5,43.0,0.9405940594059405,0.9016686275458776,0.02021379289693932
B5,44.0,0.9405940594059405,0.8990582788581433,0.02097696437234214
B5,45.0,0.9405940594059405,0.9117197628956788,0.018441980356155838
B5,46.0,0.9381188118811881,0.9303001491923576,0.014397277830742416
B5,47.0,0.9381188118811881,0.923780082371894,0.016076339583601423
B5,48.0,0.9381188118811881,0.8954377892137616,0.02105645189426374
B5,49.0,0.9381188118811881,0.9056671221610287,0.0201555450859304
B5,50.0,0.9381188118811881,0.9245519952461304,0.016528690333878843
B5,51.0,0.9356435643564357,0.9116294011280149,0.017128890428897182
B5,52.0,0.9381188118811881,0.9048473288911112,0.019745240344033212
B5,53.0,0.9356435643564357,0.885552299928107,0.02269348609332209
B5,54.0,0.9356435643564357,0.9148729631246799,0.017392176777577293
B6,1.0,1.0,1.0469547827101415,0.018598286845972492
B6,2.0,0.9950738916256158,1.0421147136508577,0.01659563476358407
B6,3.0,0.9926108374384236,1.0268473475926911,0.01528098212343867
B6,4.0,0.9901477832512315,1.0162498861969662,0.013217264536577959
B6,5.0,0.9876847290640394,1.0164526942498915,0.014650850139863392
B6,6.0,0.9852216748768473,1.0144453635431978,0.014177999891943833
B6,7.0,0.9827586206896551,0.9978353807213844,0.013380177268010298
B6,8.0,0.9802955665024631,1.006236789926122,0.013844125519409967
B6,9.0,0.9778325123152709,1.0100816553762533,0.011499562974487426
B6,10.0,0.9753694581280788,0.9979871496389938,0.011423697759266013
B6,11.0,0.9729064039408867,1.0024784337027388,0.011887306035460852
B6,12.0,0.9704433497536946,0.9845385969866973,0.013059335742052999
B6,13.0,0.9704433497536946,1.001273160310887,0.011898506145969151
B6,14.0,0.9679802955665024,0.9867128090644592,0.013198371276432877
B6,15.0,0.9655172413793104,0.9975971887272403,0.012509207284194418
B6,16.0,0.9630541871921182,0.9922135740208495,0.011911570175522211
B6,17.0,0.9630541871921182,0.9828744547122432,0.013033547652487106
B6,18.0,0.9630541871921182,0.9877363612652266,0.012305222956124554
B6,19.0,0.9605911330049262,0.9801807454385639,0.0118968299836178
B6,20.0,0.958128078817734,0.9877588016054738,0.013407483542563247
B6,21.0,0.958128078817734,0.9921591182206727,0.0116361766957639
B6,22.0,0.9556650246305419,0.9725283387541661,0.012333999684942002
B6,23.0,0.9556650246305419,0.9901331787995304,0.012316101758396902
B6,24.0,0.9532019704433498,0.983320785106602,0.013087341754423104
B6,25.0,0.9532019704433498,0.9823032821701942,0.013072653943071702
B6,26.0,0.9507389162561576,0.97656151171702,0.010982078713947898
B6,27.0,0.9507389162561576,0.9831418947178054,0.012549649181841406
B6,28.0,0.9482758620689655,0.9710214852119653,0.012180260775330366
B6,29.0,0.9482758620689655,0.9817666099051833,0.01284033020193896
B6,30.0,0.9482758620689655,0.982086771424709,0.013117664349908307
B6,31.0,0.9458128078817734,0.9843670054054194,0.011693828416778476
B6,32.0,0.9482758620689655,0.9757170599216343,0.011533227039002562
B6,33.0,0.9458128078817734,0.9715722812595328,0.011879797820303142
B6,34.0,0.9433497536945813,0.9785942811939415,0.011595397933715251
B6,35.0,0.9458128078817734,0.9714382767939611,0.012107069098666805
B6,36.0,0.9433497536945813,0.9621109272240491,0.01270541714456526
B6,37.0,0.9433497536945813,0.9785225667546997,0.012713335216345942
B6,38.0,0.9433497536945813,0.9633429916135164,0.013188576390918567
B6,39.0,0.9408866995073891,0.9749907518386532,0.012460846181145901
B6,40.0,0.9408866995073891,0.9659106177128759,0.013059604150730713
B6,41.0,0.9408866995073891,0.9734457720766663,0.011262421389756519
B6,42.0,0.9408866995073891,0.9643942902510105,0.012873463326932002
B6,43.0,0.9384236453201971,0.9724262084852514,0.012905157309453193
B6,44.0,0.9384236453201971,0.9577830437658317,0.012928625081803757
B6,45.0,0.9384236453201971,0.9618529110565249,0.011460772447135595
B6,46.0,0.9384236453201971,0.967015591088321,0.011305374387907
B6,47.0,0.9359605911330049,0.9572265217002531,0.013086887890430086
B6,48.0,0.9359605911330049,0.9593903495110743,0.013829392373507119
B6,49.0,0.9359605911330049,0.95828563618442,0.013179627026314856
B6,50.0,0.9359605911330049,0.9615687592817312,0.012012505556825086
B6,51.0,0.9359605911330049,0.9651724175257039,0.01217329673158039
B6,52.0,0.9359605911330049,0.9534054542402794,0.011434231882459053
B6,53.0,0.9334975369458128,0.9639661706863064,0.011767587644307234
B6,54.0,0.9334975369458128,0.9624143711819054,0.01121592302029149
