channel,cycle,y_true,y_pred,y_std
A1,1.0,1.0,0.8988101,0.0033267417
A1,2.0,0.995049504950495,0.906664,0.0020835167
A1,3.0,0.9876237623762376,0.90720546,0.0022517988
A1,4.0,0.9826732673267327,0.9046955,0.0049103247
A1,5.0,0.9777227722772277,0.90880525,0.006794935
A1,6.0,0.9727722772277227,0.9104463,0.010265884
A1,7.0,0.9702970297029703,0.90933865,0.0026647262
A1,8.0,0.9678217821782178,0.905661,0.0048867944
A1,9.0,0.9653465346534653,0.91071206,0.002898915
A1,10.0,0.9603960396039604,0.9020098,0.002709873
A1,11.0,0.9579207920792079,0.9017359,0.0024658858
A1,12.0,0.9554455445544554,0.8926716,0.0034903518
A1,13.0,0.9529702970297029,0.9024128,0.0061126812
A1,14.0,0.9529702970297029,0.9041382,0.0026014769
A1,15.0,0.9504950495049505,0.9037013,0.0037984778
A1,16.0,0.948019801980198,0.9042409,0.0023636913
A1,17.0,0.9455445544554455,0.90237224,0.0038736367
A1,18.0,0.9405940594059405,0.9006319,0.0034321565
A1,19.0,0.9405940594059405,0.89862835,0.0033704087
A1,20.0,0.9405940594059405,0.9003736,0.0039080125
A1,21.0,0.9381188118811881,0.9009423,0.003070485
A1,22.0,0.9381188118811881,0.8982134,0.0034872298
A1,23.0,0.9381188118811881,0.89732313,0.0030591346
A1,24.0,0.9356435643564357,0.8970628,0.0036366624
A1,25.0,0.9356435643564357,0.89147246,0.0036237107
A1,26.0,0.9331683168316832,0.8950944,0.0030609693
A1,27.0,0.9331683168316832,0.8965987,0.0037996164
A1,28.0,0.9306930693069307,0.8970456,0.0031246669
A1,29.0,0.9306930693069307,0.89420366,0.0028539826
A1,30.0,0.9306930693069307,0.89611214,0.0034104735
A1,31.0,0.9282178217821783,0.8929099,0.004328466
A1,32.0,0.9282178217821783,0.8965356,0.00313845
A1,33.0,0.9257425742574258,0.8928636,0.0030012948
A1,34.0,0.9257425742574258,0.89186573,0.003053196
A1,35.0,0.9232673267326733,0.8977127,0.0037728995
A1,36.0,0.9232673267326733,0.8942388,0.002992594
A1,37.0,0.9232673267326733,0.8945368,0.0030892356
A1,38.0,0.9207920792079208,0.88977396,0.0033299974
A1,39.0,0.9207920792079208,0.8898574,0.0029878013
A1,40.0,0.9207920792079208,0.8924282,0.0035512445
A1,41.0,0.9183168316831684,0.89120835,0.0030247099
A1,42.0,0.9183168316831684,0.8930562,0.0036667893
A1,43.0,0.9158415841584159,0.8887189,0.003606835
A1,44.0,0.9158415841584159,0.8942013,0.0027855332
A1,45.0,0.9158415841584159,0.89426076,0.0025252886
A1,46.0,0.9158415841584159,0.8896521,0.0034190041
A1,47.0,0.9133663366336634,0.8849928,0.0036027757
A1,48.0,0.9108910891089109,0.8848506,0.0028225707
A1,49.0,0.9108910891089109,0.8846281,0.0022311884
A1,50.0,0.9108910891089109,0.88928115,0.0034677312
A1,51.0,0.9108910891089109,0.8866059,0.004283466
A1,52.0,0.9108910891089109,0.88755304,0.0038770854
A1,53.0,0.9084158415841584,0.8814535,0.002896339
A1,54.0,0.9084158415841584,0.8843934,0.005695926
A1,55.0,0.905940594059406,0.8811984,0.0036431844
A1,56.0,0.9034653465346535,0.87894833,0.0016843455
A1,57.0,0.9034653465346535,0.87461644,0.0026025136
A1,58.0,0.9034653465346535,0.87847745,0.0021212043
A1,59.0,0.9034653465346535,0.88251656,0.00371742
A1,60.0,0.9034653465346535,0.8796881,0.002383915
A1,61.0,0.9034653465346535,0.8784255,0.0018219843
A1,62.0,0.900990099009901,0.8783345,0.0028453234
A1,63.0,0.900990099009901,0.86726105,0.0038919398
A1,64.0,0.900990099009901,0.87172633,0.0034501092
A1,65.0,0.8985148514851485,0.865811,0.0022438744
A1,66.0,0.8985148514851485,0.8743516,0.0028881575
A1,67.0,0.8960396039603961,0.8734187,0.003992197
A1,68.0,0.8960396039603961,0.87103593,0.004187925
A1,69.0,0.8960396039603961,0.8713356,0.0030973244
A1,70.0,0.8960396039603961,0.87297946,0.003755509
A1,71.0,0.8935643564356436,0.8741047,0.0041658673
A1,72.0,0.8960396039603961,0.86891925,0.004018937
A1,73.0,0.8935643564356436,0.87227535,0.006497277
A1,74.0,0.8935643564356436,0.8671473,0.0034884065
A1,75.0,0.8910891089108911,0.8723248,0.005262468
A1,76.0,0.8910891089108911,0.8649065,0.0036509123
A1,77.0,0.8886138613861386,0.86414564,0.0027557788
A1,78.0,0.8886138613861386,0.8588788,0.0022193787
A1,79.0,0.8886138613861386,0.85735494,0.0029732853
A1,80.0,0.8861386138613861,0.8574139,0.0034431524
A1,81.0,0.8861386138613861,0.8578717,0.0027638334
A1,82.0,0.8861386138613861,0.8573915,0.002749364
A1,83.0,0.8861386138613861,0.85470086,0.004936653
A1,84.0,0.8836633663366337,0.8554413,0.0035334185
A1,85.0,0.8836633663366337,0.8586658,0.0048806467
A1,86.0,0.8836633663366337,0.85859346,0.003245364
A1,87.0,0.8836633663366337,0.8566127,0.0036251147
A1,88.0,0.8811881188118812,0.85703534,0.0033539291
A1,89.0,0.8811881188118812,0.8605131,0.0038410365
A1,90.0,0.8811881188118812,0.86092377,0.0050029345
A1,91.0,0.8787128712871287,0.8517577,0.0032151514
A1,92.0,0.8787128712871287,0.85726994,0.0032331168
A1,93.0,0.8787128712871287,0.8530698,0.004063135
A1,94.0,0.8762376237623762,0.85269004,0.0036866062
A1,95.0,0.8762376237623762,0.8491486,0.0034548128
A1,96.0,0.8737623762376238,0.8492196,0.0024168866
A1,97.0,0.8737623762376238,0.857868,0.006686993
A1,98.0,0.8737623762376238,0.8531159,0.0031979566
A1,99.0,0.8737623762376238,0.85652924,0.0037205536
A1,100.0,0.8737623762376238,0.857642,0.0050333044
A1,101.0,0.8737623762376238,0.8531864,0.0032850585
A1,102.0,0.8712871287128713,0.85318583,0.003463359
A1,103.0,0.8712871287128713,0.8535844,0.0032072193
A1,104.0,0.8712871287128713,0.85292447,0.003136906
A1,105.0,0.8688118811881188,0.8527719,0.0032356186
A1,106.0,0.8712871287128713,0.8397806,0.0028095103
A1,107.0,0.8663366336633663,0.8546252,0.0025820872
A1,108.0,0.8688118811881188,0.85146034,0.004026783
A1,109.0,0.8663366336633663,0.8493167,0.0042894026
A1,110.0,0.8663366336633663,0.85303605,0.0024890867
A1,111.0,0.8663366336633663,0.83723927,0.0012667258
A1,112.0,0.8638613861386139,0.8569951,0.004885428
A1,113.0,0.8638613861386139,0.8515719,0.0043129493
A1,114.0,0.8638613861386139,0.85254586,0.0027118057
A1,115.0,0.8638613861386139,0.85514367,0.005645266
A1,116.0,0.8613861386138614,0.8532449,0.0035630302
A1,117.0,0.8613861386138614,0.85438234,0.0035606348
A1,118.0,0.8613861386138614,0.85347223,0.0033820798
A1,119.0,0.8589108910891089,0.8524904,0.00421605
A1,120.0,0.8589108910891089,0.857584,0.004571093
A1,121.0,0.8589108910891089,0.85314655,0.0022673425
A1,122.0,0.8589108910891089,0.8515359,0.0026273734
A1,123.0,0.8564356435643564,0.8560917,0.0034284282
A1,124.0,0.8564356435643564,0.8561512,0.0036115546
A1,125.0,0.8589108910891089,0.8381898,0.002689353
A1,126.0,0.8514851485148515,0.8519451,0.004753431
A1,127.0,0.8539603960396039,0.85211265,0.0042682514
A1,128.0,0.8539603960396039,0.8521884,0.002945463
A1,129.0,0.8514851485148515,0.8573836,0.004319542
A1,130.0,0.8514851485148515,0.85138685,0.004410946
A1,131.0,0.849009900990099,0.85093373,0.0027291165
A1,132.0,0.8514851485148515,0.8481963,0.0032709613
A1,133.0,0.8514851485148515,0.8439599,0.0076346514
A1,134.0,0.8514851485148515,0.838112,0.004823663
A1,135.0,0.8465346534653465,0.85041076,0.0036351767
A1,136.0,0.8465346534653465,0.85018903,0.0035530399
A1,137.0,0.8465346534653465,0.84329045,0.0071247392
A1,138.0,0.8465346534653465,0.83572876,0.00418783
A1,139.0,0.844059405940594,0.8499217,0.0049018906
A1,140.0,0.844059405940594,0.842006,0.0029775272
A1,141.0,0.8415841584158416,0.8479099,0.0031475497
A1,142.0,0.8415841584158416,0.8483715,0.002708472
A1,143.0,0.8415841584158416,0.84786093,0.0064041433
A1,144.0,0.8391089108910891,0.845228,0.0036692792
A1,145.0,0.8391089108910891,0.8423575,0.0041864747
A1,146.0,0.8366336633663366,0.84455633,0.0028691264
A1,147.0,0.8366336633663366,0.8360795,0.00632832
A1,148.0,0.8341584158415841,0.84472305,0.0037847317
A1,149.0,0.8366336633663366,0.82981575,0.003941122
A1,150.0,0.8366336633663366,0.829055,0.0044407607
A1,151.0,0.8366336633663366,0.82972175,0.0037948973
A1,152.0,0.8341584158415841,0.82672185,0.0033166744
A1,153.0,0.8341584158415841,0.82669556,0.0031648688
A1,154.0,0.8316831683168316,0.8271321,0.0022360063
A1,155.0,0.8292079207920792,0.82661504,0.0036974535
A1,156.0,0.8292079207920792,0.8261832,0.0037785082
A1,157.0,0.8292079207920792,0.8198698,0.0046794205
A1,158.0,0.8267326732673267,0.8193885,0.0033018594
A1,159.0,0.8267326732673267,0.808356,0.0029134003
A1,160.0,0.8242574257425742,0.8278245,0.002430651
A1,161.0,0.8242574257425742,0.82399786,0.00422747
A1,162.0,0.8242574257425742,0.80481875,0.004020121
A1,163.0,0.8217821782178217,0.80731374,0.0031658798
A1,164.0,0.8168316831683168,0.8228027,0.0041950964
A1,165.0,0.8168316831683168,0.8177906,0.0024708307
A1,166.0,0.8168316831683168,0.81595707,0.0018160277
A1,167.0,0.8143564356435643,0.8140464,0.0032437518
A1,168.0,0.8118811881188119,0.81347054,0.0039108195
A1,169.0,0.8118811881188119,0.8108996,0.0021723802
A1,170.0,0.8094059405940595,0.80989426,0.0028113604
A1,171.0,0.806930693069307,0.8061326,0.001955922
A1,172.0,0.8044554455445545,0.81461257,0.004297471
A1,173.0,0.8044554455445545,0.80961573,0.0028632553
A1,174.0,0.801980198019802,0.80793065,0.0021689397
A1,175.0,0.801980198019802,0.8085639,0.0037238752
A1,176.0,0.7995049504950495,0.80682564,0.003055519
A1,177.0,0.7995049504950495,0.8047453,0.0040023946
A1,178.0,0.7970297029702971,0.8026825,0.003144604
A1,179.0,0.7945544554455446,0.8053638,0.00448226
A1,180.0,0.7945544554455446,0.80121803,0.00564771
A1,181.0,0.7920792079207921,0.80003136,0.0053039286
A1,182.0,0.7896039603960396,0.7899674,0.004610134
A1,183.0,0.7871287128712872,0.78609794,0.0025807195
A1,184.0,0.7846534653465347,0.7869288,0.006028556
A1,185.0,0.7846534653465347,0.7832465,0.005246359
A1,186.0,0.7846534653465347,0.7783137,0.0041852845
A1,187.0,0.7772277227722773,0.777884,0.003988992
A1,188.0,0.7772277227722773,0.76944435,0.0061395317
A1,189.0,0.7772277227722773,0.7661422,0.0069658
A1,190.0,0.7722772277227723,0.76010126,0.005631355
A1,191.0,0.7722772277227723,0.76101,0.0049827155
A1,192.0,0.7698019801980198,0.75534886,0.0050721136
A1,193.0,0.7673267326732673,0.75477207,0.00500103
A1,194.0,0.7623762376237624,0.75679445,0.005456293
A1,195.0,0.7623762376237624,0.7559216,0.0056059356
A1,196.0,0.7599009900990099,0.75692666,0.004249851
A1,197.0,0.7574257425742574,0.7560723,0.0065208767
A1,198.0,0.754950495049505,0.7575058,0.007071521
A1,199.0,0.754950495049505,0.7514919,0.0044078245
A1,200.0,0.75,0.75402427,0.0050212974
A1,201.0,0.7475247524752475,0.7535476,0.011588992
A1,202.0,0.7475247524752475,0.7372304,0.006769159
A1,203.0,0.7425742574257426,0.7641818,0.0065472424
A1,204.0,0.7400990099009901,0.752109,0.010803723
A1,205.0,0.7376237623762376,0.7589495,0.0056250216
A1,206.0,0.7351485148514851,0.7414855,0.011647334
A1,207.0,0.7277227722772277,0.74601114,0.006501501
A1,208.0,0.7301980198019802,0.7184731,0.0058043255
A1,209.0,0.7227722772277227,0.7358109,0.0043218806
A1,210.0,0.7277227722772277,0.7273079,0.0030747403
A1,211.0,0.7227722772277227,0.7221104,0.0069273235
A1,212.0,0.7178217821782178,0.7241719,0.0045452733
A1,213.0,0.7128712871287128,0.72215086,0.0038252256
A1,214.0,0.7153465346534653,0.72704303,0.0039299023
A1,215.0,0.7079207920792079,0.72657377,0.008230265
A1,216.0,0.7079207920792079,0.7148042,0.007793507
A1,217.0,0.7029702970297029,0.71951544,0.004552146
A1,218.0,0.7103960396039604,0.7057707,0.0056953006
A1,219.0,0.7029702970297029,0.7221255,0.007214995
A1,220.0,0.7029702970297029,0.7133649,0.0077379406
A1,221.0,0.7004950495049505,0.7093635,0.0066302633
A1,222.0,0.698019801980198,0.7164815,0.0059848363
A1,223.0,0.6955445544554455,0.70199746,0.0052444306
A1,224.0,0.693069306930693,0.7050555,0.0077609895
A1,225.0,0.6905940594059405,0.70823014,0.0044776546
A1,226.0,0.6905940594059405,0.69771135,0.0073430995
A1,227.0,0.6856435643564357,0.7138038,0.0073188497
A1,228.0,0.6856435643564357,0.69367707,0.007895826
A1,229.0,0.6806930693069307,0.7092229,0.0044961204
A1,230.0,0.6806930693069307,0.69424427,0.006464863
A1,231.0,0.6757425742574258,0.70703447,0.0068386877
A1,232.0,0.6757425742574258,0.6934742,0.007603534
A1,233.0,0.6707920792079208,0.6877154,0.0072142133
A1,234.0,0.6683168316831684,0.70901024,0.00658857
A1,235.0,0.6707920792079208,0.6870245,0.0074705044
A1,236.0,0.6633663366336634,0.7050676,0.0038407077
A1,237.0,0.6658415841584159,0.6832333,0.008412481
A1,238.0,0.6584158415841584,0.68740094,0.00716091
A1,239.0,0.655940594059406,0.68575203,0.006566154
A1,240.0,0.650990099009901,0.6983529,0.0030929612
A1,241.0,0.650990099009901,0.67764246,0.0032006255
A1,242.0,0.6460396039603961,0.6814109,0.007257174
A1,243.0,0.6410891089108911,0.690138,0.0041999896
A1,244.0,0.6410891089108911,0.6746266,0.008461536
A1,245.0,0.6336633663366337,0.6889802,0.0038779012
A1,246.0,0.6361386138613861,0.6743907,0.009391911
A1,247.0,0.6262376237623762,0.6735337,0.0037807736
A1,248.0,0.6262376237623762,0.65551084,0.0040941415
A1,249.0,0.6212871287128713,0.6503191,0.0049763797
A1,250.0,0.6163366336633663,0.65485436,0.006644258
A1,251.0,0.6138613861386139,0.6639601,0.0077597606
A1,252.0,0.6089108910891089,0.6545794,0.012316004
A1,253.0,0.6064356435643564,0.6559588,0.010319602
A1,254.0,0.6014851485148515,0.64156663,0.008166339
A1,255.0,0.6014851485148515,0.6203934,0.008544246
A1,256.0,0.5915841584158416,0.6256572,0.011040084
A1,257.0,0.5891089108910891,0.63379973,0.0062804115
A1,258.0,0.5816831683168316,0.62869704,0.0069486755
A1,259.0,0.5792079207920792,0.61317927,0.008459454
A1,260.0,0.5767326732673267,0.6155421,0.007568751
A1,261.0,0.5742574257425742,0.60646236,0.0063712858
A1,262.0,0.5668316831683168,0.6150425,0.007124732
A1,263.0,0.5643564356435643,0.6002275,0.004817761
A1,264.0,0.556930693069307,0.5975135,0.006945371
A1,265.0,0.551980198019802,0.5793748,0.0073267343
A1,266.0,0.5420792079207921,0.57468593,0.010041939
A1,267.0,0.5371287128712872,0.5658094,0.0070600784
A2,1.0,1.0,0.9547531,0.008101448
A2,2.0,0.9950372208436724,0.9551158,0.008470248
A2,3.0,0.9875930521091811,0.9415865,0.00619181
A2,4.0,0.9826302729528535,0.94835556,0.0084176175
A2,5.0,0.9801488833746899,0.9271202,0.0059815445
A2,6.0,0.9751861042183623,0.9207867,0.005934326
A2,7.0,0.9702233250620348,0.91963786,0.0049780803
A2,8.0,0.967741935483871,0.9320488,0.0041130153
A2,9.0,0.9652605459057072,0.9323719,0.004112987
A2,10.0,0.9602977667493796,0.9446163,0.0053549847
A2,11.0,0.9578163771712159,0.9366002,0.0035105261
A2,12.0,0.9578163771712159,0.9299636,0.004928056
A2,13.0,0.9553349875930521,0.91939384,0.0052433535
A2,14.0,0.9528535980148883,0.9193654,0.005293694
A2,15.0,0.9503722084367245,0.9274974,0.004426575
A2,16.0,0.9478908188585607,0.92811346,0.004105962
A2,17.0,0.9429280397022333,0.9506286,0.007133505
A2,18.0,0.9429280397022333,0.9408268,0.003943659
A2,19.0,0.9404466501240695,0.9434242,0.0041895877
A2,20.0,0.9404466501240695,0.91376066,0.0041715894
A2,21.0,0.9404466501240695,0.91494864,0.0028914285
A2,22.0,0.9379652605459057,0.9141122,0.0031829427
A2,23.0,0.9379652605459057,0.91190547,0.004107152
A2,24.0,0.9354838709677419,0.9214016,0.0037532377
A2,25.0,0.9354838709677419,0.9204017,0.003945021
A2,26.0,0.9330024813895782,0.9207078,0.0036464727
A2,27.0,0.9305210918114144,0.9188188,0.0028325312
A2,28.0,0.9305210918114144,0.9185845,0.003651502
A2,29.0,0.9305210918114144,0.912053,0.0025422436
A2,30.0,0.9305210918114144,0.90864724,0.0034352483
A2,31.0,0.9280397022332506,0.9192427,0.0036698878
A2,32.0,0.9255583126550868,0.91367245,0.004358989
A2,33.0,0.9255583126550868,0.9125735,0.0037228428
A2,34.0,0.9230769230769231,0.9086939,0.004237422
A2,35.0,0.9230769230769231,0.9185098,0.004405668
A2,36.0,0.9230769230769231,0.9062788,0.0041885525
A2,37.0,0.9205955334987593,0.9059148,0.00391123
A2,38.0,0.9205955334987593,0.9050128,0.0041246885
A2,39.0,0.9205955334987593,0.90844554,0.005975926
A2,40.0,0.9181141439205955,0.91411465,0.006085754
A2,41.0,0.9181141439205955,0.9127992,0.006066846
A2,42.0,0.9156327543424317,0.9137065,0.004872768
A2,43.0,0.9156327543424317,0.9048163,0.0043910127
A2,44.0,0.9156327543424317,0.9044002,0.0049078898
A2,45.0,0.9156327543424317,0.9088508,0.0051695146
A2,46.0,0.913151364764268,0.9156388,0.006093635
A2,47.0,0.9106699751861043,0.90143454,0.005104165
A2,48.0,0.9106699751861043,0.89738894,0.00480413
A2,49.0,0.9106699751861043,0.90994835,0.0049709445
A2,50.0,0.9106699751861043,0.90885353,0.0051195766
A2,51.0,0.9081885856079405,0.9054526,0.004182672
A2,52.0,0.9081885856079405,0.89389515,0.004875154
A2,53.0,0.9057071960297767,0.8941476,0.0044327974
A2,54.0,0.9057071960297767,0.8936823,0.0048555797
A2,55.0,0.9032258064516129,0.89871806,0.005740741
A2,56.0,0.9032258064516129,0.89290553,0.004709767
A2,57.0,0.9007444168734491,0.90855056,0.005303077
A2,58.0,0.9032258064516129,0.9103028,0.007895228
A2,59.0,0.9007444168734491,0.8917263,0.0058893017
A2,60.0,0.9007444168734491,0.9096109,0.007101217
A2,61.0,0.8982630272952854,0.890314,0.005359661
A2,62.0,0.8982630272952854,0.8899086,0.0055156
A2,63.0,0.8982630272952854,0.8816139,0.0046193996
A2,64.0,0.8957816377171216,0.89507973,0.0041737
A2,65.0,0.8982630272952854,0.908659,0.0074095596
A2,66.0,0.8933002481389578,0.88834095,0.0033099721
A2,67.0,0.8933002481389578,0.8873968,0.0045805993
A2,68.0,0.8933002481389578,0.88256615,0.0043692547
A2,69.0,0.8933002481389578,0.8846486,0.004568103
A2,70.0,0.890818858560794,0.8830837,0.0037780332
A2,71.0,0.8933002481389578,0.9018539,0.007897458
A2,72.0,0.890818858560794,0.88698995,0.0040810113
A2,73.0,0.8883374689826302,0.8785122,0.0031688733
A2,74.0,0.8883374689826302,0.87519073,0.0055304687
A2,75.0,0.8883374689826302,0.8788702,0.0030076338
A2,76.0,0.8858560794044665,0.8829551,0.003036399
A2,77.0,0.8858560794044665,0.88213265,0.002880711
A2,78.0,0.8858560794044665,0.8823411,0.0047410442
A2,79.0,0.8833746898263027,0.8905255,0.003046099
A2,80.0,0.8833746898263027,0.88509387,0.0046814266
A2,81.0,0.8833746898263027,0.8856441,0.002875017
A2,82.0,0.8833746898263027,0.87777394,0.002593335
A2,83.0,0.8808933002481389,0.87048274,0.004618949
A2,84.0,0.8808933002481389,0.87163436,0.003558417
A2,85.0,0.8808933002481389,0.8712414,0.0041468428
A2,86.0,0.8784119106699751,0.8733057,0.004139023
A2,87.0,0.8784119106699751,0.87574494,0.005154315
A2,88.0,0.8759305210918115,0.8755501,0.00461913
A2,89.0,0.8759305210918115,0.8729609,0.004422495
A2,90.0,0.8759305210918115,0.8732001,0.0044090506
A2,91.0,0.8759305210918115,0.87311995,0.004902851
A2,92.0,0.8734491315136477,0.87260836,0.004606889
A2,93.0,0.8734491315136477,0.88567734,0.0045483895
A2,94.0,0.8709677419354839,0.8821642,0.0057453644
A2,95.0,0.8709677419354839,0.8832839,0.007043944
A2,96.0,0.8709677419354839,0.8843382,0.0069222054
A2,97.0,0.8734491315136477,0.8719862,0.0046249772
A2,98.0,0.8709677419354839,0.8664979,0.0043690237
A2,99.0,0.8684863523573201,0.8664072,0.004163974
A2,100.0,0.8684863523573201,0.8627229,0.009353221
A2,101.0,0.8684863523573201,0.86291313,0.0061387103
A2,102.0,0.8684863523573201,0.8637303,0.0053936006
A2,103.0,0.8660049627791563,0.86369056,0.0057201544
A2,104.0,0.8660049627791563,0.8637808,0.0056994758
A2,105.0,0.8660049627791563,0.86323035,0.006211371
A2,106.0,0.8635235732009926,0.8630327,0.0047901804
A2,107.0,0.8635235732009926,0.862496,0.0050351103
A2,108.0,0.8610421836228288,0.86576223,0.0047335443
A2,109.0,0.8635235732009926,0.86219484,0.0047159875
A2,110.0,0.8610421836228288,0.86215603,0.004735983
A2,111.0,0.8610421836228288,0.8640199,0.0047894274
A2,112.0,0.8610421836228288,0.8636912,0.004476443
A2,113.0,0.858560794044665,0.86803836,0.0044733994
A2,114.0,0.858560794044665,0.86360586,0.0043699164
A2,115.0,0.858560794044665,0.86168736,0.00448658
A2,116.0,0.8560794044665012,0.86458457,0.003910308
A2,117.0,0.8560794044665012,0.8613885,0.004502494
A2,118.0,0.8535980148883374,0.8617012,0.004261232
A2,119.0,0.8535980148883374,0.861815,0.004613427
A2,120.0,0.8535980148883374,0.86064386,0.00433074
A2,121.0,0.8535980148883374,0.8613183,0.0043409285
A2,122.0,0.8511166253101737,0.8614105,0.004452493
A2,123.0,0.8511166253101737,0.8608896,0.004890464
A2,124.0,0.8511166253101737,0.8603426,0.004182112
A2,125.0,0.8486352357320099,0.8732279,0.007372754
A2,126.0,0.8461538461538461,0.87243617,0.007172907
A2,127.0,0.8461538461538461,0.87366563,0.00743633
A2,128.0,0.8486352357320099,0.8602289,0.0051482096
A2,129.0,0.8461538461538461,0.860309,0.004827611
A2,130.0,0.8436724565756824,0.8627281,0.0059638843
A2,131.0,0.8461538461538461,0.8629929,0.005768692
A2,132.0,0.8461538461538461,0.8576131,0.0060774167
A2,133.0,0.8436724565756824,0.858906,0.006488324
A2,134.0,0.8411910669975186,0.8702485,0.006846952
A2,135.0,0.8411910669975186,0.8615244,0.0069226976
A2,136.0,0.8387096774193549,0.86739635,0.005514235
A2,137.0,0.8387096774193549,0.85917187,0.0050467844
A2,138.0,0.8387096774193549,0.8597889,0.0040829047
A2,139.0,0.8362282878411911,0.86554515,0.0053201974
A2,140.0,0.8362282878411911,0.86267614,0.0063725226
A2,141.0,0.8337468982630273,0.8730199,0.0069947825
A2,142.0,0.8362282878411911,0.85878134,0.0061350935
A2,143.0,0.8362282878411911,0.85309094,0.00667488
A2,144.0,0.8337468982630273,0.8565076,0.0046141213
A2,145.0,0.8312655086848635,0.85514796,0.0067734756
A2,146.0,0.8312655086848635,0.85264814,0.0067194533
A2,147.0,0.8287841191066998,0.8542517,0.005060697
A2,148.0,0.8287841191066998,0.85335875,0.0066155447
A2,149.0,0.8287841191066998,0.846676,0.005900205
A2,150.0,0.8287841191066998,0.84312946,0.0076606963
A2,151.0,0.826302729528536,0.84491193,0.007509587
A2,152.0,0.826302729528536,0.843469,0.0073315185
A2,153.0,0.8238213399503722,0.8431182,0.0067952573
A2,154.0,0.8238213399503722,0.84327185,0.006928023
A2,155.0,0.8213399503722084,0.84303933,0.006610441
A2,156.0,0.8213399503722084,0.8411972,0.0074777594
A2,157.0,0.8213399503722084,0.8433841,0.008217164
A2,158.0,0.8188585607940446,0.8413043,0.008426827
A2,159.0,0.8163771712158809,0.84252393,0.008771293
A2,160.0,0.8163771712158809,0.84427726,0.0071511255
A2,161.0,0.8138957816377171,0.84417135,0.0075384616
A2,162.0,0.8138957816377171,0.8431765,0.004624301
A2,163.0,0.8114143920595533,0.842083,0.0059065665
A2,164.0,0.8114143920595533,0.8442925,0.0056363354
A2,165.0,0.8089330024813896,0.8424028,0.0063746176
A2,166.0,0.8064516129032258,0.83787125,0.00373125
A2,167.0,0.8064516129032258,0.83821094,0.0044802725
A2,168.0,0.8039702233250621,0.8336789,0.005507749
A2,169.0,0.8014888337468983,0.83643186,0.0049207793
A2,170.0,0.8014888337468983,0.83287287,0.004478534
A2,171.0,0.7990074441687345,0.83266413,0.005002406
A2,172.0,0.7965260545905707,0.8326057,0.0047207163
A2,173.0,0.7965260545905707,0.8323401,0.0048198793
A2,174.0,0.794044665012407,0.82982475,0.0035278727
A2,175.0,0.7915632754342432,0.8292149,0.0039862655
A2,176.0,0.7915632754342432,0.82966596,0.0041678655
A2,177.0,0.7890818858560794,0.8283229,0.00427228
A2,178.0,0.7866004962779156,0.8287751,0.0045760344
A2,179.0,0.7866004962779156,0.8268426,0.0041835117
A2,180.0,0.7841191066997518,0.8276836,0.004266153
A2,181.0,0.7816377171215881,0.82518816,0.0042700926
A2,182.0,0.7791563275434243,0.817664,0.0056778314
A2,183.0,0.7766749379652605,0.81757516,0.0055643455
A2,184.0,0.7741935483870968,0.81356174,0.004173868
A2,185.0,0.7741935483870968,0.81043607,0.004756804
A2,186.0,0.771712158808933,0.8072449,0.0054621627
A2,187.0,0.7667493796526055,0.80878866,0.0038223483
A2,188.0,0.7642679900744417,0.8097537,0.0040012463
A2,189.0,0.7617866004962779,0.807912,0.004917439
A2,190.0,0.7593052109181141,0.80565643,0.0041215345
A2,191.0,0.7568238213399504,0.80366725,0.0044106897
A2,192.0,0.7568238213399504,0.8034867,0.00427891
A2,193.0,0.7518610421836228,0.7993422,0.0043181186
A2,194.0,0.749379652605459,0.79720604,0.0046639573
A2,195.0,0.749379652605459,0.7930394,0.0052148835
A2,196.0,0.7444168734491315,0.7829252,0.005576026
A2,197.0,0.7419354838709677,0.7821075,0.005624493
A2,198.0,0.739454094292804,0.7782471,0.0060391123
A2,199.0,0.7344913151364765,0.776712,0.0058857524
A2,200.0,0.7320099255583127,0.7752622,0.0058744606
A2,201.0,0.7295285359801489,0.77290857,0.006657038
A2,202.0,0.7270471464019851,0.7650259,0.0036983897
A2,203.0,0.7245657568238213,0.7652743,0.004681303
A2,204.0,0.7196029776674938,0.74272484,0.0064557013
A2,205.0,0.71712158808933,0.745046,0.006409943
A2,206.0,0.7121588089330024,0.7294663,0.0059626345
A2,207.0,0.7146401985111662,0.7220193,0.009377632
A2,208.0,0.707196029776675,0.7373918,0.007017303
A2,209.0,0.707196029776675,0.7212825,0.012245362
A2,210.0,0.6997518610421837,0.7213271,0.006735945
A2,211.0,0.6972704714640199,0.7145049,0.00568745
A2,212.0,0.6923076923076923,0.7137981,0.0053781997
A2,213.0,0.6898263027295285,0.7107655,0.0056822663
A2,214.0,0.6873449131513648,0.70932484,0.0047646794
A2,215.0,0.684863523573201,0.7070986,0.008067782
A2,216.0,0.6823821339950372,0.71004,0.008684063
A2,217.0,0.6823821339950372,0.70271033,0.009823751
A2,218.0,0.6823821339950372,0.68985665,0.013585787
A2,219.0,0.6774193548387096,0.69770586,0.013121808
A2,220.0,0.674937965260546,0.7082047,0.007361696
A2,221.0,0.6724565756823822,0.69423246,0.010483174
A2,222.0,0.6699751861042184,0.69012046,0.010002094
A2,223.0,0.6674937965260546,0.69792366,0.0063837483
A2,224.0,0.6650124069478908,0.6859794,0.01256295
A2,225.0,0.6625310173697271,0.68296844,0.01287461
A2,226.0,0.6600496277915633,0.6756109,0.0104113575
A2,227.0,0.6550868486352357,0.6864031,0.00954427
A2,228.0,0.6501240694789082,0.6765199,0.010941417
A2,229.0,0.6476426799007444,0.67428213,0.011826332
A2,230.0,0.6426799007444168,0.6734388,0.011235717
A2,231.0,0.6401985111662531,0.6734758,0.010638597
A2,232.0,0.6377171215880894,0.6637187,0.012472785
A2,233.0,0.6327543424317618,0.65439487,0.015222322
A2,234.0,0.630272952853598,0.6500377,0.017214768
A2,235.0,0.6203473945409429,0.64241934,0.010043816
A2,236.0,0.6203473945409429,0.6351801,0.008436573
A2,237.0,0.6153846153846154,0.6357977,0.013816959
A2,238.0,0.607940446650124,0.64449084,0.009167715
A2,239.0,0.6029776674937966,0.64035624,0.017016653
A2,240.0,0.5955334987593052,0.63480675,0.009635132
A2,241.0,0.5955334987593052,0.6128738,0.013671533
A2,242.0,0.5856079404466501,0.63138777,0.008010724
A2,243.0,0.5831265508684863,0.585192,0.021157298
A2,244.0,0.5732009925558312,0.6275271,0.009679512
A2,245.0,0.5707196029776674,0.5588316,0.010308547
A2,246.0,0.5583126550868487,0.6185683,0.008593259
A2,247.0,0.5558312655086849,0.57248133,0.022054298
A2,248.0,0.5459057071960298,0.54407465,0.0063199895
A2,249.0,0.5359801488833746,0.57065666,0.017734518
A2,250.0,0.5359801488833746,0.5413578,0.010971852
A2,251.0,0.5260545905707196,0.5506923,0.004978995
A2,252.0,0.5210918114143921,0.5458788,0.005207339
A2,253.0,0.5161290322580645,0.52634573,0.012564861
A2,254.0,0.511166253101737,0.5430171,0.01403562
A2,255.0,0.4987593052109181,0.536472,0.011107476
A2,256.0,0.49379652605459057,0.52605945,0.012128418
A2,257.0,0.48635235732009924,0.54159975,0.01104109
A2,258.0,0.4813895781637717,0.54845124,0.00455621
A2,259.0,0.47642679900744417,0.5498779,0.0051954235
A2,260.0,0.46898263027295284,0.5410188,0.007895849
A2,261.0,0.46153846153846156,0.5440682,0.018030709
A2,262.0,0.456575682382134,0.54381716,0.00599764
A2,263.0,0.4491315136476427,0.52919847,0.012337296
A2,264.0,0.4441687344913151,0.5273407,0.014044397
A2,265.0,0.4292803970223325,0.47873777,0.026514152
A2,266.0,0.41935483870967744,0.4681405,0.023389561
A3,1.0,1.0,0.9708234,0.0036955208
A3,2.0,0.9973753280839895,0.9709333,0.0049717296
A3,3.0,0.994750656167979,0.9713155,0.0045978404
A3,4.0,0.994750656167979,0.9714176,0.0055183177
A3,5.0,0.9921259842519685,0.97276723,0.004972373
A3,6.0,0.9921259842519685,0.9689125,0.003428203
A3,7.0,0.989501312335958,0.97078055,0.0047422657
A3,8.0,0.9868766404199475,0.9724857,0.0044489754
A3,9.0,0.9868766404199475,0.97031724,0.0052505615
A3,10.0,0.984251968503937,0.9711714,0.006333116
A3,11.0,0.984251968503937,0.9764528,0.0024048516
A3,12.0,0.9816272965879265,0.9746195,0.0029812083
A3,13.0,0.9816272965879265,0.96789944,0.0032538867
A3,14.0,0.9816272965879265,0.9708575,0.00470445
A3,15.0,0.979002624671916,0.97351503,0.0058609024
A3,16.0,0.979002624671916,0.9748429,0.005297498
A3,17.0,0.9763779527559056,0.9729846,0.003876735
A3,18.0,0.973753280839895,0.97738314,0.0027745268
A3,19.0,0.973753280839895,0.9774725,0.003197703
A3,20.0,0.973753280839895,0.97354853,0.0040129875
A3,21.0,0.973753280839895,0.9726332,0.004653415
A3,22.0,0.973753280839895,0.9690564,0.0055108415
A3,23.0,0.973753280839895,0.9628102,0.00497267
A3,24.0,0.9711286089238845,0.96555406,0.006188719
A3,25.0,0.9711286089238845,0.9666544,0.0035853114
A3,26.0,0.968503937007874,0.9678955,0.0041263956
A3,27.0,0.968503937007874,0.97028476,0.004602331
A3,28.0,0.9658792650918635,0.9653174,0.0054593673
A3,29.0,0.968503937007874,0.969262,0.0061280546
A3,30.0,0.9658792650918635,0.9638065,0.0050343038
A3,31.0,0.9658792650918635,0.9650289,0.004308313
A3,32.0,0.963254593175853,0.9503466,0.0027460079
A3,33.0,0.963254593175853,0.9518221,0.0027967137
A3,34.0,0.9606299212598425,0.950864,0.0038729499
A3,35.0,0.963254593175853,0.9496044,0.0035674954
A3,36.0,0.9606299212598425,0.94920367,0.0033053514
A3,37.0,0.9606299212598425,0.9480508,0.00415964
A3,38.0,0.9606299212598425,0.94769734,0.0029052796
A3,39.0,0.958005249343832,0.9412378,0.003534156
A3,40.0,0.958005249343832,0.94166136,0.0038248152
A3,41.0,0.958005249343832,0.9426486,0.0040645725
A3,42.0,0.958005249343832,0.9462838,0.004220193
A3,43.0,0.9553805774278216,0.94615984,0.0040411456
A3,44.0,0.9553805774278216,0.9464466,0.0033135253
A3,45.0,0.952755905511811,0.9262142,0.002241554
A3,46.0,0.952755905511811,0.9218191,0.0031685887
A3,47.0,0.952755905511811,0.92211914,0.0025237552
A3,48.0,0.952755905511811,0.93114316,0.0037723854
A3,49.0,0.952755905511811,0.926013,0.003389149
A3,50.0,0.952755905511811,0.9254381,0.002251522
A3,51.0,0.9501312335958005,0.92413604,0.0031581388
A3,52.0,0.9501312335958005,0.9202978,0.0035652707
A3,53.0,0.94750656167979,0.91248685,0.002387424
A3,54.0,0.94750656167979,0.9122554,0.002828933
A3,55.0,0.94750656167979,0.9203173,0.0027219346
A3,56.0,0.9422572178477691,0.91346645,0.0035286837
A3,57.0,0.9448818897637795,0.92649823,0.004490318
A3,58.0,0.9448818897637795,0.9124891,0.0025706643
A3,59.0,0.9448818897637795,0.92155266,0.0026650787
A3,60.0,0.9422572178477691,0.91336584,0.003094512
A3,61.0,0.9422572178477691,0.91253966,0.003133563
A3,62.0,0.9422572178477691,0.9168402,0.0029973832
A3,63.0,0.9422572178477691,0.91076076,0.0026559765
A3,64.0,0.9422572178477691,0.91349506,0.0027529115
A3,65.0,0.9396325459317585,0.9114564,0.0031709124
A3,66.0,0.9396325459317585,0.9101591,0.0023493345
A3,67.0,0.937007874015748,0.91008663,0.0022918915
A3,68.0,0.937007874015748,0.9103874,0.0028854692
A3,69.0,0.937007874015748,0.9112089,0.0037424131
A3,70.0,0.937007874015748,0.9104799,0.0023451045
A3,71.0,0.9343832020997376,0.90605706,0.002630337
A3,72.0,0.9343832020997376,0.90282094,0.0026862354
A3,73.0,0.9343832020997376,0.902013,0.0032140051
A3,74.0,0.9343832020997376,0.90180045,0.0032379963
A3,75.0,0.9343832020997376,0.9034131,0.0033384704
A3,76.0,0.931758530183727,0.90722215,0.0037039672
A3,77.0,0.931758530183727,0.906827,0.0032045043
A3,78.0,0.9291338582677166,0.90621966,0.00391377
A3,79.0,0.9291338582677166,0.9025814,0.0049145995
A3,80.0,0.9291338582677166,0.90192145,0.003808296
A3,81.0,0.9291338582677166,0.90179175,0.0025645692
A3,82.0,0.9291338582677166,0.9023218,0.002947289
A3,83.0,0.926509186351706,0.9060957,0.003100978
A3,84.0,0.926509186351706,0.9057621,0.0034624524
A3,85.0,0.926509186351706,0.9047704,0.0038631707
A3,86.0,0.9238845144356955,0.9067953,0.0029275944
A3,87.0,0.9238845144356955,0.89922464,0.0023045368
A3,88.0,0.9212598425196851,0.89937794,0.0025126527
A3,89.0,0.9212598425196851,0.9032068,0.0023263572
A3,90.0,0.9212598425196851,0.90279454,0.0018463931
A3,91.0,0.9186351706036745,0.9036354,0.0021096368
A3,92.0,0.9186351706036745,0.9036459,0.0023724989
A3,93.0,0.916010498687664,0.89345586,0.004003601
A3,94.0,0.9133858267716536,0.8929332,0.00496521
A3,95.0,0.9133858267716536,0.8935318,0.0056572505
A3,96.0,0.916010498687664,0.9033224,0.0031500962
A3,97.0,0.9133858267716536,0.89661235,0.005308067
A3,98.0,0.910761154855643,0.89579165,0.0039186995
A3,99.0,0.910761154855643,0.8963586,0.004588101
A3,100.0,0.910761154855643,0.897227,0.0051293145
A3,101.0,0.910761154855643,0.8952007,0.0054116026
A3,102.0,0.9081364829396326,0.89516175,0.0057675503
A3,103.0,0.9081364829396326,0.89459866,0.005631401
A3,104.0,0.9081364829396326,0.89126873,0.004849188
A3,105.0,0.905511811023622,0.87296647,0.008439632
A3,106.0,0.905511811023622,0.8903367,0.004367606
A3,107.0,0.9028871391076115,0.8723343,0.008601096
A3,108.0,0.905511811023622,0.89429855,0.00470446
A3,109.0,0.9028871391076115,0.88670254,0.007189615
A3,110.0,0.9028871391076115,0.887142,0.006584766
A3,111.0,0.9028871391076115,0.88678074,0.0059055393
A3,112.0,0.9002624671916011,0.87333935,0.010011859
A3,113.0,0.9002624671916011,0.88699853,0.005815218
A3,114.0,0.9002624671916011,0.8836695,0.006867427
A3,115.0,0.8976377952755905,0.886732,0.004270907
A3,116.0,0.8976377952755905,0.88604367,0.005242551
A3,117.0,0.89501312335958,0.8819643,0.0038751324
A3,118.0,0.89501312335958,0.88220775,0.0045048236
A3,119.0,0.89501312335958,0.8817105,0.0056028096
A3,120.0,0.89501312335958,0.8814944,0.005413825
A3,121.0,0.89501312335958,0.88161576,0.0053339438
A3,122.0,0.8923884514435696,0.8809098,0.0058383984
A3,123.0,0.8923884514435696,0.8809519,0.0058125546
A3,124.0,0.8923884514435696,0.8692137,0.01133128
A3,125.0,0.8871391076115486,0.85449886,0.0061306036
A3,126.0,0.8871391076115486,0.8555319,0.0068375194
A3,127.0,0.889763779527559,0.8783391,0.0055683283
A3,128.0,0.8871391076115486,0.8760687,0.0049852785
A3,129.0,0.884514435695538,0.86111945,0.007137546
A3,130.0,0.884514435695538,0.8581565,0.006847707
A3,131.0,0.889763779527559,0.8795866,0.0048537496
A3,132.0,0.8871391076115486,0.85799897,0.006562228
A3,133.0,0.884514435695538,0.85636747,0.006222202
A3,134.0,0.8818897637795275,0.8519715,0.005991088
A3,135.0,0.8818897637795275,0.85459507,0.004577221
A3,136.0,0.8818897637795275,0.85235673,0.008804749
A3,137.0,0.8792650918635171,0.85718936,0.008247089
A3,138.0,0.8792650918635171,0.8579985,0.0076508066
A3,139.0,0.8792650918635171,0.85411847,0.006957984
A3,140.0,0.8792650918635171,0.84514964,0.00976619
A3,141.0,0.8792650918635171,0.86039895,0.007447529
A3,142.0,0.8818897637795275,0.85084075,0.006645122
A3,143.0,0.8766404199475065,0.842361,0.0072597996
A3,144.0,0.8766404199475065,0.8464656,0.006282297
A3,145.0,0.8766404199475065,0.8506916,0.005356744
A3,146.0,0.8740157480314961,0.84074557,0.0059882286
A3,147.0,0.8740157480314961,0.8482006,0.004583698
A3,148.0,0.8740157480314961,0.84112537,0.005803026
A3,149.0,0.8740157480314961,0.8552877,0.0058969427
A3,150.0,0.8713910761154856,0.8548096,0.006579115
A3,151.0,0.8713910761154856,0.84242475,0.00758629
A3,152.0,0.8713910761154856,0.84267825,0.007390465
A3,153.0,0.8713910761154856,0.84115875,0.009452375
A3,154.0,0.868766404199475,0.8406986,0.010107719
A3,155.0,0.868766404199475,0.8399786,0.008777348
A3,156.0,0.868766404199475,0.84001285,0.009128512
A3,157.0,0.868766404199475,0.8419754,0.010496864
A3,158.0,0.8661417322834646,0.83831644,0.0059484257
A3,159.0,0.863517060367454,0.84402674,0.011801821
A3,160.0,0.863517060367454,0.8393981,0.013446516
A3,161.0,0.8661417322834646,0.84349906,0.005613664
A3,162.0,0.863517060367454,0.8356193,0.013446275
A3,163.0,0.8608923884514436,0.8469552,0.013163097
A3,164.0,0.8608923884514436,0.8399865,0.014738754
A3,165.0,0.8608923884514436,0.8394974,0.016218465
A3,166.0,0.8582677165354331,0.8461587,0.012016539
A3,167.0,0.8582677165354331,0.848456,0.013214557
A3,168.0,0.8582677165354331,0.8366226,0.006515046
A3,169.0,0.8556430446194225,0.84926987,0.013931436
A3,170.0,0.8556430446194225,0.84355605,0.011221852
A3,171.0,0.8556430446194225,0.84429646,0.01252027
A3,172.0,0.8530183727034121,0.846326,0.014298705
A3,173.0,0.8530183727034121,0.8495496,0.016172161
A3,174.0,0.8503937007874016,0.85062253,0.015734917
A3,175.0,0.8503937007874016,0.84809554,0.015518772
A3,176.0,0.8503937007874016,0.8443327,0.014372176
A3,177.0,0.847769028871391,0.84519225,0.016654512
A3,178.0,0.847769028871391,0.84781677,0.014943409
A3,179.0,0.8451443569553806,0.84502584,0.0150855025
A3,180.0,0.8451443569553806,0.8466217,0.014513601
A3,181.0,0.8451443569553806,0.84784305,0.015660627
A3,182.0,0.84251968503937,0.845884,0.015614121
A3,183.0,0.84251968503937,0.8455874,0.015688995
A3,184.0,0.8398950131233596,0.83059263,0.012228449
A3,185.0,0.8398950131233596,0.83215064,0.010758503
A3,186.0,0.8372703412073491,0.8448337,0.012884655
A3,187.0,0.8372703412073491,0.8234043,0.013032276
A3,188.0,0.8372703412073491,0.82761365,0.010477958
A3,189.0,0.8346456692913385,0.8279503,0.011305043
A3,190.0,0.8346456692913385,0.8239628,0.012324162
A3,191.0,0.8320209973753281,0.8265897,0.0113033885
A3,192.0,0.8320209973753281,0.8241457,0.008339267
A3,193.0,0.8320209973753281,0.8248378,0.009041987
A3,194.0,0.8293963254593176,0.82025623,0.008463461
A3,195.0,0.8267716535433071,0.81685066,0.009440978
A3,196.0,0.8267716535433071,0.8145264,0.008955208
A3,197.0,0.8267716535433071,0.8186463,0.0064771553
A3,198.0,0.8241469816272966,0.8179122,0.006325564
A3,199.0,0.8241469816272966,0.8209604,0.007204327
A3,200.0,0.821522309711286,0.8179474,0.007682733
A3,201.0,0.821522309711286,0.8155619,0.009233475
A3,202.0,0.8188976377952756,0.81789887,0.009817986
A3,203.0,0.821522309711286,0.8079575,0.0065037548
A3,204.0,0.8136482939632546,0.8144463,0.01100321
A3,205.0,0.8162729658792651,0.8035222,0.005205813
A3,206.0,0.8110236220472441,0.811598,0.0100222705
A3,207.0,0.8162729658792651,0.8058047,0.0068802163
A3,208.0,0.8083989501312336,0.8011179,0.0047630114
A3,209.0,0.8110236220472441,0.80020684,0.0054819924
A3,210.0,0.8031496062992126,0.8012775,0.006379165
A3,211.0,0.8031496062992126,0.7941121,0.0066644754
A3,212.0,0.800524934383202,0.79355013,0.005694482
A3,213.0,0.8031496062992126,0.79563355,0.0044301497
A3,214.0,0.7979002624671916,0.7880037,0.007722522
A3,215.0,0.800524934383202,0.79697645,0.004726548
A3,216.0,0.7926509186351706,0.78267074,0.008818784
A3,217.0,0.7979002624671916,0.7799145,0.01179639
A3,218.0,0.7926509186351706,0.78400946,0.0073011653
A3,219.0,0.7952755905511811,0.7981028,0.005840111
A3,220.0,0.7874015748031497,0.78704304,0.0082845315
A3,221.0,0.7874015748031497,0.7783516,0.011595292
A3,222.0,0.7847769028871391,0.7827064,0.010719999
A3,223.0,0.7821522309711286,0.7785534,0.012383099
A3,224.0,0.7795275590551181,0.77479964,0.013113378
A3,225.0,0.7821522309711286,0.7949394,0.005941767
A3,226.0,0.7769028871391076,0.7749965,0.013823565
A3,227.0,0.7769028871391076,0.776317,0.008719433
A3,228.0,0.7716535433070866,0.7753405,0.013963123
A3,229.0,0.7716535433070866,0.7755447,0.01065251
A3,230.0,0.7664041994750657,0.7742442,0.0111876
A3,231.0,0.7664041994750657,0.7623309,0.009167668
A3,232.0,0.7611548556430446,0.76651895,0.013943997
A3,233.0,0.7611548556430446,0.76089877,0.009498136
A3,234.0,0.7559055118110236,0.765765,0.012037472
A3,235.0,0.7559055118110236,0.75134385,0.01357823
A3,236.0,0.7506561679790026,0.7612266,0.011079377
A3,237.0,0.7480314960629921,0.75711995,0.013721575
A3,238.0,0.7427821522309711,0.7665468,0.014205403
A3,239.0,0.7427821522309711,0.7379843,0.0072444994
A3,240.0,0.7349081364829396,0.76650506,0.01580738
A3,241.0,0.7349081364829396,0.7309356,0.01366332
A3,242.0,0.7296587926509186,0.7324243,0.013856204
A3,243.0,0.7296587926509186,0.72525054,0.012616053
A3,244.0,0.7217847769028871,0.7616872,0.022935485
A3,245.0,0.7217847769028871,0.7153467,0.011534632
A3,246.0,0.7139107611548556,0.7690512,0.031598512
A3,247.0,0.7139107611548556,0.74681747,0.029593231
A3,248.0,0.7086614173228346,0.72591835,0.029144311
A3,249.0,0.7034120734908137,0.7511512,0.02460022
A3,250.0,0.7007874015748031,0.73586035,0.02060175
A3,251.0,0.6955380577427821,0.7279299,0.026490008
A3,252.0,0.6929133858267716,0.6964852,0.005504009
A3,253.0,0.6876640419947506,0.72117084,0.025965579
A3,254.0,0.6850393700787402,0.7281936,0.039468568
A3,255.0,0.6771653543307087,0.74373454,0.04153514
A3,256.0,0.6745406824146981,0.67507964,0.010470683
A3,257.0,0.6692913385826772,0.67624426,0.011179387
A3,258.0,0.6666666666666666,0.6728984,0.012608367
A3,259.0,0.6614173228346457,0.6959202,0.029486788
A3,260.0,0.6587926509186351,0.66641206,0.015132878
A3,261.0,0.6509186351706037,0.7205285,0.04375939
A3,262.0,0.6482939632545932,0.6601041,0.011979972
A3,263.0,0.6430446194225722,0.6900428,0.030774076
A3,264.0,0.6404199475065617,0.69772834,0.043961205
A3,265.0,0.6325459317585301,0.64773667,0.014315441
A3,266.0,0.6220472440944882,0.67924064,0.029431188
A4,1.0,1.0,0.9704407,0.0077130334
A4,2.0,0.9925187032418953,0.9687576,0.006308425
A4,3.0,0.9875311720698254,0.95652103,0.0068758484
A4,4.0,0.9825436408977556,0.9578493,0.0036744236
A4,5.0,0.9775561097256857,0.9624945,0.003802789
A4,6.0,0.972568578553616,0.9621895,0.0047264807
A4,7.0,0.9675810473815462,0.96038663,0.005384429
A4,8.0,0.9625935162094763,0.9577387,0.004181488
A4,9.0,0.9600997506234414,0.9569122,0.0047022696
A4,10.0,0.9576059850374065,0.94130147,0.008863346
A4,11.0,0.9551122194513716,0.92540056,0.007819731
A4,12.0,0.9526184538653366,0.9255884,0.007656891
A4,13.0,0.9476309226932669,0.95040095,0.0042772284
A4,14.0,0.9476309226932669,0.939315,0.005227761
A4,15.0,0.942643391521197,0.9438677,0.0045194784
A4,16.0,0.942643391521197,0.9446026,0.0041807336
A4,17.0,0.940149625935162,0.9435272,0.003717839
A4,18.0,0.940149625935162,0.919592,0.007984528
A4,19.0,0.9376558603491272,0.9194783,0.008167989
A4,20.0,0.9351620947630923,0.91958475,0.007696993
A4,21.0,0.9351620947630923,0.9219702,0.008463872
A4,22.0,0.9326683291770573,0.9260004,0.010440514
A4,23.0,0.9326683291770573,0.9259639,0.010113619
A4,24.0,0.9301745635910225,0.9375359,0.0051908717
A4,25.0,0.9276807980049875,0.9288908,0.007967333
A4,26.0,0.9276807980049875,0.9122845,0.007892764
A4,27.0,0.9276807980049875,0.91285354,0.0072125006
A4,28.0,0.9251870324189526,0.91207343,0.0071892096
A4,29.0,0.9251870324189526,0.92617285,0.008074062
A4,30.0,0.9226932668329177,0.93405867,0.0034367016
A4,31.0,0.9226932668329177,0.93417454,0.0032788333
A4,32.0,0.9201995012468828,0.93458414,0.003662036
A4,33.0,0.9201995012468828,0.9183911,0.009618681
A4,34.0,0.9201995012468828,0.9119927,0.006934947
A4,35.0,0.9177057356608479,0.9122261,0.0069932286
A4,36.0,0.9152119700748129,0.9351959,0.003339214
A4,37.0,0.9152119700748129,0.93205976,0.004342562
A4,38.0,0.9152119700748129,0.9310807,0.0040708873
A4,39.0,0.912718204488778,0.9297616,0.0034822656
A4,40.0,0.9152119700748129,0.91562164,0.007428544
A4,41.0,0.912718204488778,0.9129446,0.0073435884
A4,42.0,0.912718204488778,0.9131093,0.007587912
A4,43.0,0.9102244389027432,0.9284719,0.0032754296
A4,44.0,0.9077306733167082,0.9224113,0.0048145545
A4,45.0,0.9077306733167082,0.92544234,0.0043462273
A4,46.0,0.9077306733167082,0.9268204,0.0028296816
A4,47.0,0.9077306733167082,0.9219383,0.0018692866
A4,48.0,0.9077306733167082,0.9212178,0.0014579961
A4,49.0,0.9052369077306733,0.9215787,0.0039428743
A4,50.0,0.9052369077306733,0.924737,0.0034294995
A4,51.0,0.9027431421446384,0.9232152,0.0032197456
A4,52.0,0.9027431421446384,0.92206824,0.0026718148
A4,53.0,0.9027431421446384,0.91542137,0.0033024095
A4,54.0,0.9002493765586035,0.91902447,0.002230971
A4,55.0,0.9002493765586035,0.91774845,0.0019239321
A4,56.0,0.9002493765586035,0.91571677,0.0014133553
A4,57.0,0.9002493765586035,0.9173589,0.0021976426
A4,58.0,0.8977556109725686,0.91976106,0.0017528406
A4,59.0,0.8952618453865336,0.9161409,0.0040957094
A4,60.0,0.8977556109725686,0.9158591,0.002534577
A4,61.0,0.8952618453865336,0.9161598,0.0042918297
A4,62.0,0.8952618453865336,0.91371834,0.0031268247
A4,63.0,0.8927680798004988,0.91594666,0.0031060681
A4,64.0,0.8927680798004988,0.9143063,0.0023366958
A4,65.0,0.8902743142144638,0.9166279,0.004092787
A4,66.0,0.8902743142144638,0.9092724,0.0047798804
A4,67.0,0.8902743142144638,0.91460717,0.0037366094
A4,68.0,0.8877805486284289,0.9137472,0.003219342
A4,69.0,0.8877805486284289,0.9125069,0.0029745533
A4,70.0,0.8877805486284289,0.914272,0.0036270216
A4,71.0,0.885286783042394,0.91207206,0.002463885
A4,72.0,0.885286783042394,0.89006984,0.0041780253
A4,73.0,0.885286783042394,0.9069511,0.0043152375
A4,74.0,0.8827930174563591,0.8938012,0.0033434373
A4,75.0,0.8827930174563591,0.8904783,0.0033039325
A4,76.0,0.8802992518703242,0.8932859,0.0031990127
A4,77.0,0.8802992518703242,0.8884469,0.0037325863
A4,78.0,0.8802992518703242,0.9058997,0.0029360957
A4,79.0,0.8802992518703242,0.9054655,0.0033022033
A4,80.0,0.8802992518703242,0.9052714,0.0041987863
A4,81.0,0.8778054862842892,0.90258205,0.0030552403
A4,82.0,0.8753117206982544,0.8870004,0.0018726167
A4,83.0,0.8753117206982544,0.8873906,0.0021197228
A4,84.0,0.8728179551122195,0.8855708,0.0025970335
A4,85.0,0.8728179551122195,0.88692474,0.0020975107
A4,86.0,0.8728179551122195,0.8860971,0.002102435
A4,87.0,0.8703241895261845,0.8864155,0.0024002667
A4,88.0,0.8703241895261845,0.88528556,0.0019081656
A4,89.0,0.8678304239401496,0.88351214,0.00246366
A4,90.0,0.8678304239401496,0.883232,0.0023973288
A4,91.0,0.8653366583541147,0.88356,0.002399093
A4,92.0,0.8653366583541147,0.8831463,0.003450171
A4,93.0,0.8653366583541147,0.8852843,0.0022017716
A4,94.0,0.8653366583541147,0.8807703,0.002978517
A4,95.0,0.8628428927680798,0.8713568,0.0035963084
A4,96.0,0.8628428927680798,0.87980413,0.004278442
A4,97.0,0.8603491271820449,0.8802031,0.004296201
A4,98.0,0.85785536159601,0.8795635,0.004180441
A4,99.0,0.85785536159601,0.87779933,0.0032428752
A4,100.0,0.8553615960099751,0.87912446,0.0041404604
A4,101.0,0.8553615960099751,0.86814946,0.0037997179
A4,102.0,0.8528678304239401,0.86739844,0.0034645316
A4,103.0,0.8528678304239401,0.86193955,0.0051751533
A4,104.0,0.8503740648379052,0.85739696,0.0052827843
A4,105.0,0.8503740648379052,0.85430366,0.0025733514
A4,106.0,0.8503740648379052,0.8488773,0.0055347243
A4,107.0,0.8478802992518704,0.845739,0.006634539
A4,108.0,0.8478802992518704,0.84294474,0.0056654466
A4,109.0,0.8428927680798005,0.8412963,0.0052941493
A4,110.0,0.8428927680798005,0.8408865,0.0049007107
A4,111.0,0.8428927680798005,0.8339219,0.006681995
A4,112.0,0.8379052369077307,0.8397069,0.0056904103
A4,113.0,0.8379052369077307,0.821852,0.0064498833
A4,114.0,0.8354114713216958,0.81972075,0.0061525847
A4,115.0,0.8329177057356608,0.8169119,0.0044704545
A4,116.0,0.830423940149626,0.81485987,0.00491977
A4,117.0,0.830423940149626,0.81366986,0.0062344726
A4,118.0,0.827930174563591,0.8132582,0.0055151847
A4,119.0,0.8254364089775561,0.8116766,0.0065045008
A4,120.0,0.8254364089775561,0.81197184,0.00588125
A4,121.0,0.8229426433915212,0.8129595,0.005363747
A4,122.0,0.8229426433915212,0.81036866,0.0043010637
A4,123.0,0.8204488778054863,0.8122036,0.0053869355
A4,124.0,0.8204488778054863,0.8121077,0.006064785
A4,125.0,0.8204488778054863,0.81060857,0.005362783
A4,126.0,0.8254364089775561,0.79188895,0.0047659026
A4,127.0,0.8179551122194514,0.7967762,0.004970996
A4,128.0,0.8179551122194514,0.80334556,0.004938223
A4,129.0,0.8179551122194514,0.79985315,0.005437874
A4,130.0,0.8179551122194514,0.7977685,0.005848143
A4,131.0,0.8179551122194514,0.79766345,0.006217174
A4,132.0,0.8129675810473815,0.81950235,0.0059691723
A4,133.0,0.8104738154613467,0.8172032,0.00610914
A4,134.0,0.8079800498753117,0.81495124,0.0073253526
A4,135.0,0.8129675810473815,0.80359185,0.003972048
A4,136.0,0.8104738154613467,0.80880576,0.002701047
A4,137.0,0.8054862842892768,0.8169357,0.006468398
A4,138.0,0.8054862842892768,0.815801,0.007240418
A4,139.0,0.8054862842892768,0.8195952,0.005821653
A4,140.0,0.8029925187032418,0.8201477,0.0052875103
A4,141.0,0.8104738154613467,0.80760145,0.0031442458
A4,142.0,0.8054862842892768,0.8096899,0.007890866
A4,143.0,0.800498753117207,0.82019216,0.0056800875
A4,144.0,0.800498753117207,0.8198085,0.005486558
A4,145.0,0.800498753117207,0.8201092,0.005825066
A4,146.0,0.7980049875311721,0.82108176,0.005384665
A4,147.0,0.7980049875311721,0.81710625,0.0068183327
A4,148.0,0.7980049875311721,0.81349766,0.004309795
A4,149.0,0.7955112219451371,0.80455554,0.0061941897
A4,150.0,0.7930174563591023,0.8081185,0.0077681704
A4,151.0,0.7930174563591023,0.8041385,0.0062726173
A4,152.0,0.7905236907730673,0.8055437,0.0076526757
A4,153.0,0.7905236907730673,0.80634725,0.007527284
A4,154.0,0.7880299251870324,0.7942866,0.007943646
A4,155.0,0.7880299251870324,0.79332113,0.0053872773
A4,156.0,0.7855361596009975,0.79459393,0.0072143385
A4,157.0,0.7855361596009975,0.7948758,0.006410366
A4,158.0,0.7805486284289277,0.804321,0.0044895746
A4,159.0,0.7805486284289277,0.8017532,0.004875009
A4,160.0,0.7830423940149626,0.79279387,0.0043590283
A4,161.0,0.7780548628428927,0.80139273,0.0055701234
A4,162.0,0.7755610972568578,0.8018483,0.0054247784
A4,163.0,0.7755610972568578,0.7985916,0.00621964
A4,164.0,0.773067331670823,0.79769105,0.0046663163
A4,165.0,0.770573566084788,0.7968825,0.0037277061
A4,166.0,0.770573566084788,0.7968663,0.0035303037
A4,167.0,0.7680798004987531,0.7989582,0.0039005734
A4,168.0,0.7680798004987531,0.7962915,0.003334932
A4,169.0,0.7655860349127181,0.79833317,0.004167717
A4,170.0,0.7630922693266833,0.79575676,0.0044865585
A4,171.0,0.7630922693266833,0.7946328,0.0047789644
A4,172.0,0.7605985037406484,0.7915133,0.0052262917
A4,173.0,0.7581047381546134,0.79328394,0.0049472167
A4,174.0,0.7556109725685786,0.7938798,0.0053427136
A4,175.0,0.7531172069825436,0.79287326,0.005788541
A4,176.0,0.7531172069825436,0.78870237,0.0060226503
A4,177.0,0.7506234413965087,0.78855217,0.005750805
A4,178.0,0.7481296758104738,0.78407335,0.0043348433
A4,179.0,0.7481296758104738,0.7812642,0.0047540986
A4,180.0,0.7456359102244389,0.7865017,0.00533743
A4,181.0,0.743142144638404,0.78406024,0.0062140073
A4,182.0,0.7406483790523691,0.78097314,0.0041986057
A4,183.0,0.7381546134663342,0.78371567,0.0062597054
A4,184.0,0.7356608478802993,0.77907693,0.0050283675
A4,185.0,0.7331670822942643,0.77685773,0.0064689927
A4,186.0,0.7306733167082294,0.78048736,0.0073895757
A4,187.0,0.7306733167082294,0.77673453,0.0065396517
A4,188.0,0.7281795511221946,0.7702054,0.007686431
A4,189.0,0.7256857855361596,0.7672039,0.006884764
A4,190.0,0.7231920199501247,0.7716653,0.008313324
A4,191.0,0.7206982543640897,0.76933765,0.007789243
A4,192.0,0.7182044887780549,0.76586473,0.0056188386
A4,193.0,0.71571072319202,0.7666813,0.0071476195
A4,194.0,0.713216957605985,0.76402605,0.0055287853
A4,195.0,0.7107231920199502,0.759478,0.00689834
A4,196.0,0.7082294264339152,0.7521292,0.007939398
A4,197.0,0.7057356608478803,0.75678277,0.00823512
A4,198.0,0.7007481296758105,0.7545559,0.0092313215
A4,199.0,0.6982543640897756,0.7371017,0.008416914
A4,200.0,0.6957605985037406,0.7329158,0.007835002
A4,201.0,0.6907730673316709,0.73055416,0.01052062
A4,202.0,0.6907730673316709,0.6961557,0.004449682
A4,203.0,0.683291770573566,0.7198435,0.0068919077
A4,204.0,0.683291770573566,0.6875712,0.0069262832
A4,205.0,0.6733167082294265,0.69260186,0.0052943346
A4,206.0,0.6783042394014963,0.6582846,0.0051635676
A4,207.0,0.6683291770573566,0.6790749,0.008946977
A4,208.0,0.6633416458852868,0.67921525,0.003965241
A4,209.0,0.6583541147132169,0.6534417,0.0053090886
A4,210.0,0.6533665835411472,0.65379316,0.0039218212
A4,211.0,0.6483790523690773,0.64403474,0.0039276397
A4,212.0,0.6408977556109726,0.64492035,0.006864403
A4,213.0,0.6334164588528678,0.6300113,0.0031599912
A4,214.0,0.6309226932668329,0.6322495,0.006988049
A4,215.0,0.6259351620947631,0.62602675,0.0050736875
A4,216.0,0.6184538653366584,0.6300373,0.0067343893
A4,217.0,0.6159600997506235,0.6268711,0.0057866755
A4,218.0,0.6059850374064838,0.626047,0.007642156
A4,219.0,0.5985037406483791,0.62064326,0.006111778
A4,220.0,0.5935162094763092,0.6205962,0.006666295
A4,221.0,0.5860349127182045,0.6166854,0.0068874513
A4,222.0,0.5810473815461347,0.6120163,0.007832176
A4,223.0,0.57356608478803,0.61590564,0.0071112816
A4,224.0,0.5660847880299252,0.6085897,0.008239889
A4,225.0,0.5586034912718204,0.6077523,0.007786762
A4,226.0,0.5511221945137157,0.5812885,0.009615947
A4,227.0,0.543640897755611,0.58515584,0.009114792
A4,228.0,0.5361596009975063,0.5553232,0.010800631
A4,229.0,0.5286783042394015,0.5759868,0.011347507
A4,230.0,0.5211970074812967,0.5485159,0.0071105566
A4,231.0,0.5112219451371571,0.5528091,0.0093453815
A4,232.0,0.5037406483790524,0.53590643,0.0074102413
A4,233.0,0.49625935162094764,0.55034935,0.0068110856
A4,234.0,0.4837905236907731,0.53395444,0.006289908
A4,235.0,0.4763092269326683,0.5335696,0.0067172544
A4,236.0,0.46633416458852867,0.5261515,0.0040077656
A4,237.0,0.45885286783042395,0.5225276,0.0026461517
A4,238.0,0.4463840399002494,0.52593213,0.0030421484
A4,239.0,0.43640897755610975,0.5191658,0.0037836232
A4,240.0,0.42643391521197005,0.52068496,0.0048295646
A4,241.0,0.4164588528678304,0.52513915,0.008676171
A4,242.0,0.40399002493765584,0.5302033,0.007454095
A4,243.0,0.39650872817955113,0.50953424,0.005839415
A4,244.0,0.3865336658354115,0.52270156,0.004257232
A4,245.0,0.3765586034912718,0.4857975,0.014377388
A4,246.0,0.36658354114713215,0.5181631,0.005285712
A4,247.0,0.3566084788029925,0.46667996,0.01054916
A4,248.0,0.3491271820448878,0.50173026,0.006206215
A4,249.0,0.33915211970074816,0.43080777,0.015987765
A4,250.0,0.3316708229426434,0.4450662,0.01342656
A4,251.0,0.32418952618453867,0.43666562,0.01198317
A4,252.0,0.3167082294264339,0.43430442,0.013374522
A4,253.0,0.30673316708229426,0.4190289,0.01709395
A4,254.0,0.30174563591022446,0.460219,0.011107064
A4,255.0,0.2942643391521197,0.40496436,0.015673073
A4,256.0,0.286783042394015,0.38331804,0.011631548
A4,257.0,0.2793017456359102,0.42685866,0.013927672
A4,258.0,0.2743142144638404,0.38503554,0.011972213
A4,259.0,0.26683291770573564,0.38388112,0.01171828
A4,260.0,0.26433915211970077,0.4130928,0.012055614
A4,261.0,0.26184538653366585,0.37364206,0.010830832
A4,262.0,0.256857855361596,0.37753797,0.012368761
A4,263.0,0.2518703241895262,0.36434978,0.0109589305
A4,264.0,0.24788029925187033,0.4108614,0.015166932
A4,265.0,0.24463840399002493,0.35105872,0.009983648
A4,266.0,0.24064837905236908,0.34276316,0.0127226375
A4,267.0,0.23541147132169576,0.3406643,0.013162408
A4,268.0,0.053865336658354114,0.33963093,0.013968101
A4,269.0,0.04937655860349127,0.33859593,0.013839957
A5,1.0,1.0,0.8907879,0.003536044
A5,2.0,0.9973890339425587,0.88135034,0.0034679677
A5,3.0,0.9947780678851175,0.8824848,0.0037967763
A5,4.0,0.9921671018276762,0.88109446,0.0046708444
A5,5.0,0.9921671018276762,0.8911662,0.0042584906
A5,6.0,0.9895561357702349,0.8932298,0.0036827382
A5,7.0,0.9843342036553525,0.88568515,0.0010317988
A5,8.0,0.9843342036553525,0.884809,0.0012045775
A5,9.0,0.9817232375979112,0.8808676,0.004545105
A5,10.0,0.97911227154047,0.8824793,0.0028888434
A5,11.0,0.97911227154047,0.8844905,0.004361355
A5,12.0,0.9765013054830287,0.8895996,0.0030653172
A5,13.0,0.9738903394255874,0.8871406,0.0040490157
A5,14.0,0.9712793733681462,0.88478816,0.0021130668
A5,15.0,0.9712793733681462,0.8849508,0.0018170185
A5,16.0,0.9686684073107049,0.88074076,0.0018434456
A5,17.0,0.9660574412532638,0.8807356,0.0020077163
A5,18.0,0.9660574412532638,0.88036215,0.002347463
A5,19.0,0.9660574412532638,0.8766669,0.0035142368
A5,20.0,0.9634464751958225,0.87411183,0.004829341
A5,21.0,0.9634464751958225,0.8792375,0.0070486213
A5,22.0,0.9634464751958225,0.87466127,0.0026616075
A5,23.0,0.9608355091383812,0.8831233,0.0025128075
A5,24.0,0.95822454308094,0.88333714,0.0018686324
A5,25.0,0.95822454308094,0.883392,0.0019502622
A5,26.0,0.9556135770234987,0.8833071,0.0022508244
A5,27.0,0.9556135770234987,0.87248725,0.0024244413
A5,28.0,0.9556135770234987,0.87525254,0.003597114
A5,29.0,0.9530026109660574,0.87535655,0.004013002
A5,30.0,0.9530026109660574,0.88056356,0.0024362216
A5,31.0,0.9503916449086162,0.8779577,0.002352055
A5,32.0,0.9477806788511749,0.8759325,0.0021910649
A5,33.0,0.9477806788511749,0.87553537,0.0018924752
A5,34.0,0.9477806788511749,0.868155,0.0024637855
A5,35.0,0.9477806788511749,0.8597576,0.00427616
A5,36.0,0.9451697127937336,0.8618231,0.0042108423
A5,37.0,0.9425587467362925,0.87606317,0.0014459208
A5,38.0,0.9425587467362925,0.8711969,0.0014690268
A5,39.0,0.9399477806788512,0.87035006,0.0017191309
A5,40.0,0.9399477806788512,0.8696397,0.0015873736
A5,41.0,0.9399477806788512,0.8578892,0.0036678594
A5,42.0,0.9399477806788512,0.859134,0.0035801376
A5,43.0,0.9373368146214099,0.8588007,0.003443961
A5,44.0,0.9347258485639687,0.8688057,0.0014812604
A5,45.0,0.9347258485639687,0.86720514,0.0020568355
A5,46.0,0.9321148825065274,0.8672676,0.0023907935
A5,47.0,0.9321148825065274,0.8656095,0.0023188835
A5,48.0,0.9321148825065274,0.856043,0.0021296018
A5,49.0,0.9321148825065274,0.85678685,0.0028821477
A5,50.0,0.9295039164490861,0.8584207,0.0027782023
A5,51.0,0.9295039164490861,0.85681504,0.002149733
A5,52.0,0.9268929503916449,0.858335,0.0022651902
A5,53.0,0.9242819843342036,0.85475034,0.0018417204
A5,54.0,0.9268929503916449,0.8543769,0.0022430986
A5,55.0,0.9216710182767625,0.8572217,0.0029465468
A5,56.0,0.9242819843342036,0.85726213,0.0023254561
A5,57.0,0.9190600522193212,0.85149705,0.0023967891
A5,58.0,0.9216710182767625,0.85499823,0.001340967
A5,59.0,0.9190600522193212,0.8483381,0.0023890648
A5,60.0,0.9164490861618799,0.84999436,0.0022064273
A5,61.0,0.9190600522193212,0.84878147,0.0013317311
A5,62.0,0.9138381201044387,0.849769,0.002009237
A5,63.0,0.9164490861618799,0.84981316,0.0026767738
A5,64.0,0.9138381201044387,0.84954756,0.0022734657
A5,65.0,0.9138381201044387,0.84491825,0.0016466464
A5,66.0,0.9112271540469974,0.8479824,0.0015860352
A5,67.0,0.9086161879895561,0.8458251,0.0029914253
A5,68.0,0.9086161879895561,0.8477055,0.0018583247
A5,69.0,0.9060052219321149,0.8477559,0.0023702777
A5,70.0,0.9060052219321149,0.8423613,0.0029369155
A5,71.0,0.9060052219321149,0.8470793,0.0018255048
A5,72.0,0.9033942558746736,0.85860795,0.010585807
A5,73.0,0.9033942558746736,0.8390172,0.0022029132
A5,74.0,0.9033942558746736,0.83914316,0.002148366
A5,75.0,0.9007832898172323,0.83932036,0.0014024329
A5,76.0,0.9007832898172323,0.83921117,0.0020950714
A5,77.0,0.8955613577023499,0.84429157,0.0070707784
A5,78.0,0.8981723237597912,0.8358284,0.0036902686
A5,79.0,0.8955613577023499,0.8352699,0.0031470652
A5,80.0,0.8955613577023499,0.835701,0.0029426399
A5,81.0,0.8929503916449086,0.8362299,0.0018050107
A5,82.0,0.8929503916449086,0.83648777,0.0018497778
A5,83.0,0.8903394255874674,0.8351469,0.0021495484
A5,84.0,0.8903394255874674,0.8358885,0.0017785525
A5,85.0,0.8877284595300261,0.8332779,0.0034274696
A5,86.0,0.8851174934725848,0.83249646,0.0036654426
A5,87.0,0.8851174934725848,0.83263695,0.0033712245
A5,88.0,0.8825065274151436,0.8294581,0.0030658098
A5,89.0,0.8798955613577023,0.82756394,0.0026298084
A5,90.0,0.8798955613577023,0.8255352,0.0026585583
A5,91.0,0.8772845953002611,0.8223225,0.0031324616
A5,92.0,0.8720626631853786,0.8326684,0.0046182233
A5,93.0,0.8720626631853786,0.8221676,0.0031314685
A5,94.0,0.8694516971279374,0.8203422,0.004891204
A5,95.0,0.8694516971279374,0.8164469,0.0023283663
A5,96.0,0.8668407310704961,0.81509465,0.002754402
A5,97.0,0.8642297650130548,0.81089485,0.0020294879
A5,98.0,0.8616187989556136,0.81518555,0.0030515918
A5,99.0,0.8590078328981723,0.8117059,0.0026211366
A5,100.0,0.856396866840731,0.8073185,0.0031311654
A5,101.0,0.8537859007832899,0.8076154,0.0021421548
A5,102.0,0.8511749347258486,0.8049444,0.0021443283
A5,103.0,0.8485639686684073,0.80335987,0.0021818725
A5,104.0,0.8459530026109661,0.8031992,0.0022854563
A5,105.0,0.8433420365535248,0.8027728,0.004295175
A5,106.0,0.8407310704960835,0.8037609,0.0032998621
A5,107.0,0.835509138381201,0.7985519,0.003590983
A5,108.0,0.8328981723237598,0.7958717,0.0034089508
A5,109.0,0.8302872062663186,0.7941694,0.0050707436
A5,110.0,0.8276762402088773,0.7907413,0.003940798
A5,111.0,0.825065274151436,0.79169,0.005230689
A5,112.0,0.8198433420365535,0.78991795,0.005265744
A5,113.0,0.8198433420365535,0.76813096,0.0049292836
A5,114.0,0.8172323759791122,0.7840985,0.003853859
A5,115.0,0.8120104438642297,0.77400774,0.0027276592
A5,116.0,0.804177545691906,0.7785031,0.0028670384
A5,117.0,0.804177545691906,0.76630735,0.0042679026
A5,118.0,0.7989556135770235,0.76223093,0.0054603806
A5,119.0,0.7963446475195822,0.7455299,0.0041637397
A5,120.0,0.7911227154046997,0.7385161,0.0035084428
A5,121.0,0.7859007832898173,0.7398928,0.0040995986
A5,122.0,0.7859007832898173,0.73191464,0.0045731463
A5,123.0,0.7806788511749347,0.7342452,0.00442273
A5,124.0,0.7780678851174935,0.7358975,0.0057683503
A5,125.0,0.7728459530026109,0.70050573,0.0058376025
A5,126.0,0.7702349869451697,0.7054833,0.0068414193
A5,127.0,0.7650130548302873,0.70467347,0.007323007
A5,128.0,0.762402088772846,0.7246183,0.0052020405
A5,129.0,0.7571801566579635,0.7118872,0.008941139
A5,130.0,0.7545691906005222,0.68811524,0.005801446
A5,131.0,0.7493472584856397,0.6951993,0.008070422
A5,132.0,0.7493472584856397,0.7049295,0.007404806
A5,133.0,0.7441253263707572,0.69742763,0.008460132
A5,134.0,0.7389033942558747,0.669569,0.007985045
A5,135.0,0.7336814621409922,0.6725489,0.009025811
A5,136.0,0.7284595300261096,0.673985,0.007252073
A5,137.0,0.7258485639686684,0.6697732,0.0072301785
A5,138.0,0.7180156657963447,0.66494304,0.0068581803
A5,139.0,0.7154046997389034,0.66635495,0.008456036
A5,140.0,0.7101827676240209,0.65278995,0.010287115
A5,141.0,0.6997389033942559,0.64075243,0.012880366
A5,142.0,0.6945169712793734,0.6503538,0.007408771
A5,143.0,0.6892950391644909,0.6226838,0.012986158
A5,144.0,0.6840731070496083,0.6447369,0.0059302025
A5,145.0,0.6788511749347258,0.60617465,0.011901639
A5,146.0,0.6710182767624021,0.6449441,0.0059323385
A5,147.0,0.6684073107049608,0.59316975,0.0116413
A5,148.0,0.660574412532637,0.6409445,0.0059888577
A5,149.0,0.6579634464751958,0.6353771,0.0059854295
A5,150.0,0.6527415143603134,0.6261641,0.0063425107
A5,151.0,0.6475195822454308,0.62226534,0.0067914785
A5,152.0,0.6422976501305483,0.6233279,0.0064908816
A5,153.0,0.6344647519582245,0.6058611,0.012607524
A5,154.0,0.6292428198433421,0.5715833,0.021263843
A5,155.0,0.6240208877284595,0.5253627,0.021946874
A5,156.0,0.618798955613577,0.522725,0.020988692
A5,157.0,0.6135770234986945,0.5170082,0.02048391
A5,158.0,0.608355091383812,0.5056478,0.022077743
A5,159.0,0.6005221932114883,0.5125205,0.017428555
A5,160.0,0.5953002610966057,0.5080056,0.01720307
A5,161.0,0.5900783289817232,0.50458133,0.0146258455
A5,162.0,0.5848563968668408,0.4674673,0.011094223
A5,163.0,0.5796344647519582,0.4667217,0.010180141
A5,164.0,0.5718015665796344,0.4577394,0.009604318
A5,165.0,0.5639686684073107,0.45687398,0.007055573
A5,166.0,0.5587467362924282,0.4544046,0.0056172204
A5,167.0,0.5535248041775457,0.43895143,0.010062042
A5,168.0,0.5456919060052219,0.42223072,0.012845835
A5,169.0,0.5404699738903395,0.4235087,0.011254986
A5,170.0,0.5326370757180157,0.42348385,0.00955713
A5,171.0,0.5274151436031331,0.4191049,0.009397252
A5,172.0,0.5195822454308094,0.4198699,0.009914366
A5,173.0,0.5143603133159269,0.41930047,0.012280479
A5,174.0,0.5065274151436031,0.40138835,0.012353986
A5,175.0,0.5013054830287206,0.39699814,0.010282498
A5,176.0,0.4934725848563969,0.39370066,0.009521393
A5,177.0,0.4856396866840731,0.388208,0.007686609
A5,178.0,0.4804177545691906,0.37312734,0.009451636
A5,179.0,0.4725848563968668,0.3607656,0.009014782
A5,180.0,0.46475195822454307,0.345594,0.006727609
A5,181.0,0.45691906005221933,0.3417215,0.0074577313
A5,182.0,0.4490861618798956,0.327696,0.006855658
A5,183.0,0.4412532637075718,0.32753986,0.0062577473
A5,184.0,0.43342036553524804,0.323346,0.0048610005
A5,185.0,0.4255874673629243,0.276727,0.011200031
A5,186.0,0.4177545691906005,0.2775337,0.009314934
A5,187.0,0.40992167101827676,0.25909343,0.014872651
A5,188.0,0.402088772845953,0.2662223,0.008683464
A5,189.0,0.391644908616188,0.25984654,0.014273933
A5,190.0,0.3838120104438642,0.26271906,0.010640652
A5,191.0,0.37597911227154046,0.26005358,0.009485814
A5,192.0,0.36553524804177545,0.2517149,0.0060284906
A5,193.0,0.3577023498694517,0.24455002,0.011880497
A5,194.0,0.34986945169712796,0.2431427,0.014249349
A5,195.0,0.3394255874673629,0.24085328,0.017658113
A5,196.0,0.33159268929503916,0.24089345,0.017653227
A5,197.0,0.3237597911227154,0.24055442,0.017598024
A5,198.0,0.3185378590078329,0.23688838,0.0173817
A5,199.0,0.30809399477806787,0.2360189,0.017433077
A5,200.0,0.3002610966057441,0.22998266,0.024064656
A5,201.0,0.2924281984334204,0.2015746,0.03004841
A5,202.0,0.2845953002610966,0.24057098,0.017418003
A5,203.0,0.2741514360313316,0.10308175,0.039514955
A5,204.0,0.26370757180156656,0.032367032,0.015753606
A5,205.0,0.06318537859007833,0.0108643165,0.025753688
A5,206.0,0.05796344647519582,0.015181045,0.021756977
A5,207.0,0.056657963446475196,0.0431289,0.019417979
A5,208.0,0.05456919060052219,0.040790386,0.014172424
A5,209.0,0.053263707571801565,0.032028325,0.005025577
A5,210.0,0.05221932114882506,0.03401173,0.002431745
A5,211.0,0.05039164490861619,0.009540426,0.022888048
A5,212.0,0.04882506527415144,0.016001655,0.02295837
A5,213.0,0.04699738903394256,0.032694746,0.0012229342
A5,214.0,0.04490861618798955,0.032377593,0.0015471694
A5,215.0,0.042819843342036555,0.031701576,0.0012542554
A5,216.0,0.0412532637075718,0.032874003,0.003095968
A5,217.0,0.04203655352480418,0.031456117,0.0012769122
A5,218.0,0.04308093994778068,0.031402163,0.0014158098
A5,219.0,0.04203655352480418,0.031404518,0.0013821414
A5,220.0,0.0433420365535248,0.03130088,0.0013564283
A5,221.0,0.04255874673629243,0.031266592,0.0012923308
A5,222.0,0.042819843342036555,0.031055313,0.002000592
A5,223.0,0.04151436031331593,0.030977761,0.0013263995
A5,224.0,0.0402088772845953,0.031005943,0.0012719218
A5,225.0,0.038903394255874676,0.031491157,0.001503445
A5,226.0,0.038642297650130546,0.029225077,0.00046896568
A5,227.0,0.03759791122715405,0.029129181,0.0006706538
A5,228.0,0.037075718015665796,0.02917412,0.0005828
A5,229.0,0.03733681462140992,0.029079968,0.0006126121
A5,230.0,0.0381201044386423,0.030226517,0.0020683717
A5,231.0,0.0381201044386423,0.02950029,0.0021706028
A5,232.0,0.038642297650130546,0.029004892,0.0007035796
A5,233.0,0.03838120104438642,0.028963367,0.000731215
A5,234.0,0.037859007832898174,0.028865963,0.00062051736
A5,235.0,0.03733681462140992,0.028835127,0.0007650329
A5,236.0,0.03681462140992167,0.028507859,0.0006232788
A5,237.0,0.03629242819843342,0.028711164,0.0008290446
A5,238.0,0.03629242819843342,0.028349843,0.0008942937
A5,239.0,0.03577023498694517,0.028365761,0.0007472683
A5,240.0,0.03498694516971279,0.028436318,0.00081279746
A5,241.0,0.03472584856396867,0.027753413,0.0008952909
A5,242.0,0.03446475195822454,0.027691219,0.00092313054
A5,243.0,0.03420365535248042,0.027809028,0.00073162274
A5,244.0,0.03446475195822454,0.027362674,0.0005949855
A5,245.0,0.03446475195822454,0.027287722,0.0006579104
A5,246.0,0.03420365535248042,0.02733458,0.00063105626
A5,247.0,0.03420365535248042,0.02737081,0.0006761332
A5,248.0,0.033681462140992165,0.027693668,0.00076485943
A5,249.0,0.03315926892950392,0.027349522,0.0006322114
A5,250.0,0.03315926892950392,0.02676699,0.0010842873
A5,251.0,0.03263707571801567,0.027227035,0.0007116562
A5,252.0,0.032114882506527415,0.026847843,0.00089491863
A5,253.0,0.03185378590078329,0.02608124,0.0010795667
A5,254.0,0.03080939947780679,0.02615948,0.0010693136
A5,255.0,0.030287206266318537,0.026425937,0.0010808525
A5,256.0,0.029503916449086162,0.025861472,0.0012871943
A5,257.0,0.029242819843342035,0.025137663,0.0013049043
A5,258.0,0.028720626631853787,0.025499543,0.0010361632
A5,259.0,0.02845953002610966,0.02442332,0.0012421352
A5,260.0,0.02845953002610966,0.024506474,0.0011918164
A5,261.0,0.02793733681462141,0.024301203,0.0008978052
A5,262.0,0.027676240208877285,0.022838842,0.0008268621
A5,263.0,0.02741514360313316,0.02278863,0.0008407582
A5,264.0,0.027154046997389034,0.02366354,0.000924549
A5,265.0,0.02689295039164491,0.022686474,0.0010762184
A5,266.0,0.026631853785900782,0.02277623,0.0010567732
A5,267.0,0.02600522193211488,0.022864297,0.0011594027
A5,268.0,0.02600522193211488,0.02277534,0.0011801334
A5,269.0,0.025900783289817233,0.023297722,0.0020016057
A5,270.0,0.025926892950391644,0.023294184,0.002026025
A5,271.0,0.025822454308093996,0.022738121,0.0011951018
A5,272.0,0.025822454308093996,0.03480757,0.02645352
A5,273.0,0.02563968668407311,0.034743868,0.026485197
A5,274.0,0.025744125326370756,0.0348609,0.026663944
A5,275.0,0.025691906005221934,0.03474454,0.026484601
A5,276.0,0.02485639686684073,0.034517784,0.026539503
A5,277.0,0.02472584856396867,0.0348342,0.026551545
A5,278.0,0.02451697127937337,0.03412133,0.02660432
A5,279.0,0.024334203655352483,0.03392757,0.026552046
A5,280.0,0.02381201044386423,0.03397202,0.026622448
A5,281.0,0.024073107049608355,0.033797137,0.026697727
A5,282.0,0.023864229765013057,0.03372448,0.02656041
A5,283.0,0.023968668407310705,0.03383861,0.026656227
A5,284.0,0.024099216710182766,0.033796698,0.026648305
A5,285.0,0.024360313315926894,0.033946488,0.0265555
A5,286.0,0.024151436031331592,0.03380716,0.026731793
A5,287.0,0.024281984334203654,0.033904992,0.026576119
A5,288.0,0.02412532637075718,0.033241034,0.02593802
A5,289.0,0.02360313315926893,0.033317305,0.026165027
A5,290.0,0.023446475195822453,0.033268195,0.026020953
A5,291.0,0.023342036553524806,0.031966195,0.023560822
A5,292.0,0.023080939947780682,0.03181582,0.023659594
A5,293.0,0.022872062663185377,0.031121979,0.020666499
A5,294.0,0.022689295039164493,0.031944778,0.023613472
A5,295.0,0.022637075718015667,0.03132094,0.020579973
A5,296.0,0.022715404699738904,0.030969772,0.017993432
A5,297.0,0.022140992167101827,0.03176933,0.019691652
A5,298.0,0.02240208877284595,0.030936997,0.017514367
A6,1.0,1.0,0.99651086,0.003114558
A6,2.0,0.995049504950495,0.9913343,0.0033945197
A6,3.0,0.9925742574257426,0.98367894,0.0071049198
A6,4.0,0.9900990099009901,0.9876586,0.005266484
A6,5.0,0.9851485148514851,0.97630817,0.004910866
A6,6.0,0.9801980198019802,0.97879505,0.0045689624
A6,7.0,0.9777227722772277,0.9767783,0.0050269947
A6,8.0,0.9752475247524752,0.9786043,0.003375373
A6,9.0,0.9727722772277227,0.9874279,0.007063691
A6,10.0,0.9702970297029703,0.97498626,0.0046060574
A6,11.0,0.9678217821782178,0.9730679,0.0038648415
A6,12.0,0.9653465346534653,0.98074305,0.0058675166
A6,13.0,0.9628712871287128,0.98046243,0.005877929
A6,14.0,0.9603960396039604,0.97742605,0.0038909167
A6,15.0,0.9579207920792079,0.9771601,0.004659758
A6,16.0,0.9579207920792079,0.9753296,0.005633244
A6,17.0,0.9579207920792079,0.97085124,0.004037391
A6,18.0,0.9554455445544554,0.96472037,0.0037776027
A6,19.0,0.9529702970297029,0.96520376,0.0037095943
A6,20.0,0.9504950495049505,0.97544354,0.00684116
A6,21.0,0.9504950495049505,0.9831785,0.007129255
A6,22.0,0.9504950495049505,0.97715235,0.0067881197
A6,23.0,0.948019801980198,0.98567164,0.00835323
A6,24.0,0.948019801980198,0.97995317,0.009603353
A6,25.0,0.9455445544554455,0.97113067,0.004429516
A6,26.0,0.9455445544554455,0.958152,0.002735103
A6,27.0,0.9455445544554455,0.9574196,0.0024164503
A6,28.0,0.943069306930693,0.9712919,0.0029014128
A6,29.0,0.943069306930693,0.97143507,0.0019015662
A6,30.0,0.9405940594059405,0.9712205,0.0049382304
A6,31.0,0.9405940594059405,0.97701645,0.006725802
A6,32.0,0.9405940594059405,0.96958315,0.0047670794
A6,33.0,0.9381188118811881,0.9569057,0.0022369798
A6,34.0,0.9381188118811881,0.96727085,0.0022104303
A6,35.0,0.9356435643564357,0.972486,0.0027964853
A6,36.0,0.9356435643564357,0.9742652,0.01102092
A6,37.0,0.9356435643564357,0.97088015,0.0074649565
A6,38.0,0.9356435643564357,0.9667398,0.006685295
A6,39.0,0.9356435643564357,0.95356905,0.0033155556
A6,40.0,0.9331683168316832,0.9564637,0.0028765535
A6,41.0,0.9331683168316832,0.9555405,0.0038025004
A6,42.0,0.9331683168316832,0.9665102,0.0036635294
A6,43.0,0.9306930693069307,0.96783864,0.00805638
A6,44.0,0.9306930693069307,0.9671501,0.007733653
A6,45.0,0.9306930693069307,0.9586485,0.004002537
A6,46.0,0.9306930693069307,0.95493996,0.0039546774
A6,47.0,0.9306930693069307,0.95314425,0.0038791082
A6,48.0,0.9282178217821783,0.9631468,0.0038987678
A6,49.0,0.9282178217821783,0.9573833,0.0052903914
A6,50.0,0.9282178217821783,0.9456134,0.0044025616
A6,51.0,0.9257425742574258,0.94485044,0.0037154434
A6,52.0,0.9282178217821783,0.9501651,0.004480625
A6,53.0,0.9257425742574258,0.9457995,0.005417229
A6,54.0,0.9257425742574258,0.9439926,0.0021063078
A6,55.0,0.9257425742574258,0.94514954,0.00542018
A6,56.0,0.9257425742574258,0.9452065,0.0030240035
A6,57.0,0.9232673267326733,0.94577825,0.0051003546
A6,58.0,0.9232673267326733,0.94599915,0.0058934744
A6,59.0,0.9232673267326733,0.94532835,0.0058516013
A6,60.0,0.9232673267326733,0.9454077,0.006024872
A6,61.0,0.9232673267326733,0.94419193,0.0023643125
A6,62.0,0.9207920792079208,0.9497735,0.0064719664
A6,63.0,0.9207920792079208,0.94412136,0.0031974283
A6,64.0,0.9207920792079208,0.9467511,0.0056914045
A6,65.0,0.9183168316831684,0.9504922,0.0062982347
A6,66.0,0.9207920792079208,0.946916,0.0063666613
A6,67.0,0.9183168316831684,0.9449536,0.0056611933
A6,68.0,0.9183168316831684,0.94647515,0.006065261
A6,69.0,0.9183168316831684,0.94774663,0.0060885586
A6,70.0,0.9183168316831684,0.9459115,0.006422026
A6,71.0,0.9158415841584159,0.95339835,0.0053301817
A6,72.0,0.9183168316831684,0.9458221,0.0066193957
A6,73.0,0.9158415841584159,0.9498971,0.006416505
A6,74.0,0.9158415841584159,0.9499942,0.006379833
A6,75.0,0.9158415841584159,0.94803536,0.0057986933
A6,76.0,0.9158415841584159,0.948074,0.005846165
A6,77.0,0.9158415841584159,0.9446626,0.0066192704
A6,78.0,0.9158415841584159,0.93813163,0.0023132358
A6,79.0,0.9158415841584159,0.93617404,0.0028976665
A6,80.0,0.9158415841584159,0.93680793,0.0025193517
A6,81.0,0.9133663366336634,0.9429884,0.007002596
A6,82.0,0.9133663366336634,0.9444417,0.0071453927
A6,83.0,0.9133663366336634,0.9435762,0.0073617375
A6,84.0,0.9133663366336634,0.94425136,0.00692612
A6,85.0,0.9133663366336634,0.94505274,0.006717861
A6,86.0,0.9108910891089109,0.94094193,0.0066788555
A6,87.0,0.9108910891089109,0.9459883,0.0069553955
A6,88.0,0.9108910891089109,0.94217855,0.0072399853
A6,89.0,0.9108910891089109,0.94169074,0.007049722
A6,90.0,0.9108910891089109,0.9482788,0.008180021
A6,91.0,0.9108910891089109,0.9422658,0.0076830983
A6,92.0,0.9108910891089109,0.9483404,0.007072313
A6,93.0,0.9108910891089109,0.93980247,0.003688602
A6,94.0,0.9084158415841584,0.93117505,0.0037628962
A6,95.0,0.9084158415841584,0.94594,0.0059441193
A6,96.0,0.905940594059406,0.93519056,0.0037885092
A6,97.0,0.9084158415841584,0.93457496,0.006197035
A6,98.0,0.9084158415841584,0.9441601,0.0053442144
A6,99.0,0.9084158415841584,0.93403864,0.0047745765
A6,100.0,0.905940594059406,0.9349462,0.0054975688
A6,101.0,0.905940594059406,0.93344194,0.005600064
A6,102.0,0.905940594059406,0.9333069,0.005617867
A6,103.0,0.905940594059406,0.9340128,0.0059936577
A6,104.0,0.905940594059406,0.93408126,0.0054471935
A6,105.0,0.905940594059406,0.92273647,0.002930673
A6,106.0,0.905940594059406,0.9329885,0.0050469134
A6,107.0,0.905940594059406,0.938045,0.0065440573
A6,108.0,0.9034653465346535,0.9322659,0.0040058256
A6,109.0,0.9034653465346535,0.9394239,0.005969512
A6,110.0,0.9034653465346535,0.93479604,0.0054207807
A6,111.0,0.9034653465346535,0.9332069,0.004614267
A6,112.0,0.905940594059406,0.93709344,0.0064288233
A6,113.0,0.9034653465346535,0.93227947,0.0048391935
A6,114.0,0.9034653465346535,0.9319099,0.004892332
A6,115.0,0.9034653465346535,0.933251,0.0046439036
A6,116.0,0.9034653465346535,0.9326808,0.004401384
A6,117.0,0.9034653465346535,0.93446285,0.0052140965
A6,118.0,0.900990099009901,0.93855536,0.0056689796
A6,119.0,0.900990099009901,0.9383551,0.0056024254
A6,120.0,0.900990099009901,0.934338,0.0048673525
A6,121.0,0.900990099009901,0.9413808,0.006310106
A6,122.0,0.900990099009901,0.934882,0.0056540114
A6,123.0,0.900990099009901,0.9381916,0.005409885
A6,124.0,0.8985148514851485,0.9173856,0.0059110266
A6,125.0,0.900990099009901,0.93753564,0.0064079794
A6,126.0,0.900990099009901,0.92797744,0.0046728025
A6,127.0,0.8985148514851485,0.93395805,0.00528214
A6,128.0,0.8985148514851485,0.93751985,0.006375109
A6,129.0,0.900990099009901,0.93799144,0.0065441136
A6,130.0,0.8985148514851485,0.92927855,0.004603776
A6,131.0,0.8985148514851485,0.9358824,0.005932837
A6,132.0,0.8985148514851485,0.9214443,0.0039363666
A6,133.0,0.8985148514851485,0.9203184,0.004890368
A6,134.0,0.900990099009901,0.9273313,0.0040073674
A6,135.0,0.8985148514851485,0.9355543,0.007137286
A6,136.0,0.8960396039603961,0.9331395,0.004505295
A6,137.0,0.8985148514851485,0.935087,0.0060912003
A6,138.0,0.8985148514851485,0.9332737,0.0073828627
A6,139.0,0.8985148514851485,0.9358179,0.007091941
A6,140.0,0.8985148514851485,0.935637,0.0059257336
A6,141.0,0.8960396039603961,0.93349284,0.0059739733
A6,142.0,0.8960396039603961,0.9230029,0.0038438523
A6,143.0,0.8960396039603961,0.9334403,0.0067471606
A6,144.0,0.8960396039603961,0.935578,0.0065507703
A6,145.0,0.8960396039603961,0.92714053,0.004993466
A6,146.0,0.8935643564356436,0.93549573,0.006424033
A6,147.0,0.8960396039603961,0.93431664,0.005591227
A6,148.0,0.8935643564356436,0.93567914,0.0061137695
A6,149.0,0.8935643564356436,0.92798156,0.0054402594
A6,150.0,0.8935643564356436,0.9321364,0.006753328
A6,151.0,0.8935643564356436,0.9304558,0.0068919575
A6,152.0,0.8935643564356436,0.922963,0.0054124244
A6,153.0,0.8935643564356436,0.92109394,0.003684353
A6,154.0,0.8935643564356436,0.9190995,0.0034373908
A6,155.0,0.8910891089108911,0.92714626,0.004733917
A6,156.0,0.8935643564356436,0.9238154,0.006047053
A6,157.0,0.8935643564356436,0.93656445,0.007333563
A6,158.0,0.8935643564356436,0.93782634,0.0052848435
A6,159.0,0.8935643564356436,0.93707883,0.006898804
A6,160.0,0.8910891089108911,0.93282956,0.0064738933
A6,161.0,0.8910891089108911,0.93453443,0.006079
A6,162.0,0.8935643564356436,0.93959105,0.00492683
A6,163.0,0.8910891089108911,0.93794155,0.0073115192
A6,164.0,0.8910891089108911,0.93878686,0.008708334
A6,165.0,0.8910891089108911,0.9387577,0.009130818
A6,166.0,0.8910891089108911,0.93899316,0.007204667
A6,167.0,0.8886138613861386,0.93462545,0.005676608
A6,168.0,0.8886138613861386,0.9330963,0.006128246
A6,169.0,0.8910891089108911,0.9416032,0.006827327
A6,170.0,0.8910891089108911,0.93816006,0.008547507
A6,171.0,0.8910891089108911,0.93955755,0.007035138
A6,172.0,0.8886138613861386,0.93852204,0.007545916
A6,173.0,0.8886138613861386,0.9373394,0.007842609
A6,174.0,0.8886138613861386,0.9374161,0.0067565446
A6,175.0,0.8886138613861386,0.93892354,0.008814726
A6,176.0,0.8886138613861386,0.93568945,0.0071828384
A6,177.0,0.8886138613861386,0.9377469,0.008407757
A6,178.0,0.8886138613861386,0.937218,0.0075193485
A6,179.0,0.8886138613861386,0.9361151,0.0069598695
A6,180.0,0.8886138613861386,0.9370402,0.0069037424
A6,181.0,0.8861386138613861,0.9358551,0.007078657
A6,182.0,0.8861386138613861,0.9354002,0.0072277905
A6,183.0,0.8861386138613861,0.9380953,0.009037964
A6,184.0,0.8861386138613861,0.9388684,0.007870177
A6,185.0,0.8861386138613861,0.9390975,0.008566017
A6,186.0,0.8861386138613861,0.940407,0.0046098805
A6,187.0,0.8861386138613861,0.93989307,0.0059304098
A6,188.0,0.8861386138613861,0.9427268,0.0045194933
A6,189.0,0.8861386138613861,0.94010794,0.0064657056
A6,190.0,0.8861386138613861,0.93738586,0.008481678
A6,191.0,0.8836633663366337,0.9415699,0.0071538463
A6,192.0,0.8836633663366337,0.9396299,0.006858598
A6,193.0,0.8836633663366337,0.94156665,0.0047912155
A6,194.0,0.8836633663366337,0.94160223,0.005634695
A6,195.0,0.8836633663366337,0.94261867,0.0056632697
A6,196.0,0.8836633663366337,0.9427031,0.0046207993
A6,197.0,0.8836633663366337,0.9406533,0.00493303
A6,198.0,0.8836633663366337,0.9422882,0.0052691344
A6,199.0,0.8836633663366337,0.94261074,0.005242839
A6,200.0,0.8836633663366337,0.940163,0.0063109947
A6,201.0,0.8836633663366337,0.93901587,0.0059623467
A6,202.0,0.8811881188118812,0.9138977,0.00613855
A6,203.0,0.8836633663366337,0.939239,0.0055930065
A6,204.0,0.8836633663366337,0.9181465,0.004371165
A6,205.0,0.8836633663366337,0.9376671,0.005325573
A6,206.0,0.8811881188118812,0.91728747,0.0040746005
A6,207.0,0.8836633663366337,0.928347,0.0068166573
A6,208.0,0.8811881188118812,0.9428471,0.00635301
A6,209.0,0.8787128712871287,0.90828955,0.007477604
A6,210.0,0.8836633663366337,0.9405791,0.005599945
A6,211.0,0.8787128712871287,0.9113924,0.007470748
A6,212.0,0.8811881188118812,0.911266,0.00572956
A6,213.0,0.8811881188118812,0.9260071,0.0060933256
A6,214.0,0.8787128712871287,0.9196242,0.005126339
A6,215.0,0.8811881188118812,0.92251414,0.0076705925
A6,216.0,0.8811881188118812,0.935747,0.006344894
A6,217.0,0.8787128712871287,0.9156585,0.005642883
A6,218.0,0.8787128712871287,0.92114335,0.007325637
A6,219.0,0.8811881188118812,0.9260117,0.009083557
A6,220.0,0.8787128712871287,0.9120165,0.005486951
A6,221.0,0.8787128712871287,0.9184554,0.006448218
A6,222.0,0.8787128712871287,0.9194123,0.0081289
A6,223.0,0.8762376237623762,0.92480373,0.008227077
A6,224.0,0.8787128712871287,0.925179,0.010018573
A6,225.0,0.8787128712871287,0.93107843,0.007820183
A6,226.0,0.8787128712871287,0.9243045,0.009928402
A6,227.0,0.8787128712871287,0.930616,0.0074805478
A6,228.0,0.8762376237623762,0.9206643,0.009422499
A6,229.0,0.8787128712871287,0.93046397,0.0076849055
A6,230.0,0.8762376237623762,0.9202054,0.00818085
A6,231.0,0.8787128712871287,0.9323325,0.007683923
A6,232.0,0.8762376237623762,0.924922,0.00938722
A6,233.0,0.8787128712871287,0.9254693,0.010101093
A6,234.0,0.8762376237623762,0.92768747,0.009745336
A6,235.0,0.8762376237623762,0.9263223,0.009033948
A6,236.0,0.8762376237623762,0.917236,0.0065730824
A6,237.0,0.8762376237623762,0.9283255,0.007829128
A6,238.0,0.8737623762376238,0.9183055,0.0051978915
A6,239.0,0.8762376237623762,0.924956,0.008528005
A6,240.0,0.8762376237623762,0.93853664,0.0069608237
A6,241.0,0.8762376237623762,0.92074317,0.0057686414
A6,242.0,0.8762376237623762,0.93914354,0.0062768823
A6,243.0,0.8762376237623762,0.9158472,0.0055024917
A6,244.0,0.8762376237623762,0.93836725,0.0075749164
A6,245.0,0.8737623762376238,0.91326034,0.0053403997
A6,246.0,0.8762376237623762,0.93839943,0.0067596775
A6,247.0,0.8712871287128713,0.9096298,0.0053802393
A6,248.0,0.8762376237623762,0.91046417,0.005658998
A6,249.0,0.8762376237623762,0.92419624,0.005462052
A6,250.0,0.8737623762376238,0.94414806,0.0065251137
A6,251.0,0.8737623762376238,0.9222582,0.0070726755
A6,252.0,0.8712871287128713,0.91857135,0.0062100054
A6,253.0,0.8737623762376238,0.9443243,0.0057803164
A6,254.0,0.8688118811881188,0.9091283,0.006282441
A6,255.0,0.8737623762376238,0.9217861,0.005092006
A6,256.0,0.8712871287128713,0.91916597,0.005083954
A6,257.0,0.8737623762376238,0.9438537,0.0060576703
A6,258.0,0.8712871287128713,0.944238,0.0061893784
A6,259.0,0.8712871287128713,0.9430502,0.0055472804
A6,260.0,0.8688118811881188,0.9095891,0.0052479636
A6,261.0,0.8737623762376238,0.91079223,0.005864311
A6,262.0,0.8712871287128713,0.9392274,0.006895758
A6,263.0,0.8712871287128713,0.9111428,0.005843296
A6,264.0,0.8712871287128713,0.940071,0.0069755833
A6,265.0,0.8712871287128713,0.9124029,0.004208501
A6,266.0,0.8712871287128713,0.9389037,0.0072502033
A7,1.0,1.0,0.99793893,0.0065647378
A7,2.0,0.9925373134328358,0.97875607,0.0055047264
A7,3.0,0.9875621890547264,0.96621495,0.0069468375
A7,4.0,0.9800995024875622,0.98071176,0.0030557055
A7,5.0,0.9751243781094527,0.97793496,0.0033851166
A7,6.0,0.9701492537313433,0.98561513,0.0051918905
A7,7.0,0.9651741293532339,0.9798668,0.00576801
A7,8.0,0.9626865671641791,0.97190225,0.0042242473
A7,9.0,0.9601990049751243,0.95950854,0.006020953
A7,10.0,0.9577114427860697,0.9596841,0.0062074345
A7,11.0,0.9527363184079602,0.9732601,0.006251512
A7,12.0,0.9502487562189055,0.9728882,0.0065006535
A7,13.0,0.9477611940298507,0.97211456,0.006672472
A7,14.0,0.945273631840796,0.9730198,0.0059518856
A7,15.0,0.9427860696517413,0.9725329,0.0061749844
A7,16.0,0.9427860696517413,0.9483881,0.007311491
A7,17.0,0.9378109452736318,0.94955826,0.007757326
A7,18.0,0.9378109452736318,0.9495055,0.00800109
A7,19.0,0.9328358208955224,0.977569,0.005417889
A7,20.0,0.9328358208955224,0.97703964,0.0044110245
A7,21.0,0.9303482587064676,0.9763996,0.0056700166
A7,22.0,0.9303482587064676,0.97674066,0.0049357465
A7,23.0,0.927860696517413,0.9762311,0.0051958687
A7,24.0,0.927860696517413,0.97691375,0.005782606
A7,25.0,0.9253731343283582,0.95234406,0.0041053626
A7,26.0,0.9228855721393034,0.9538687,0.005805674
A7,27.0,0.9203980099502488,0.9805935,0.0052558156
A7,28.0,0.9203980099502488,0.9803672,0.0056306096
A7,29.0,0.917910447761194,0.976517,0.0056480444
A7,30.0,0.917910447761194,0.97775716,0.0058892127
A7,31.0,0.917910447761194,0.9593976,0.0062356275
A7,32.0,0.9154228855721394,0.9625686,0.006871998
A7,33.0,0.9129353233830846,0.96751994,0.007434164
A7,34.0,0.9104477611940298,0.9642849,0.005167963
A7,35.0,0.9104477611940298,0.96649694,0.00398261
A7,36.0,0.9079601990049752,0.9667317,0.0040123314
A7,37.0,0.9079601990049752,0.96298903,0.0039314604
A7,38.0,0.9079601990049752,0.9662029,0.0062576416
A7,39.0,0.9054726368159204,0.9704396,0.005736273
A7,40.0,0.9054726368159204,0.97145045,0.005943528
A7,41.0,0.9029850746268657,0.95670956,0.004543578
A7,42.0,0.900497512437811,0.9541459,0.00430884
A7,43.0,0.900497512437811,0.9536416,0.004138779
A7,44.0,0.8980099502487562,0.9537975,0.005727914
A7,45.0,0.900497512437811,0.97242516,0.0054052854
A7,46.0,0.8980099502487562,0.96980655,0.0050526317
A7,47.0,0.8955223880597015,0.9486631,0.0044941385
A7,48.0,0.8930348258706468,0.94938815,0.004834522
A7,49.0,0.8930348258706468,0.9506442,0.0055943583
A7,50.0,0.8930348258706468,0.94682074,0.0064970097
A7,51.0,0.8930348258706468,0.9761779,0.005630624
A7,52.0,0.8905472636815921,0.966414,0.0039082244
A7,53.0,0.8905472636815921,0.96906865,0.0038002147
A7,54.0,0.8880597014925373,0.9444059,0.0065365843
A7,55.0,0.8880597014925373,0.9685801,0.003772538
A7,56.0,0.8830845771144279,0.95061123,0.0037381777
A7,57.0,0.8830845771144279,0.9530697,0.0063812076
A7,58.0,0.8830845771144279,0.9679411,0.0038362318
A7,59.0,0.8805970149253731,0.9287836,0.008722666
A7,60.0,0.8830845771144279,0.9672507,0.0034598908
A7,61.0,0.8805970149253731,0.9234997,0.0069606192
A7,62.0,0.8805970149253731,0.96901196,0.006151932
A7,63.0,0.8756218905472637,0.92583287,0.0074323867
A7,64.0,0.8756218905472637,0.9241625,0.006528898
A7,65.0,0.8756218905472637,0.9298999,0.014031644
A7,66.0,0.8731343283582089,0.93332845,0.013985053
A7,67.0,0.8706467661691543,0.9313682,0.012997894
A7,68.0,0.8706467661691543,0.93510276,0.012405302
A7,69.0,0.8706467661691543,0.9353241,0.011158871
A7,70.0,0.8681592039800995,0.9374932,0.011366712
A7,71.0,0.8681592039800995,0.92917126,0.013110507
A7,72.0,0.8656716417910447,0.90943444,0.011276731
A7,73.0,0.8656716417910447,0.9064703,0.010019758
A7,74.0,0.8631840796019901,0.90286195,0.008619449
A7,75.0,0.8631840796019901,0.8826132,0.008155242
A7,76.0,0.8606965174129353,0.8821038,0.008172877
A7,77.0,0.8606965174129353,0.93537366,0.0050607473
A7,78.0,0.8582089552238806,0.9145223,0.006402243
A7,79.0,0.8557213930348259,0.8923252,0.0095803
A7,80.0,0.8507462686567164,0.84662163,0.0039210604
A7,81.0,0.8482587064676617,0.8408926,0.004177036
A7,82.0,0.845771144278607,0.8355673,0.0036858958
A7,83.0,0.8432835820895522,0.8305775,0.0034279726
A7,84.0,0.8407960199004975,0.82220143,0.0042925207
A7,85.0,0.8383084577114428,0.81471455,0.0028696717
A7,86.0,0.835820895522388,0.81544894,0.0023856114
A7,87.0,0.8333333333333334,0.8131361,0.0016332226
A7,88.0,0.8283582089552238,0.8107899,0.001947569
A7,89.0,0.8258706467661692,0.80513537,0.0027348208
A7,90.0,0.8233830845771144,0.7970851,0.0039640325
A7,91.0,0.818407960199005,0.7861294,0.002917985
A7,92.0,0.818407960199005,0.77061003,0.0047172955
A7,93.0,0.8134328358208955,0.76608884,0.0045009116
A7,94.0,0.8109452736318408,0.7641555,0.0046260245
A7,95.0,0.8034825870646766,0.7700927,0.0038968152
A7,96.0,0.8034825870646766,0.74748975,0.0099417
A7,97.0,0.8009950248756219,0.7604766,0.004020208
A7,98.0,0.7985074626865671,0.75369775,0.002448856
A7,99.0,0.7985074626865671,0.74848,0.0027435387
A7,100.0,0.7960199004975125,0.7440133,0.003554728
A7,101.0,0.7935323383084577,0.7423328,0.005764652
A7,102.0,0.7910447761194029,0.74036604,0.0075800247
A7,103.0,0.7885572139303483,0.73249674,0.0060269726
A7,104.0,0.7860696517412935,0.73322284,0.008170732
A7,105.0,0.7810945273631841,0.72793585,0.012092186
A7,106.0,0.7835820895522388,0.7262097,0.0064561265
A7,107.0,0.7835820895522388,0.7505584,0.004972373
A7,108.0,0.7761194029850746,0.72317606,0.005536391
A7,109.0,0.7761194029850746,0.7223991,0.00615317
A7,110.0,0.7736318407960199,0.72174704,0.0049432144
A7,111.0,0.7711442786069652,0.7234983,0.007931503
A7,112.0,0.7711442786069652,0.7386875,0.009207224
A7,113.0,0.763681592039801,0.71783817,0.0065487484
A7,114.0,0.763681592039801,0.71772015,0.0023636268
A7,115.0,0.7611940298507462,0.71756655,0.0034246943
A7,116.0,0.7587064676616916,0.721786,0.0058458233
A7,117.0,0.7562189054726368,0.7221972,0.0063359328
A7,118.0,0.753731343283582,0.7193187,0.0033416823
A7,119.0,0.7512437810945274,0.7211332,0.006499545
A7,120.0,0.7487562189054726,0.71793854,0.002463721
A7,121.0,0.746268656716418,0.71659,0.0045527113
A7,122.0,0.7437810945273632,0.71590614,0.003970345
A7,123.0,0.7412935323383084,0.7147715,0.008204743
A7,124.0,0.7437810945273632,0.70874345,0.010872969
A7,125.0,0.736318407960199,0.7105618,0.0029248428
A7,126.0,0.7313432835820896,0.71054626,0.0043618837
A7,127.0,0.7288557213930348,0.71164834,0.005754778
A7,128.0,0.7263681592039801,0.713281,0.0039251302
A7,129.0,0.7263681592039801,0.71396405,0.011533374
A7,130.0,0.7213930348258707,0.7052698,0.0064863805
A7,131.0,0.7139303482587065,0.7039674,0.0048457286
A7,132.0,0.7114427860696517,0.70036006,0.0105436705
A7,133.0,0.7089552238805971,0.6976469,0.009398301
A7,134.0,0.7114427860696517,0.67409104,0.009525878
A7,135.0,0.7014925373134329,0.6982902,0.01110323
A7,136.0,0.6965174129353234,0.6894488,0.004905025
A7,137.0,0.6965174129353234,0.6788753,0.008040811
A7,138.0,0.6940298507462687,0.6947247,0.016243001
A7,139.0,0.6890547263681592,0.69055367,0.014206837
A7,140.0,0.6865671641791045,0.64021933,0.012161175
A7,141.0,0.6766169154228856,0.6447319,0.014323449
A7,142.0,0.6716417910447762,0.63426006,0.006647638
A7,143.0,0.6691542288557214,0.6345236,0.013026597
A7,144.0,0.664179104477612,0.64674234,0.0065653017
A7,145.0,0.6592039800995025,0.62254757,0.009351569
A7,146.0,0.654228855721393,0.6396855,0.0063913367
A7,147.0,0.6492537313432836,0.62227005,0.011229367
A7,148.0,0.6442786069651741,0.6413506,0.007190251
A7,149.0,0.6393034825870647,0.6121341,0.0067028846
A7,150.0,0.6343283582089553,0.6088902,0.006195926
A7,151.0,0.6293532338308457,0.60791045,0.0071397717
A7,152.0,0.6218905472636815,0.6071443,0.006642114
A7,153.0,0.6144278606965174,0.6053871,0.009076638
A7,154.0,0.6094527363184079,0.5934601,0.012194719
A7,155.0,0.6044776119402985,0.5900117,0.011618579
A7,156.0,0.5970149253731343,0.57967633,0.01503899
A7,157.0,0.5920398009950248,0.57366383,0.014525996
A7,158.0,0.5845771144278606,0.56464106,0.016116964
A7,159.0,0.5771144278606966,0.49871778,0.022670776
A7,160.0,0.5671641791044776,0.4933788,0.021754788
A7,161.0,0.5597014925373134,0.5194777,0.011199049
A7,162.0,0.554726368159204,0.482553,0.012182162
A7,163.0,0.5447761194029851,0.50890744,0.022952048
A7,164.0,0.5373134328358209,0.5118952,0.021343995
A7,165.0,0.5298507462686567,0.5160328,0.022293482
A7,166.0,0.5199004975124378,0.51628333,0.021360299
A7,167.0,0.5124378109452736,0.5148318,0.020527944
A7,168.0,0.5049751243781094,0.47766787,0.014020632
A7,169.0,0.4975124378109453,0.52060676,0.019336045
A7,170.0,0.4900497512437811,0.5288075,0.014756599
A7,171.0,0.48009950248756217,0.53147817,0.015974957
A7,172.0,0.4701492537313433,0.53275204,0.012507513
A7,173.0,0.4601990049751244,0.5342682,0.012610039
A7,174.0,0.4527363184079602,0.5322809,0.008650721
A7,175.0,0.4427860696517413,0.5300119,0.008494279
A7,176.0,0.43532338308457713,0.52529275,0.00961773
A7,177.0,0.4253731343283582,0.5235593,0.010028927
A7,178.0,0.4154228855721393,0.5234558,0.008999958
A7,179.0,0.4079601990049751,0.52306813,0.00888301
A7,180.0,0.39800995024875624,0.52084863,0.007978024
A7,181.0,0.3880597014925373,0.5137442,0.007201622
A7,182.0,0.3781094527363184,0.51564753,0.006928984
A7,183.0,0.3681592039800995,0.51259565,0.007899339
A7,184.0,0.36069651741293535,0.5086244,0.0077626486
A7,185.0,0.35074626865671643,0.5042001,0.0067434083
A7,186.0,0.34328358208955223,0.5032065,0.007592673
A7,187.0,0.3358208955223881,0.49813685,0.008948622
A7,188.0,0.3283582089552239,0.48205796,0.013032554
A7,189.0,0.3208955223880597,0.47485393,0.014265843
A7,190.0,0.31343283582089554,0.46441635,0.015262545
A7,191.0,0.30597014925373134,0.4442119,0.012807887
A7,192.0,0.29850746268656714,0.44139558,0.01574676
A7,193.0,0.291044776119403,0.43413582,0.016456084
A7,194.0,0.2835820895522388,0.4187078,0.015114424
A7,195.0,0.27860696517412936,0.40627465,0.021623638
A7,196.0,0.27114427860696516,0.39698115,0.018252067
A7,197.0,0.26616915422885573,0.39261606,0.017712105
A7,198.0,0.25870646766169153,0.38747922,0.021831265
A7,199.0,0.24875621890547264,0.36669692,0.025296684
A7,200.0,0.04776119402985075,0.14392316,0.018678477
A7,201.0,0.04203980099502488,0.09567233,0.022306692
A7,202.0,0.03980099502487562,0.07028766,0.015885497
A7,203.0,0.03805970149253731,0.12079247,0.025199214
A7,204.0,0.03731343283582089,0.06150691,0.008353481
A7,205.0,0.03631840796019901,0.06363894,0.015178803
A7,206.0,0.036069651741293535,0.06877951,0.012104729
A7,207.0,0.035323383084577116,0.068912774,0.012087066
A7,208.0,0.03557213930348259,0.06891886,0.012073678
A7,209.0,0.03582089552238806,0.0604451,0.008408293
A7,210.0,0.03582089552238806,0.05992638,0.008378058
A7,211.0,0.03507462686567164,0.06940207,0.011330435
A7,212.0,0.03482587064676617,0.064799815,0.012260113
A7,213.0,0.03407960199004975,0.05871459,0.011513758
A7,214.0,0.03333333333333333,0.058645777,0.011460289
A7,215.0,0.032587064676616914,0.06129547,0.0087725045
A7,216.0,0.031840796019900496,0.06128291,0.008258852
A7,217.0,0.030845771144278607,0.064585656,0.012538445
A7,218.0,0.03034825870646766,0.04228774,0.0036902125
A7,219.0,0.03034825870646766,0.03901734,0.0012247836
A7,220.0,0.030597014925373135,0.056789596,0.01068062
A7,221.0,0.030845771144278607,0.039644264,0.0042991154
A7,222.0,0.030845771144278607,0.039290376,0.0040995926
A7,223.0,0.03109452736318408,0.05290737,0.011435767
A7,224.0,0.030845771144278607,0.03981338,0.0012378198
A7,225.0,0.03009950248756219,0.039109334,0.003992892
A7,226.0,0.029601990049751243,0.038921434,0.004609387
A7,227.0,0.02935323383084577,0.037583526,0.0010568523
A7,228.0,0.029104477611940297,0.035494465,0.0015022733
A7,229.0,0.028358208955223882,0.03747099,0.0014655673
A7,230.0,0.02810945273631841,0.034193575,0.0020723268
A7,231.0,0.027860696517412936,0.036587704,0.0012437907
A7,232.0,0.02810945273631841,0.037308,0.0017037052
A7,233.0,0.028606965174129355,0.037303448,0.0010754258
A7,234.0,0.028606965174129355,0.03617966,0.0013638888
A7,235.0,0.028855721393034824,0.035695724,0.0049215322
A7,236.0,0.028606965174129355,0.03662906,0.0010182533
A7,237.0,0.02810945273631841,0.03647705,0.0010329343
A7,238.0,0.02810945273631841,0.03682413,0.00089344376
A7,239.0,0.027860696517412936,0.035247467,0.0015664436
A7,240.0,0.027611940298507463,0.03499404,0.0014944352
A7,241.0,0.02736318407960199,0.036509525,0.0010369853
A7,242.0,0.027114427860696518,0.033922236,0.0014557183
A7,243.0,0.026865671641791045,0.033852413,0.001621492
A7,244.0,0.02661691542288557,0.03496536,0.0016109034
A7,245.0,0.02661691542288557,0.03257964,0.0013099451
A7,246.0,0.02661691542288557,0.03263287,0.0014268254
A7,247.0,0.02661691542288557,0.034776773,0.0011749929
A7,248.0,0.02661691542288557,0.032538183,0.0013135807
A7,249.0,0.02661691542288557,0.03465423,0.0012968376
A7,250.0,0.0263681592039801,0.03193128,0.0011121065
A7,251.0,0.026119402985074626,0.031968053,0.0011007676
A7,252.0,0.025870646766169153,0.0332352,0.0015568947
A7,253.0,0.02562189054726368,0.032672808,0.0012464055
A7,254.0,0.025373134328358207,0.030979136,0.0015179034
A7,255.0,0.025124378109452738,0.031043757,0.0015141044
A7,256.0,0.024626865671641792,0.031569142,0.0010230814
A7,257.0,0.024353233830845773,0.02881799,0.0010989096
A7,258.0,0.02390547263681592,0.02813611,0.0010337468
A7,259.0,0.023606965174129354,0.029433388,0.001003293
A7,260.0,0.023407960199004974,0.027683198,0.00075205986
A7,261.0,0.02318407960199005,0.028747752,0.0011003324
A7,262.0,0.023109452736318408,0.027550664,0.00092341425
A7,263.0,0.022885572139303482,0.028349852,0.0011016489
A7,264.0,0.022711442786069652,0.028258339,0.0010535507
A7,265.0,0.022437810945273633,0.027918592,0.0007639851
A7,266.0,0.022338308457711443,0.02601195,0.0005983886
A7,267.0,0.02208955223880597,0.02765271,0.0007780152
A7,268.0,0.021940298507462687,0.027454633,0.0009208831
A7,269.0,0.02171641791044776,0.025255198,0.0011762569
A7,270.0,0.021592039800995024,0.026723215,0.0006639466
A7,271.0,0.021467661691542288,0.026192496,0.00069944724
A7,272.0,0.021517412935323384,0.026092779,0.00069754774
A7,273.0,0.02144278606965174,0.02651984,0.0005622044
A7,274.0,0.021318407960199005,0.02638514,0.0005997918
A7,275.0,0.021318407960199005,0.02462321,0.0014241112
A7,276.0,0.021218905472636815,0.025047561,0.0012579716
A7,277.0,0.021194029850746268,0.02606748,0.000667902
A7,278.0,0.02082089552238806,0.024676321,0.0013938512
A7,279.0,0.02064676616915423,0.025654584,0.0010275147
A7,280.0,0.020522388059701493,0.022346003,0.0033851285
A7,281.0,0.020298507462686566,0.024874335,0.0012487445
A7,282.0,0.020099502487562187,0.024413053,0.0012018443
A7,283.0,0.02017412935323383,0.02441626,0.0012011151
A7,284.0,0.02017412935323383,0.022442658,0.0033751624
A7,285.0,0.01997512437810945,0.02359334,0.0006481587
A7,286.0,0.020074626865671644,0.023577105,0.00063223456
A7,287.0,0.020248756218905473,0.023460524,0.0007563003
A7,288.0,0.02019900497512438,0.02363841,0.0006129629
A7,289.0,0.020124378109452737,0.023498107,0.0006435488
A7,290.0,0.020149253731343283,0.024284462,0.00052411255
A7,291.0,0.019850746268656717,0.023587061,0.0006380015
A7,292.0,0.01962686567164179,0.023551397,0.00064544333
A7,293.0,0.0195273631840796,0.02341001,0.00064449914
A7,294.0,0.01945273631840796,0.018404074,0.0044905264
A7,295.0,0.019228855721393035,0.023250423,0.0007479987
A7,296.0,0.01912935323383085,0.02173716,0.003474791
A7,297.0,0.019303482587064675,0.018274212,0.004627367
A7,298.0,0.0191044776119403,0.02293467,0.0007756064
A7,299.0,0.018930348258706466,0.022899974,0.00074751937
A7,300.0,0.01917910447761194,0.018228356,0.0046460703
A8,1.0,1.0,0.9548272,0.003907666
A8,2.0,0.9950372208436724,0.9419341,0.005713035
A8,3.0,0.9875930521091811,0.97206736,0.0047452194
A8,4.0,0.9851116625310173,0.9691659,0.004103417
A8,5.0,0.9801488833746899,0.97710294,0.003720606
A8,6.0,0.9751861042183623,0.9721812,0.0049784454
A8,7.0,0.9727047146401985,0.9551034,0.0018777048
A8,8.0,0.9702233250620348,0.94561577,0.003269211
A8,9.0,0.967741935483871,0.9457458,0.0031524287
A8,10.0,0.9627791563275434,0.94836026,0.0037102306
A8,11.0,0.9602977667493796,0.9488245,0.0030084583
A8,12.0,0.9578163771712159,0.9549817,0.004285329
A8,13.0,0.9578163771712159,0.9533347,0.003934846
A8,14.0,0.9553349875930521,0.93746364,0.005697552
A8,15.0,0.9528535980148883,0.93883955,0.003128173
A8,16.0,0.9503722084367245,0.9382682,0.0024869847
A8,17.0,0.9478908188585607,0.9395496,0.0031490861
A8,18.0,0.9478908188585607,0.94655067,0.0026244973
A8,19.0,0.9454094292803971,0.95327365,0.0034290876
A8,20.0,0.9454094292803971,0.946476,0.0035788452
A8,21.0,0.9429280397022333,0.9528185,0.0033646016
A8,22.0,0.9429280397022333,0.9453529,0.003161731
A8,23.0,0.9404466501240695,0.92689264,0.0031867507
A8,24.0,0.9404466501240695,0.9197149,0.002884638
A8,25.0,0.9379652605459057,0.9197895,0.003196147
A8,26.0,0.9354838709677419,0.942358,0.00467177
A8,27.0,0.9354838709677419,0.94291717,0.004272902
A8,28.0,0.9330024813895782,0.9457401,0.0034185704
A8,29.0,0.9330024813895782,0.941885,0.0034392534
A8,30.0,0.9330024813895782,0.91854125,0.0035173187
A8,31.0,0.9330024813895782,0.9176542,0.002988155
A8,32.0,0.9305210918114144,0.9177062,0.0030724138
A8,33.0,0.9280397022332506,0.9414983,0.0039331047
A8,34.0,0.9280397022332506,0.9457449,0.003608171
A8,35.0,0.9280397022332506,0.94386196,0.0034910731
A8,36.0,0.9255583126550868,0.9427494,0.0034457406
A8,37.0,0.9255583126550868,0.9135815,0.0018202205
A8,38.0,0.9255583126550868,0.914107,0.0013966996
A8,39.0,0.9255583126550868,0.9140682,0.0015608934
A8,40.0,0.9230769230769231,0.9365965,0.004003944
A8,41.0,0.9230769230769231,0.9322711,0.0036928307
A8,42.0,0.9205955334987593,0.93128586,0.004252981
A8,43.0,0.9205955334987593,0.9312674,0.004425112
A8,44.0,0.9205955334987593,0.9130343,0.003002158
A8,45.0,0.9205955334987593,0.9036444,0.002781052
A8,46.0,0.9181141439205955,0.93165463,0.0051190206
A8,47.0,0.9181141439205955,0.9292604,0.0039948947
A8,48.0,0.9156327543424317,0.9292017,0.003371628
A8,49.0,0.9156327543424317,0.92649144,0.0039896206
A8,50.0,0.9156327543424317,0.9115049,0.0022731794
A8,51.0,0.9156327543424317,0.9035304,0.0033690922
A8,52.0,0.9156327543424317,0.9031536,0.0028235787
A8,53.0,0.913151364764268,0.92630005,0.0030819227
A8,54.0,0.913151364764268,0.9058024,0.002076594
A8,55.0,0.913151364764268,0.924485,0.005877363
A8,56.0,0.9106699751861043,0.92521584,0.005232693
A8,57.0,0.913151364764268,0.90850985,0.0028162901
A8,58.0,0.9106699751861043,0.92397785,0.0051242933
A8,59.0,0.9106699751861043,0.90278566,0.00245818
A8,60.0,0.9081885856079405,0.9225626,0.00572367
A8,61.0,0.9106699751861043,0.9033791,0.002011108
A8,62.0,0.9081885856079405,0.922474,0.0057499907
A8,63.0,0.9057071960297767,0.925649,0.005377379
A8,64.0,0.9081885856079405,0.9000866,0.0019111898
A8,65.0,0.9057071960297767,0.9263676,0.0054767723
A8,66.0,0.9057071960297767,0.8989848,0.0025839503
A8,67.0,0.9057071960297767,0.90114987,0.0021997585
A8,68.0,0.9032258064516129,0.924242,0.0055057597
A8,69.0,0.9057071960297767,0.89838135,0.002034703
A8,70.0,0.9032258064516129,0.8989789,0.0024976914
A8,71.0,0.9032258064516129,0.89873695,0.0011767924
A8,72.0,0.9007444168734491,0.92658836,0.005180323
A8,73.0,0.9007444168734491,0.92543447,0.004878495
A8,74.0,0.9007444168734491,0.92586243,0.0043466752
A8,75.0,0.9007444168734491,0.92470455,0.005333635
A8,76.0,0.8982630272952854,0.92637414,0.00550845
A8,77.0,0.9007444168734491,0.9210455,0.0042780563
A8,78.0,0.8982630272952854,0.920642,0.0045640273
A8,79.0,0.8982630272952854,0.91968125,0.005063544
A8,80.0,0.8957816377171216,0.92683345,0.0046512657
A8,81.0,0.8957816377171216,0.92279464,0.0048289816
A8,82.0,0.8957816377171216,0.9262406,0.005083094
A8,83.0,0.8957816377171216,0.9260494,0.0038944292
A8,84.0,0.8957816377171216,0.9284587,0.0044472795
A8,85.0,0.8933002481389578,0.9263568,0.003920668
A8,86.0,0.8933002481389578,0.92731154,0.004284219
A8,87.0,0.8933002481389578,0.92217475,0.0061382363
A8,88.0,0.8933002481389578,0.92400676,0.006080751
A8,89.0,0.890818858560794,0.9245666,0.006666618
A8,90.0,0.890818858560794,0.925591,0.006077005
A8,91.0,0.890818858560794,0.9218852,0.005396393
A8,92.0,0.890818858560794,0.91890115,0.0049205446
A8,93.0,0.890818858560794,0.92138684,0.0042747837
A8,94.0,0.8883374689826302,0.91568327,0.004710978
A8,95.0,0.8883374689826302,0.9209591,0.004918614
A8,96.0,0.8883374689826302,0.9360725,0.008672383
A8,97.0,0.8883374689826302,0.92099935,0.005050599
A8,98.0,0.8858560794044665,0.92084706,0.005312568
A8,99.0,0.8858560794044665,0.9212245,0.0052564433
A8,100.0,0.8858560794044665,0.9212834,0.005176734
A8,101.0,0.8858560794044665,0.9206026,0.005401857
A8,102.0,0.8833746898263027,0.91959983,0.0053375755
A8,103.0,0.8833746898263027,0.92052686,0.0046934374
A8,104.0,0.8833746898263027,0.9196123,0.0053875083
A8,105.0,0.8833746898263027,0.91131675,0.004197494
A8,106.0,0.8833746898263027,0.9098827,0.0033257212
A8,107.0,0.8808933002481389,0.927882,0.008693002
A8,108.0,0.8808933002481389,0.91250116,0.005881378
A8,109.0,0.8808933002481389,0.91378486,0.0062269866
A8,110.0,0.8808933002481389,0.9151856,0.0064248955
A8,111.0,0.8808933002481389,0.9070015,0.0032967348
A8,112.0,0.8784119106699751,0.9186856,0.010363121
A8,113.0,0.8784119106699751,0.92123336,0.00827611
A8,114.0,0.8784119106699751,0.9177762,0.009821673
A8,115.0,0.8759305210918115,0.9199157,0.009621444
A8,116.0,0.8759305210918115,0.9196843,0.009491563
A8,117.0,0.8759305210918115,0.917591,0.009235721
A8,118.0,0.8759305210918115,0.91691124,0.010128298
A8,119.0,0.8759305210918115,0.917768,0.010266994
A8,120.0,0.8734491315136477,0.9181706,0.01004726
A8,121.0,0.8734491315136477,0.9182617,0.00959826
A8,122.0,0.8734491315136477,0.91808766,0.009919237
A8,123.0,0.8734491315136477,0.91827834,0.009600306
A8,124.0,0.8734491315136477,0.9024417,0.005282228
A8,125.0,0.8734491315136477,0.920904,0.009391412
A8,126.0,0.8709677419354839,0.9347578,0.010397308
A8,127.0,0.8709677419354839,0.9165133,0.009558544
A8,128.0,0.8709677419354839,0.91592807,0.010147273
A8,129.0,0.8684863523573201,0.9218281,0.009042864
A8,130.0,0.8684863523573201,0.93427837,0.010645511
A8,131.0,0.8684863523573201,0.9158596,0.009742016
A8,132.0,0.8684863523573201,0.91546077,0.010173552
A8,133.0,0.8709677419354839,0.891661,0.0027124488
A8,134.0,0.8684863523573201,0.9210986,0.009803011
A8,135.0,0.8660049627791563,0.92250615,0.009507364
A8,136.0,0.8660049627791563,0.91485035,0.008672476
A8,137.0,0.8684863523573201,0.895878,0.0054131527
A8,138.0,0.8684863523573201,0.886721,0.0034088192
A8,139.0,0.8660049627791563,0.8970976,0.0046343748
A8,140.0,0.8635235732009926,0.93009406,0.009493502
A8,141.0,0.8635235732009926,0.93651944,0.010461106
A8,142.0,0.8635235732009926,0.93941385,0.009416274
A8,143.0,0.8635235732009926,0.9263112,0.011883963
A8,144.0,0.8610421836228288,0.9157936,0.009850012
A8,145.0,0.8610421836228288,0.92610216,0.011268316
A8,146.0,0.8610421836228288,0.91572,0.009840167
A8,147.0,0.8610421836228288,0.91582173,0.010455654
A8,148.0,0.8610421836228288,0.8848626,0.003301273
A8,149.0,0.8610421836228288,0.9056364,0.008588446
A8,150.0,0.8610421836228288,0.9076046,0.009095178
A8,151.0,0.858560794044665,0.9060914,0.008133002
A8,152.0,0.858560794044665,0.9024913,0.010519051
A8,153.0,0.858560794044665,0.9061119,0.01108504
A8,154.0,0.8560794044665012,0.9077102,0.00979094
A8,155.0,0.8560794044665012,0.90084046,0.009956709
A8,156.0,0.8560794044665012,0.8837477,0.0035209097
A8,157.0,0.8535980148883374,0.9122491,0.008640069
A8,158.0,0.8535980148883374,0.9202019,0.009179604
A8,159.0,0.8560794044665012,0.8876157,0.0037635257
A8,160.0,0.8535980148883374,0.88700974,0.0042134286
A8,161.0,0.8511166253101737,0.9023482,0.010852826
A8,162.0,0.8535980148883374,0.9078413,0.010954148
A8,163.0,0.8535980148883374,0.8867849,0.004387737
A8,164.0,0.8511166253101737,0.8799883,0.0040495875
A8,165.0,0.8511166253101737,0.8825067,0.002087446
A8,166.0,0.8511166253101737,0.8750002,0.0025450743
A8,167.0,0.8511166253101737,0.87455046,0.0031545693
A8,168.0,0.8486352357320099,0.89662826,0.009457271
A8,169.0,0.8486352357320099,0.87310094,0.0029315245
A8,170.0,0.8486352357320099,0.8740679,0.0027315293
A8,171.0,0.8486352357320099,0.87433493,0.0026651877
A8,172.0,0.8461538461538461,0.8736679,0.0023497364
A8,173.0,0.8461538461538461,0.87439424,0.0026362138
A8,174.0,0.8461538461538461,0.8737174,0.0028951897
A8,175.0,0.8436724565756824,0.87372863,0.002513507
A8,176.0,0.8436724565756824,0.873683,0.0029184646
A8,177.0,0.8436724565756824,0.8732027,0.0031568322
A8,178.0,0.8436724565756824,0.8694719,0.002513752
A8,179.0,0.8411910669975186,0.86916304,0.002155895
A8,180.0,0.8411910669975186,0.8694736,0.002626088
A8,181.0,0.8411910669975186,0.8692584,0.0019788148
A8,182.0,0.8387096774193549,0.86968553,0.0020937698
A8,183.0,0.8387096774193549,0.8694968,0.0020440111
A8,184.0,0.8387096774193549,0.8703518,0.00200401
A8,185.0,0.8387096774193549,0.8690063,0.0018723275
A8,186.0,0.8362282878411911,0.8696082,0.0017343642
A8,187.0,0.8362282878411911,0.870875,0.0015274669
A8,188.0,0.8362282878411911,0.8709178,0.0016644328
A8,189.0,0.8362282878411911,0.8709119,0.0019684015
A8,190.0,0.8337468982630273,0.8724268,0.0022219126
A8,191.0,0.8337468982630273,0.8730313,0.002069338
A8,192.0,0.8337468982630273,0.8730113,0.002527689
A8,193.0,0.8312655086848635,0.8733907,0.002266333
A8,194.0,0.8312655086848635,0.87466764,0.0018973096
A8,195.0,0.8312655086848635,0.87732613,0.0015830135
A8,196.0,0.8287841191066998,0.8747665,0.001743486
A8,197.0,0.8287841191066998,0.8745267,0.0019881842
A8,198.0,0.8287841191066998,0.86552316,0.001847369
A8,199.0,0.8287841191066998,0.8645522,0.001751728
A8,200.0,0.826302729528536,0.86539364,0.0027946774
A8,201.0,0.826302729528536,0.8653151,0.0027419368
A8,202.0,0.826302729528536,0.8501665,0.004441538
A8,203.0,0.8238213399503722,0.8607068,0.0041447296
A8,204.0,0.8238213399503722,0.8577367,0.002717689
A8,205.0,0.8213399503722084,0.8486105,0.0033487587
A8,206.0,0.8238213399503722,0.8492721,0.0030272407
A8,207.0,0.8188585607940446,0.84672105,0.0044875536
A8,208.0,0.8188585607940446,0.85155696,0.003880288
A8,209.0,0.8163771712158809,0.8474122,0.0048266174
A8,210.0,0.8188585607940446,0.84461135,0.0031836394
A8,211.0,0.8138957816377171,0.85563314,0.0050305272
A8,212.0,0.8163771712158809,0.85485095,0.0055082007
A8,213.0,0.8163771712158809,0.8435028,0.0039204266
A8,214.0,0.8114143920595533,0.84545547,0.0027731953
A8,215.0,0.8138957816377171,0.8743323,0.0045708492
A8,216.0,0.8114143920595533,0.84355277,0.00381798
A8,217.0,0.8138957816377171,0.8364562,0.003924678
A8,218.0,0.8114143920595533,0.849514,0.009921484
A8,219.0,0.8114143920595533,0.82855064,0.0070432913
A8,220.0,0.8064516129032258,0.83434427,0.0062724752
A8,221.0,0.8064516129032258,0.83266866,0.006927573
A8,222.0,0.8039702233250621,0.82872593,0.006540488
A8,223.0,0.8039702233250621,0.8199135,0.0059530116
A8,224.0,0.8014888337468983,0.82564723,0.0051776315
A8,225.0,0.8014888337468983,0.8247433,0.008681825
A8,226.0,0.7965260545905707,0.8267535,0.0027426756
A8,227.0,0.7990074441687345,0.8232235,0.010295398
A8,228.0,0.7965260545905707,0.8043701,0.0030332666
A8,229.0,0.7965260545905707,0.8049873,0.0113638
A8,230.0,0.7915632754342432,0.8036747,0.00210892
A8,231.0,0.7915632754342432,0.8050831,0.011431177
A8,232.0,0.7890818858560794,0.8008526,0.0045685354
A8,233.0,0.7890818858560794,0.7927881,0.0034213797
A8,234.0,0.7866004962779156,0.8014169,0.0055435034
A8,235.0,0.7841191066997518,0.80485904,0.0048136716
A8,236.0,0.7841191066997518,0.7874161,0.004135128
A8,237.0,0.7791563275434243,0.7913545,0.0036846178
A8,238.0,0.7791563275434243,0.7803558,0.0057215816
A8,239.0,0.7741935483870968,0.7983906,0.0070775696
A8,240.0,0.771712158808933,0.7926396,0.0042975643
A8,241.0,0.7692307692307693,0.79390794,0.003639621
A8,242.0,0.7692307692307693,0.77521116,0.0053540086
A8,243.0,0.7642679900744417,0.78853977,0.0053109685
A8,244.0,0.7642679900744417,0.7709622,0.005423912
A8,245.0,0.7617866004962779,0.78133124,0.005708389
A8,246.0,0.7593052109181141,0.77021086,0.0048781144
A8,247.0,0.7568238213399504,0.76765996,0.0034302422
A8,248.0,0.7543424317617866,0.77193034,0.005276743
A8,249.0,0.7543424317617866,0.7697359,0.004690118
A8,250.0,0.7518610421836228,0.7744891,0.0065406305
A8,251.0,0.749379652605459,0.76938707,0.0047942726
A8,252.0,0.7468982630272953,0.76967496,0.0032065315
A8,253.0,0.7419354838709677,0.7723464,0.006634713
A8,254.0,0.7419354838709677,0.76520646,0.005343648
A8,255.0,0.7419354838709677,0.7666826,0.003894802
A8,256.0,0.7369727047146402,0.7640634,0.003924469
A8,257.0,0.7344913151364765,0.7645396,0.0034832626
A8,258.0,0.7320099255583127,0.76509726,0.0057735154
A8,259.0,0.7295285359801489,0.7616229,0.0040830686
A8,260.0,0.7270471464019851,0.7619022,0.0048688464
A8,261.0,0.7270471464019851,0.7635096,0.004062367
A8,262.0,0.7220843672456576,0.758706,0.005669956
A8,263.0,0.7220843672456576,0.7463456,0.0066472106
A8,264.0,0.7196029776674938,0.7621169,0.0037809836
A8,265.0,0.71712158808933,0.7336952,0.007049077
A8,266.0,0.7121588089330024,0.7547318,0.006233136
B1,1.0,1.0,0.99500036,0.021276597
B1,2.0,1.019672131147541,0.9395154,0.047942266
B1,3.0,1.0295081967213116,0.94623786,0.07382037
B1,4.0,1.0360655737704918,0.8890263,0.06401023
B1,5.0,1.039344262295082,0.9122693,0.043766458
B1,6.0,1.0262295081967212,0.8664166,0.029867852
B1,7.0,0.9934426229508196,0.9290663,0.047946654
B1,8.0,0.9704918032786886,0.8656181,0.041585453
B1,9.0,0.9540983606557377,0.8563301,0.029059932
B1,10.0,0.9311475409836065,0.86720073,0.022741975
B1,11.0,0.9114754098360656,0.8389432,0.024372684
B1,12.0,0.8885245901639345,0.8231,0.025056856
B1,13.0,0.8622950819672132,0.7636689,0.008038005
B1,14.0,0.839344262295082,0.7991953,0.025940213
B1,15.0,0.8163934426229508,0.7971734,0.026943691
B1,16.0,0.7934426229508197,0.7753948,0.024581946
B1,17.0,0.7737704918032787,0.7946945,0.028799187
B1,18.0,0.7540983606557377,0.8124091,0.032083396
B1,19.0,0.7344262295081967,0.83237565,0.05017365
B1,20.0,0.7081967213114754,0.75838655,0.01823105
B1,21.0,0.6754098360655738,0.6702346,0.029878533
B1,22.0,0.6557377049180327,0.58220166,0.022748759
B1,23.0,0.6459016393442623,0.5777857,0.020727921
B1,24.0,0.6327868852459017,0.51814806,0.02722163
B1,25.0,0.6196721311475409,0.5394002,0.009833489
B1,26.0,0.6131147540983607,0.46576065,0.031566225
B1,27.0,0.5934426229508196,0.4448493,0.02570467
B1,28.0,0.5672131147540984,0.50977606,0.027495343
B1,29.0,0.5540983606557377,0.50407255,0.029538054
B1,30.0,0.5344262295081967,0.47277737,0.03320613
B1,31.0,0.5147540983606558,0.45212507,0.036859035
B1,32.0,0.5114754098360655,0.40225568,0.010305647
B1,33.0,0.49508196721311476,0.42504674,0.02456989
B1,34.0,0.47540983606557374,0.4040038,0.011265313
B1,35.0,0.4426229508196721,0.38433477,0.015724665
B1,36.0,0.4491803278688525,0.36286718,0.016441515
B1,37.0,0.4426229508196721,0.3578992,0.01350069
B1,38.0,0.4131147540983607,0.31339458,0.023014486
B1,39.0,0.35737704918032787,0.31620967,0.0150274085
B1,40.0,0.39672131147540984,0.30785057,0.015017767
B1,41.0,0.36721311475409835,0.30294758,0.019068012
B1,42.0,0.3442622950819672,0.3282528,0.018089915
B1,43.0,0.3639344262295082,0.35620826,0.016733678
B1,44.0,0.35737704918032787,0.30278674,0.015815463
B1,45.0,0.3475409836065574,0.3133331,0.023077887
B1,46.0,0.3377049180327869,0.32397538,0.016024506
B1,47.0,0.3118032786885246,0.30634612,0.02420548
B1,48.0,0.30885245901639347,0.3052016,0.01720805
B1,49.0,0.2862295081967213,0.26815698,0.036701787
B1,50.0,0.28688524590163933,0.23534188,0.026098555
B1,51.0,0.2839344262295082,0.23468149,0.026197132
B1,52.0,0.28918032786885245,0.2307009,0.021889754
B1,53.0,0.2537704918032787,0.22749448,0.022609036
B1,54.0,0.259672131147541,0.24942641,0.023394845
B1,55.0,0.2698360655737705,0.30906552,0.020813532
B1,56.0,0.2659016393442623,0.28726456,0.0317844
B1,57.0,0.25934426229508195,0.28647622,0.027880795
B1,58.0,0.2498360655737705,0.29154226,0.02987106
B1,59.0,0.24721311475409835,0.2888181,0.0214222
B1,60.0,0.23737704918032787,0.25872722,0.017249156
B1,61.0,0.23344262295081966,0.27453777,0.02668887
B1,62.0,0.21868852459016394,0.27438584,0.022877144
B1,63.0,0.2,0.26917547,0.022540538
B1,64.0,0.20688524590163934,0.27031952,0.02396228
B1,65.0,0.18754098360655738,0.26769486,0.02108746
B1,66.0,0.18754098360655738,0.26670444,0.019982537
B1,67.0,0.14163934426229507,0.28680363,0.018614706
B1,68.0,0.20655737704918034,0.22382459,0.015638376
B1,69.0,0.18918032786885247,0.19980055,0.017485794
B1,70.0,0.2022950819672131,0.20413509,0.019669276
B1,71.0,0.14557377049180328,0.20408411,0.0055162553
B1,72.0,0.18786885245901638,0.19681928,0.011380981
B1,73.0,0.17245901639344263,0.19796033,0.012763809
B1,74.0,0.13409836065573771,0.24379015,0.009911985
B1,75.0,0.1921311475409836,0.23550697,0.015919885
B1,76.0,0.14426229508196722,0.19687146,0.016949764
B1,77.0,0.17901639344262296,0.19729598,0.012961242
B1,78.0,0.15934426229508197,0.20674172,0.0145241665
B1,79.0,0.17934426229508196,0.1825573,0.0074004196
B1,80.0,0.15377049180327867,0.1948688,0.005588877
B1,81.0,0.17573770491803278,0.20826292,0.0055016307
B1,82.0,0.16459016393442624,0.19748229,0.01285503
B1,83.0,0.17278688524590163,0.1807956,0.00953936
B1,84.0,0.1678688524590164,0.18426886,0.0030631328
B1,85.0,0.12918032786885245,0.19565646,0.004819621
B1,86.0,0.16262295081967212,0.20349464,0.007834115
B1,87.0,0.12819672131147541,0.19833677,0.0058284947
B1,88.0,0.16131147540983606,0.19441691,0.0064645475
B1,89.0,0.08885245901639344,0.18145114,0.012992596
B1,90.0,0.07901639344262296,0.1866872,0.010936049
B1,91.0,0.15770491803278688,0.18492095,0.010064425
B1,92.0,0.14524590163934425,0.19667211,0.007648955
B1,93.0,0.1557377049180328,0.1888943,0.0048714564
B1,94.0,0.15147540983606558,0.2009156,0.006692222
B1,95.0,0.14622950819672131,0.18632403,0.0072289845
B1,96.0,0.09377049180327869,0.1906794,0.0057906182
B1,97.0,0.14622950819672131,0.191014,0.0053074392
B1,98.0,0.12360655737704918,0.1692973,0.010153713
B1,99.0,0.14065573770491804,0.17406854,0.010126331
B1,100.0,0.08459016393442623,0.17300254,0.008293338
B1,101.0,0.1360655737704918,0.1938931,0.01089903
B1,102.0,0.14295081967213114,0.1695675,0.007883035
B2,1.0,1.0,0.9732625,0.017579557
B2,2.0,0.9801324503311258,0.9122656,0.013945591
B2,3.0,0.9701986754966887,0.89913845,0.0120518105
B2,4.0,0.9602649006622517,0.90536106,0.009145259
B2,5.0,0.9470198675496688,0.9051741,0.008294612
B2,6.0,0.9271523178807947,0.9008029,0.007331776
B2,7.0,0.9139072847682119,0.9010485,0.0078088692
B2,8.0,0.8940397350993378,0.9012264,0.008216859
B2,9.0,0.8774834437086093,0.90111446,0.008803806
B2,10.0,0.8576158940397351,0.89986354,0.008422265
B2,11.0,0.8377483443708609,0.8957448,0.0063217576
B2,12.0,0.8178807947019867,0.8916136,0.0124462815
B2,13.0,0.8013245033112583,0.89254636,0.013979038
B2,14.0,0.7814569536423841,0.84379625,0.028936097
B2,15.0,0.7682119205298014,0.8422965,0.02933584
B2,16.0,0.7516556291390728,0.8551787,0.025617756
B2,17.0,0.7350993377483444,0.8510811,0.020816796
B2,18.0,0.7185430463576159,0.8401433,0.034576032
B2,19.0,0.7019867549668874,0.8132289,0.030951656
B2,20.0,0.6854304635761589,0.88790923,0.036919262
B2,21.0,0.6688741721854304,0.8956054,0.03346584
B2,22.0,0.652317880794702,0.728866,0.042304
B2,23.0,0.6357615894039735,0.94206303,0.021140112
B2,24.0,0.6158940397350994,0.61946255,0.01822901
B2,25.0,0.5993377483443708,0.62897044,0.031105716
B2,26.0,0.5827814569536424,0.92805356,0.047882058
B2,27.0,0.5629139072847682,0.635359,0.02746088
B2,28.0,0.5463576158940397,0.60965663,0.024584355
B2,29.0,0.5264900662251656,0.5860818,0.023282954
B2,30.0,0.5033112582781457,0.57496727,0.028511858
B2,31.0,0.4867549668874172,0.5420135,0.047142155
B2,32.0,0.46357615894039733,0.5743568,0.064209335
B2,33.0,0.4470198675496689,0.4685316,0.020720638
B2,34.0,0.4271523178807947,0.47089514,0.022339653
B2,35.0,0.40728476821192056,0.44191885,0.017013857
B2,36.0,0.38741721854304634,0.4298819,0.022808485
B2,37.0,0.3675496688741722,0.42099482,0.016622318
B2,38.0,0.3543046357615894,0.39768595,0.017054886
B2,39.0,0.33774834437086093,0.36451346,0.01624129
B2,40.0,0.3211920529801324,0.35822123,0.015269519
B2,41.0,0.30993377483443707,0.3529725,0.013069551
B2,42.0,0.2933774834437086,0.32603222,0.027576404
B2,43.0,0.2854304635761589,0.3206962,0.019066287
B2,44.0,0.2705298013245033,0.3090214,0.016372181
B2,45.0,0.2589403973509934,0.29680672,0.014141543
B2,46.0,0.2509933774834437,0.28916082,0.014385312
B2,47.0,0.23973509933774834,0.23253469,0.016086793
B2,48.0,0.23112582781456953,0.20281157,0.016541956
B2,49.0,0.22748344370860926,0.23896591,0.015743382
B2,50.0,0.21456953642384105,0.18390128,0.018192042
B2,51.0,0.20794701986754968,0.16789219,0.01821406
B2,52.0,0.2052980132450331,0.2277579,0.016747357
B2,53.0,0.19602649006622516,0.18291652,0.011818056
B2,54.0,0.1890728476821192,0.18271926,0.009595277
B2,55.0,0.18443708609271522,0.17949305,0.006896903
B2,56.0,0.17913907284768213,0.20344839,0.018681757
B2,57.0,0.17516556291390728,0.20006864,0.013340566
B2,58.0,0.1728476821192053,0.17789505,0.0142986765
B2,59.0,0.17019867549668874,0.20119897,0.014675637
B2,60.0,0.16225165562913907,0.17423205,0.010839262
B2,61.0,0.15894039735099338,0.16918398,0.011659644
B2,62.0,0.15894039735099338,0.17341425,0.01207012
B2,63.0,0.15264900662251657,0.16830769,0.011594378
B2,64.0,0.1533112582781457,0.17431493,0.010501777
B2,65.0,0.147682119205298,0.17188594,0.011321444
B2,66.0,0.14437086092715232,0.16930088,0.009322604
B2,67.0,0.1423841059602649,0.16525139,0.010712869
B2,68.0,0.13940397350993378,0.17084953,0.009120007
B2,69.0,0.13841059602649006,0.17080864,0.009249206
B2,70.0,0.13543046357615893,0.16617894,0.00901921
B2,71.0,0.1317880794701987,0.16677257,0.010880183
B2,72.0,0.12980132450331125,0.16431406,0.009471106
B2,73.0,0.12980132450331125,0.16187945,0.007317987
B2,74.0,0.12582781456953643,0.1579748,0.010697425
B2,75.0,0.123841059602649,0.15812066,0.010108981
B2,76.0,0.12251655629139073,0.15697905,0.009397506
B2,77.0,0.12417218543046357,0.16312085,0.0071469904
B2,78.0,0.12086092715231789,0.16277975,0.0063606463
B2,79.0,0.12019867549668874,0.15431562,0.009134421
B2,80.0,0.1195364238410596,0.1551696,0.009739835
B2,81.0,0.1162251655629139,0.16002934,0.007352646
B2,82.0,0.11390728476821192,0.1590888,0.009613188
B2,83.0,0.11390728476821192,0.15303615,0.009010513
B2,84.0,0.1119205298013245,0.15295716,0.009585163
B2,85.0,0.11059602649006622,0.1521775,0.009288116
B2,86.0,0.10894039735099338,0.15108839,0.010044696
B2,87.0,0.10927152317880795,0.14728071,0.008556881
B2,88.0,0.10662251655629139,0.15411742,0.010628884
B2,89.0,0.10629139072847682,0.14952618,0.011798462
B2,90.0,0.10529801324503311,0.15271893,0.008249266
B2,91.0,0.10397350993377484,0.14667287,0.008250383
B2,92.0,0.10529801324503311,0.14477256,0.010394807
B2,93.0,0.10231788079470198,0.14746064,0.008898453
B2,94.0,0.10132450331125828,0.14299546,0.009739419
B2,95.0,0.10066225165562914,0.14560796,0.009664941
B2,96.0,0.09900662251655629,0.14760417,0.0075016385
B2,97.0,0.09834437086092715,0.14637169,0.009928885
B2,98.0,0.09768211920529801,0.1465335,0.01195518
B2,99.0,0.09668874172185431,0.14062186,0.008599291
B2,100.0,0.09503311258278145,0.14474173,0.011337104
B2,101.0,0.09437086092715231,0.13973273,0.009996699
B2,102.0,0.09470198675496688,0.14511542,0.011792532
B2,103.0,0.09370860927152318,0.14047104,0.008084618
B2,104.0,0.09370860927152318,0.14076081,0.008940419
B2,105.0,0.0923841059602649,0.14057419,0.008816448
B2,106.0,0.09172185430463577,0.14087473,0.009138172
B2,107.0,0.09205298013245033,0.13894853,0.011436692
B2,108.0,0.0913907284768212,0.13889787,0.01095515
B2,109.0,0.09105960264900662,0.13307543,0.011141106
B2,110.0,0.08940397350993377,0.13212153,0.0087873805
B2,111.0,0.08841059602649007,0.1384656,0.009167357
B2,112.0,0.0880794701986755,0.1397731,0.010001996
B2,113.0,0.08741721854304636,0.13555974,0.010572163
B2,114.0,0.08675496688741721,0.13984911,0.009863465
B2,115.0,0.08642384105960264,0.13314024,0.009499615
B3,1.0,1.0,1.0292008,0.021283055
B3,2.0,1.0161290322580645,0.9600499,0.02939966
B3,3.0,1.0258064516129033,0.9997452,0.023561299
B3,4.0,1.032258064516129,0.8371595,0.03233179
B3,5.0,1.0354838709677419,0.7494894,0.014983089
B3,6.0,1.032258064516129,0.7454432,0.010478869
B3,7.0,1.0064516129032257,0.7292583,0.0065355366
B3,8.0,0.9838709677419355,0.7623829,0.00883129
B3,9.0,0.964516129032258,0.82921743,0.0075665903
B3,10.0,0.9483870967741935,0.84416294,0.0071548014
B3,11.0,0.9290322580645162,0.85836065,0.00969111
B3,12.0,0.9096774193548387,0.8478106,0.0085231755
B3,13.0,0.8935483870967742,0.8445344,0.0078019705
B3,14.0,0.8741935483870967,0.83494836,0.007810588
B3,15.0,0.8548387096774194,0.83943874,0.0066177845
B3,16.0,0.8387096774193549,0.79405487,0.007168538
B3,17.0,0.8258064516129032,0.78670937,0.007258607
B3,18.0,0.8032258064516129,0.7727849,0.009314832
B3,19.0,0.7870967741935484,0.7646735,0.007933935
B3,20.0,0.7741935483870968,0.7360224,0.0061196187
B3,21.0,0.7580645161290323,0.73948365,0.006713169
B3,22.0,0.7451612903225806,0.72068214,0.0063446914
B3,23.0,0.7290322580645161,0.6852213,0.012495417
B3,24.0,0.7161290322580646,0.67526877,0.008577911
B3,25.0,0.5903225806451613,0.5978358,0.0121404
B3,26.0,0.5387096774193548,0.5763763,0.015493803
B3,27.0,0.5129032258064516,0.5693244,0.015946988
B3,28.0,0.5096774193548387,0.5485365,0.019084169
B3,29.0,0.5419354838709678,0.4675537,0.021309473
B3,30.0,0.4161290322580645,0.3417085,0.018090634
B3,31.0,0.3935483870967742,0.32215124,0.00809096
B3,32.0,0.3741935483870968,0.3318531,0.021839727
B3,33.0,0.3548387096774194,0.29757088,0.011393541
B3,34.0,0.33225806451612905,0.27082977,0.0075377137
B3,35.0,0.31,0.228663,0.00911709
B3,36.0,0.2880645161290323,0.19339508,0.009226026
B3,37.0,0.27064516129032257,0.18333954,0.013466013
B3,38.0,0.2461290322580645,0.1816813,0.011452953
B3,39.0,0.22806451612903225,0.17472735,0.008413015
B3,40.0,0.2103225806451613,0.15114114,0.0070735556
B3,41.0,0.1967741935483871,0.14664254,0.004020575
B3,42.0,0.18419354838709678,0.14054605,0.003937874
B3,43.0,0.1735483870967742,0.14354464,0.007237765
B3,44.0,0.16741935483870968,0.14260088,0.0077151614
B3,45.0,0.15645161290322582,0.13534692,0.0061015533
B3,46.0,0.14806451612903226,0.11979608,0.005501523
B3,47.0,0.14225806451612905,0.128811,0.005858054
B3,48.0,0.13709677419354838,0.109963335,0.0034980718
B3,49.0,0.13096774193548388,0.11681547,0.009176616
B3,50.0,0.12612903225806452,0.11270483,0.008656693
B3,51.0,0.12225806451612903,0.09777607,0.004847329
B3,52.0,0.11806451612903225,0.10784657,0.0067852526
B3,53.0,0.11451612903225807,0.10333339,0.006963675
B3,54.0,0.11064516129032258,0.08540404,0.0025870674
B3,55.0,0.10774193548387097,0.08372844,0.0037581834
B3,56.0,0.10516129032258065,0.09973505,0.007196971
B3,57.0,0.10290322580645161,0.09362251,0.0045399265
B3,58.0,0.10161290322580645,0.09247951,0.0043631904
B3,59.0,0.09806451612903226,0.09010972,0.004207759
B3,60.0,0.0964516129032258,0.088475436,0.0052472353
B3,61.0,0.09451612903225806,0.088619456,0.005936457
B3,62.0,0.09225806451612903,0.07264448,0.0049361787
B3,63.0,0.09064516129032259,0.08089816,0.0040411963
B3,64.0,0.09,0.0767438,0.0048006517
B3,65.0,0.0867741935483871,0.076879606,0.00442866
B3,66.0,0.08612903225806452,0.07643692,0.0050126165
B3,67.0,0.08354838709677419,0.07356207,0.0057111518
B3,68.0,0.08258064516129032,0.07315947,0.0054325606
B3,69.0,0.08064516129032258,0.06724015,0.0046011996
B3,70.0,0.08,0.07328887,0.0056768325
B3,71.0,0.07935483870967742,0.07371498,0.0052436558
B3,72.0,0.07903225806451612,0.07137272,0.0050272075
B3,73.0,0.07838709677419355,0.071105935,0.005095859
B3,74.0,0.07612903225806451,0.07095873,0.0058077453
B3,75.0,0.07516129032258065,0.063409224,0.002990587
B3,76.0,0.0732258064516129,0.06914647,0.0057771956
B3,77.0,0.07258064516129033,0.06763059,0.006288354
B3,78.0,0.07258064516129033,0.06645877,0.006241622
B3,79.0,0.07064516129032258,0.06664384,0.005434666
B3,80.0,0.07,0.061537944,0.002135374
B3,81.0,0.06806451612903226,0.062189598,0.00257245
B3,82.0,0.06741935483870967,0.06519409,0.004331213
B3,83.0,0.06806451612903226,0.06523754,0.0056603015
B3,84.0,0.0667741935483871,0.060524244,0.0021104338
B3,85.0,0.06548387096774194,0.060626198,0.0022842728
B3,86.0,0.06451612903225806,0.06128878,0.0025515975
B3,87.0,0.06516129032258064,0.06407977,0.004720921
B3,88.0,0.0635483870967742,0.06255786,0.003039828
B3,89.0,0.06483870967741935,0.06305294,0.0037170611
B3,90.0,0.06322580645161291,0.0623376,0.0032673571
B3,91.0,0.0635483870967742,0.060414366,0.0026817762
B3,92.0,0.06193548387096774,0.061014503,0.0027023286
B3,93.0,0.06129032258064516,0.061593723,0.0028149288
B3,94.0,0.06129032258064516,0.062362112,0.0040449984
B3,95.0,0.06129032258064516,0.0622378,0.003960662
B3,96.0,0.05967741935483871,0.061114155,0.002979726
B3,97.0,0.06,0.059911393,0.0021460801
B3,98.0,0.05838709677419355,0.060877383,0.002377736
B3,99.0,0.05870967741935484,0.060681302,0.002617343
B3,100.0,0.059032258064516126,0.061388087,0.0037373672
B3,101.0,0.059032258064516126,0.060569257,0.004075684
B3,102.0,0.05838709677419355,0.06074524,0.0028876527
B3,103.0,0.057741935483870965,0.061482567,0.0039838697
B3,104.0,0.05709677419354839,0.060549654,0.0026131202
B3,105.0,0.056451612903225805,0.059571095,0.0022109852
B3,106.0,0.05548387096774193,0.06042411,0.002430535
B3,107.0,0.05419354838709677,0.060076755,0.0025606805
B3,108.0,0.05548387096774193,0.060739,0.0035402905
B3,109.0,0.054838709677419356,0.06043747,0.003833621
B3,110.0,0.05451612903225807,0.059325762,0.0023265034
B3,111.0,0.052258064516129035,0.059692062,0.0024188394
B3,112.0,0.053548387096774196,0.0599656,0.0023966117
B3,113.0,0.0532258064516129,0.05993279,0.0024980071
B3,114.0,0.0532258064516129,0.060612876,0.0035970362
B3,115.0,0.05290322580645161,0.060490936,0.0033267548
B3,116.0,0.0532258064516129,0.059895754,0.0025285922
B3,117.0,0.052258064516129035,0.06003054,0.0025476497
B3,118.0,0.05161290322580645,0.060034998,0.0025469712
B3,119.0,0.05193548387096774,0.0593668,0.0022512856
B3,120.0,0.05161290322580645,0.059610896,0.002204538
B3,121.0,0.05064516129032258,0.05990662,0.0022527287
B3,122.0,0.04903225806451613,0.059415787,0.0023058937
B3,123.0,0.048709677419354835,0.059855055,0.0024129911
B3,124.0,0.04967741935483871,0.059932858,0.0024512506
B3,125.0,0.04935483870967742,0.060013257,0.002518756
B3,126.0,0.04903225806451613,0.059914045,0.0024485805
B3,127.0,0.04935483870967742,0.060022514,0.002527803
B4,1.0,1.0,0.63205874,0.043573737
B4,2.0,1.0163398692810457,0.6072411,0.043466374
B4,3.0,1.0294117647058822,0.5883534,0.034341007
B4,4.0,1.0359477124183007,0.5752963,0.030818347
B4,5.0,1.0392156862745099,0.55078644,0.03616059
B4,6.0,1.0196078431372548,0.55763835,0.026651023
B4,7.0,0.9836601307189542,0.85271436,0.08867464
B4,8.0,0.9640522875816994,0.9986359,0.021649325
B4,9.0,0.9444444444444444,0.9763012,0.034077268
B4,10.0,0.9215686274509803,0.95046246,0.04931479
B4,11.0,0.8954248366013072,0.9181379,0.042722363
B4,12.0,0.869281045751634,0.9418508,0.048392408
B4,13.0,0.8431372549019608,0.9207881,0.04680002
B4,14.0,0.8169934640522876,0.91764003,0.0492398
B4,15.0,0.7941176470588235,0.94210434,0.04862923
B4,16.0,0.7712418300653595,0.93727887,0.057725605
B4,17.0,0.7516339869281046,0.91241056,0.045296572
B4,18.0,0.7320261437908496,0.9417529,0.055746213
B4,19.0,0.7091503267973857,0.90338385,0.0398525
B4,20.0,0.6111111111111112,0.65429604,0.042231876
B4,21.0,0.565359477124183,0.6065458,0.031268485
B4,22.0,0.5392156862745098,0.5376625,0.02344017
B4,23.0,0.49019607843137253,0.5831102,0.028319888
B4,24.0,0.5196078431372549,0.48064107,0.015342448
B4,25.0,0.4803921568627451,0.4367206,0.035074666
B4,26.0,0.38235294117647056,0.27627772,0.020850904
B4,27.0,0.3627450980392157,0.2621135,0.017752888
B4,28.0,0.3431372549019608,0.248159,0.023313206
B4,29.0,0.3209150326797386,0.23318315,0.018324623
B4,30.0,0.3,0.21487105,0.024507973
B4,31.0,0.2803921568627451,0.21369688,0.014715615
B4,32.0,0.26176470588235295,0.1894568,0.023730407
B4,33.0,0.24444444444444444,0.18339276,0.016598888
B4,34.0,0.2284313725490196,0.16115364,0.0131437965
B4,35.0,0.21535947712418302,0.15026638,0.011235806
B4,36.0,0.20294117647058824,0.1543053,0.0189026
B4,37.0,0.19183006535947714,0.14729078,0.018042015
B4,38.0,0.1830065359477124,0.14186953,0.0110524725
B4,39.0,0.17483660130718953,0.139735,0.011614667
B4,40.0,0.1676470588235294,0.15132128,0.012287919
B4,41.0,0.16013071895424835,0.13241348,0.0077881217
B4,42.0,0.15522875816993464,0.14091703,0.011728369
B4,43.0,0.14967320261437908,0.1317074,0.0093499655
B4,44.0,0.1450980392156863,0.13577232,0.013473868
B4,45.0,0.14183006535947712,0.12617345,0.007863819
B4,46.0,0.13725490196078433,0.11568531,0.012276416
B4,47.0,0.1323529411764706,0.118346475,0.004765697
B4,48.0,0.12941176470588237,0.12078571,0.007068139
B4,49.0,0.12581699346405228,0.1185922,0.0075437226
B4,50.0,0.12450980392156863,0.11599813,0.005728504
B4,51.0,0.12156862745098039,0.11085008,0.0039196895
B4,52.0,0.11797385620915032,0.11075771,0.0061316416
B4,53.0,0.11633986928104575,0.10998776,0.0061962525
B4,54.0,0.11339869281045752,0.10287587,0.009541207
B4,55.0,0.11176470588235295,0.10677141,0.0025950768
B4,56.0,0.11013071895424836,0.10346645,0.0037254202
B4,57.0,0.10718954248366012,0.10633187,0.0034887495
B4,58.0,0.10588235294117647,0.104729176,0.0023754346
B4,59.0,0.1042483660130719,0.097818255,0.009997116
B4,60.0,0.1022875816993464,0.102109216,0.0026778409
B4,61.0,0.10098039215686275,0.10392679,0.003037621
B4,62.0,0.09934640522875816,0.099367835,0.009467592
B4,63.0,0.0977124183006536,0.096892305,0.00941848
B4,64.0,0.09673202614379085,0.096867986,0.009410469
B4,65.0,0.09542483660130718,0.09865055,0.001665847
B4,66.0,0.09444444444444444,0.095189646,0.009408438
B4,67.0,0.09313725490196079,0.09494535,0.0024816617
B4,68.0,0.09215686274509804,0.10015682,0.002927686
B4,69.0,0.09117647058823529,0.09298058,0.00200916
B4,70.0,0.0915032679738562,0.10047589,0.003530413
B4,71.0,0.08888888888888889,0.09312972,0.0016496783
B4,72.0,0.08823529411764706,0.093737066,0.0018113354
B4,73.0,0.08823529411764706,0.093903884,0.0030007486
B4,74.0,0.08594771241830065,0.09488459,0.009284999
B4,75.0,0.08496732026143791,0.09546916,0.0025882563
B4,76.0,0.08398692810457517,0.09473468,0.009498094
B4,77.0,0.08366013071895424,0.09359542,0.002530025
B4,78.0,0.08333333333333333,0.09295649,0.002822291
B4,79.0,0.08202614379084967,0.09202757,0.009340442
B4,80.0,0.08104575163398693,0.09557946,0.002866101
B4,81.0,0.0803921568627451,0.09176276,0.0024311612
B4,82.0,0.08006535947712418,0.09463013,0.0029329066
B4,83.0,0.07941176470588235,0.09201808,0.0025912025
B4,84.0,0.07908496732026143,0.09202757,0.009340442
B4,85.0,0.07745098039215687,0.093099415,0.0028473048
B4,86.0,0.07712418300653595,0.09199538,0.0027957747
B4,87.0,0.07647058823529412,0.09309884,0.00282718
B4,88.0,0.07647058823529412,0.092016414,0.009339948
B4,89.0,0.07483660130718954,0.08915448,0.010018466
B4,90.0,0.0738562091503268,0.09530165,0.0027381852
B4,91.0,0.0738562091503268,0.09345637,0.0026669928
B4,92.0,0.0738562091503268,0.091028206,0.009226904
B4,93.0,0.07254901960784314,0.089169934,0.010026678
B4,94.0,0.07222222222222222,0.095642924,0.0032961438
B4,95.0,0.0718954248366013,0.08608414,0.011239361
B4,96.0,0.07091503267973856,0.09530835,0.002847355
B4,97.0,0.07091503267973856,0.088675186,0.009601375
B4,98.0,0.07058823529411765,0.09455313,0.0031877991
B4,99.0,0.06993464052287582,0.09237542,0.0025849654
B4,100.0,0.06993464052287582,0.091562726,0.0023226747
B4,101.0,0.06928104575163399,0.08502225,0.010575567
B4,102.0,0.06862745098039216,0.093762375,0.0031273407
B4,103.0,0.06797385620915032,0.09136085,0.00306397
B4,104.0,0.06830065359477124,0.089269586,0.0030649267
B4,105.0,0.06797385620915032,0.08941133,0.0029497468
B4,106.0,0.06699346405228758,0.084891275,0.010762127
B4,107.0,0.06666666666666667,0.07827588,0.008857089
B4,108.0,0.06601307189542484,0.08219787,0.009421419
B4,109.0,0.06568627450980392,0.081626296,0.009048757
B4,110.0,0.06601307189542484,0.08984171,0.002573131
B4,111.0,0.06535947712418301,0.082126096,0.009260924
B4,112.0,0.0650326797385621,0.088463455,0.0046088747
B4,113.0,0.06535947712418301,0.08880145,0.004726616
B4,114.0,0.06405228758169934,0.073575824,0.008212118
B4,115.0,0.06339869281045751,0.07507131,0.0084633
B4,116.0,0.0630718954248366,0.089418225,0.005181972
B4,117.0,0.0630718954248366,0.076556884,0.009518755
B4,118.0,0.06274509803921569,0.0708369,0.0072129243
B4,119.0,0.06143790849673202,0.074735194,0.008673416
B4,120.0,0.06143790849673202,0.076556884,0.009518755
B4,121.0,0.06143790849673202,0.0766917,0.009190235
B4,122.0,0.060784313725490195,0.08702093,0.0058502587
B4,123.0,0.061764705882352944,0.08511616,0.0053069387
B4,124.0,0.06143790849673202,0.071786806,0.0076953443
B4,125.0,0.060784313725490195,0.08709817,0.0055951416
B4,126.0,0.06045751633986928,0.08483787,0.0049291286
B4,127.0,0.060784313725490195,0.08696975,0.0060842405
B4,128.0,0.06045751633986928,0.08461661,0.005231707
B4,129.0,0.059803921568627454,0.0682424,0.0062434245
B4,130.0,0.058823529411764705,0.06591643,0.0053495322
B4,131.0,0.05849673202614379,0.06866544,0.0062981234
B4,132.0,0.05816993464052288,0.070316285,0.0072540734
B4,133.0,0.05784313725490196,0.06420238,0.0073331688
B4,134.0,0.05784313725490196,0.0682424,0.0062434245
B4,135.0,0.05718954248366013,0.0682424,0.0062434245
B5,1.0,1.0,0.85336125,0.0118575655
B5,2.0,0.995049504950495,0.89955825,0.009757164
B5,3.0,0.995049504950495,0.89402753,0.008274151
B5,4.0,0.9900990099009901,0.88831884,0.008469847
B5,5.0,0.9876237623762376,0.8963852,0.007776777
B5,6.0,0.9851485148514851,0.87026423,0.011806807
B5,7.0,0.9826732673267327,0.8341511,0.012285251
B5,8.0,0.9801980198019802,0.8828472,0.0075855525
B5,9.0,0.9777227722772277,0.8802153,0.007975158
B5,10.0,0.9752475247524752,0.87721616,0.00773796
B5,11.0,0.9752475247524752,0.87713575,0.0075596566
B5,12.0,0.9727722772277227,0.8375839,0.01014098
B5,13.0,0.9702970297029703,0.876774,0.007591871
B5,14.0,0.9702970297029703,0.8778676,0.008718222
B5,15.0,0.9678217821782178,0.8776066,0.007566835
B5,16.0,0.9653465346534653,0.8384692,0.009763151
B5,17.0,0.9628712871287128,0.843022,0.007527901
B5,18.0,0.9628712871287128,0.8767187,0.009085834
B5,19.0,0.9603960396039604,0.8775511,0.009785619
B5,20.0,0.9603960396039604,0.87564725,0.008599653
B5,21.0,0.9579207920792079,0.8750122,0.009433216
B5,22.0,0.9579207920792079,0.8752798,0.008678534
B5,23.0,0.9579207920792079,0.8322632,0.012450263
B5,24.0,0.9554455445544554,0.87676364,0.007948223
B5,25.0,0.9529702970297029,0.85781157,0.00962841
B5,26.0,0.9554455445544554,0.8752371,0.009260436
B5,27.0,0.9529702970297029,0.87729377,0.009806141
B5,28.0,0.9504950495049505,0.831267,0.012026855
B5,29.0,0.9504950495049505,0.83000785,0.012145297
B5,30.0,0.948019801980198,0.8751008,0.00877465
B5,31.0,0.948019801980198,0.8583379,0.008849905
B5,32.0,0.948019801980198,0.83836687,0.01015391
B5,33.0,0.948019801980198,0.87523115,0.009269451
B5,34.0,0.9455445544554455,0.8283092,0.012599317
B5,35.0,0.9455445544554455,0.8679659,0.01025666
B5,36.0,0.9455445544554455,0.8431217,0.00924084
B5,37.0,0.943069306930693,0.87675506,0.009072029
B5,38.0,0.943069306930693,0.8765934,0.009930171
B5,39.0,0.943069306930693,0.8592699,0.008659214
B5,40.0,0.9405940594059405,0.83326864,0.010050367
B5,41.0,0.9405940594059405,0.83436906,0.01007126
B5,42.0,0.9405940594059405,0.8334433,0.0104575055
B5,43.0,0.9405940594059405,0.8707614,0.008836877
B5,44.0,0.9405940594059405,0.8335384,0.010189295
B5,45.0,0.9405940594059405,0.8297883,0.01275762
B5,46.0,0.9381188118811881,0.8757885,0.008716247
B5,47.0,0.9381188118811881,0.82974684,0.01261236
B5,48.0,0.9381188118811881,0.86991596,0.010408658
B5,49.0,0.9381188118811881,0.8332332,0.010590932
B5,50.0,0.9381188118811881,0.8284195,0.0127371345
B5,51.0,0.9356435643564357,0.87601984,0.0100777345
B5,52.0,0.9381188118811881,0.8295255,0.012920967
B5,53.0,0.9356435643564357,0.8336363,0.010649654
B5,54.0,0.9356435643564357,0.8740632,0.008826457
B6,1.0,1.0,1.003329,0.005501713
B6,2.0,0.9950738916256158,1.0022722,0.005048092
B6,3.0,0.9926108374384236,0.99652874,0.0042049154
B6,4.0,0.9901477832512315,0.9936064,0.0035639876
B6,5.0,0.9876847290640394,0.99510795,0.0037952051
B6,6.0,0.9852216748768473,0.99415904,0.0029784204
B6,7.0,0.9827586206896551,0.9918752,0.0036988223
B6,8.0,0.9802955665024631,0.9918729,0.0037514574
B6,9.0,0.9778325123152709,0.9864356,0.0064992653
B6,10.0,0.9753694581280788,0.98544705,0.0065388572
B6,11.0,0.9729064039408867,0.9841259,0.0066903927
B6,12.0,0.9704433497536946,0.98523235,0.0066419463
B6,13.0,0.9704433497536946,0.984573,0.005055067
B6,14.0,0.9679802955665024,0.9846934,0.0046504615
B6,15.0,0.9655172413793104,0.9853579,0.004098414
B6,16.0,0.9630541871921182,0.9853037,0.006440215
B6,17.0,0.9630541871921182,0.9842919,0.005088927
B6,18.0,0.9630541871921182,0.9833168,0.004189451
B6,19.0,0.9605911330049262,0.9847518,0.0043337047
B6,20.0,0.958128078817734,0.9846891,0.004638539
B6,21.0,0.958128078817734,0.9845883,0.0041979956
B6,22.0,0.9556650246305419,0.9824592,0.004573891
B6,23.0,0.9556650246305419,0.9831048,0.004837959
B6,24.0,0.9532019704433498,0.9795455,0.00401821
B6,25.0,0.9532019704433498,0.98175704,0.0052553364
B6,26.0,0.9507389162561576,0.9804896,0.004132662
B6,27.0,0.9507389162561576,0.97960603,0.0041127396
B6,28.0,0.9482758620689655,0.98237103,0.0044656997
B6,29.0,0.9482758620689655,0.9814631,0.005291486
B6,30.0,0.9482758620689655,0.9851991,0.006609838
B6,31.0,0.9458128078817734,0.9846112,0.0072118887
B6,32.0,0.9482758620689655,0.9823961,0.0054926923
B6,33.0,0.9458128078817734,0.98362905,0.0067685014
B6,34.0,0.9433497536945813,0.9832017,0.0053099366
B6,35.0,0.9458128078817734,0.98087645,0.004262167
B6,36.0,0.9433497536945813,0.98134005,0.005017844
B6,37.0,0.9433497536945813,0.98115456,0.005540007
B6,38.0,0.9433497536945813,0.9815682,0.005399598
B6,39.0,0.9408866995073891,0.9829098,0.007055591
B6,40.0,0.9408866995073891,0.9814547,0.0052303057
B6,41.0,0.9408866995073891,0.98183554,0.0057195527
B6,42.0,0.9408866995073891,0.9813833,0.0053637554
B6,43.0,0.9384236453201971,0.97890264,0.0042496948
B6,44.0,0.9384236453201971,0.9784582,0.0047108093
B6,45.0,0.9384236453201971,0.98220176,0.005207552
B6,46.0,0.9384236453201971,0.9820892,0.005682573
B6,47.0,0.9359605911330049,0.97556907,0.004478331
B6,48.0,0.9359605911330049,0.97748315,0.0042943456
B6,49.0,0.9359605911330049,0.9800874,0.0039982805
B6,50.0,0.9359605911330049,0.98298895,0.0077277557
B6,51.0,0.9359605911330049,0.9733526,0.0043174108
B6,52.0,0.9359605911330049,0.9709843,0.005988438
B6,53.0,0.9334975369458128,0.9806215,0.004659862
B6,54.0,0.9334975369458128,0.980163,0.0050812396
